referer,id,mandante,visitante,placar,liga,country,round,year,data,bookmaker,HO_Close,DO_Close,AO_Close,HO_Open,DO_Open,AO_Open,Pinnacle_-0.5_AH_H_Open,Pinnacle_-0.5_AH_H_Close,Pinnacle_+0.5_AH_A_Open,Pinnacle_+0.5_AH_A_Close,Pinnacle_-0.25_AH_H_Open,Pinnacle_-0.25_AH_H_Close,Pinnacle_+0.25_AH_A_Open,Pinnacle_+0.25_AH_A_Close,Pinnacle_+0_AH_H_Open,Pinnacle_+0_AH_H_Close,Pinnacle_-0_AH_A_Open,Pinnacle_-0_AH_A_Close,Pinnacle_+0.25_AH_H_Open,Pinnacle_+0.25_AH_H_Close,Pinnacle_-0.25_AH_A_Open,Pinnacle_-0.25_AH_A_Close,Pinnacle_+0.5_AH_H_Open,Pinnacle_+0.5_AH_H_Close,Pinnacle_-0.5_AH_A_Open,Pinnacle_-0.5_AH_A_Close,Pinnacle_-1_AH_H_Open,Pinnacle_-1_AH_H_Close,Pinnacle_+1_AH_A_Open,Pinnacle_+1_AH_A_Close,Pinnacle_-0.75_AH_H_Open,Pinnacle_-0.75_AH_H_Close,Pinnacle_+0.75_AH_A_Open,Pinnacle_+0.75_AH_A_Close,Pinnacle_+0.75_AH_H_Open,Pinnacle_+0.75_AH_H_Close,Pinnacle_-0.75_AH_A_Open,Pinnacle_-0.75_AH_A_Close,Pinnacle_+1_AH_H_Open,Pinnacle_+1_AH_H_Close,Pinnacle_-1_AH_A_Open,Pinnacle_-1_AH_A_Close,Pinnacle_+1.25_AH_H_Open,Pinnacle_+1.25_AH_H_Close,Pinnacle_-1.25_AH_A_Open,Pinnacle_-1.25_AH_A_Close,Pinnacle_+1.5_AH_H_Open,Pinnacle_+1.5_AH_H_Close,Pinnacle_-1.5_AH_A_Open,Pinnacle_-1.5_AH_A_Close,Pinnacle_-1.5_AH_H_Open,Pinnacle_-1.5_AH_H_Close,Pinnacle_+1.5_AH_A_Open,Pinnacle_+1.5_AH_A_Close,Pinnacle_-1.25_AH_H_Open,Pinnacle_-1.25_AH_H_Close,Pinnacle_+1.25_AH_A_Open,Pinnacle_+1.25_AH_A_Close,Pinnacle_-2_AH_H_Open,Pinnacle_-2_AH_H_Close,Pinnacle_+2_AH_A_Open,Pinnacle_+2_AH_A_Close,Pinnacle_-1.75_AH_H_Open,Pinnacle_-1.75_AH_H_Close,Pinnacle_+1.75_AH_A_Open,Pinnacle_+1.75_AH_A_Close,Pinnacle_-2.25_AH_H_Open,Pinnacle_-2.25_AH_H_Close,Pinnacle_+2.25_AH_A_Open,Pinnacle_+2.25_AH_A_Close
/football/italy/serie-c-group-b/olbia-rimini/,ENGLK5g8,Olbia,Rimini,0:0,serie-c-group-b,italy,main,2023,2023-12-06,Pinnacle,2.38,2.74,2.78,2.38,2.74,2.78,,2.34,,1.46,,2.03,,1.64,,1.69,,1.99,,1.47,,2.37,,1.34,,2.71,,,,,,,,,,,,,,,,,,,,,,,,,,,,,,,,,,,,,,,,,,,,
/football/italy/serie-c-group-b/lucchese-juventus/,86H9GYu1,Lucchese,Juventus U23,1:0,serie-c-group-b,italy,main,2023,2023-12-06,Pinnacle,1.93,3.30,4.23,1.93,3.30,4.23,,1.93,,1.93,,1.65,,2.26,,1.38,,3.02,,,,,,,,,,2.77,,1.44,,2.21,,1.68,,,,,,,,,,,,,,,,,,,,,,,,,,,,,,,,,,,,
/football/italy/serie-c-group-b/us-pontedera-pescara/,nyFTIqOK,Pontedera,Pescara,0:5,serie-c-group-b,italy,main,2023,2023-12-05,Pinnacle,2.60,3.16,2.80,2.60,3.16,2.80,,2.54,,1.51,,2.21,,1.68,,1.85,,2.00,,1.60,,2.38,,1.45,,2.73,,,,,,,,,,,,,,,,,,,,,,,,,,,,,,,,,,,,,,,,,,,,
/football/italy/serie-c-group-b/fermana-sassari-torres/,zw138j6U,Fermana,Torres,1:1,serie-c-group-b,italy,main,2023,2023-12-03,Pinnacle,7.44,3.80,1.52,7.44,3.80,1.52,,,,,,,,,,,,,,,,,,2.57,,1.50,,,,,,,,,,2.25,,1.66,,1.91,,1.94,,1.64,,2.29,,1.48,,2.62,,,,,,,,,,,,,,,,,,,,
/football/italy/serie-c-group-b/olbia-perugia/,E3WDSgin,Olbia,Perugia,0:1,serie-c-group-b,italy,main,2023,2023-12-03,Pinnacle,4.10,3.32,1.95,4.10,3.32,1.95,,,,,,,,,,2.93,,1.40,,2.22,,1.67,,1.90,,1.95,,,,,,,,,,1.67,,2.24,,1.43,,2.78,,,,,,,,,,,,,,,,,,,,,,,,,,,,
/football/italy/serie-c-group-b/pineto-sestri-levante/,8QVHRD6h,Pineto,Sestri Levante,1:0,serie-c-group-b,italy,main,2023,2023-12-03,Pinnacle,2.14,2.95,3.98,2.14,2.95,3.98,,2.12,,1.74,,1.81,,2.06,,1.47,,2.74,,1.33,,3.28,,,,,,2.93,,1.40,,2.49,,1.53,,,,,,,,,,,,,,,,,,,,,,,,,,,,,,,,,,,,
/football/italy/serie-c-group-b/vis-pesaro-rimini/,4hPQPiy5,Vis Pesaro,Rimini,1:1,serie-c-group-b,italy,main,2023,2023-12-03,Pinnacle,2.82,2.99,2.72,2.82,2.99,2.72,,2.75,,1.44,,2.37,,1.60,,1.96,,1.89,,1.64,,2.28,,1.47,,2.65,,,,,,,,,,,,,,,,,,,,,,,,,,,,,,,,,,,,,,,,,,,,
/football/italy/serie-c-group-b/ancona-us-pontedera/,tdamCY65,Ancona,Pontedera,0:1,serie-c-group-b,italy,main,2023,2023-12-02,Pinnacle,2.46,2.97,3.17,2.46,2.97,3.17,,2.44,,1.57,,2.09,,1.79,,1.69,,2.19,,1.48,,2.63,,1.40,,2.94,,,,,,2.92,,1.40,,,,,,,,,,,,,,,,,,,,,,,,,,,,,,,,,,,,
/football/italy/serie-c-group-b/arezzo-lucchese/,OKlhBhMB,Arezzo,Lucchese,1:1,serie-c-group-b,italy,main,2023,2023-12-02,Pinnacle,2.78,2.99,2.76,2.78,2.99,2.76,,2.71,,1.45,,2.33,,1.62,,1.93,,1.92,,1.63,,2.32,,1.46,,2.69,,,,,,,,,,,,,,,,,,,,,,,,,,,,,,,,,,,,,,,,,,,,
/football/italy/serie-c-group-b/carrarese-recanatese/,2BmdACyI,Carrarese,Recanatese,1:1,serie-c-group-b,italy,main,2023,2023-12-02,Pinnacle,1.48,4.15,7.16,1.48,4.15,7.16,,1.46,,2.69,,,,,,,,,,,,,,,,,,1.81,,2.06,,1.59,,2.39,,,,,,,,,,,,,,,,,,2.37,,1.58,,2.09,,1.76,,,,,,,,,,,,
/football/italy/serie-c-group-b/cesena-juventus/,dn2a9WjO,Cesena,Juventus U23,1:0,serie-c-group-b,italy,main,2023,2023-12-02,Pinnacle,1.35,4.63,10.14,1.35,4.63,10.14,,,,,,,,,,,,,,,,,,,,,,1.55,,2.49,,1.41,,2.86,,,,,,,,,,,,,,,,,,2.07,,1.77,,1.83,,2.03,,2.91,,1.40,,2.39,,1.57,,,,
/football/italy/serie-c-group-b/entella-pescara/,nHULQXLb,Entella,Pescara,1:2,serie-c-group-b,italy,main,2023,2023-12-02,Pinnacle,2.43,3.23,2.98,2.43,3.23,2.98,,2.40,,1.58,,2.09,,1.79,,1.73,,2.13,,1.52,,2.51,,1.42,,2.83,,,,,,2.86,,1.41,,,,,,,,,,,,,,,,,,,,,,,,,,,,,,,,,,,,
/football/italy/serie-c-group-b/gubbio-spal/,00S9TZyt,Gubbio,Spal,0:0,serie-c-group-b,italy,main,2023,2023-12-02,Pinnacle,2.03,3.00,4.30,2.03,3.00,4.30,,2.03,,1.83,,1.71,,2.16,,1.39,,2.95,,,,,,,,,,3.06,,1.37,,2.37,,1.60,,,,,,,,,,,,,,,,,,,,,,,,,,,,,,,,,,,,
/football/italy/serie-c-group-b/recanatese-pineto/,0vu3XrwE,Recanatese,Pineto,1:1,serie-c-group-b,italy,main,2023,2023-11-27,Pinnacle,2.13,3.10,3.78,2.12,2.99,3.38,2.10,2.11,1.66,1.75,1.83,1.81,1.94,2.05,1.50,1.49,2.43,2.66,1.36,1.35,2.85,3.15,,,,,,,,,2.46,2.47,1.47,1.53,,,,,,,,,,,,,,,,,,,,,,,,,,,,,,,,,,,,
/football/italy/serie-c-group-b/sassari-torres-gubbio/,SheqDEia,Torres,Gubbio,3:1,serie-c-group-b,italy,main,2023,2023-11-26,Pinnacle,2.21,2.87,3.90,2.01,2.99,3.83,2.01,2.19,1.78,1.69,1.71,1.86,2.06,2.00,1.41,1.49,2.71,2.65,1.33,1.34,3.22,3.20,,,,,3.00,3.19,1.34,1.34,2.34,2.60,1.56,1.49,,,,,,,,,,,,,,,,,,,,,,,,,,,,,,,,,,,,
/football/italy/serie-c-group-b/sestri-levante-olbia/,fucyFzNn,Sestri Levante,Olbia,2:2,serie-c-group-b,italy,main,2023,2023-11-26,Pinnacle,2.08,3.16,3.83,2.18,2.91,3.34,2.16,2.08,1.63,1.79,1.88,1.77,1.89,2.07,1.53,1.46,2.37,2.69,1.37,1.36,2.81,3.10,,,,,3.10,3.10,1.36,1.36,2.55,2.43,1.44,1.57,,,,,,,,,,,,,,,,,,,,,,,,,,,,,,,,,,,,
/football/italy/serie-c-group-b/juventus-arezzo/,pCf4Cs1l,Juventus U23,Arezzo,1:0,serie-c-group-b,italy,main,2023,2023-11-25,Pinnacle,2.52,3.23,2.85,2.15,2.99,3.29,2.13,2.46,1.64,1.54,1.86,2.15,1.91,1.72,1.53,1.81,2.36,2.05,1.37,1.57,2.78,2.43,1.36,1.43,2.76,2.78,,,,,,,,,,,,,,,,,,,,,,,,,,,,,,,,,,,,,,,,,,,,
/football/italy/serie-c-group-b/lucchese-vis-pesaro/,Eoa8B1Gf,Lucchese,Vis Pesaro,1:2,serie-c-group-b,italy,main,2023,2023-11-25,Pinnacle,1.65,3.68,5.61,1.72,3.31,4.54,1.71,1.63,2.03,2.30,1.48,1.43,2.42,2.81,,,,,,,,,,,,,2.33,2.14,1.54,1.72,1.96,1.83,1.81,2.03,,,,,,,,,,,,,,,,,,,,,2.65,2.46,1.41,1.54,,,,,,,,,,,,
/football/italy/serie-c-group-b/perugia-carrarese/,hxbCALV0,Perugia,Carrarese,1:1,serie-c-group-b,italy,main,2023,2023-11-25,Pinnacle,2.49,2.97,3.14,2.04,3.07,3.51,2.02,2.46,1.71,1.56,1.78,2.11,2.02,1.78,1.46,1.71,2.55,2.16,1.33,1.49,2.97,2.60,,,,,,,,,2.34,2.98,1.52,1.39,,,,,,,,,,,,,,,,,,,,,,,,,,,,,,,,,,,,
/football/italy/serie-c-group-b/pescara-cesena/,z1mH9uo7,Pescara,Cesena,0:1,serie-c-group-b,italy,main,2023,2023-11-25,Pinnacle,3.19,3.46,2.20,2.93,3.21,2.28,,,,,2.50,2.71,1.48,1.45,2.14,2.34,1.66,1.61,1.80,1.94,1.98,1.91,1.60,1.70,2.26,2.18,,,,,,,,,1.43,1.52,2.64,2.52,,,,,,,,,,,,,,,,,,,,,,,,,,,,,,,,
/football/italy/serie-c-group-b/rimini-fermana/,x42WFG7t,Rimini,Fermana,1:0,serie-c-group-b,italy,main,2023,2023-11-25,Pinnacle,1.61,3.62,6.36,1.60,3.54,5.46,1.58,1.59,2.28,2.38,1.39,1.38,2.80,2.98,,,,,,,,,,,,,2.06,2.09,1.71,1.76,1.77,1.79,2.02,2.09,,,,,,,,,,,,,,,,,2.67,2.66,1.42,1.42,2.38,2.44,1.52,1.55,,,,,,,,,,,,
/football/italy/serie-c-group-b/spal-ancona/,YVeuEfxg,Spal,Ancona,2:2,serie-c-group-b,italy,main,2023,2023-11-25,Pinnacle,2.22,2.98,3.70,2.09,3.04,3.41,2.09,2.19,1.69,1.69,1.81,1.88,1.96,1.98,1.50,1.52,2.49,2.56,1.36,1.37,2.92,3.06,,,,,,,,,2.44,2.60,1.50,1.49,,,,,,,,,,,,,,,,,,,,,,,,,,,,,,,,,,,,
/football/italy/serie-c-group-b/us-pontedera-entella/,nyiL8a0D,Pontedera,Entella,0:1,serie-c-group-b,italy,main,2023,2023-11-25,Pinnacle,2.90,2.82,2.79,2.51,2.91,2.79,2.46,2.83,1.47,1.42,2.13,2.41,1.65,1.58,1.79,1.96,2.00,1.88,1.53,1.62,2.37,2.32,1.39,1.45,2.72,2.72,,,,,,,,,,,,,,,,,,,,,,,,,,,,,,,,,,,,,,,,,,,,
/football/italy/serie-c-group-b/vis-pesaro-sassari-torres/,6Le0DNor,Vis Pesaro,Torres,1:2,serie-c-group-b,italy,main,2023,2023-11-20,Pinnacle,4.27,3.04,2.02,3.49,3.04,2.06,,,,,,,,,2.52,2.94,1.47,1.39,2.00,2.17,1.78,1.70,1.70,1.84,2.04,2.02,,,,,,,,,1.50,1.60,2.37,2.37,1.34,1.36,3.19,3.09,,,,,,,,,,,,,,,,,,,,,,,,,,,,
/football/italy/serie-c-group-b/carrarese-spal/,SE8YbOWl,Carrarese,Spal,1:0,serie-c-group-b,italy,main,2023,2023-11-19,Pinnacle,1.66,3.43,6.12,1.89,3.15,3.89,1.91,1.65,1.86,2.27,1.63,1.42,2.16,2.83,,,,,,,,,,,,,2.68,2.32,1.40,1.62,2.17,1.88,1.62,1.96,,,,,,,,,,,,,,,,,,,,,2.61,2.74,1.37,1.44,,,,,,,,,,,,
/football/italy/serie-c-group-b/cesena-lucchese/,tICxbrne,Cesena,Lucchese,3:0,serie-c-group-b,italy,main,2023,2023-11-19,Pinnacle,1.55,3.63,7.29,1.48,3.76,6.19,1.47,1.53,2.47,2.48,,,,,,,,,,,,,,,,,1.85,1.95,1.93,1.90,1.61,1.69,2.20,2.20,,,,,,,,,,,,,,,,,2.39,2.55,1.50,1.51,2.12,2.26,1.65,1.65,,,,,,,,,,,,
/football/italy/serie-c-group-b/fermana-arezzo/,zuCtc211,Fermana,Arezzo,2:3,serie-c-group-b,italy,main,2023,2023-11-19,Pinnacle,3.39,2.85,2.43,3.01,2.85,2.39,,,,,2.52,2.79,1.45,1.43,2.10,2.29,1.66,1.64,1.74,1.83,2.06,2.04,1.52,1.58,2.37,2.40,,,,,,,,,1.36,1.40,2.84,2.91,,,,,,,,,,,,,,,,,,,,,,,,,,,,,,,,
/football/italy/serie-c-group-b/gubbio-sestri-levante/,EVApdMG7,Gubbio,Sestri Levante,5:2,serie-c-group-b,italy,main,2023,2023-11-19,Pinnacle,1.60,3.61,6.56,1.53,3.75,5.85,1.51,1.60,2.41,2.37,1.42,1.39,2.79,2.98,,,,,,,,,,,,,1.93,2.12,1.85,1.74,1.66,1.79,2.14,2.08,,,,,,,,,,,,,,,,,2.51,2.72,1.47,1.45,2.23,2.47,1.61,1.53,,,,,,,,,,,,
/football/italy/serie-c-group-b/ancona-recanatese/,pjJTa4Hr,Ancona,Recanatese,2:0,serie-c-group-b,italy,main,2023,2023-11-18,Pinnacle,2.06,3.26,3.76,1.99,3.11,3.60,2.01,2.06,1.78,1.81,1.71,1.76,2.03,2.09,1.43,1.47,2.59,2.67,,,,,,,,,2.89,3.05,1.35,1.37,2.30,2.39,1.55,1.59,,,,,,,,,,,,,,,,,,,,,,,,,,,,,,,,,,,,
/football/italy/serie-c-group-b/pineto-perugia/,hEFPJP8E,Pineto,Perugia,1:1,serie-c-group-b,italy,main,2023,2023-11-18,Pinnacle,4.81,3.31,1.83,3.84,3.12,1.92,,,,,,,,,2.78,3.42,1.37,1.31,2.13,2.45,1.65,1.56,1.84,2.04,1.93,1.83,,,,,,,,,1.60,1.77,2.20,2.08,1.38,1.51,2.74,2.55,,,,,,,,,,,,,,,,,,,,,,,,,,,,
/football/italy/serie-c-group-b/sestri-levante-rimini/,ETyVtjB3,Sestri Levante,Rimini,0:1,serie-c-group-b,italy,main,2023,2023-11-16,Pinnacle,2.69,3.09,2.76,2.14,3.00,3.32,2.12,2.63,1.65,1.48,1.85,2.28,1.92,1.65,1.52,1.90,2.38,1.95,1.37,1.62,2.80,2.33,1.41,1.46,2.83,2.69,,,,,,,,,,,,,,,,,,,,,,,,,,,,,,,,,,,,,,,,,,,,
/football/italy/serie-c-group-b/entella-cesena/,bgufuwza,Entella,Cesena,0:1,serie-c-group-b,italy,main,2023,2023-11-16,Pinnacle,3.03,3.01,2.53,2.63,2.83,2.73,2.57,2.95,1.43,1.39,2.22,2.55,1.60,1.53,1.85,2.12,1.93,1.76,1.55,1.73,2.30,2.13,1.40,1.53,2.66,2.47,,,,,,,,,1.40,1.41,2.88,2.89,,,,,,,,,,,,,,,,,,,,,,,,,,,,,,,,
/football/italy/serie-c-group-b/lucchese-entella/,2DYapPHe,Lucchese,Entella,1:0,serie-c-group-b,italy,main,2023,2023-11-13,Pinnacle,3.30,3.08,2.33,2.77,2.83,2.59,,,,,2.34,2.75,1.53,1.44,1.96,2.31,1.82,1.63,1.61,1.87,2.18,1.98,1.45,1.63,2.53,2.30,,,,,,,,,1.38,1.44,2.98,2.74,,,,,,,,,,,,,,,,,,,,,,,,,,,,,,,,
/football/italy/serie-c-group-b/pescara-rimini/,f7Lo8S92,Pescara,Rimini,1:1,serie-c-group-b,italy,main,2023,2023-11-13,Pinnacle,1.37,4.75,8.52,1.49,4.18,5.21,,,,,,,,,,,,,,,,,,,,,1.79,1.55,1.98,2.44,1.60,1.49,2.22,2.60,,,,,,,,,,,,,,,,,2.24,2.04,1.56,1.83,2.02,1.79,1.72,2.05,2.82,2.80,1.42,1.43,2.62,2.31,1.47,1.63,,,,
/football/italy/serie-c-group-b/arezzo-pineto/,l6hPjRvS,Arezzo,Pineto,1:2,serie-c-group-b,italy,main,2023,2023-11-12,Pinnacle,2.11,2.97,4.04,2.16,2.90,3.41,2.14,2.09,1.64,1.76,1.85,1.79,1.92,2.09,1.51,1.45,2.41,2.79,1.35,1.32,2.86,3.34,,,,,2.96,2.82,1.38,1.41,2.52,2.45,1.45,1.54,,,,,,,,,,,,,,,,,,,,,,,,,,,,,,,,,,,,
/football/italy/serie-c-group-b/cesena-vis-pesaro/,6ouinomq,Cesena,Vis Pesaro,4:0,serie-c-group-b,italy,main,2023,2023-11-12,Pinnacle,1.24,5.54,14.54,1.24,5.23,9.94,,,,,,,,,,,,,,,,,,,,,1.37,1.36,2.96,3.11,,,,,,,,,,,,,,,,,,,,,1.74,1.85,1.99,2.00,1.53,1.61,2.30,2.35,2.30,2.52,1.56,1.52,1.97,2.09,1.79,1.76,,,,
/football/italy/serie-c-group-b/juventus-carrarese/,pxveo52k,Juventus U23,Carrarese,0:1,serie-c-group-b,italy,main,2023,2023-11-12,Pinnacle,3.31,2.81,2.50,2.64,2.80,2.74,,,,,2.22,2.72,1.59,1.45,1.85,2.23,1.93,1.67,1.55,1.78,2.31,2.09,1.40,1.56,2.68,2.47,,,,,,,,,1.38,1.38,2.96,2.99,,,,,,,,,,,,,,,,,,,,,,,,,,,,,,,,
/football/italy/serie-c-group-b/perugia-gubbio/,t4X3qqX1,Perugia,Gubbio,1:0,serie-c-group-b,italy,main,2023,2023-11-12,Pinnacle,2.06,3.04,4.03,1.63,3.31,5.35,1.62,2.07,2.17,1.80,1.40,1.74,2.66,2.10,1.30,1.42,3.38,2.79,,,,,,,,,2.17,3.37,1.62,1.31,1.84,2.46,1.93,1.55,,,,,,,,,,,,,,,,,,,,,,,,,,,,,,,,,,,,
/football/italy/serie-c-group-b/recanatese-olbia/,hhvk7nP8,Recanatese,Olbia,4:1,serie-c-group-b,italy,main,2023,2023-11-12,Pinnacle,2.28,3.09,3.38,2.16,2.90,3.41,2.14,2.26,1.64,1.65,1.85,1.94,1.92,1.91,1.51,1.60,2.41,2.38,1.35,1.42,2.86,2.82,,,,,,,,,2.52,2.67,1.45,1.47,,,,,,,,,,,,,,,,,,,,,,,,,,,,,,,,,,,,
/football/italy/serie-c-group-b/sassari-torres-ancona/,rsX14p9R,Torres,Ancona,1:0,serie-c-group-b,italy,main,2023,2023-11-12,Pinnacle,1.97,2.99,4.64,1.84,3.18,4.12,1.85,1.97,1.92,1.88,1.58,1.66,2.24,2.25,1.32,1.35,3.00,3.17,,,,,,,,,2.56,2.98,1.43,1.39,2.09,2.30,1.67,1.63,,,,,,,,,,,,,,,,,,,,,,,,,,,,,,,,,,,,
/football/italy/serie-c-group-b/sestri-levante-fermana/,zHTg66vF,Sestri Levante,Fermana,3:0,serie-c-group-b,italy,main,2023,2023-11-12,Pinnacle,2.03,3.11,4.09,2.16,2.90,3.41,2.14,2.03,1.64,1.83,1.85,1.72,1.92,2.14,1.51,1.42,2.41,2.85,1.35,1.33,2.86,3.05,,,,,3.06,3.11,1.36,1.36,2.52,2.38,1.45,1.59,,,,,,,,,,,,,,,,,,,,,,,,,,,,,,,,,,,,
/football/italy/serie-c-group-b/spal-us-pontedera/,E7Sc5QgL,Spal,Pontedera,0:1,serie-c-group-b,italy,main,2023,2023-11-12,Pinnacle,2.24,3.08,3.51,2.16,2.90,3.41,2.14,2.21,1.64,1.68,1.85,1.91,1.92,1.94,1.51,1.56,2.41,2.46,1.35,1.40,2.86,2.92,,,,,,,,,2.52,2.59,1.45,1.49,,,,,,,,,,,,,,,,,,,,,,,,,,,,,,,,,,,,
/football/italy/serie-c-group-b/pineto-fermana/,QRNLW5md,Pineto,Fermana,2:0,serie-c-group-b,italy,main,2023,2023-11-06,Pinnacle,2.04,2.92,4.44,1.91,3.04,4.02,1.93,2.04,1.84,1.82,1.63,1.71,2.15,2.16,1.35,1.38,2.87,3.00,,,,,,,,,2.77,3.13,1.38,1.36,2.20,2.40,1.60,1.59,,,,,,,,,,,,,,,,,,,,,,,,,,,,,,,,,,,,
/football/italy/serie-c-group-b/recanatese-sestri-levante/,6N08f9u3,Recanatese,Sestri Levante,2:2,serie-c-group-b,italy,main,2023,2023-11-06,Pinnacle,2.08,3.20,3.80,1.97,3.11,3.67,1.99,2.08,1.79,1.79,1.69,1.77,2.06,2.08,1.41,1.47,2.65,2.68,1.36,1.37,3.05,3.04,,,,,2.84,3.16,1.36,1.35,2.27,2.44,1.57,1.57,,,,,,,,,,,,,,,,,,,,,,,,,,,,,,,,,,,,
/football/italy/serie-c-group-b/rimini-spal/,Em0CgTf9,Rimini,Spal,1:0,serie-c-group-b,italy,main,2023,2023-11-06,Pinnacle,2.73,3.06,2.75,2.49,2.85,2.87,2.43,2.66,1.48,1.47,2.10,2.30,1.66,1.63,1.76,1.92,2.04,1.93,1.50,1.62,2.43,2.32,1.37,1.46,2.80,2.68,,,,,,,,,,,,,,,,,,,,,,,,,,,,,,,,,,,,,,,,,,,,
/football/italy/serie-c-group-b/ancona-perugia/,bHwsvleM,Ancona,Perugia,2:1,serie-c-group-b,italy,main,2023,2023-11-05,Pinnacle,3.36,3.19,2.24,3.13,2.90,2.29,,,,,2.62,2.82,1.42,1.42,2.21,2.40,1.60,1.59,1.81,1.93,1.97,1.92,1.57,1.68,2.27,2.21,,,,,,,,,1.40,1.48,2.70,2.63,,,,,,,,,,,,,,,,,,,,,,,,,,,,,,,,
/football/italy/serie-c-group-b/carrarese-pescara/,GhYow8AS,Carrarese,Pescara,1:0,serie-c-group-b,italy,main,2023,2023-11-05,Pinnacle,2.05,3.58,3.46,2.21,3.26,2.92,2.19,2.05,1.61,1.82,1.94,1.78,1.83,2.07,1.63,1.51,2.16,2.54,1.46,1.43,2.50,2.78,1.44,1.43,2.74,2.76,2.85,2.93,1.41,1.40,2.54,2.35,1.44,1.61,,,,,,,,,,,,,,,,,,,,,,,,,,,,,,,,,,,,
/football/italy/serie-c-group-b/entella-sassari-torres/,hvaGhmAF,Entella,Torres,2:0,serie-c-group-b,italy,main,2023,2023-11-05,Pinnacle,2.08,3.16,3.83,2.21,2.88,3.31,2.19,2.08,1.61,1.79,1.90,1.77,1.87,2.07,1.54,1.46,2.33,2.69,1.38,1.38,2.77,3.00,,,,,2.93,3.26,1.35,1.33,2.59,2.46,1.43,1.56,,,,,,,,,,,,,,,,,,,,,,,,,,,,,,,,,,,,
/football/italy/serie-c-group-b/gubbio-cesena/,I1KDYRIq,Gubbio,Cesena,1:1,serie-c-group-b,italy,main,2023,2023-11-05,Pinnacle,3.59,3.04,2.22,3.01,2.88,2.37,,,,,2.52,2.98,1.45,1.38,2.11,2.50,1.65,1.54,1.75,1.96,2.05,1.89,1.53,1.68,2.35,2.20,,,,,,,,,1.37,1.47,2.81,2.64,,,,,,,,,,,,,,,,,,,,,,,,,,,,,,,,
/football/italy/serie-c-group-b/olbia-lucchese/,COJHXoYk,Olbia,Lucchese,0:0,serie-c-group-b,italy,main,2023,2023-11-05,Pinnacle,2.53,3.03,3.01,2.85,2.91,2.52,2.78,2.47,1.39,1.53,2.41,2.13,1.53,1.73,2.01,1.77,1.78,2.12,1.67,1.53,2.13,2.54,1.49,1.40,2.47,2.93,,,,,,,,,,,,,,,,,,,,,,,,,,,,,,,,,,,,,,,,,,,,
/football/italy/serie-c-group-b/us-pontedera-juventus/,SW14ekQd,Pontedera,Juventus U23,1:0,serie-c-group-b,italy,main,2023,2023-11-05,Pinnacle,1.97,3.29,4.07,2.04,2.95,3.67,2.02,1.97,1.71,1.88,1.76,1.68,2.04,2.20,1.43,1.40,2.62,2.90,,,,,,,,,2.82,2.78,1.41,1.43,2.36,2.25,1.51,1.66,,,,,,,,,,,,,,,,,,,,,,,,,,,,,,,,,,,,
/football/italy/serie-c-group-b/vis-pesaro-arezzo/,z3lLi7PL,Vis Pesaro,Arezzo,1:1,serie-c-group-b,italy,main,2023,2023-11-05,Pinnacle,3.36,3.08,2.30,2.28,2.85,3.22,,,,,1.95,2.80,1.82,1.43,1.58,2.36,2.25,1.61,1.40,1.89,2.69,1.96,1.41,1.65,2.72,2.27,,,,,,,,,1.36,1.45,2.89,2.72,,,,,,,,,,,,,,,,,,,,,,,,,,,,,,,,
/football/italy/serie-c-group-b/olbia-pineto/,2TGDFhe7,Olbia,Pineto,1:0,serie-c-group-b,italy,main,2023,2023-11-02,Pinnacle,2.10,3.06,3.94,2.35,2.81,3.13,2.33,2.08,1.54,1.77,2.02,1.79,1.78,2.09,1.62,1.46,2.17,2.76,1.42,1.33,2.61,3.28,,,,,3.08,3.11,1.37,1.36,2.80,2.43,1.37,1.55,,,,,,,,,,,,,,,,,,,,,,,,,,,,,,,,,,,,
/football/italy/serie-c-group-b/arezzo-gubbio/,xpvbvck5,Arezzo,Gubbio,1:0,serie-c-group-b,italy,main,2023,2023-10-30,Pinnacle,3.40,2.96,2.35,2.34,2.85,3.09,,,,,2.01,2.82,1.78,1.43,1.63,2.34,2.16,1.61,1.43,1.87,2.59,1.99,1.41,1.62,2.70,2.33,,,,,,,,,1.40,1.43,2.86,2.79,,,,,,,,,,,,,,,,,,,,,,,,,,,,,,,,
/football/italy/serie-c-group-b/cesena-carrarese/,W6w2wH4B,Cesena,Carrarese,2:1,serie-c-group-b,italy,main,2023,2023-10-30,Pinnacle,1.65,3.44,6.35,1.84,3.08,4.28,1.85,1.63,1.92,2.30,1.57,1.41,2.26,2.89,,,,,,,,,,,,,2.61,2.44,1.42,1.57,2.10,1.89,1.66,1.95,,,,,,,,,,,,,,,,,,,,,2.60,2.96,1.34,1.39,,,,,,,,,,,,
/football/italy/serie-c-group-b/perugia-entella/,hEmMrCti,Perugia,Entella,2:1,serie-c-group-b,italy,main,2023,2023-10-30,Pinnacle,1.92,3.28,4.34,2.12,3.01,3.36,2.10,1.92,1.66,1.93,1.83,1.64,1.94,2.29,1.50,1.36,2.42,3.09,,,,,,,,,2.90,2.72,1.40,1.45,2.45,2.19,1.47,1.69,,,,,,,,,,,,,,,,,,,,,,,,,,,,,,,,,,,,
/football/italy/serie-c-group-b/vis-pesaro-pineto/,KQvwuUuG,Vis Pesaro,Pineto,1:1,serie-c-group-b,italy,main,2023,2023-10-30,Pinnacle,2.65,2.76,3.16,2.21,2.88,3.31,2.19,2.58,1.61,1.49,1.90,2.19,1.87,1.69,1.54,1.77,2.33,2.12,1.38,1.51,2.77,2.61,1.39,1.37,2.93,3.07,,,,,2.59,3.00,1.43,1.38,,,,,,,,,,,,,,,,,,,,,,,,,,,,,,,,,,,,
/football/italy/serie-c-group-b/fermana-ancona/,pAs6xyKH,Fermana,Ancona,1:1,serie-c-group-b,italy,main,2023,2023-10-29,Pinnacle,3.54,3.01,2.26,2.79,2.80,2.60,,,,,2.35,2.93,1.53,1.40,1.96,2.45,1.82,1.56,1.61,1.93,2.19,1.92,1.44,1.67,2.54,2.24,,,,,,,,,1.36,1.47,2.89,2.67,,,,,,,,,,,,,,,,,,,,,,,,,,,,,,,,
/football/italy/serie-c-group-b/juventus-olbia/,Q7ezL8lp,Juventus U23,Olbia,3:1,serie-c-group-b,italy,main,2023,2023-10-29,Pinnacle,2.06,3.17,3.60,2.08,2.94,3.57,2.06,2.05,1.69,1.74,1.79,1.81,1.99,2.07,1.46,1.47,2.55,2.59,1.32,1.34,3.00,3.04,,,,,2.95,3.07,1.38,1.33,2.41,2.39,1.49,1.52,,,,,,,,,,,,,,,,,,,,,,,,,,,,,,,,,,,,
/football/italy/serie-c-group-b/lucchese-us-pontedera/,4bfvKS3j,Lucchese,Pontedera,1:2,serie-c-group-b,italy,main,2023,2023-10-29,Pinnacle,1.93,3.59,3.86,2.01,3.09,3.56,2.03,1.93,1.76,1.93,1.72,1.67,2.01,2.23,1.44,1.42,2.56,2.84,,,,,,,,,2.94,2.67,1.34,1.47,2.33,2.19,1.54,1.69,,,,,,,,,,,,,,,,,,,,,,,,,,,,,,,,,,,,
/football/italy/serie-c-group-b/pescara-recanatese/,W4nQsWec,Pescara,Recanatese,2:3,serie-c-group-b,italy,main,2023,2023-10-29,Pinnacle,1.44,4.52,6.20,1.59,3.90,4.63,,,,,,,,,,,,,,,,,,,,,2.00,1.68,1.79,2.13,1.72,1.52,2.01,2.41,,,,,,,,,,,,,,,,,2.47,2.17,1.47,1.65,2.23,1.98,1.59,1.88,,,,,2.39,2.50,1.41,1.48,,,,
/football/italy/serie-c-group-b/sassari-torres-spal/,Q3uZuAQ9,Torres,Spal,1:1,serie-c-group-b,italy,main,2023,2023-10-29,Pinnacle,2.00,3.18,4.12,1.79,3.12,4.50,1.80,2.00,1.98,1.85,1.53,1.70,2.35,2.18,1.28,1.41,3.26,2.89,,,,,,,,,2.49,2.92,1.46,1.40,2.03,2.31,1.71,1.63,,,,,,,,,,,,,,,,,,,,,,,,,,,,,,,,,,,,
/football/italy/serie-c-group-b/ancona-arezzo/,lp1QsBv0,Ancona,Arezzo,3:0,serie-c-group-b,italy,main,2023,2023-10-26,Pinnacle,1.94,3.40,4.00,2.16,2.90,3.41,2.14,1.94,1.64,1.91,1.85,1.68,1.92,2.22,1.51,1.41,2.41,2.89,,,,,,,,,3.09,2.81,1.36,1.43,2.52,2.24,1.45,1.66,,,,,,,,,,,,,,,,,,,,,,,,,,,,,,,,,,,,
/football/italy/serie-c-group-b/carrarese-pineto/,W8jVtVg6,Carrarese,Pineto,1:1,serie-c-group-b,italy,main,2023,2023-10-26,Pinnacle,1.52,3.84,7.15,1.67,3.29,5.03,1.66,1.50,2.11,2.56,,,,,,,,,,,,,,,,,2.24,1.90,1.58,1.95,1.89,1.65,1.88,2.26,,,,,,,,,,,,,,,,,2.44,2.49,1.50,1.53,2.57,2.20,1.43,1.68,,,,,,,,,,,,
/football/italy/serie-c-group-b/recanatese-perugia/,bJAkrujt,Recanatese,Perugia,0:0,serie-c-group-b,italy,main,2023,2023-10-26,Pinnacle,3.86,3.70,1.74,2.72,2.93,2.61,,,,,,,,,1.93,2.83,1.85,1.35,1.62,2.33,2.21,1.52,1.45,2.01,2.56,1.72,,,,,,,,,1.42,1.79,2.81,1.96,1.40,1.53,2.72,2.35,1.38,1.40,2.62,2.67,,,,,,,,,,,,,,,,,,,,,,,,
/football/italy/serie-c-group-b/rimini-lucchese/,htAgsa5n,Rimini,Lucchese,2:0,serie-c-group-b,italy,main,2023,2023-10-26,Pinnacle,2.92,3.20,2.48,3.08,2.84,2.41,2.97,2.85,1.38,1.42,2.57,2.49,1.45,1.55,2.14,2.10,1.66,1.78,1.75,1.74,2.05,2.11,1.54,1.55,2.39,2.43,,,,,,,,,1.37,1.44,2.87,2.77,,,,,,,,,,,,,,,,,,,,,,,,,,,,,,,,
/football/italy/serie-c-group-b/spal-sestri-levante/,WW8ctJKh,Spal,Sestri Levante,1:0,serie-c-group-b,italy,main,2023,2023-10-26,Pinnacle,1.85,3.03,5.29,1.76,3.21,4.72,1.75,1.85,2.02,2.00,1.50,1.56,2.42,2.45,1.27,1.28,3.74,3.63,,,,,,,,,2.43,2.70,1.52,1.46,2.00,2.14,1.78,1.72,,,,,,,,,,,,,,,,,,,,,2.78,2.96,1.39,1.39,,,,,,,,,,,,
/football/italy/serie-c-group-b/us-pontedera-vis-pesaro/,McJNnLsP,Pontedera,Vis Pesaro,0:0,serie-c-group-b,italy,main,2023,2023-10-26,Pinnacle,1.82,3.34,4.80,1.84,3.08,4.28,1.85,1.82,1.92,2.05,1.57,1.56,2.26,2.46,1.31,1.31,3.08,3.43,,,,,,,,,2.61,2.47,1.42,1.53,2.10,2.05,1.66,1.79,,,,,,,,,,,,,,,,,,,,,,,,,,,,,,,,,,,,
/football/italy/serie-c-group-b/gubbio-juventus/,AakZuk9C,Gubbio,Juventus U23,1:1,serie-c-group-b,italy,main,2023,2023-10-25,Pinnacle,1.72,3.56,5.07,1.93,3.10,4.02,1.93,1.71,1.85,2.16,1.65,1.49,2.17,2.61,,,,,,,,,,,,,2.77,2.34,1.39,1.61,2.21,1.95,1.62,1.90,,,,,,,,,,,,,,,,,,,,,2.89,2.70,1.40,1.46,,,,,,,,,,,,
/football/italy/serie-c-group-b/olbia-fermana/,vZgwu9OI,Olbia,Fermana,2:1,serie-c-group-b,italy,main,2023,2023-10-25,Pinnacle,2.10,2.95,4.14,2.07,2.96,3.55,2.06,2.10,1.69,1.78,1.79,1.76,1.99,2.09,1.46,1.43,2.54,2.81,,,,,,,,,2.83,3.27,1.41,1.33,2.40,2.48,1.49,1.55,,,,,,,,,,,,,,,,,,,,,,,,,,,,,,,,,,,,
/football/italy/serie-c-group-b/pescara-sassari-torres/,IPhsvTwP,Pescara,Torres,1:2,serie-c-group-b,italy,main,2023,2023-10-25,Pinnacle,2.05,3.40,3.62,1.88,3.39,3.61,1.90,2.05,1.87,1.81,1.64,1.77,2.13,2.08,1.40,1.49,2.69,2.61,,,,,,,,,2.57,2.82,1.43,1.42,2.13,2.33,1.64,1.62,,,,,,,,,,,,,,,,,,,,,,,,,,,,,,,,,,,,
/football/italy/serie-c-group-b/arezzo-spal/,lQxqVXff,Arezzo,Spal,3:1,serie-c-group-b,italy,main,2023,2023-10-23,Pinnacle,3.22,3.20,2.30,3.02,2.87,2.38,,,,,2.53,2.71,1.45,1.45,2.11,2.30,1.65,1.63,1.75,1.88,2.05,1.97,1.53,1.65,2.35,2.28,,,,,,,,,1.36,1.46,2.82,2.69,,,,,,,,,,,,,,,,,,,,,,,,,,,,,,,,
/football/italy/serie-c-group-b/sestri-levante-carrarese/,4daEpDfs,Sestri Levante,Carrarese,1:0,serie-c-group-b,italy,main,2023,2023-10-23,Pinnacle,4.25,3.20,1.96,3.48,3.05,2.06,,,,,,,,,2.52,2.99,1.47,1.38,2.00,2.23,1.78,1.67,1.70,1.89,2.04,1.96,,,,,,,,,1.50,1.66,2.37,2.25,1.36,1.43,3.04,2.82,,,,,,,,,,,,,,,,,,,,,,,,,,,,
/football/italy/serie-c-group-b/fermana-entella/,djxmUiA0,Fermana,Entella,0:2,serie-c-group-b,italy,main,2023,2023-10-22,Pinnacle,5.00,3.27,1.81,5.14,3.29,1.68,,,,,,,,,3.42,3.54,1.30,1.29,2.58,2.49,1.45,1.55,2.12,2.05,1.68,1.81,,,,,,,,,1.86,1.78,1.91,2.06,1.57,1.51,2.30,2.53,1.43,1.42,2.65,2.83,,,,,,,,,,,,,,,,,,,,,,,,
/football/italy/serie-c-group-b/gubbio-olbia/,zsyiTBP6,Gubbio,Olbia,1:0,serie-c-group-b,italy,main,2023,2023-10-22,Pinnacle,1.56,3.66,7.05,1.56,3.56,5.60,1.54,1.54,2.30,2.46,,,,,,,,,,,,,,,,,2.01,2.03,1.78,1.83,1.70,1.71,2.04,2.16,,,,,,,,,,,,,,,,,2.58,2.72,1.43,1.45,2.30,2.39,1.56,1.59,,,,,,,,,,,,
/football/italy/serie-c-group-b/juventus-perugia/,I5QeSVvD,Juventus U23,Perugia,0:2,serie-c-group-b,italy,main,2023,2023-10-22,Pinnacle,3.85,3.36,2.00,3.16,2.98,2.22,,,,,,,,,2.26,2.76,1.57,1.44,1.85,2.15,1.93,1.72,1.60,1.85,2.20,2.00,,,,,,,,,1.42,1.63,2.60,2.31,1.46,1.40,2.66,2.91,,,,,,,,,,,,,,,,,,,,,,,,,,,,
/football/italy/serie-c-group-b/lucchese-pescara/,W8UaRkfJ,Lucchese,Pescara,1:4,serie-c-group-b,italy,main,2023,2023-10-22,Pinnacle,2.62,3.56,2.53,2.50,3.35,2.55,2.45,2.56,1.49,1.50,2.17,2.27,1.65,1.65,1.87,1.96,1.90,1.89,1.62,1.69,2.21,2.19,1.48,1.53,2.49,2.48,,,,,,,,,,,,,,,,,,,,,,,,,,,,,,,,,,,,,,,,,,,,
/football/italy/serie-c-group-b/pineto-cesena/,pCIsjZWJ,Pineto,Cesena,1:1,serie-c-group-b,italy,main,2023,2023-10-22,Pinnacle,5.06,3.53,1.74,5.08,3.54,1.63,,,,,,,,,,,,,2.68,2.59,1.42,1.49,2.21,2.14,1.62,1.72,,,,,,,,,1.96,1.88,1.82,1.97,1.67,1.59,2.13,2.39,1.50,1.44,2.44,2.76,,,,,,,,,,,,,,,,,,,,,,,,
/football/italy/serie-c-group-b/rimini-ancona/,O2HokgnQ,Rimini,Ancona,1:1,serie-c-group-b,italy,main,2023,2023-10-22,Pinnacle,2.13,3.61,3.21,2.18,3.04,3.18,2.16,2.11,1.63,1.75,1.89,1.86,1.88,1.99,1.56,1.58,2.29,2.40,1.40,1.44,2.69,2.75,,,,,,,,,2.54,2.43,1.44,1.55,,,,,,,,,,,,,,,,,,,,,,,,,,,,,,,,,,,,
/football/italy/serie-c-group-b/sassari-torres-us-pontedera/,rmbIqX9m,Torres,Pontedera,0:0,serie-c-group-b,italy,main,2023,2023-10-22,Pinnacle,1.99,3.12,4.29,1.84,3.18,4.12,1.83,1.99,1.83,1.87,1.58,1.68,2.24,2.21,1.32,1.38,3.00,2.99,,,,,,,,,2.56,2.88,1.43,1.41,2.09,2.29,1.67,1.64,,,,,,,,,,,,,,,,,,,,,,,,,,,,,,,,,,,,
/football/italy/serie-c-group-b/vis-pesaro-recanatese/,xAcMriPg,Vis Pesaro,Recanatese,1:0,serie-c-group-b,italy,main,2023,2023-10-22,Pinnacle,2.59,2.98,2.97,2.81,2.90,2.50,2.74,2.54,1.38,1.51,2.38,2.18,1.52,1.70,2.01,1.80,1.78,2.07,1.65,1.55,2.11,2.49,1.48,1.41,2.44,2.89,,,,,,,,,,,,,,,,,,,,,,,,,,,,,,,,,,,,,,,,,,,,
/football/italy/serie-c-group-b/pescara-vis-pesaro/,Iya0wdmE,Pescara,Vis Pesaro,0:0,serie-c-group-b,italy,main,2023,2023-10-16,Pinnacle,1.29,5.11,9.14,1.48,4.03,5.63,,,,,,,,,,,,,,,,,,,,,1.79,1.42,1.98,2.71,,,,,,,,,,,,,,,,,,,,,2.27,1.88,1.55,1.91,2.03,1.65,1.70,2.19,2.71,2.52,1.41,1.48,2.53,2.11,1.50,1.69,,,,
/football/italy/serie-c-group-b/us-pontedera-rimini/,dSc4xG2K,Pontedera,Rimini,4:0,serie-c-group-b,italy,main,2023,2023-10-16,Pinnacle,2.09,3.12,3.88,2.01,3.11,3.54,2.03,2.09,1.76,1.79,1.72,1.77,2.01,2.07,1.44,1.46,2.55,2.70,1.40,1.34,2.88,3.22,,,,,2.92,2.89,1.34,1.41,2.32,2.42,1.54,1.58,,,,,,,,,,,,,,,,,,,,,,,,,,,,,,,,,,,,
/football/italy/serie-c-group-b/carrarese-ancona/,Sd91IfBl,Carrarese,Ancona,1:0,serie-c-group-b,italy,main,2023,2023-10-15,Pinnacle,1.72,3.57,5.14,1.74,3.32,4.46,1.72,1.70,2.01,2.17,1.49,1.48,2.40,2.63,1.32,1.34,3.26,3.21,,,,,,,,,2.35,2.31,1.53,1.63,1.98,1.93,1.80,1.92,,,,,,,,,,,,,,,,,,,,,2.67,2.66,1.40,1.47,,,,,,,,,,,,
/football/italy/serie-c-group-b/cesena-sestri-levante/,ALb6HEQf,Cesena,Sestri Levante,2:2,serie-c-group-b,italy,main,2023,2023-10-15,Pinnacle,1.27,5.23,13.27,1.20,5.62,11.06,,,,,,,,,,,,,,,,,,,,,1.38,1.39,2.91,2.96,,,,,,,,,,,,,,,,,,,,,1.66,1.86,2.10,1.99,1.47,1.63,2.46,2.31,2.13,2.50,1.64,1.52,1.85,2.09,1.90,1.76,2.40,2.74,1.49,1.44
/football/italy/serie-c-group-b/entella-gubbio/,AZwuWDul,Entella,Gubbio,2:1,serie-c-group-b,italy,main,2023,2023-10-15,Pinnacle,2.00,3.09,4.27,2.05,2.99,3.58,2.03,2.00,1.71,1.85,1.78,1.69,2.02,2.19,1.45,1.39,2.58,2.96,,,,,,,,,3.03,3.09,1.37,1.36,2.36,2.35,1.51,1.61,,,,,,,,,,,,,,,,,,,,,,,,,,,,,,,,,,,,
/football/italy/serie-c-group-b/perugia-sassari-torres/,tKFHECAD,Perugia,Torres,1:1,serie-c-group-b,italy,main,2023,2023-10-15,Pinnacle,1.99,3.30,3.97,1.95,3.05,3.83,1.97,1.99,1.81,1.86,1.67,1.70,2.09,2.17,1.38,1.42,2.74,2.83,,,,,,,,,2.84,2.89,1.36,1.41,2.25,2.30,1.57,1.63,,,,,,,,,,,,,,,,,,,,,,,,,,,,,,,,,,,,
/football/italy/serie-c-group-b/recanatese-arezzo/,jkc8yzIQ,Recanatese,Arezzo,2:0,serie-c-group-b,italy,main,2023,2023-10-15,Pinnacle,2.60,3.12,2.84,2.24,2.95,3.13,2.21,2.54,1.60,1.51,1.92,2.20,1.83,1.68,1.58,1.84,2.24,2.02,1.41,1.58,2.64,2.41,1.41,1.44,2.82,2.77,,,,,,,,,,,,,,,,,,,,,,,,,,,,,,,,,,,,,,,,,,,,
/football/italy/serie-c-group-b/spal-fermana/,SAlzXgQs,Spal,Fermana,0:0,serie-c-group-b,italy,main,2023,2023-10-15,Pinnacle,1.50,4.00,7.16,1.51,3.69,5.94,1.49,1.48,2.41,2.63,,,,,,,,,,,,,,,,,1.90,1.85,1.87,2.00,1.64,1.62,2.14,2.33,,,,,,,,,,,,,,,,,2.45,2.44,1.47,1.55,2.18,2.16,1.62,1.71,,,,,,,,,,,,
/football/italy/serie-c-group-b/pineto-pescara/,nonIk5yo,Pineto,Pescara,1:0,serie-c-group-b,italy,main,2023,2023-10-11,Pinnacle,4.01,3.47,1.93,3.48,3.37,1.93,,,,,,,,,2.59,2.91,1.43,1.40,2.08,2.25,1.68,1.66,1.83,1.93,1.94,1.93,,,,,,,,,1.61,1.71,2.19,2.17,1.41,1.49,2.65,2.59,,,,,,,,,,,,,,,,,,,,,,,,,,,,
/football/italy/serie-c-group-b/spal-lucchese/,zLsCBnb4,Spal,Lucchese,2:2,serie-c-group-b,italy,main,2023,2023-10-11,Pinnacle,,,,,,,,,,,,,,,,,,,,,,,,,,,,,,,,,,,,,,,,,,,,,,,,,,,,,,,,,,,,,,,,,,,,,,
/football/italy/serie-c-group-b/arezzo-cesena/,AaNV4ysk,Arezzo,Cesena,0:2,serie-c-group-b,italy,main,2023,2023-10-09,Pinnacle,6.14,4.21,1.52,4.99,3.49,1.65,,,,,,,,,,,,,,,,,2.17,2.56,1.64,1.50,,,,,,,,,1.93,2.28,1.85,1.64,1.65,1.98,2.17,1.87,1.48,1.71,2.49,2.15,1.45,1.56,2.56,2.42,,,,,,,,,,,,,,,,,,,,
/football/italy/serie-c-group-b/fermana-perugia/,ljMZ3ede,Fermana,Perugia,0:2,serie-c-group-b,italy,main,2023,2023-10-09,Pinnacle,6.25,3.70,1.60,4.83,3.45,1.65,,,,,,,,,,,,,2.57,2.94,1.43,1.39,2.13,2.38,1.64,1.57,,,,,,,,,1.91,2.10,1.86,1.75,1.62,1.81,2.17,2.07,1.47,1.59,2.47,2.40,1.45,1.45,2.73,2.71,,,,,,,,,,,,,,,,,,,,
/football/italy/serie-c-group-b/gubbio-carrarese/,U1wX2FB1,Gubbio,Carrarese,2:0,serie-c-group-b,italy,main,2023,2023-10-09,Pinnacle,2.32,2.90,3.54,2.49,2.83,2.88,2.44,2.30,1.48,1.63,2.10,1.96,1.66,1.89,1.76,1.58,2.04,2.42,1.50,1.40,2.44,2.92,,,,,,,,,2.86,2.74,1.40,1.45,,,,,,,,,,,,,,,,,,,,,,,,,,,,,,,,,,,,
/football/italy/serie-c-group-b/ancona-vis-pesaro/,GxOR5HRr,Ancona,Vis Pesaro,3:3,serie-c-group-b,italy,main,2023,2023-10-08,Pinnacle,1.93,3.06,4.71,1.70,3.37,4.80,1.69,1.93,2.09,1.93,1.47,1.63,2.51,2.30,1.32,1.33,3.26,3.25,,,,,,,,,2.28,2.73,1.58,1.45,1.92,2.21,1.85,1.68,,,,,,,,,,,,,,,,,,,,,,,,,,,,,,,,,,,,
/football/italy/serie-c-group-b/entella-olbia/,l6AcJzdr,Entella,Olbia,3:1,serie-c-group-b,italy,main,2023,2023-10-08,Pinnacle,1.45,4.04,8.31,1.63,3.52,5.22,,,,,,,,,,,,,,,,,,,,,2.12,1.74,1.68,2.12,1.81,1.54,1.97,2.45,,,,,,,,,,,,,,,,,2.64,2.31,1.43,1.63,2.44,2.04,1.50,1.82,,,,,2.70,2.73,1.44,1.45,,,,
/football/italy/serie-c-group-b/pineto-us-pontedera/,8hxy2ZQ7,Pineto,Pontedera,4:1,serie-c-group-b,italy,main,2023,2023-10-08,Pinnacle,2.91,2.89,2.72,2.77,2.84,2.58,2.70,2.83,1.39,1.42,2.34,2.43,1.54,1.57,1.96,1.99,1.82,1.86,1.62,1.65,2.18,2.27,1.45,1.47,2.52,2.66,,,,,,,,,,,,,,,,,,,,,,,,,,,,,,,,,,,,,,,,,,,,
/football/italy/serie-c-group-b/rimini-recanatese/,MeQIQI38,Rimini,Recanatese,2:3,serie-c-group-b,italy,main,2023,2023-10-08,Pinnacle,2.13,3.29,3.52,2.14,3.05,3.28,2.12,2.11,1.65,1.75,1.85,1.84,1.92,2.02,1.52,1.53,2.37,2.54,1.37,1.41,2.78,2.89,,,,,3.03,3.03,1.38,1.38,2.47,2.46,1.47,1.54,,,,,,,,,,,,,,,,,,,,,,,,,,,,,,,,,,,,
/football/italy/serie-c-group-b/sassari-torres-lucchese/,dEIVNGmR,Torres,Lucchese,2:0,serie-c-group-b,italy,main,2023,2023-10-08,Pinnacle,2.31,2.97,3.47,2.43,2.81,2.99,2.41,2.29,1.51,1.64,2.09,1.96,1.72,1.89,1.68,1.59,2.08,2.39,1.46,1.41,2.50,2.87,,,,,,,,,2.90,2.75,1.34,1.44,,,,,,,,,,,,,,,,,,,,,,,,,,,,,,,,,,,,
/football/italy/serie-c-group-b/sestri-levante-juventus/,zaUMPxJE,Sestri Levante,Juventus U23,0:0,serie-c-group-b,italy,main,2023,2023-10-08,Pinnacle,2.92,2.93,2.68,2.74,2.91,2.55,2.68,2.84,1.40,1.42,2.32,2.44,1.54,1.57,1.96,2.01,1.81,1.85,1.63,1.66,2.16,2.24,1.46,1.48,2.49,2.61,,,,,,,,,,,,,,,,,,,,,,,,,,,,,,,,,,,,,,,,,,,,
/football/italy/serie-c-group-b/spal-pescara/,INJROdYK,Spal,Pescara,1:2,serie-c-group-b,italy,main,2023,2023-10-08,Pinnacle,1.99,3.71,3.51,1.98,3.32,3.39,2.00,1.99,1.78,1.87,1.71,1.74,2.02,2.12,1.45,1.48,2.50,2.61,1.37,1.42,2.87,2.85,,,,,2.76,2.75,1.38,1.44,2.26,2.26,1.57,1.65,,,,,,,,,,,,,,,,,,,,,,,,,,,,,,,,,,,,
/football/italy/serie-c-group-b/pescara-gubbio/,ro7kP5S3,Pescara,Gubbio,3:2,serie-c-group-b,italy,main,2023,2023-10-02,Pinnacle,2.15,3.40,3.34,1.87,3.39,3.84,2.00,2.13,1.75,1.73,1.78,1.87,2.01,1.99,1.51,1.57,2.45,2.44,1.39,1.42,2.80,2.84,,,,,2.85,2.94,1.41,1.40,2.30,2.48,1.56,1.53,,,,,,,,,,,,,,,,,,,,,,,,,,,,,,,,,,,,
/football/italy/serie-c-group-b/vis-pesaro-fermana/,40ebNqcG,Vis Pesaro,Fermana,2:2,serie-c-group-b,italy,main,2023,2023-10-02,Pinnacle,1.88,3.10,4.92,2.16,2.88,3.44,2.14,1.88,1.64,1.97,1.85,1.59,1.92,2.38,1.50,1.31,2.42,3.42,,,,,,,,,2.88,2.71,1.40,1.45,2.53,2.16,1.45,1.71,,,,,,,,,,,,,,,,,,,,,,,,,,,,,,,,,,,,
/football/italy/serie-c-group-b/cesena-rimini/,40ZS74cT,Cesena,Rimini,5:2,serie-c-group-b,italy,main,2023,2023-10-01,Pinnacle,1.32,4.88,10.49,1.28,4.65,11.10,,,,,,,,,,,,,,,,,,,,,1.44,1.49,2.61,2.60,,,,,,,,,,,,,,,,,,,,,1.98,2.01,1.80,1.85,1.70,1.75,2.07,2.10,2.83,2.82,1.38,1.42,2.27,2.30,1.59,1.63,,,,
/football/italy/serie-c-group-b/juventus-sassari-torres/,MuMf3O5p,Juventus U23,Torres,0:1,serie-c-group-b,italy,main,2023,2023-10-01,Pinnacle,2.96,2.87,2.69,3.06,2.96,2.29,2.98,2.88,1.38,1.41,2.58,2.47,1.43,1.56,2.18,2.02,1.62,1.84,1.80,1.66,1.98,2.25,1.57,1.48,2.27,2.63,,,,,,,,,,,,,,,,,,,,,,,,,,,,,,,,,,,,,,,,,,,,
/football/italy/serie-c-group-b/olbia-ancona/,zL3sRRci,Olbia,Ancona,0:1,serie-c-group-b,italy,main,2023,2023-10-01,Pinnacle,2.25,3.18,3.34,2.55,2.89,2.76,2.49,2.23,1.46,1.67,2.16,1.93,1.63,1.92,1.81,1.60,1.97,2.38,1.54,1.43,2.34,2.80,,,,,,,,,2.82,2.64,1.41,1.47,,,,,,,,,,,,,,,,,,,,,,,,,,,,,,,,,,,,
/football/italy/serie-c-group-b/perugia-sestri-levante/,EB2oQoDc,Perugia,Sestri Levante,1:0,serie-c-group-b,italy,main,2023,2023-10-01,Pinnacle,1.43,4.31,8.10,1.32,4.49,8.89,,,,,,,,,,,,,,,,,,,,,1.52,1.71,2.43,2.16,1.39,1.52,2.79,2.52,,,,,,,,,,,,,,,,,2.03,2.33,1.73,1.62,1.79,2.04,1.99,1.83,,,,,2.34,2.73,1.54,1.45,,,,
/football/italy/serie-c-group-b/recanatese-spal/,My6gOPsA,Recanatese,Spal,1:0,serie-c-group-b,italy,main,2023,2023-10-01,Pinnacle,3.68,3.37,2.04,2.78,2.96,2.47,,,,,,,,,2.01,2.65,1.78,1.47,1.66,2.09,2.10,1.76,1.49,1.82,2.42,2.04,,,,,,,,,1.44,1.61,2.74,2.36,1.38,1.39,2.97,2.95,,,,,,,,,,,,,,,,,,,,,,,,,,,,
/football/italy/serie-c-group-b/arezzo-us-pontedera/,8YuK9QSG,Arezzo,Pontedera,1:1,serie-c-group-b,italy,main,2023,2023-09-30,Pinnacle,2.21,3.02,3.66,2.18,3.08,3.25,2.16,2.19,1.65,1.69,1.88,1.88,1.89,1.98,1.56,1.53,2.34,2.54,1.40,1.37,2.74,3.03,,,,,,,,,2.53,2.59,1.46,1.49,,,,,,,,,,,,,,,,,,,,,,,,,,,,,,,,,,,,
/football/italy/serie-c-group-b/carrarese-entella/,Q9zP8prN,Carrarese,Entella,2:0,serie-c-group-b,italy,main,2023,2023-09-30,Pinnacle,2.06,3.27,3.75,2.04,2.97,3.64,2.02,2.06,1.71,1.81,1.76,1.76,2.04,2.09,1.44,1.47,2.61,2.67,,,,,,,,,3.04,3.07,1.36,1.37,2.35,2.40,1.51,1.59,,,,,,,,,,,,,,,,,,,,,,,,,,,,,,,,,,,,
/football/italy/serie-c-group-b/lucchese-pineto/,YFPb2rLj,Lucchese,Pineto,3:0,serie-c-group-b,italy,main,2023,2023-09-30,Pinnacle,1.80,3.35,4.91,1.68,3.49,4.79,1.66,1.80,2.13,2.07,1.45,1.55,2.56,2.50,1.31,1.29,3.18,3.51,,,,,,,,,2.23,2.58,1.61,1.50,1.88,2.06,1.89,1.78,,,,,,,,,,,,,,,,,,,,,2.56,2.91,1.45,1.40,,,,,,,,,,,,
/football/italy/serie-c-group-b/cesena-spal/,YuioWJve,Cesena,Spal,3:1,serie-c-group-b,italy,main,2023,2023-09-27,Pinnacle,1.71,3.59,5.15,1.92,3.24,3.83,1.92,1.70,1.85,2.18,1.65,1.47,2.16,2.64,,,,,,,,,,,,,2.70,2.30,1.41,1.63,2.19,1.93,1.63,1.93,,,,,,,,,,,,,,,,,,,,,2.76,2.65,1.40,1.47,,,,,,,,,,,,
/football/italy/serie-c-group-b/juventus-recanatese/,6gkgUc97,Juventus U23,Recanatese,2:0,serie-c-group-b,italy,main,2023,2023-09-27,Pinnacle,2.09,3.32,3.60,2.24,3.09,3.02,2.24,2.07,1.60,1.78,1.95,1.81,1.83,2.07,1.62,1.51,2.21,2.61,1.44,1.37,2.59,3.04,,,,,2.78,3.02,1.42,1.38,2.63,2.40,1.43,1.56,,,,,,,,,,,,,,,,,,,,,,,,,,,,,,,,,,,,
/football/italy/serie-c-group-b/olbia-carrarese/,px0jfoTT,Olbia,Carrarese,0:0,serie-c-group-b,italy,main,2023,2023-09-24,Pinnacle,5.07,3.26,1.81,3.04,2.98,2.29,,,,,,,,,2.19,3.59,1.63,1.28,1.80,2.50,1.98,1.54,1.58,2.06,2.29,1.81,,,,,,,,,1.41,1.78,2.71,2.06,1.40,1.51,2.90,2.55,,,,,,,,,,,,,,,,,,,,,,,,,,,,
/football/italy/serie-c-group-b/sestri-levante-sassari-torres/,MHw8CSrb,Sestri Levante,Torres,0:1,serie-c-group-b,italy,main,2023,2023-09-24,Pinnacle,3.37,3.07,2.30,3.08,3.10,2.21,,,,,2.62,2.81,1.42,1.43,2.24,2.36,1.58,1.60,1.85,1.89,1.92,1.96,1.61,1.65,2.18,2.28,,,,,,,,,1.44,1.45,2.56,2.70,,,,,,,,,,,,,,,,,,,,,,,,,,,,,,,,
/football/italy/serie-c-group-b/ancona-juventus/,fm7wcmqB,Ancona,Juventus U23,1:2,serie-c-group-b,italy,main,2023,2023-09-23,Pinnacle,2.27,3.03,3.48,1.83,3.24,4.03,1.85,2.25,1.92,1.66,1.58,1.93,2.24,1.92,1.33,1.57,2.95,2.42,1.53,1.41,2.46,2.89,,,,,,,,,2.08,2.64,1.67,1.48,,,,,,,,,,,,,,,,,,,,,,,,,,,,,,,,,,,,
/football/italy/serie-c-group-b/entella-arezzo/,UssGA6DA,Entella,Arezzo,1:2,serie-c-group-b,italy,main,2023,2023-09-23,Pinnacle,1.56,3.82,6.46,1.71,3.36,4.53,1.70,1.54,2.04,2.46,,,,,,,,,,,,,,,,,2.30,2.01,1.56,1.85,1.94,1.71,1.83,2.16,,,,,,,,,,,,,,,,,2.54,2.66,1.46,1.47,2.61,2.34,1.42,1.61,,,,,,,,,,,,
/football/italy/serie-c-group-b/fermana-cesena/,lA6sd7bH,Fermana,Cesena,0:4,serie-c-group-b,italy,main,2023,2023-09-23,Pinnacle,5.40,3.40,1.71,4.04,3.33,1.84,,,,,,,,,,,,,2.27,2.64,1.59,1.47,1.93,2.15,1.84,1.70,,,,,,,,,1.70,1.91,2.08,1.94,1.47,1.61,2.53,2.32,1.45,1.46,2.69,2.67,,,,,,,,,,,,,,,,,,,,,,,,
/football/italy/serie-c-group-b/gubbio-vis-pesaro/,2DAoeRDN,Gubbio,Vis Pesaro,1:0,serie-c-group-b,italy,main,2023,2023-09-23,Pinnacle,1.61,3.68,6.19,1.50,3.67,6.22,1.48,1.58,2.44,2.36,,,,,,,,,,,,,,,,,1.88,2.08,1.88,1.79,1.63,1.76,2.16,2.08,,,,,,,,,,,,,,,,,2.44,2.72,1.48,1.45,2.17,2.41,1.62,1.58,,,,,,,,,,,,
/football/italy/serie-c-group-b/rimini-perugia/,vgl3D8Ti,Rimini,Perugia,2:2,serie-c-group-b,italy,main,2023,2023-09-23,Pinnacle,4.16,3.49,1.88,2.75,3.06,2.44,,,,,,,,,2.01,3.03,1.78,1.38,1.68,2.31,2.10,1.63,1.51,1.97,2.41,1.88,,,,,,,,,1.41,1.73,2.83,2.13,1.45,1.49,2.70,2.60,,,,,,,,,,,,,,,,,,,,,,,,,,,,
/football/italy/serie-c-group-b/us-pontedera-recanatese/,02kaElEo,Pontedera,Recanatese,2:2,serie-c-group-b,italy,main,2023,2023-09-23,Pinnacle,2.03,3.38,3.71,1.99,3.12,3.59,2.01,2.03,1.78,1.83,1.72,1.75,2.05,2.10,1.43,1.47,2.62,2.67,1.40,1.41,2.90,2.89,,,,,2.92,2.95,1.36,1.39,2.32,2.35,1.56,1.61,,,,,,,,,,,,,,,,,,,,,,,,,,,,,,,,,,,,
/football/italy/serie-c-group-b/sassari-torres-carrarese/,bLDUb9Eb,Torres,Carrarese,2:0,serie-c-group-b,italy,main,2023,2023-09-20,Pinnacle,2.90,2.66,2.98,2.71,2.77,2.71,2.64,2.82,1.41,1.42,2.27,2.38,1.57,1.60,1.88,1.90,1.88,1.95,1.57,1.57,2.27,2.44,1.41,1.40,2.64,2.90,,,,,,,,,,,,,,,,,,,,,,,,,,,,,,,,,,,,,,,,,,,,
/football/italy/serie-c-group-b/arezzo-olbia/,KUhepAa5,Arezzo,Olbia,1:1,serie-c-group-b,italy,main,2023,2023-09-19,Pinnacle,2.57,3.07,2.92,2.09,3.18,3.69,2.07,2.51,1.76,1.52,1.79,2.17,2.06,1.70,1.49,1.81,2.64,2.06,1.35,1.56,3.10,2.46,1.41,1.42,2.75,2.84,,,,,2.40,2.94,1.55,1.39,,,,,,,,,,,,,,,,,,,,,,,,,,,,,,,,,,,,
/football/italy/serie-c-group-b/cesena-ancona/,2gr0qUEB,Cesena,Ancona,4:0,serie-c-group-b,italy,main,2023,2023-09-19,Pinnacle,1.49,3.92,7.72,1.58,3.67,5.30,1.56,1.47,2.28,2.66,,,,,,,,,,,,,,,,,2.02,1.83,1.77,2.03,1.73,1.61,2.03,2.36,,,,,,,,,,,,,,,,,2.59,2.41,1.44,1.56,2.31,2.13,1.57,1.74,,,,,,,,,,,,
/football/italy/serie-c-group-b/fermana-recanatese/,tps4rlUH,Fermana,Recanatese,0:1,serie-c-group-b,italy,main,2023,2023-09-19,Pinnacle,2.36,3.13,3.18,2.51,2.83,2.87,2.48,2.34,1.48,1.61,2.14,2.02,1.66,1.84,1.76,1.66,2.03,2.24,1.51,1.47,2.44,2.66,1.38,1.40,2.83,2.91,,,,,2.86,2.80,1.40,1.43,,,,,,,,,,,,,,,,,,,,,,,,,,,,,,,,,,,,
/football/italy/serie-c-group-b/juventus-spal/,AJo8s8qO,Juventus U23,Spal,0:1,serie-c-group-b,italy,main,2023,2023-09-19,Pinnacle,2.74,3.24,2.61,2.60,3.18,2.74,2.54,2.68,1.50,1.47,2.21,2.34,1.67,1.61,1.86,1.98,1.97,1.88,1.60,1.68,2.34,2.22,1.45,1.51,2.68,2.55,,,,,,,,,,,,,,,,,,,,,,,,,,,,,,,,,,,,,,,,,,,,
/football/italy/serie-c-group-b/lucchese-gubbio/,lApCtSbU,Lucchese,Gubbio,0:0,serie-c-group-b,italy,main,2023,2023-09-19,Pinnacle,2.54,3.04,2.99,2.65,2.77,2.82,2.59,2.48,1.44,1.53,2.22,2.14,1.61,1.72,1.83,1.78,1.94,2.10,1.54,1.54,2.37,2.52,1.40,1.40,2.76,2.91,,,,,,,,,,,,,,,,,,,,,,,,,,,,,,,,,,,,,,,,,,,,
/football/italy/serie-c-group-b/perugia-us-pontedera/,EXBI1BUu,Perugia,Pontedera,1:1,serie-c-group-b,italy,main,2023,2023-09-19,Pinnacle,1.57,3.82,6.34,1.71,3.58,5.02,1.69,1.55,2.17,2.44,1.47,1.39,2.61,2.93,,,,,,,,,,,,,2.26,2.06,1.64,1.81,1.92,1.73,1.92,2.13,,,,,,,,,,,,,,,,,2.57,2.76,1.49,1.44,2.58,2.42,1.48,1.58,,,,,,,,,,,,
/football/italy/serie-c-group-b/pineto-rimini/,Q7FM0Vqn,Pineto,Rimini,1:0,serie-c-group-b,italy,main,2023,2023-09-19,Pinnacle,2.66,3.06,2.82,2.53,2.95,2.94,2.48,2.59,1.50,1.49,2.13,2.24,1.69,1.66,1.79,1.87,2.08,1.99,1.52,1.59,2.48,2.38,1.39,1.44,2.86,2.75,,,,,,,,,,,,,,,,,,,,,,,,,,,,,,,,,,,,,,,,,,,,
/football/italy/serie-c-group-b/sestri-levante-pescara/,KUEQakah,Sestri Levante,Pescara,1:2,serie-c-group-b,italy,main,2023,2023-09-19,Pinnacle,2.76,3.30,2.55,3.43,3.47,2.02,2.82,2.69,1.41,1.46,2.89,2.36,1.40,1.60,2.52,2.00,1.49,1.85,2.04,1.69,1.75,2.19,1.81,1.52,2.04,2.50,,,,,,,,,1.59,1.43,2.31,2.81,,,,,,,,,,,,,,,,,,,,,,,,,,,,,,,,
/football/italy/serie-c-group-b/vis-pesaro-entella/,Gd8ZcTT4,Vis Pesaro,Entella,2:0,serie-c-group-b,italy,main,2023,2023-09-19,Pinnacle,4.93,3.24,1.83,4.55,3.36,1.71,,,,,,,,,3.47,3.48,1.29,1.30,2.45,2.45,1.47,1.56,2.05,2.03,1.69,1.83,,,,,,,,,1.83,1.76,1.94,2.09,1.56,1.50,2.29,2.58,,,,,,,,,,,,,,,,,,,,,,,,,,,,
/football/italy/serie-c-group-b/carrarese-vis-pesaro/,2X6PWjV5,Carrarese,Vis Pesaro,1:0,serie-c-group-b,italy,main,2023,2023-09-16,Pinnacle,1.50,3.93,7.35,1.37,4.32,7.76,1.43,1.48,2.69,2.62,,,,,,,,,,,,,,,,,1.59,1.88,2.26,1.97,1.44,1.63,2.60,2.31,,,,,,,,,,,,,,,,,2.12,2.51,1.68,1.52,1.87,2.21,1.90,1.68,,,,,,,,,,,,
/football/italy/serie-c-group-b/entella-sestri-levante/,6Rliojpa,Entella,Sestri Levante,0:1,serie-c-group-b,italy,main,2023,2023-09-16,Pinnacle,1.31,4.94,10.93,1.49,3.84,5.89,,,,,,,,,,,,,,,,,,,,,1.85,1.49,1.93,2.61,1.61,1.38,2.19,2.99,,,,,,,,,,,,,,,,,2.36,2.05,1.51,1.82,2.11,1.76,1.66,2.08,2.98,2.95,1.39,1.39,2.55,2.36,1.50,1.60,,,,
/football/italy/serie-c-group-b/gubbio-fermana/,tO5TVApC,Gubbio,Fermana,0:0,serie-c-group-b,italy,main,2023,2023-09-16,Pinnacle,1.62,3.39,6.94,1.57,3.60,5.35,1.55,1.61,2.27,2.35,1.43,1.38,2.78,2.99,,,,,,,,,,,,,2.02,2.09,1.77,1.76,1.72,1.80,2.02,2.07,,,,,,,,,,,,,,,,,2.58,2.65,1.43,1.47,2.30,2.41,1.55,1.56,,,,,,,,,,,,
/football/italy/serie-c-group-b/olbia-sassari-torres/,OneYUUaI,Olbia,Torres,0:3,serie-c-group-b,italy,main,2023,2023-09-16,Pinnacle,2.96,2.73,2.83,2.60,2.78,2.81,2.54,2.89,1.44,1.41,2.19,2.45,1.61,1.56,1.81,1.97,1.96,1.88,1.53,1.61,2.36,2.34,1.38,1.44,2.74,2.76,,,,,,,,,,,,,,,,,,,,,,,,,,,,,,,,,,,,,,,,,,,,
/football/italy/serie-c-group-b/pescara-arezzo/,xjaxUlFO,Pescara,Arezzo,3:2,serie-c-group-b,italy,main,2023,2023-09-16,Pinnacle,1.78,3.76,4.39,1.63,3.85,4.39,1.62,1.76,2.18,2.09,1.43,1.54,2.57,2.46,1.37,1.38,3.00,3.01,,,,,,,,,2.03,2.29,1.71,1.64,1.80,1.98,1.98,1.88,,,,,,,,,,,,,,,,,,,,,2.29,2.58,1.54,1.50,,,,,,,,,,,,
/football/italy/serie-c-group-b/recanatese-lucchese/,h2Zolh0t,Recanatese,Lucchese,1:3,serie-c-group-b,italy,main,2023,2023-09-16,Pinnacle,3.17,2.91,2.51,2.74,3.00,2.54,,,,,2.34,2.62,1.56,1.48,1.96,2.16,1.81,1.71,1.65,1.77,2.16,2.12,1.48,1.55,2.48,2.48,,,,,,,,,1.42,1.38,2.81,3.02,,,,,,,,,,,,,,,,,,,,,,,,,,,,,,,,
/football/italy/serie-c-group-b/ancona-pineto/,Yc2LXWFa,Ancona,Pineto,1:0,serie-c-group-b,italy,main,2023,2023-09-15,Pinnacle,1.79,3.43,4.79,1.53,3.77,5.72,1.51,1.78,2.39,2.06,1.40,1.53,2.87,2.47,,,,,,,,,,,,,1.93,2.51,1.84,1.54,1.67,2.05,2.13,1.81,,,,,,,,,,,,,,,,,,,,,2.23,2.89,1.61,1.41,,,,,,,,,,,,
/football/italy/serie-c-group-b/rimini-juventus/,YDjqmCFn,Rimini,Juventus U23,4:3,serie-c-group-b,italy,main,2023,2023-09-15,Pinnacle,2.53,3.00,3.03,2.16,2.86,3.42,2.16,2.48,1.65,1.53,1.85,2.13,1.92,1.73,1.51,1.76,2.44,2.12,1.36,1.53,2.91,2.55,1.42,1.39,2.82,2.95,,,,,2.55,2.90,1.46,1.40,,,,,,,,,,,,,,,,,,,,,,,,,,,,,,,,,,,,
/football/italy/serie-c-group-b/spal-perugia/,C4kmnWUh,Spal,Perugia,1:2,serie-c-group-b,italy,main,2023,2023-09-15,Pinnacle,2.41,3.22,3.01,2.36,3.02,2.97,2.33,2.38,1.56,1.59,2.02,2.07,1.76,1.80,1.67,1.72,2.12,2.15,1.47,1.51,2.51,2.53,,,,,,,,,2.77,2.82,1.39,1.42,,,,,,,,,,,,,,,,,,,,,,,,,,,,,,,,,,,,
/football/italy/serie-c-group-b/us-pontedera-cesena/,jgmKhYiP,Pontedera,Cesena,1:3,serie-c-group-b,italy,main,2023,2023-09-15,Pinnacle,4.24,3.23,1.95,3.50,3.06,2.05,,,,,,,,,2.54,3.00,1.46,1.38,2.01,2.24,1.78,1.67,1.71,1.90,2.03,1.95,,,,,,,,,1.51,1.66,2.35,2.24,1.41,1.43,2.85,2.81,,,,,,,,,,,,,,,,,,,,,,,,,,,,
/football/italy/serie-c-group-b/perugia-pescara/,rBYygsn8,Perugia,Pescara,1:1,serie-c-group-b,italy,main,2023,2023-09-10,Pinnacle,1.95,3.62,3.71,2.20,3.23,3.06,2.18,1.95,1.64,1.90,1.91,1.70,1.86,2.18,1.60,1.45,2.25,2.74,,,,,,,,,2.89,2.70,1.40,1.46,2.54,2.22,1.46,1.68,,,,,,,,,,,,,,,,,,,,,,,,,,,,,,,,,,,,
/football/italy/serie-c-group-b/ancona-gubbio/,xEcxYuAr,Ancona,Gubbio,1:2,serie-c-group-b,italy,main,2023,2023-09-09,Pinnacle,2.24,3.21,3.34,2.33,2.89,3.16,2.31,2.21,1.57,1.68,1.99,1.93,1.79,1.93,1.62,1.59,2.21,2.39,1.43,1.43,2.64,2.81,,,,,,,,,2.76,2.62,1.40,1.48,,,,,,,,,,,,,,,,,,,,,,,,,,,,,,,,,,,,
/football/italy/serie-c-group-b/arezzo-carrarese/,KxmsXaPl,Arezzo,Carrarese,1:3,serie-c-group-b,italy,main,2023,2023-09-09,Pinnacle,3.23,2.96,2.44,3.26,2.93,2.26,2.83,2.91,1.38,1.40,2.73,2.67,1.40,1.47,2.29,2.22,1.58,1.68,1.85,1.80,1.93,2.07,1.61,1.58,2.24,2.42,,,,,,,,,1.42,1.41,2.66,2.88,,,,,,,,,,,,,,,,,,,,,,,,,,,,,,,,
/football/italy/serie-c-group-b/fermana-us-pontedera/,S2jkVwf1,Fermana,Pontedera,1:0,serie-c-group-b,italy,main,2023,2023-09-09,Pinnacle,4.21,3.20,1.97,4.23,3.02,1.90,,,,,,,,,3.00,2.96,1.34,1.39,2.21,2.21,1.62,1.68,1.87,1.88,1.90,1.97,,,,,,,,,1.63,1.65,2.19,2.28,1.40,1.41,2.76,2.89,,,,,,,,,,,,,,,,,,,,,,,,,,,,
/football/italy/serie-c-group-b/sassari-torres-rimini/,CrECZhom,Torres,Rimini,2:1,serie-c-group-b,italy,main,2023,2023-09-09,Pinnacle,1.77,3.26,5.40,1.98,3.04,3.88,1.98,1.75,1.80,2.10,1.68,1.50,2.10,2.56,1.40,1.30,2.76,3.48,,,,,,,,,2.93,2.52,1.35,1.54,2.30,2.03,1.58,1.83,,,,,,,,,,,,,,,,,,,,,2.93,2.92,1.40,1.40,,,,,,,,,,,,
/football/italy/serie-c-group-b/sestri-levante-lucchese/,Ece9zZVt,Sestri Levante,Lucchese,0:1,serie-c-group-b,italy,main,2023,2023-09-09,Pinnacle,3.54,3.17,2.18,3.29,2.94,2.23,,,,,2.76,2.96,1.40,1.39,2.32,2.51,1.56,1.54,1.86,1.99,1.91,1.86,1.62,1.71,2.21,2.16,,,,,,,,,1.43,1.51,2.62,2.54,,,,,,,,,,,,,,,,,,,,,,,,,,,,,,,,
/football/italy/serie-c-group-b/pineto-entella/,M1Xuh11E,Pineto,Entella,0:0,serie-c-group-b,italy,main,2023,2023-09-08,Pinnacle,4.25,3.32,1.92,3.72,3.09,1.97,,,,,,,,,2.67,3.04,1.40,1.37,2.07,2.28,1.68,1.65,1.79,1.93,1.99,1.92,,,,,,,,,1.57,1.69,2.27,2.20,1.36,1.45,2.85,2.74,,,,,,,,,,,,,,,,,,,,,,,,,,,,
/football/italy/serie-c-group-b/vis-pesaro-olbia/,f73HYC0g,Vis Pesaro,Olbia,0:1,serie-c-group-b,italy,main,2023,2023-09-08,Pinnacle,2.69,3.01,2.83,2.82,2.81,2.56,2.76,2.63,1.38,1.48,2.38,2.27,1.52,1.65,1.99,1.88,1.79,1.97,1.63,1.60,2.16,2.38,1.45,1.44,2.51,2.75,,,,,,,,,,,,,,,,,,,,,,,,,,,,,,,,,,,,,,,,,,,,
/football/italy/serie-c-group-b/olbia-cesena/,0SW7I0Ae,Olbia,Cesena,2:1,serie-c-group-b,italy,main,2023,2023-09-03,Pinnacle,5.71,3.69,1.64,5.34,3.56,1.58,,,,,,,,,,,,,2.78,2.85,1.37,1.42,2.27,2.31,1.57,1.63,,,,,,,,,2.04,2.06,1.76,1.81,1.72,1.76,2.01,2.08,1.53,1.57,2.31,2.38,1.46,1.52,2.66,2.50,,,,,,,,,,,,,,,,,,,,
/football/italy/serie-c-group-b/entella-ancona/,z5BAxM1R,Entella,Ancona,1:1,serie-c-group-b,italy,main,2023,2023-09-02,Pinnacle,1.70,3.57,4.89,1.62,3.55,4.90,1.61,1.69,2.19,2.14,1.41,1.47,2.64,2.57,,,,,,,,,,,,,2.09,2.29,1.67,1.60,1.81,1.94,1.96,1.91,,,,,,,,,,,,,,,,,,,,,2.38,2.64,1.50,1.45,,,,,,,,,,,,
/football/italy/serie-c-group-b/pescara-juventus/,vJVBHKP1,Pescara,Juventus U23,3:1,serie-c-group-b,italy,main,2023,2023-09-02,Pinnacle,2.03,3.34,3.77,1.74,3.66,3.92,1.73,2.03,2.00,1.83,1.52,1.74,2.33,2.12,1.39,1.46,2.93,2.70,,,,,,,,,2.26,2.77,1.57,1.44,1.96,2.30,1.82,1.63,,,,,,,,,,,,,,,,,,,,,,,,,,,,,,,,,,,,
/football/italy/serie-c-group-b/recanatese-sassari-torres/,6PNcuOH8,Recanatese,Torres,1:2,serie-c-group-b,italy,main,2023,2023-09-02,Pinnacle,2.41,2.99,3.21,2.24,2.84,3.30,2.22,2.38,1.60,1.58,1.92,2.05,1.85,1.81,1.55,1.66,2.31,2.22,1.38,1.46,2.76,2.66,,,,,,,,,2.64,2.87,1.41,1.40,,,,,,,,,,,,,,,,,,,,,,,,,,,,,,,,,,,,
/football/italy/serie-c-group-b/spal-vis-pesaro/,SvC6w2nL,Spal,Vis Pesaro,1:0,serie-c-group-b,italy,main,2023,2023-09-02,Pinnacle,1.35,4.67,9.98,1.34,4.23,8.35,,,,,,,,,,,,,,,,,,,,,1.56,1.55,2.30,2.49,1.41,1.41,2.63,2.86,,,,,,,,,,,,,,,,,2.07,2.08,1.68,1.76,1.85,1.83,1.93,2.03,,,,,2.40,2.39,1.49,1.57,,,,
/football/italy/serie-c-group-b/carrarese-fermana/,nLjXO2XR,Carrarese,Fermana,3:0,serie-c-group-b,italy,main,2023,2023-09-01,Pinnacle,1.40,4.30,9.31,1.75,3.17,4.69,,,,,,,,,,,,,,,,,,,,,2.44,1.65,1.52,2.26,2.00,1.48,1.78,2.63,,,,,,,,,,,,,,,,,2.74,2.25,1.44,1.66,2.80,1.97,1.39,1.88,,,,,2.78,2.65,1.41,1.47,,,,
/football/italy/serie-c-group-b/gubbio-pineto/,40waKMuq,Gubbio,Pineto,1:1,serie-c-group-b,italy,main,2023,2023-09-01,Pinnacle,1.56,3.73,6.51,1.60,3.57,5.87,1.59,1.54,2.31,2.43,,,,,,,,,,,,,,,,,2.08,2.02,1.72,1.85,1.80,1.71,2.06,2.14,,,,,,,,,,,,,,,,,2.60,2.64,1.48,1.47,2.40,2.33,1.53,1.61,,,,,,,,,,,,
/football/italy/serie-c-group-b/lucchese-perugia/,rix3Jtek,Lucchese,Perugia,0:0,serie-c-group-b,italy,main,2023,2023-09-01,Pinnacle,3.06,3.11,2.44,3.56,3.11,2.17,,,,,2.98,2.56,1.38,1.50,2.52,2.15,1.53,1.72,1.99,1.79,1.85,2.09,1.71,1.58,2.15,2.42,,,,,,,,,1.51,1.40,2.52,2.91,,,,,,,,,,,,,,,,,,,,,,,,,,,,,,,,
/football/italy/serie-c-group-b/rimini-arezzo/,llD2vrXE,Rimini,Arezzo,1:2,serie-c-group-b,italy,main,2023,2023-09-01,Pinnacle,2.58,3.08,2.90,1.93,3.47,3.85,1.93,2.52,1.90,1.52,1.67,2.18,2.20,1.70,1.42,1.82,2.82,2.05,1.38,1.56,2.97,2.45,1.41,1.42,2.83,2.82,,,,,,,,,,,,,,,,,,,,,,,,,,,,,,,,,,,,,,,,,,,,
/football/italy/serie-c-group-b/us-pontedera-sestri-levante/,hMJgt422,Pontedera,Sestri Levante,2:0,serie-c-group-b,italy,main,2023,2023-09-01,Pinnacle,1.74,3.69,4.70,1.83,3.64,4.10,1.83,1.73,2.01,2.13,1.60,1.51,2.35,2.54,,,,,,,,,,,,,2.50,2.34,1.51,1.61,2.07,1.96,1.76,1.89,,,,,,,,,,,,,,,,,,,,,2.77,2.68,1.43,1.46,,,,,,,,,,,,
