Country,League,Date,Home,Away,FTHG,FTAG,Pinnacle_-3.25_AH_H_Open,Pinnacle_-3.25_AH_H_Close,Pinnacle_+3.25_AH_A_Open,Pinnacle_+3.25_AH_A_Close,Pinnacle_-3_AH_H_Open,Pinnacle_-3_AH_H_Close,Pinnacle_+3_AH_A_Open,Pinnacle_+3_AH_A_Close,Pinnacle_-2.75_AH_H_Open,Pinnacle_-2.75_AH_H_Close,Pinnacle_+2.75_AH_A_Open,Pinnacle_+2.75_AH_A_Close,Pinnacle_-2.5_AH_H_Open,Pinnacle_-2.5_AH_H_Close,Pinnacle_+2.5_AH_A_Open,Pinnacle_+2.5_AH_A_Close,Pinnacle_-2.25_AH_H_Open,Pinnacle_-2.25_AH_H_Close,Pinnacle_+2.25_AH_A_Open,Pinnacle_+2.25_AH_A_Close,Pinnacle_-2_AH_H_Open,Pinnacle_-2_AH_H_Close,Pinnacle_+2_AH_A_Open,Pinnacle_+2_AH_A_Close,Pinnacle_-1.75_AH_H_Open,Pinnacle_-1.75_AH_H_Close,Pinnacle_+1.75_AH_A_Open,Pinnacle_+1.75_AH_A_Close,Pinnacle_-1.5_AH_H_Open,Pinnacle_-1.5_AH_H_Close,Pinnacle_+1.5_AH_A_Open,Pinnacle_+1.5_AH_A_Close,Pinnacle_-1.25_AH_H_Open,Pinnacle_-1.25_AH_H_Close,Pinnacle_+1.25_AH_A_Open,Pinnacle_+1.25_AH_A_Close,Pinnacle_-1_AH_H_Open,Pinnacle_-1_AH_H_Close,Pinnacle_+1_AH_A_Open,Pinnacle_+1_AH_A_Close,Pinnacle_-0.75_AH_H_Open,Pinnacle_-0.75_AH_H_Close,Pinnacle_+0.75_AH_A_Open,Pinnacle_+0.75_AH_A_Close,Pinnacle_-0.5_AH_H_Open,Pinnacle_-0.5_AH_H_Close,Pinnacle_+0.5_AH_A_Open,Pinnacle_+0.5_AH_A_Close,Pinnacle_-0.25_AH_H_Open,Pinnacle_-0.25_AH_H_Close,Pinnacle_+0.25_AH_A_Open,Pinnacle_+0.25_AH_A_Close,Pinnacle_+0_AH_H_Open,Pinnacle_+0_AH_H_Close,Pinnacle_-0_AH_A_Open,Pinnacle_-0_AH_A_Close,Pinnacle_+0.25_AH_H_Open,Pinnacle_+0.25_AH_H_Close,Pinnacle_-0.25_AH_A_Open,Pinnacle_-0.25_AH_A_Close,Pinnacle_+0.5_AH_H_Open,Pinnacle_+0.5_AH_H_Close,Pinnacle_-0.5_AH_A_Open,Pinnacle_-0.5_AH_A_Close,Pinnacle_+0.75_AH_H_Open,Pinnacle_+0.75_AH_H_Close,Pinnacle_-0.75_AH_A_Open,Pinnacle_-0.75_AH_A_Close,Pinnacle_+1_AH_H_Open,Pinnacle_+1_AH_H_Close,Pinnacle_-1_AH_A_Open,Pinnacle_-1_AH_A_Close,Pinnacle_+1.25_AH_H_Open,Pinnacle_+1.25_AH_H_Close,Pinnacle_-1.25_AH_A_Open,Pinnacle_-1.25_AH_A_Close,Pinnacle_+1.5_AH_H_Open,Pinnacle_+1.5_AH_H_Close,Pinnacle_-1.5_AH_A_Open,Pinnacle_-1.5_AH_A_Close,Pinnacle_+1.75_AH_H_Open,Pinnacle_+1.75_AH_H_Close,Pinnacle_-1.75_AH_A_Open,Pinnacle_-1.75_AH_A_Close,Pinnacle_+2_AH_H_Open,Pinnacle_+2_AH_H_Close,Pinnacle_-2_AH_A_Open,Pinnacle_-2_AH_A_Close,Pinnacle_+2.25_AH_H_Open,Pinnacle_+2.25_AH_H_Close,Pinnacle_-2.25_AH_A_Open,Pinnacle_-2.25_AH_A_Close,Pinnacle_+2.5_AH_H_Open,Pinnacle_+2.5_AH_H_Close,Pinnacle_-2.5_AH_A_Open,Pinnacle_-2.5_AH_A_Close,Pinnacle_+2.75_AH_H_Open,Pinnacle_+2.75_AH_H_Close,Pinnacle_-2.75_AH_A_Open,Pinnacle_-2.75_AH_A_Close,Pinnacle_+3_AH_H_Open,Pinnacle_+3_AH_H_Close,Pinnacle_-3_AH_A_Open,Pinnacle_-3_AH_A_Close,bet365_-4.25_AH_H_Open,bet365_-4.25_AH_H_Close,bet365_+4.25_AH_A_Open,bet365_+4.25_AH_A_Close,bet365_-4_AH_H_Open,bet365_-4_AH_H_Close,bet365_+4_AH_A_Open,bet365_+4_AH_A_Close,bet365_-3.75_AH_H_Open,bet365_-3.75_AH_H_Close,bet365_+3.75_AH_A_Open,bet365_+3.75_AH_A_Close,bet365_-3.5_AH_H_Open,bet365_-3.5_AH_H_Close,bet365_+3.5_AH_A_Open,bet365_+3.5_AH_A_Close,bet365_-3.25_AH_H_Open,bet365_-3.25_AH_H_Close,bet365_+3.25_AH_A_Open,bet365_+3.25_AH_A_Close,bet365_-3_AH_H_Open,bet365_-3_AH_H_Close,bet365_+3_AH_A_Open,bet365_+3_AH_A_Close,bet365_-2.75_AH_H_Open,bet365_-2.75_AH_H_Close,bet365_+2.75_AH_A_Open,bet365_+2.75_AH_A_Close,bet365_-2.5_AH_H_Open,bet365_-2.5_AH_H_Close,bet365_+2.5_AH_A_Open,bet365_+2.5_AH_A_Close,bet365_-2.25_AH_H_Open,bet365_-2.25_AH_H_Close,bet365_+2.25_AH_A_Open,bet365_+2.25_AH_A_Close,bet365_-2_AH_H_Open,bet365_-2_AH_H_Close,bet365_+2_AH_A_Open,bet365_+2_AH_A_Close,bet365_-1.75_AH_H_Open,bet365_-1.75_AH_H_Close,bet365_+1.75_AH_A_Open,bet365_+1.75_AH_A_Close,bet365_-1.5_AH_H_Open,bet365_-1.5_AH_H_Close,bet365_+1.5_AH_A_Open,bet365_+1.5_AH_A_Close,bet365_-1.25_AH_H_Open,bet365_-1.25_AH_H_Close,bet365_+1.25_AH_A_Open,bet365_+1.25_AH_A_Close,bet365_-1_AH_H_Open,bet365_-1_AH_H_Close,bet365_+1_AH_A_Open,bet365_+1_AH_A_Close,bet365_-0.75_AH_H_Open,bet365_-0.75_AH_H_Close,bet365_+0.75_AH_A_Open,bet365_+0.75_AH_A_Close,bet365_-0.5_AH_H_Open,bet365_-0.5_AH_H_Close,bet365_+0.5_AH_A_Open,bet365_+0.5_AH_A_Close,bet365_-0.25_AH_H_Open,bet365_-0.25_AH_H_Close,bet365_+0.25_AH_A_Open,bet365_+0.25_AH_A_Close,bet365_+0_AH_H_Open,bet365_+0_AH_H_Close,bet365_-0_AH_A_Open,bet365_-0_AH_A_Close,bet365_+0.25_AH_H_Open,bet365_+0.25_AH_H_Close,bet365_-0.25_AH_A_Open,bet365_-0.25_AH_A_Close,bet365_+0.5_AH_H_Open,bet365_+0.5_AH_H_Close,bet365_-0.5_AH_A_Open,bet365_-0.5_AH_A_Close,bet365_+0.75_AH_H_Open,bet365_+0.75_AH_H_Close,bet365_-0.75_AH_A_Open,bet365_-0.75_AH_A_Close,bet365_+1_AH_H_Open,bet365_+1_AH_H_Close,bet365_-1_AH_A_Open,bet365_-1_AH_A_Close,bet365_+1.25_AH_H_Open,bet365_+1.25_AH_H_Close,bet365_-1.25_AH_A_Open,bet365_-1.25_AH_A_Close,bet365_+1.5_AH_H_Open,bet365_+1.5_AH_H_Close,bet365_-1.5_AH_A_Open,bet365_-1.5_AH_A_Close,bet365_+1.75_AH_H_Open,bet365_+1.75_AH_H_Close,bet365_-1.75_AH_A_Open,bet365_-1.75_AH_A_Close,bet365_+2_AH_H_Open,bet365_+2_AH_H_Close,bet365_-2_AH_A_Open,bet365_-2_AH_A_Close,bet365_+2.25_AH_H_Open,bet365_+2.25_AH_H_Close,bet365_-2.25_AH_A_Open,bet365_-2.25_AH_A_Close,bet365_+2.5_AH_H_Open,bet365_+2.5_AH_H_Close,bet365_-2.5_AH_A_Open,bet365_-2.5_AH_A_Close,bet365_+2.75_AH_H_Open,bet365_+2.75_AH_H_Close,bet365_-2.75_AH_A_Open,bet365_-2.75_AH_A_Close,bet365_+3_AH_H_Open,bet365_+3_AH_H_Close,bet365_-3_AH_A_Open,bet365_-3_AH_A_Close,bet365_+3.25_AH_H_Open,bet365_+3.25_AH_H_Close,bet365_-3.25_AH_A_Open,bet365_-3.25_AH_A_Close,bet365_+3.5_AH_H_Open,bet365_+3.5_AH_H_Close,bet365_-3.5_AH_A_Open,bet365_-3.5_AH_A_Close,bet365_+3.75_AH_H_Open,bet365_+3.75_AH_H_Close,bet365_-3.75_AH_A_Open,bet365_-3.75_AH_A_Close,bet365_+4_AH_H_Open,bet365_+4_AH_H_Close,bet365_-4_AH_A_Open,bet365_-4_AH_A_Close
austria,bundesliga,2023-07-28,LASK,Rapid Vienna,1,1,,,,,,,,,,,,,,,,,,,,,,,,,,,,,3.6,3.21,1.32,1.38,3.21,2.86,1.38,1.46,2.83,2.52,1.48,1.58,2.29,2.1,1.69,1.81,1.98,1.87,1.89,2.04,1.74,1.64,2.2,2.39,1.49,1.41,2.8,3.1,1.38,1.33,3.25,3.56,1.31,1.27,3.7,4.03,,,,,,,,,,,,,,,,,,,,,,,,,,,,,,,,,,,,,,,,,,,,,,,,,,,,,,,,,,,,,,,,,,,,,6.8,6.0,1.11,1.13,7.0,5.75,1.1,1.14,6.4,5.25,1.12,1.16,4.8,3.7,1.18,1.26,3.8,3.1,1.25,1.35,3.45,2.75,1.3,1.43,3.0,2.43,1.38,1.53,2.38,2.05,1.55,1.75,2.08,1.88,1.73,1.98,1.83,1.6,2.03,2.3,1.53,1.38,2.43,3.0,1.4,1.3,2.85,3.45,1.33,1.25,3.3,3.8,1.23,1.17,4.1,5.0,1.13,1.1,6.0,7.0,1.11,1.1,6.6,7.0,,,,,,,,,,,,,,,,,,,,,,,,,,,,,,,,,,,,,,,,,,,,
austria,bundesliga,2023-07-29,Altach,Salzburg,0,2,,,,,,,,,,,,,,,,,,,,,,,,,,,,,,,,,,,,,,,,,,,,,,,,,,,,,,,,,4.13,3.74,1.26,1.31,3.83,2.92,1.27,1.45,3.89,2.58,1.27,1.56,3.44,2.22,1.33,1.73,2.65,1.88,1.51,2.02,2.24,1.68,1.69,2.3,1.99,1.51,1.87,2.71,1.74,1.34,2.15,3.47,1.58,1.29,2.45,3.89,,,,,,,,,,,,,,,,,,,,,,,,,,,,,,,,,,,,,,,,,,,,,,,,,,,,,,,,,,,,,,,,,,,,,,,,,6.8,5.9,1.11,1.13,7.0,5.5,1.1,1.15,6.8,5.0,1.11,1.17,6.0,3.45,1.13,1.3,4.4,2.75,1.2,1.43,3.9,2.43,1.24,1.53,3.55,2.15,1.28,1.68,2.75,1.85,1.43,2.0,2.3,1.65,1.6,2.2,2.08,1.48,1.73,2.6,1.85,1.33,2.0,3.3,1.65,1.28,2.2,3.55,1.53,1.24,2.43,3.9,1.4,1.16,2.85,5.25,1.28,1.11,3.55,6.8,,,,,,,,,,,,,,,,
austria,bundesliga,2023-07-29,Wolfsberger AC,BW Linz,2,1,,,,,,,,,,,,,,,,,,,,,,,,,,,,,,,,,2.9,3.89,1.45,1.29,2.54,3.44,1.57,1.35,2.1,2.65,1.81,1.53,1.85,2.24,2.03,1.71,1.63,1.94,2.41,1.96,1.4,1.64,3.16,2.39,1.32,1.48,3.64,2.83,1.26,1.38,4.13,3.24,1.24,1.26,4.26,4.15,,,,,,,,,,,,,,,,,,,,,,,,,,,,,,,,,,,,,,,,,,,,,,,,,,,,,,,,,,,,,,,,,,,,,,,,,,,,,4.25,5.5,1.21,1.15,3.45,4.15,1.3,1.22,3.0,3.7,1.38,1.26,2.68,3.3,1.45,1.33,2.2,2.5,1.65,1.5,1.95,2.15,1.9,1.68,1.68,1.9,2.15,1.95,1.43,1.58,2.75,2.35,1.35,1.43,3.1,2.75,1.28,1.35,3.55,3.1,1.19,1.23,4.5,4.0,1.1,1.13,7.0,6.0,1.1,1.11,7.0,6.6,1.12,1.1,6.4,7.0,,,,,,,,,,,,,,,,,,,,,,,,,,,,,,,,,,,,,,,,
austria,bundesliga,2023-07-29,Tirol,A. Klagenfurt,1,3,,,,,,,,,,,,,,,,,,,,,,,,,,,,,,,,,3.21,4.04,1.38,1.27,2.83,3.61,1.48,1.32,2.29,2.79,1.69,1.49,1.98,2.35,1.89,1.65,1.74,2.07,2.2,1.85,1.49,1.76,2.8,2.17,1.38,1.57,3.25,2.54,1.31,1.45,3.7,2.89,1.31,1.32,3.71,3.58,1.21,1.21,4.84,4.87,,,,,,,,,,,,,,,,,,,,,,,,,,,,,,,,,,,,,,,,,,,,,,,,,,,,,,,,,,,,,,,,,,,,,,,,,4.8,5.5,1.18,1.15,3.8,4.15,1.25,1.22,3.45,3.8,1.3,1.25,3.0,3.45,1.38,1.3,2.38,2.6,1.55,1.48,2.08,2.25,1.73,1.63,1.83,2.03,2.03,1.83,1.53,1.7,2.43,2.1,1.4,1.55,2.85,2.38,1.33,1.43,3.3,2.75,1.23,1.3,4.1,3.45,1.13,1.19,6.0,4.5,1.11,1.16,6.6,5.25,1.1,1.14,7.0,5.75,,,,,,,,,,,,,,,,,,,,,,,,,,,,,,,,,,,,,,,,
austria,bundesliga,2023-07-29,Hartberg,A. Lustenau,2,2,,,,,,,,,,,,,,,,,,,,,,,,,,,,,3.65,3.45,1.32,1.34,3.25,3.06,1.38,1.41,2.86,2.69,1.47,1.52,2.3,2.19,1.68,1.75,1.98,1.93,1.89,1.98,1.74,1.67,2.21,2.32,1.48,1.43,2.83,3.02,1.37,1.34,3.29,3.5,1.3,1.28,3.76,3.99,,,,,,,,,,,,,,,,,,,,,,,,,,,,,,,,,,,,,,,,,,,,,,,,,,,,,,,,,,,,,,,,,,,,,7.0,6.8,1.1,1.11,6.4,6.4,1.12,1.12,6.0,5.9,1.13,1.13,5.25,4.1,1.16,1.23,3.9,3.3,1.24,1.33,3.55,2.85,1.28,1.4,3.1,2.6,1.35,1.48,2.43,2.1,1.53,1.7,2.15,1.93,1.73,1.93,1.83,1.65,1.98,2.2,1.55,1.43,2.38,2.75,1.43,1.33,2.75,3.3,1.33,1.28,3.3,3.55,1.23,1.18,4.1,4.65,,,,,,,,,,,,,,,,,,,,,,,,,,,,,,,,,,,,,,,,,,,,,,,,,,,,
austria,bundesliga,2023-07-30,Austria Vienna,Sturm Graz,0,3,,,,,,,,,,,,,,,,,,,,,,,,,,,,,,,,,,,,,,,,,4.29,3.9,1.25,1.29,3.37,3.11,1.36,1.4,2.96,2.72,1.45,1.51,2.52,2.32,1.58,1.68,2.03,1.93,1.85,1.98,1.79,1.7,2.13,2.27,1.6,1.53,2.48,2.67,1.4,1.35,3.13,3.42,1.33,1.29,3.54,3.84,,,,,,,,,,,,,,,,,,,,,,,,,,,,,,,,,,,,,,,,,,,,,,,,,,,,,,,,,,,,,,,,,,,,,,,,,7.0,6.0,1.1,1.13,6.6,5.75,1.11,1.14,6.8,5.25,1.11,1.16,4.4,3.55,1.2,1.28,3.45,3.0,1.3,1.38,3.1,2.6,1.35,1.48,2.68,2.25,1.45,1.63,2.1,1.9,1.7,1.95,1.88,1.65,1.98,2.2,1.65,1.5,2.2,2.5,1.45,1.33,2.68,3.3,1.35,1.28,3.1,3.55,1.3,1.23,3.45,4.0,1.21,1.16,4.25,5.25,,,,,,,,,,,,,,,,,,,,,,,,,,,,,,,,,,,,
austria,bundesliga,2023-08-05,Sturm Graz,LASK,2,0,,,,,,,,,,,,,,,,,,,,,,,,,3.93,3.83,1.28,1.29,3.16,3.51,1.39,1.34,2.83,3.15,1.48,1.4,2.47,2.8,1.6,1.49,2.06,2.3,1.83,1.68,1.83,2.02,2.07,1.88,1.62,1.75,2.44,2.19,1.39,1.48,3.16,2.82,1.32,1.37,3.64,3.3,1.29,1.3,3.79,3.79,,,,,,,,,,,,,,,,,,,,,,,,,,,,,,,,,,,,,,,,,,,,,,,,,,,,,,,,,,,,,,,,,7.0,7.0,1.1,1.1,5.5,7.0,1.15,1.1,5.0,6.6,1.17,1.11,4.5,6.0,1.19,1.13,3.45,4.15,1.3,1.22,2.75,3.45,1.43,1.3,2.5,3.0,1.5,1.38,2.2,2.68,1.65,1.45,1.93,2.2,1.93,1.65,1.7,1.98,2.1,1.88,1.5,1.7,2.5,2.1,1.33,1.45,3.3,2.68,1.26,1.35,3.7,3.1,1.22,1.3,4.15,3.45,1.15,1.2,5.5,4.4,1.1,1.11,7.0,6.6,1.1,1.1,7.0,7.0,,,,,,,,,,,,,,,,,,,,,,,,,,,,,,,,,,,,,,,,,,,,
austria,bundesliga,2023-08-05,Rapid Vienna,Altach,4,0,,,,,,,,,,,,,,,,,4.01,4.03,1.27,1.27,3.96,3.69,1.28,1.31,3.0,2.83,1.43,1.47,2.52,2.39,1.58,1.64,2.22,2.1,1.73,1.81,1.91,1.83,1.96,2.1,1.69,1.63,2.27,2.42,1.56,1.5,2.58,2.75,1.39,1.34,3.18,3.44,1.23,1.2,4.54,5.11,,,,,,,,,,,,,,,,,,,,,,,,,,,,,,,,,,,,,,,,,,,,,,,,,,,,,,,,,,,,,,,,,,,,,,,,,5.75,5.25,1.14,1.16,4.4,4.1,1.2,1.23,4.0,3.7,1.23,1.26,3.55,3.45,1.28,1.3,2.75,2.6,1.43,1.48,2.38,2.25,1.55,1.63,2.1,2.03,1.7,1.78,1.88,1.78,1.98,2.1,1.65,1.58,2.2,2.35,1.53,1.48,2.43,2.6,1.38,1.33,3.0,3.3,1.21,1.18,4.25,4.8,1.18,1.15,4.8,5.5,1.15,1.13,5.5,5.9,,,,,,,,,,,,,,,,,,,,,,,,,,,,,,,,,,,,,,,,,,,,,,,,,,,,,,,,
austria,bundesliga,2023-08-06,Salzburg,Tirol,3,0,2.83,3.36,1.47,1.35,2.54,3.04,1.57,1.41,2.17,2.52,1.76,1.57,1.93,2.2,1.93,1.72,1.74,1.97,2.2,1.92,1.54,1.72,2.62,2.2,1.44,1.58,2.94,2.5,1.37,1.47,3.27,2.78,1.3,1.34,3.68,3.44,,,,,,,,,,,,,,,,,,,,,,,,,,,,,,,,,,,,,,,,,,,,,,,,,,,,,,,,,,,,,,,,,,,,,5.25,5.9,1.16,1.13,5.0,5.75,1.17,1.14,3.7,4.15,1.26,1.22,3.1,3.45,1.35,1.3,2.85,3.1,1.4,1.35,2.6,2.85,1.48,1.4,2.25,2.38,1.63,1.55,2.0,2.1,1.8,1.7,1.83,1.95,2.03,1.9,1.6,1.7,2.3,2.1,1.5,1.55,2.5,2.38,1.43,1.48,2.75,2.6,1.3,1.35,3.45,3.1,1.19,1.22,4.5,4.15,1.17,1.19,5.0,4.5,1.15,1.17,5.5,5.0,1.1,1.11,7.0,6.8,,,,,,,,,,,,,,,,,,,,,,,,,,,,,,,,,,,,,,,,,,,,,,,,,,,,,,,,,,,,,,,,,,,,
austria,bundesliga,2023-08-06,BW Linz,Hartberg,3,3,,,,,,,,,,,,,,,,,,,,,,,,,,,,,,,,,4.15,3.97,1.26,1.28,4.18,3.53,1.26,1.33,3.1,2.73,1.41,1.51,2.57,2.3,1.56,1.68,2.22,2.01,1.72,1.9,1.86,1.69,2.01,2.27,1.63,1.52,2.4,2.68,1.5,1.41,2.78,3.06,1.35,1.29,3.4,3.83,,,,,,,,,,,,,,,,,,,,,,,,,,,,,,,,,,,,,,,,,,,,,,,,,,,,,,,,,,,,,,,,,,,,,,,,,,,,,7.0,5.5,1.1,1.15,5.5,4.15,1.15,1.22,4.8,3.7,1.18,1.26,4.25,3.45,1.21,1.3,3.1,2.6,1.35,1.48,2.6,2.2,1.48,1.65,2.3,1.98,1.6,1.88,1.98,1.63,1.88,2.25,1.65,1.48,2.2,2.6,1.5,1.38,2.5,3.0,1.38,1.26,3.0,3.7,1.23,1.16,4.1,5.25,1.19,1.14,4.5,5.75,1.17,1.12,5.0,6.25,,,,,,,,,,,,,,,,,,,,,,,,,,,,,,,,,,,,,,,,
austria,bundesliga,2023-08-06,A. Lustenau,Austria Vienna,0,2,,,,,,,,,,,,,,,,,,,,,,,,,,,,,,,,,,,,,,,,,,,,,3.58,3.88,1.33,1.29,3.14,3.42,1.4,1.35,2.72,2.97,1.51,1.44,2.16,2.31,1.76,1.68,1.87,1.98,2.01,1.93,1.67,1.76,2.32,2.17,1.47,1.54,2.87,2.63,1.38,1.43,3.24,2.98,1.32,1.36,3.62,3.34,,,,,,,,,,,,,,,,,,,,,,,,,,,,,,,,,,,,,,,,,,,,,,,,,,,,,,,,,,,,,,,,,,,,,,,,,7.0,7.0,1.1,1.1,7.0,6.6,1.1,1.11,5.25,4.4,1.16,1.2,4.0,3.55,1.23,1.28,3.55,3.1,1.28,1.35,3.1,2.75,1.35,1.43,2.43,2.2,1.53,1.65,2.08,1.95,1.73,1.9,1.88,1.7,1.98,2.1,1.63,1.5,2.25,2.5,1.5,1.4,2.5,2.85,1.4,1.33,2.85,3.3,1.3,1.24,3.45,3.9,1.18,1.14,4.65,5.75,1.16,1.13,5.25,6.0,1.14,1.12,5.75,6.4,,,,,,,,,,,,,,,,,,,,,,,,
austria,bundesliga,2023-08-09,A. Klagenfurt,Wolfsberger AC,2,2,,,,,,,,,,,,,,,,,,,,,,,,,,,,,,,,,,,,,4.79,4.28,1.21,1.25,4.03,3.13,1.26,1.4,3.2,2.58,1.37,1.56,2.81,2.23,1.47,1.72,2.39,1.88,1.61,2.02,1.97,1.64,1.9,2.39,1.72,1.5,2.18,2.77,1.55,1.35,2.55,3.39,1.36,1.22,3.24,4.72,,,,,,,,,,,,,,,,,,,,,,,,,,,,,,,,,,,,,,,,,,,,,,,,,,,,,,,,,,,,,,,,,,,,,,,,,7.0,6.8,1.1,1.11,5.5,5.25,1.15,1.16,5.0,4.5,1.17,1.19,4.4,4.1,1.2,1.23,3.3,3.0,1.33,1.38,2.68,2.5,1.45,1.5,2.35,2.2,1.58,1.65,2.1,1.88,1.78,1.98,1.75,1.6,2.05,2.3,1.58,1.48,2.35,2.6,1.43,1.33,2.75,3.3,1.28,1.2,3.55,4.4,1.24,1.18,3.9,4.8,1.2,1.15,4.4,5.5,1.14,1.1,5.75,7.0,,,,,,,,,,,,,,,,,,,,,,,,,,,,,,,,,,,,
austria,bundesliga,2023-08-12,LASK,BW Linz,2,0,,,,,,,,,,,,,,,,,,,,,3.72,3.95,1.29,1.28,2.86,3.0,1.44,1.43,2.41,2.52,1.6,1.58,2.13,2.22,1.76,1.72,1.85,1.93,2.03,1.97,1.64,1.7,2.33,2.27,1.52,1.56,2.64,2.57,1.36,1.39,3.26,3.16,1.21,1.23,4.67,4.49,,,,,,,,,,,,,,,,,,,,,,,,,,,,,,,,,,,,,,,,,,,,,,,,,,,,,,,,,,,,,,,,,,,,,,,,,5.9,5.75,1.13,1.14,4.5,4.4,1.19,1.2,4.1,4.0,1.23,1.23,3.7,3.55,1.26,1.28,2.85,2.85,1.4,1.4,2.38,2.38,1.55,1.55,2.15,2.15,1.68,1.68,1.9,1.93,1.95,1.93,1.65,1.68,2.2,2.15,1.53,1.55,2.43,2.38,1.38,1.38,3.0,3.0,1.23,1.23,4.0,4.0,1.2,1.19,4.4,4.5,1.17,1.17,5.0,5.0,1.11,1.11,6.8,6.8,,,,,,,,,,,,,,,,,,,,,,,,,,,,,,,,,,,,,,,,,,,,,,,,,,,,
austria,bundesliga,2023-08-12,Wolfsberger AC,A. Lustenau,1,1,,,,,,,,,,,,,,,,,,,,,,,,,3.69,3.84,1.3,1.29,2.98,3.09,1.41,1.41,2.65,2.76,1.51,1.5,2.31,2.41,1.65,1.63,1.95,2.04,1.91,1.88,1.74,1.81,2.16,2.1,1.54,1.6,2.58,2.49,1.33,1.38,3.42,3.24,1.27,1.31,3.92,3.72,,,,,,,,,,,,,,,,,,,,,,,,,,,,,,,,,,,,,,,,,,,,,,,,,,,,,,,,,,,,,,,,,,,,,,,,,7.0,6.0,1.1,1.13,6.6,5.75,1.11,1.14,6.0,5.25,1.13,1.16,4.15,3.7,1.22,1.26,3.45,3.0,1.3,1.38,3.0,2.68,1.38,1.45,2.68,2.35,1.45,1.58,2.15,2.03,1.68,1.83,1.95,1.78,1.9,2.03,1.68,1.58,2.15,2.35,1.43,1.38,2.75,3.0,1.35,1.3,3.1,3.45,1.28,1.25,3.55,3.8,1.19,1.17,4.5,5.0,,,,,,,,,,,,,,,,,,,,,,,,,,,,,,,,,,,,,,,,,,,,,,,,,,,,
austria,bundesliga,2023-08-12,Sturm Graz,A. Klagenfurt,0,0,,,,,,,,,,,,,,,,,2.65,3.38,1.5,1.36,2.34,3.0,1.63,1.43,2.01,2.43,1.85,1.62,1.79,2.1,2.06,1.81,1.6,1.86,2.39,2.05,1.41,1.61,2.96,2.45,1.34,1.48,3.34,2.83,1.32,1.39,3.47,3.18,1.29,1.28,3.77,4.01,,,,,,,,,,,,,,,,,,,,,,,,,,,,,,,,,,,,,,,,,,,,,,,,,,,,,,,,,,,,,,,,,,,,,5.9,6.4,1.13,1.12,5.75,6.0,1.14,1.13,4.0,4.25,1.23,1.21,3.3,3.45,1.33,1.3,3.0,3.1,1.38,1.35,2.68,2.75,1.45,1.43,2.2,2.3,1.65,1.6,2.0,2.03,1.85,1.78,1.75,1.83,2.05,2.03,1.53,1.58,2.43,2.35,1.43,1.45,2.75,2.68,1.35,1.38,3.1,3.0,1.25,1.26,3.8,3.7,1.13,1.15,5.9,5.5,1.12,1.13,6.4,5.9,1.11,1.12,6.8,6.4,,,,,,,,,,,,,,,,,,,,,,,,,,,,,,,,,,,,,,,,,,,,,,,,,,,,,,,,
austria,bundesliga,2023-08-13,Rapid Vienna,Hartberg,0,1,,,,,,,,,,,,,,,,,,,,,,,,,3.65,3.83,1.3,1.29,2.96,3.38,1.42,1.35,2.64,3.01,1.52,1.42,2.3,2.65,1.65,1.53,1.96,2.18,1.91,1.75,1.75,1.93,2.15,1.98,1.54,1.68,2.56,2.31,1.34,1.44,3.38,3.0,1.27,1.34,3.87,3.46,1.26,1.28,4.2,3.94,,,,,,,,,,,,,,,,,,,,,,,,,,,,,,,,,,,,,,,,,,,,,,,,,,,,,,,,,,,,,,,,,,,,,4.65,6.6,1.18,1.11,4.25,6.0,1.21,1.13,3.9,5.75,1.24,1.14,3.0,3.9,1.38,1.24,2.5,3.3,1.5,1.33,2.25,2.85,1.63,1.4,2.03,2.5,1.83,1.5,1.75,2.03,2.05,1.83,1.6,1.9,2.3,1.95,1.43,1.65,2.75,2.2,1.24,1.43,3.9,2.75,1.19,1.33,4.5,3.3,1.16,1.28,5.25,3.55,1.11,1.19,6.8,4.5,1.1,1.11,7.0,6.8,,,,,,,,,,,,,,,,,,,,,,,,,,,,,,,,,,,,,,,,,,,,,,,,
austria,bundesliga,2023-08-13,Altach,Tirol,1,0,,,,,,,,,,,,,,,,,,,,,,,,,,,,,,,,,4.29,4.28,1.25,1.25,4.59,3.82,1.21,1.3,3.33,2.9,1.35,1.46,2.73,2.42,1.49,1.62,2.37,2.11,1.62,1.82,2.01,1.78,1.87,2.15,1.71,1.57,2.21,2.53,1.55,1.45,2.55,2.9,1.4,1.32,3.07,3.6,1.25,1.21,4.12,4.93,,,,,,,,,,,,,,,,,,,,,,,,,,,,,,,,,,,,,,,,,,,,,,,,,,,,,,,,,,,,,,,,,,,,,,,,,7.0,5.75,1.1,1.14,5.75,4.4,1.14,1.2,5.25,3.9,1.16,1.24,4.5,3.55,1.19,1.28,3.3,2.75,1.33,1.43,2.68,2.3,1.45,1.6,2.35,2.05,1.58,1.8,2.05,1.7,1.8,2.1,1.73,1.53,2.08,2.43,1.55,1.4,2.38,2.85,1.4,1.3,2.85,3.45,1.25,1.18,3.8,4.8,1.21,1.15,4.25,5.5,1.18,1.13,4.65,5.9,1.12,1.1,6.25,7.0,,,,,,,,,,,,,,,,,,,,,,,,,,,,,,,,,,,,
austria,bundesliga,2023-08-13,Salzburg,Austria Vienna,2,0,,,,,,,,,,,,,,,,,,,,,3.25,3.67,1.36,1.31,2.6,2.87,1.53,1.46,2.23,2.44,1.69,1.61,1.98,2.15,1.88,1.77,1.72,1.87,2.18,2.04,1.56,1.66,2.5,2.35,1.46,1.53,2.8,2.66,1.32,1.38,3.5,3.26,1.22,1.23,4.68,4.54,,,,,,,,,,,,,,,,,,,,,,,,,,,,,,,,,,,,,,,,,,,,,,,,,,,,,,,,,,,,,,,,,,,,,,,,,4.25,5.5,1.21,1.15,3.45,4.15,1.3,1.22,3.1,3.8,1.35,1.25,2.75,3.45,1.43,1.3,2.35,2.68,1.58,1.45,2.05,2.35,1.75,1.58,1.85,2.08,2.0,1.73,1.6,1.85,2.3,2.0,1.48,1.63,2.6,2.25,1.4,1.53,2.85,2.43,1.28,1.38,3.55,3.0,1.15,1.21,5.5,4.25,1.13,1.18,6.0,4.65,1.11,1.15,6.6,5.5,1.1,1.1,7.0,7.0,,,,,,,,,,,,,,,,,,,,,,,,,,,,,,,,,,,,,,,,,,,,,,,,,,,,
austria,bundesliga,2023-08-19,Tirol,LASK,1,1,,,,,,,,,,,,,,,,,,,,,,,,,,,,,,,,,,,,,,,,,,,,,,,,,,,,,2.46,4.6,1.58,1.23,2.03,3.33,1.85,1.36,1.78,2.7,2.09,1.51,1.6,2.41,2.42,1.63,1.41,2.11,2.98,1.8,1.34,1.85,3.36,2.07,1.32,1.67,3.48,2.32,1.31,1.51,3.61,2.73,1.26,1.34,4.21,3.47,1.29,1.29,3.91,3.88,,,,,,,,,,,,,,,,,,,,,,,,,,,,,,,,,,,,,,,,,,,,,,,,,,,,,,,,,,,,,,,,,,,,,,,,,3.55,5.9,1.28,1.13,3.1,5.25,1.35,1.16,2.75,4.65,1.43,1.18,2.2,3.3,1.65,1.33,1.93,2.6,1.93,1.48,1.68,2.3,2.15,1.6,1.48,2.05,2.6,1.75,1.4,1.8,2.85,2.05,1.33,1.63,3.3,2.25,1.23,1.48,4.0,2.6,1.14,1.33,5.75,3.3,1.13,1.28,6.0,3.55,1.11,1.24,6.6,3.9,1.1,1.17,7.0,5.0,1.1,1.1,7.0,7.0,1.1,1.1,7.0,7.0,,,,,,,,,,,,
austria,bundesliga,2023-08-19,A. Lustenau,Sturm Graz,0,1,,,,,,,,,,,,,,,,,,,,,,,,,,,,,,,,,,,,,,,,,,,,,,,,,,,,,,,,,3.28,3.99,1.37,1.23,2.66,3.27,1.53,1.37,2.36,2.9,1.65,1.45,2.04,2.54,1.84,1.57,1.79,2.1,2.13,1.81,1.63,1.86,2.4,2.05,1.47,1.65,2.83,2.35,1.32,1.46,3.65,2.9,1.28,1.37,3.93,3.27,1.31,1.32,3.68,3.64,,,,,,,,,,,,,,,,,,,,,,,,,,,,,,,,,,,,,,,,,,,,,,,,,,,,,,,,,,,,,,,,,,,,,5.75,6.4,1.14,1.12,5.0,6.8,1.17,1.11,4.4,6.25,1.2,1.12,3.1,3.9,1.35,1.24,2.5,3.1,1.5,1.35,2.25,2.75,1.63,1.43,2.03,2.38,1.83,1.55,1.75,2.05,2.05,1.75,1.6,1.83,2.3,2.03,1.45,1.63,2.68,2.25,1.3,1.45,3.45,2.68,1.25,1.38,3.8,3.0,1.22,1.3,4.15,3.45,1.15,1.22,5.5,4.15,1.1,1.13,7.0,5.9,1.1,1.12,7.0,6.25,1.11,1.11,6.6,6.6,,,,,,,,
austria,bundesliga,2023-08-19,A. Klagenfurt,Altach,1,1,,,,,,,,,,,,,,,,,,,,,,,,,,,,,3.02,3.8,1.4,1.3,2.69,3.38,1.5,1.36,2.33,2.97,1.64,1.44,1.97,2.35,1.9,1.65,1.75,2.03,2.15,1.88,1.54,1.74,2.57,2.19,1.33,1.47,3.45,2.88,1.27,1.35,3.97,3.4,1.25,1.28,4.1,3.93,,,,,,,,,,,,,,,,,,,,,,,,,,,,,,,,,,,,,,,,,,,,,,,,,,,,,,,,,,,,,,,,,,,,,,,,,5.25,7.0,1.16,1.1,4.65,6.6,1.18,1.11,3.45,4.4,1.3,1.2,2.85,3.45,1.4,1.3,2.5,3.1,1.5,1.35,2.2,2.75,1.65,1.43,1.93,2.2,1.93,1.65,1.7,1.98,2.1,1.88,1.5,1.68,2.5,2.15,1.3,1.43,3.45,2.75,1.25,1.33,3.8,3.3,1.21,1.26,4.25,3.7,1.14,1.18,5.75,4.8,1.1,1.1,7.0,7.0,,,,,,,,,,,,,,,,,,,,,,,,,,,,,,,,,,,,,,,,,,,,,,,,
austria,bundesliga,2023-08-20,Austria Vienna,Wolfsberger AC,0,0,,,,,,,,,,,,,,,,,,,,,,,,,,,,,2.96,3.66,1.43,1.31,2.64,3.29,1.54,1.37,2.3,2.92,1.68,1.46,1.94,2.36,1.93,1.65,1.75,2.06,2.18,1.85,1.55,1.79,2.61,2.13,1.34,1.52,3.45,2.68,1.28,1.4,3.96,3.12,1.3,1.33,3.82,3.57,,,,,,,,,,,,,,,,,,,,,,,,,,,,,,,,,,,,,,,,,,,,,,,,,,,,,,,,,,,,,,,,,,,,,6.4,6.8,1.12,1.11,5.9,7.0,1.13,1.1,5.5,6.8,1.15,1.11,3.8,4.5,1.25,1.19,3.1,3.55,1.35,1.28,2.75,3.3,1.43,1.33,2.43,2.85,1.53,1.4,2.05,2.3,1.75,1.6,1.83,2.05,2.03,1.8,1.58,1.75,2.35,2.05,1.38,1.48,3.0,2.6,1.3,1.38,3.45,3.0,1.25,1.3,3.8,3.45,1.16,1.21,5.25,4.25,1.1,1.12,7.0,6.4,1.11,1.11,6.8,6.8,,,,,,,,,,,,,,,,,,,,,,,,,,,,,,,,,,,,,,,,,,,,
austria,bundesliga,2023-08-20,Hartberg,Salzburg,1,5,,,,,,,,,,,,,,,,,,,,,,,,,,,,,,,,,,,,,,,,,,,,,,,,,,,,,4.24,3.95,1.24,1.28,3.11,2.93,1.39,1.44,2.57,2.43,1.54,1.62,2.28,2.15,1.66,1.77,2.01,1.88,1.87,2.04,1.76,1.66,2.12,2.34,1.61,1.54,2.39,2.64,1.46,1.39,2.8,3.17,1.31,1.26,3.57,4.23,,,,,,,,,,,,,,,,,,,,,,,,,,,,,,,,,,,,,,,,,,,,,,,,,,,,,,,,,,,,,,,,,,,,,,,,,6.8,6.6,1.11,1.11,6.8,5.0,1.11,1.17,6.25,4.4,1.12,1.2,5.75,3.9,1.14,1.24,3.7,2.75,1.26,1.43,2.85,2.3,1.4,1.6,2.6,2.05,1.48,1.75,2.35,1.83,1.58,2.03,2.03,1.63,1.83,2.25,1.78,1.5,2.03,2.5,1.6,1.38,2.3,3.0,1.43,1.24,2.75,3.9,1.35,1.21,3.1,4.25,1.3,1.18,3.45,4.65,1.21,1.13,4.25,6.0,,,,,,,,,,,,,,,,,,,,
austria,bundesliga,2023-08-20,BW Linz,Rapid Vienna,0,5,,,,,,,,,,,,,,,,,,,,,,,,,,,,,,,,,,,,,,,,,,,,,4.11,3.69,1.27,1.31,3.63,3.25,1.32,1.38,3.16,2.82,1.4,1.48,2.42,2.23,1.62,1.72,2.04,1.93,1.84,1.97,1.82,1.71,2.08,2.24,1.59,1.5,2.5,2.75,1.46,1.4,2.85,3.12,1.38,1.34,3.21,3.5,,,,,,,,,,,,,,,,,,,,,,,,,,,,,,,,,,,,,,,,,,,,,,,,,,,,,,,,,,,,,,,,,,,,,,,,,7.0,7.0,1.1,1.1,6.6,6.8,1.11,1.11,5.5,4.4,1.15,1.2,4.15,3.45,1.22,1.3,3.7,3.1,1.26,1.35,3.3,2.68,1.33,1.45,2.5,2.15,1.5,1.68,2.1,1.9,1.7,1.95,1.93,1.68,1.93,2.15,1.65,1.45,2.2,2.68,1.5,1.38,2.5,3.0,1.4,1.3,2.85,3.45,1.3,1.22,3.45,4.15,1.18,1.13,4.65,6.0,1.16,1.11,5.25,6.6,1.14,1.1,5.75,7.0,,,,,,,,,,,,,,,,,,,,,,,,
austria,bundesliga,2023-08-26,A. Lustenau,Altach,0,3,,,,,,,,,,,,,,,,,,,,,,,,,,,,,,,,,,,,,3.23,4.88,1.36,1.21,2.53,3.84,1.55,1.29,2.16,3.04,1.74,1.42,1.88,2.64,1.98,1.54,1.6,2.21,2.42,1.74,1.46,1.83,2.83,2.09,1.36,1.63,3.22,2.42,1.25,1.46,4.09,2.91,1.22,1.29,4.64,3.89,1.25,1.24,4.27,4.38,,,,,,,,,,,,,,,,,,,,,,,,,,,,,,,,,,,,,,,,,,,,,,,,,,,,,,,,,,,,,,,,,,,,,,,,,4.4,6.25,1.2,1.12,3.9,5.75,1.24,1.14,3.55,5.25,1.28,1.16,2.68,3.55,1.45,1.28,2.3,2.85,1.6,1.4,2.05,2.43,1.8,1.53,1.73,2.15,2.08,1.68,1.55,1.83,2.38,2.03,1.45,1.63,2.68,2.25,1.33,1.45,3.3,2.68,1.19,1.28,4.5,3.55,1.16,1.23,5.25,4.0,1.14,1.2,5.75,4.4,1.1,1.13,7.0,5.9,,,,,,,,,,,,,,,,,,,,,,,,,,,,,,,,,,,,
austria,bundesliga,2023-08-26,Wolfsberger AC,Salzburg,1,2,,,,,,,,,,,,,,,,,,,,,,,,,,,,,,,,,,,,,,,,,,,,,,,,,,,,,4.58,4.99,1.22,1.2,3.25,3.34,1.36,1.36,2.65,2.66,1.51,1.53,2.34,2.33,1.63,1.67,2.05,2.0,1.83,1.9,1.78,1.73,2.1,2.21,1.62,1.58,2.37,2.53,1.46,1.42,2.78,3.02,1.31,1.28,3.57,4.0,,,,,,,,,,,,,,,,,,,,,,,,,,,,,,,,,,,,,,,,,,,,,,,,,,,,,,,,,,,,,,,,,,,,,,,,,,,,,5.75,5.5,1.14,1.15,5.25,5.0,1.16,1.17,4.5,4.4,1.19,1.2,3.45,3.0,1.3,1.38,2.75,2.43,1.43,1.53,2.5,2.2,1.5,1.65,2.2,1.95,1.65,1.9,1.95,1.68,1.9,2.15,1.73,1.55,2.08,2.38,1.55,1.4,2.38,2.85,1.4,1.26,2.85,3.7,1.33,1.22,3.3,4.15,1.28,1.19,3.55,4.5,1.2,1.13,4.4,5.9,,,,,,,,,,,,,,,,,,,,
austria,bundesliga,2023-08-26,Sturm Graz,BW Linz,4,1,,,,,,,,,,,,,2.85,3.47,1.47,1.34,2.55,3.1,1.57,1.4,2.24,2.75,1.71,1.5,1.92,2.26,1.93,1.7,1.74,1.98,2.2,1.92,1.56,1.74,2.59,2.21,1.36,1.49,3.32,2.79,1.3,1.38,3.76,3.21,1.29,1.32,3.82,3.65,,,,,,,,,,,,,,,,,,,,,,,,,,,,,,,,,,,,,,,,,,,,,,,,,,,,,,,,,,,,,,,,,,,,,5.75,6.25,1.14,1.12,5.25,5.9,1.16,1.13,4.65,5.5,1.18,1.15,3.55,3.9,1.28,1.24,3.0,3.3,1.38,1.33,2.68,2.85,1.45,1.4,2.35,2.6,1.58,1.48,2.03,2.15,1.78,1.68,1.83,1.95,2.03,1.9,1.6,1.7,2.3,2.1,1.43,1.48,2.75,2.6,1.35,1.38,3.1,3.0,1.3,1.33,3.45,3.3,1.19,1.23,4.5,4.1,1.11,1.13,6.8,6.0,1.1,1.12,7.0,6.4,1.1,1.11,7.0,6.8,,,,,,,,,,,,,,,,,,,,,,,,,,,,,,,,,,,,,,,,,,,,,,,,,,,,,,,,
austria,bundesliga,2023-08-27,Rapid Vienna,Tirol,1,1,,,,,,,,,,,,,3.4,3.53,1.35,1.33,3.84,3.18,1.29,1.39,4.17,2.84,1.25,1.48,3.15,2.33,1.38,1.66,2.63,2.05,1.52,1.86,2.33,1.81,1.64,2.09,2.04,1.59,1.84,2.5,1.77,1.47,2.11,2.84,1.62,1.39,2.38,3.19,1.44,1.3,2.87,3.82,,,,,,,,,,,,,,,,,,,,,,,,,,,,,,,,,,,,,,,,,,,,,,,,,,,,,,,,,,,,,,,,,6.0,6.25,1.13,1.12,7.0,5.9,1.1,1.13,6.8,5.75,1.11,1.14,7.0,4.0,1.1,1.23,5.5,3.3,1.15,1.33,5.0,3.0,1.17,1.38,4.4,2.68,1.2,1.45,3.3,2.25,1.33,1.63,2.75,2.03,1.43,1.83,2.43,1.78,1.53,2.03,2.15,1.58,1.68,2.35,1.88,1.48,1.98,2.6,1.68,1.38,2.15,3.0,1.5,1.28,2.5,3.55,1.33,1.17,3.3,5.0,1.26,1.15,3.7,5.5,1.22,1.13,4.15,5.9,,,,,,,,,,,,,,,,,,,,,,,,,,,,,,,,,,,,,,,,,,,,,,,,,,,,,,,,
austria,bundesliga,2023-08-27,LASK,Austria Vienna,2,0,,,,,,,,,,,,,,,,,,,,,,,,,,,,,3.45,3.24,1.33,1.38,3.09,2.89,1.39,1.45,2.74,2.56,1.48,1.56,2.25,2.14,1.68,1.78,1.97,1.9,1.89,2.01,1.73,1.67,2.18,2.33,1.49,1.45,2.72,2.96,1.38,1.35,3.13,3.38,1.31,1.3,3.54,3.82,,,,,,,,,,,,,,,,,,,,,,,,,,,,,,,,,,,,,,,,,,,,,,,,,,,,,,,,,,,,,,,,,,,,,6.6,6.0,1.11,1.13,6.0,5.75,1.13,1.14,5.75,5.25,1.14,1.16,4.0,3.7,1.23,1.26,3.3,3.1,1.33,1.35,2.85,2.75,1.4,1.43,2.6,2.43,1.48,1.53,2.15,2.05,1.68,1.75,1.93,1.85,1.93,2.0,1.65,1.6,2.2,2.3,1.43,1.4,2.75,2.85,1.35,1.3,3.1,3.45,1.28,1.25,3.55,3.8,1.2,1.18,4.4,4.8,,,,,,,,,,,,,,,,,,,,,,,,,,,,,,,,,,,,,,,,,,,,,,,,,,,,
austria,bundesliga,2023-08-27,Hartberg,A. Klagenfurt,0,3,,,,,,,,,,,,,,,,,,,,,,,,,,,,,,,,,3.0,3.53,1.41,1.33,2.66,3.11,1.51,1.4,2.19,2.46,1.72,1.6,1.93,2.11,1.93,1.8,1.7,1.85,2.21,2.07,1.48,1.56,2.74,2.56,1.38,1.44,3.12,3.0,1.32,1.35,3.51,3.42,1.28,1.24,3.8,4.4,,,,,,,,,,,,,,,,,,,,,,,,,,,,,,,,,,,,,,,,,,,,,,,,,,,,,,,,,,,,,,,,,,,,,,,,,,,,,5.9,5.0,1.13,1.17,4.5,3.8,1.19,1.25,4.15,3.45,1.22,1.3,3.7,3.1,1.26,1.35,2.85,2.38,1.4,1.55,2.38,2.05,1.55,1.75,2.08,1.83,1.73,2.03,1.8,1.53,2.05,2.43,1.58,1.4,2.35,2.85,1.45,1.33,2.68,3.3,1.33,1.23,3.3,4.1,1.2,1.12,4.4,6.25,1.17,1.11,5.0,6.6,1.15,1.1,5.5,7.0,,,,,,,,,,,,,,,,,,,,,,,,,,,,,,,,,,,,,,,,
austria,bundesliga,2023-09-02,Wolfsberger AC,Hartberg,0,3,,,,,,,,,,,,,,,,,,,,,,,,,,,,,,,,,3.5,4.28,1.32,1.25,3.09,3.81,1.39,1.3,2.46,2.88,1.58,1.47,2.11,2.4,1.78,1.63,1.84,2.07,2.04,1.85,1.56,1.72,2.53,2.23,1.43,1.53,2.96,2.66,1.34,1.41,3.38,3.07,1.23,1.29,4.31,3.88,,,,,,,,,,,,,,,,,,,,,,,,,,,,,,,,,,,,,,,,,,,,,,,,,,,,,,,,,,,,,,,,,,,,,,,,,,,,,4.8,5.9,1.18,1.13,3.7,4.4,1.26,1.2,3.45,4.0,1.3,1.23,3.0,3.55,1.38,1.28,2.38,2.68,1.55,1.45,2.05,2.3,1.75,1.6,1.83,2.03,2.03,1.83,1.53,1.68,2.43,2.15,1.4,1.5,2.85,2.5,1.33,1.38,3.3,3.0,1.23,1.28,4.0,3.55,1.13,1.15,5.9,5.5,1.12,1.13,6.4,5.9,1.11,1.12,6.8,6.25,,,,,,,,,,,,,,,,,,,,,,,,,,,,,,,,,,,,,,,,
austria,bundesliga,2023-09-02,Tirol,BW Linz,2,4,,,,,,,,,,,,,,,,,,,,,,,,,,,,,,,,,,,,,3.06,4.54,1.4,1.23,2.46,3.34,1.58,1.36,2.12,2.75,1.76,1.5,1.87,2.4,2.01,1.63,1.6,2.05,2.42,1.86,1.47,1.75,2.81,2.18,1.37,1.59,3.17,2.5,1.27,1.43,3.97,2.99,1.22,1.28,4.53,3.99,,,,,,,,,,,,,,,,,,,,,,,,,,,,,,,,,,,,,,,,,,,,,,,,,,,,,,,,,,,,,,,,,,,,,,,,,5.25,7.0,1.16,1.1,3.9,5.25,1.24,1.16,3.55,4.65,1.28,1.18,3.3,4.25,1.33,1.21,2.5,3.1,1.5,1.35,2.15,2.6,1.68,1.48,1.93,2.3,1.93,1.6,1.6,2.03,2.3,1.83,1.45,1.73,2.68,2.08,1.38,1.58,3.0,2.35,1.26,1.43,3.7,2.75,1.15,1.26,5.5,3.7,1.14,1.22,5.75,4.15,1.12,1.19,6.25,4.5,1.1,1.13,7.0,6.0,,,,,,,,,,,,,,,,,,,,,,,,,,,,,,,,,,,,
austria,bundesliga,2023-09-02,Altach,Sturm Graz,1,2,,,,,,,,,,,,,,,,,,,,,,,,,,,,,,,,,,,,,,,,,,,,,,,,,,,,,4.43,4.68,1.23,1.22,3.13,3.17,1.38,1.39,2.54,2.55,1.55,1.57,2.25,2.23,1.68,1.72,1.95,1.93,1.92,1.98,1.71,1.68,2.2,2.3,1.57,1.55,2.49,2.62,1.42,1.39,2.96,3.17,1.27,1.25,3.9,4.32,,,,,,,,,,,,,,,,,,,,,,,,,,,,,,,,,,,,,,,,,,,,,,,,,,,,,,,,,,,,,,,,,,,,,,,,,7.0,7.0,1.1,1.1,5.25,5.5,1.16,1.15,4.5,4.8,1.19,1.18,4.1,4.25,1.23,1.21,3.0,3.0,1.38,1.38,2.43,2.38,1.53,1.55,2.15,2.1,1.68,1.7,1.93,1.88,1.93,1.98,1.68,1.65,2.15,2.2,1.53,1.53,2.43,2.43,1.4,1.38,2.85,3.0,1.25,1.24,3.8,3.9,1.22,1.21,4.15,4.25,1.19,1.18,4.5,4.65,1.13,1.12,5.9,6.25,,,,,,,,,,,,,,,,,,,,
austria,bundesliga,2023-09-03,Salzburg,Rapid Vienna,2,0,,,,,,,,,,,,,,,,,3.72,3.94,1.31,1.28,3.32,3.74,1.36,1.3,2.64,2.89,1.53,1.45,2.26,2.45,1.7,1.61,1.99,2.16,1.88,1.76,1.74,1.88,2.2,2.03,1.58,1.66,2.52,2.33,1.47,1.53,2.83,2.64,1.33,1.37,3.53,3.28,1.2,1.22,5.0,4.74,,,,,,,,,,,,,,,,,,,,,,,,,,,,,,,,,,,,,,,,,,,,,,,,,,,,,,,,,,,,,,,,,,,,,7.0,6.8,1.1,1.11,5.5,5.75,1.15,1.14,4.15,4.25,1.22,1.21,3.8,3.9,1.25,1.24,3.45,3.55,1.3,1.28,2.68,2.75,1.45,1.43,2.3,2.38,1.6,1.55,2.05,2.1,1.75,1.7,1.83,1.9,2.03,1.95,1.63,1.68,2.25,2.15,1.5,1.55,2.5,2.38,1.35,1.38,3.1,3.0,1.19,1.2,4.5,4.4,1.16,1.17,5.25,5.0,1.14,1.14,5.75,5.75,,,,,,,,,,,,,,,,,,,,,,,,,,,,,,,,,,,,,,,,,,,,,,,,,,,,,,,,
austria,bundesliga,2023-09-03,LASK,A. Lustenau,2,0,,,,,,,,,,,,,3.36,3.25,1.34,1.38,3.01,2.91,1.41,1.45,2.67,2.58,1.51,1.56,2.21,2.15,1.71,1.78,1.95,1.91,1.92,2.0,1.71,1.7,2.2,2.27,1.49,1.5,2.73,2.76,1.38,1.4,3.11,3.11,1.32,1.34,3.51,3.47,,,,,,,,,,,,,,,,,,,,,,,,,,,,,,,,,,,,,,,,,,,,,,,,,,,,,,,,,,,,,,,,,,,,,,,,,,,,,,,,,,,,,,,,,,,,,,,,,,,,,2.0,1.88,1.85,1.98,,,,,,,,,,,,,,,,,,,,,,,,,,,,,,,,,,,,,,,,,,,,,,,,,,,,,,,,,,,,,,,,,,,,,,,,,,,,,,,,,,,,,,,,
austria,bundesliga,2023-09-03,Austria Vienna,A. Klagenfurt,2,2,,,,,,,,,,,,,,,,,,,,,,,,,,,,,2.72,3.28,1.48,1.37,2.43,2.92,1.6,1.44,2.12,2.57,1.76,1.56,1.85,2.13,2.03,1.79,1.67,1.88,2.28,2.02,1.49,1.65,2.73,2.36,1.3,1.43,3.62,3.03,1.25,1.34,4.1,3.48,1.28,1.28,3.94,3.94,,,,,,,,,,,,,,,,,,,,,,,,,,,,,,,,,,,,,,,,,,,,,,,,,,,,,,,,,,,,,,,,,,,,,6.25,6.6,1.12,1.11,5.75,6.0,1.14,1.13,5.5,5.75,1.15,1.14,3.7,3.9,1.26,1.24,3.1,3.3,1.35,1.33,2.75,2.85,1.43,1.4,2.38,2.5,1.55,1.5,2.03,2.08,1.78,1.73,1.83,1.88,2.03,1.98,1.6,1.65,2.3,2.2,1.4,1.43,2.85,2.75,1.33,1.35,3.3,3.1,1.28,1.3,3.55,3.45,1.18,1.2,4.65,4.4,1.1,1.11,7.0,6.8,,,,,,,,,,,,,,,,,,,,,,,,,,,,,,,,,,,,,,,,,,,,,,,,
austria,bundesliga,2023-09-16,A. Klagenfurt,LASK,1,3,,,,,,,,,,,,,,,,,,,,,,,,,,,,,,,,,,,,,,,,,4.59,4.04,1.23,1.27,3.66,3.18,1.31,1.39,3.23,2.77,1.38,1.5,2.8,2.34,1.49,1.66,2.22,1.93,1.73,1.98,1.91,1.69,1.96,2.28,1.71,1.52,2.25,2.71,1.5,1.33,2.75,3.54,1.4,1.28,3.11,4.01,,,,,,,,,,,,,,,,,,,,,,,,,,,,,,,,,,,,,,,,,,,,,,,,,,,,,,,,,,,,,,,,,,,,,,,,,7.0,6.8,1.1,1.11,7.0,6.25,1.1,1.12,6.8,5.75,1.11,1.14,4.8,3.8,1.18,1.25,3.7,3.1,1.26,1.35,3.45,2.68,1.3,1.45,3.0,2.3,1.38,1.6,2.3,1.9,1.6,1.95,2.03,1.65,1.83,2.2,1.78,1.48,2.03,2.6,1.55,1.3,2.38,3.45,1.43,1.25,2.75,3.8,1.35,1.21,3.1,4.25,1.26,1.14,3.7,5.75,,,,,,,,,,,,,,,,,,,,,,,,,,,,,,,,,,,,
austria,bundesliga,2023-09-16,Sturm Graz,Salzburg,2,2,,,,,,,,,,,,,,,,,,,,,,,,,,,,,,,,,,,,,,,,,3.93,3.63,1.27,1.32,3.13,2.93,1.38,1.44,2.74,2.55,1.48,1.57,2.33,2.15,1.64,1.78,1.93,1.81,1.94,2.12,1.7,1.61,2.22,2.44,1.52,1.45,2.61,2.93,1.35,1.29,3.32,3.87,1.29,1.25,3.73,4.33,,,,,,,,,,,,,,,,,,,,,,,,,,,,,,,,,,,,,,,,,,,,,,,,,,,,,,,,,,,,,,,,,,,,,,,,,5.9,5.75,1.13,1.14,6.6,5.5,1.11,1.15,6.25,4.8,1.12,1.18,4.25,3.45,1.21,1.3,3.45,2.75,1.3,1.43,3.0,2.43,1.38,1.53,2.5,2.08,1.5,1.73,2.08,1.78,1.73,2.1,1.83,1.58,2.03,2.35,1.6,1.43,2.3,2.75,1.43,1.26,2.75,3.7,1.35,1.23,3.1,4.1,1.3,1.19,3.45,4.5,1.2,1.13,4.4,6.0,,,,,,,,,,,,,,,,,,,,,,,,,,,,,,,,,,,,
austria,bundesliga,2023-09-16,BW Linz,Altach,1,1,,,,,,,,,,,,,,,,,,,,,,,,,,,,,,,,,4.09,4.06,1.26,1.27,4.14,3.61,1.25,1.32,3.09,2.78,1.39,1.49,2.57,2.34,1.54,1.66,2.24,2.02,1.69,1.88,1.9,1.68,1.96,2.3,1.65,1.51,2.31,2.74,1.51,1.39,2.65,3.16,1.37,1.28,3.2,4.01,,,,,,,,,,,,,,,,,,,,,,,,,,,,,,,,,,,,,,,,,,,,,,,,,,,,,,,,,,,,,,,,,,,,,,,,,,,,,6.6,5.9,1.11,1.13,5.0,4.4,1.17,1.2,4.4,3.9,1.2,1.24,4.0,3.55,1.23,1.28,3.0,2.68,1.38,1.45,2.43,2.25,1.53,1.63,2.2,2.0,1.65,1.85,1.93,1.65,1.93,2.2,1.65,1.48,2.2,2.6,1.53,1.38,2.43,3.0,1.38,1.26,3.0,3.7,1.23,1.15,4.0,5.5,1.2,1.13,4.4,5.9,1.17,1.12,5.0,6.4,,,,,,,,,,,,,,,,,,,,,,,,,,,,,,,,,,,,,,,,
austria,bundesliga,2023-09-17,Rapid Vienna,Wolfsberger AC,3,3,,,,,,,,,,,,,,,,,,,,,,,,,3.32,3.57,1.35,1.33,2.74,2.9,1.47,1.45,2.45,2.56,1.58,1.56,2.14,2.21,1.75,1.74,1.85,1.88,2.02,2.02,1.67,1.68,2.27,2.29,1.49,1.5,2.72,2.77,1.31,1.3,3.61,3.76,1.25,1.25,4.09,4.29,,,,,,,,,,,,,,,,,,,,,,,,,,,,,,,,,,,,,,,,,,,,,,,,,,,,,,,,,,,,,,,,,,,,,7.0,6.8,1.1,1.11,6.6,5.5,1.11,1.15,6.0,4.8,1.13,1.18,5.75,4.4,1.14,1.2,4.0,3.3,1.23,1.33,3.3,2.68,1.33,1.45,2.85,2.38,1.4,1.55,2.6,2.1,1.48,1.7,2.15,1.85,1.68,2.0,1.93,1.65,1.93,2.2,1.68,1.48,2.15,2.6,1.45,1.28,2.68,3.55,1.38,1.23,3.0,4.0,1.3,1.2,3.45,4.4,1.21,1.13,4.25,5.9,,,,,,,,,,,,,,,,,,,,,,,,,,,,,,,,,,,,,,,,,,,,,,,,,,,,
austria,bundesliga,2023-09-17,Hartberg,Austria Vienna,2,1,,,,,,,,,,,,,,,,,,,,,,,,,,,,,,,,,,,,,4.77,4.72,1.22,1.22,3.83,3.61,1.28,1.32,3.07,2.92,1.39,1.45,2.71,2.56,1.49,1.56,2.33,2.19,1.64,1.75,1.94,1.86,1.93,2.05,1.72,1.66,2.19,2.34,1.54,1.5,2.56,2.77,1.36,1.33,3.23,3.56,1.3,1.28,3.63,3.99,,,,,,,,,,,,,,,,,,,,,,,,,,,,,,,,,,,,,,,,,,,,,,,,,,,,,,,,,,,,,,,,,,,,,7.0,7.0,1.1,1.1,5.75,5.75,1.14,1.14,7.0,5.25,1.1,1.16,6.6,4.65,1.11,1.18,4.4,3.45,1.2,1.3,3.55,2.75,1.28,1.43,3.1,2.43,1.35,1.53,2.68,2.15,1.45,1.68,2.1,1.85,1.7,2.0,1.88,1.65,1.98,2.2,1.65,1.48,2.2,2.6,1.45,1.33,2.68,3.3,1.38,1.26,3.0,3.7,1.3,1.23,3.45,4.1,1.22,1.15,4.15,5.5,,,,,,,,,,,,,,,,,,,,,,,,,,,,,,,,,,,,
austria,bundesliga,2023-09-17,A. Lustenau,Tirol,2,3,,,,,,,,,,,,,,,,,,,,,,,,,,,,,,,,,,,,,3.64,4.11,1.32,1.27,2.81,3.08,1.49,1.41,2.36,2.56,1.65,1.56,2.04,2.23,1.84,1.72,1.74,1.9,2.2,2.01,1.55,1.65,2.59,2.36,1.43,1.51,2.96,2.72,1.31,1.37,3.68,3.3,1.21,1.23,4.81,4.52,,,,,,,,,,,,,,,,,,,,,,,,,,,,,,,,,,,,,,,,,,,,,,,,,,,,,,,,,,,,,,,,,,,,,,,,,6.25,6.4,1.12,1.12,4.65,4.8,1.18,1.18,4.25,4.4,1.21,1.2,3.8,3.9,1.25,1.24,2.85,3.0,1.4,1.38,2.43,2.43,1.53,1.53,2.1,2.15,1.7,1.68,1.83,1.88,2.03,1.98,1.58,1.63,2.35,2.25,1.45,1.48,2.68,2.6,1.33,1.35,3.3,3.1,1.2,1.22,4.4,4.15,1.17,1.19,5.0,4.5,1.15,1.16,5.5,5.25,1.1,1.11,7.0,6.8,,,,,,,,,,,,,,,,,,,,,,,,,,,,,,,,,,,,
austria,bundesliga,2023-09-23,Tirol,Wolfsberger AC,2,3,,,,,,,,,,,,,,,,,,,,,,,,,,,,,,,,,,,,,,,,,3.5,4.08,1.32,1.27,2.85,3.24,1.44,1.38,2.49,2.83,1.57,1.48,2.11,2.4,1.77,1.63,1.79,1.96,2.09,1.94,1.61,1.72,2.4,2.23,1.45,1.54,2.86,2.62,1.29,1.36,3.73,3.34,1.25,1.3,4.16,3.76,,,,,,,,,,,,,,,,,,,,,,,,,,,,,,,,,,,,,,,,,,,,,,,,,,,,,,,,,,,,,,,,,,,,,,,,,5.9,6.25,1.13,1.12,5.5,5.75,1.15,1.14,5.0,5.25,1.17,1.16,3.55,3.55,1.28,1.28,2.85,3.0,1.4,1.38,2.5,2.6,1.5,1.48,2.15,2.3,1.68,1.6,1.83,1.95,2.03,1.9,1.6,1.7,2.3,2.1,1.45,1.53,2.68,2.43,1.3,1.35,3.45,3.1,1.24,1.28,3.9,3.55,1.21,1.24,4.25,3.9,1.14,1.17,5.75,5.0,,,,,,,,,,,,,,,,,,,,,,,,,,,,,,,,,,,,
austria,bundesliga,2023-09-23,Salzburg,BW Linz,0,1,,,,,,,,,2.74,3.55,1.47,1.32,2.35,2.93,1.62,1.43,2.09,2.62,1.77,1.53,1.83,2.3,2.03,1.67,1.63,1.97,2.32,1.92,1.52,1.76,2.61,2.14,1.36,1.56,3.2,2.53,1.21,1.36,4.51,3.29,1.24,1.3,4.26,3.75,,,,,,,,,,,,,,,,,,,,,,,,,,,,,,,,,,,,,,,,,,,,,,,,,,,,,,,,,,,,,,,,,,,,,5.0,6.6,1.17,1.11,3.9,5.25,1.24,1.16,3.55,4.65,1.28,1.18,3.3,4.4,1.33,1.2,2.68,3.45,1.45,1.3,2.3,2.75,1.6,1.43,2.08,2.5,1.73,1.5,1.85,2.25,2.0,1.63,1.65,1.98,2.2,1.88,1.53,1.73,2.43,2.08,1.38,1.55,3.0,2.38,1.24,1.38,3.9,3.0,1.21,1.3,4.25,3.45,1.18,1.26,4.65,3.7,1.12,1.18,6.25,4.65,1.11,1.11,6.6,6.6,1.1,1.1,7.0,7.0,,,,,,,,,,,,,,,,,,,,,,,,,,,,,,,,,,,,,,,,,,,,,,,,,,,,,,,,,,,,
austria,bundesliga,2023-09-23,A. Klagenfurt,A. Lustenau,1,0,,,,,,,,,,,,,,,,,,,,,,,,,3.47,3.55,1.32,1.33,2.83,2.88,1.45,1.46,2.51,2.55,1.56,1.57,2.18,2.2,1.72,1.74,1.87,1.88,2.0,2.02,1.68,1.69,2.26,2.29,1.49,1.49,2.73,2.8,1.29,1.28,3.72,3.92,1.24,1.23,4.24,4.51,,,,,,,,,,,,,,,,,,,,,,,,,,,,,,,,,,,,,,,,,,,,,,,,,,,,,,,,,,,,,,,,,,,,,6.8,7.0,1.11,1.1,6.4,5.75,1.12,1.14,5.9,5.25,1.13,1.16,5.5,4.5,1.15,1.19,3.8,3.45,1.25,1.3,3.1,2.75,1.35,1.43,2.75,2.43,1.43,1.53,2.38,2.15,1.55,1.68,2.05,1.88,1.75,1.98,1.83,1.68,2.03,2.15,1.58,1.48,2.35,2.6,1.35,1.3,3.1,3.45,1.28,1.24,3.55,3.9,1.23,1.2,4.0,4.4,1.15,1.13,5.5,5.9,,,,,,,,,,,,,,,,,,,,,,,,,,,,,,,,,,,,,,,,,,,,,,,,,,,,
austria,bundesliga,2023-09-24,Rapid Vienna,Sturm Graz,1,1,,,,,,,,,,,,,,,,,,,,,,,,,,,,,,,,,,,,,4.65,4.89,1.22,1.21,3.63,3.63,1.3,1.32,2.93,2.93,1.42,1.44,2.56,2.56,1.54,1.56,2.18,2.18,1.72,1.76,1.83,1.84,2.05,2.08,1.63,1.64,2.35,2.38,1.47,1.48,2.79,2.84,1.31,1.31,3.61,3.71,1.26,1.26,4.03,4.16,,,,,,,,,,,,,,,,,,,,,,,,,,,,,,,,,,,,,,,,,,,,,,,,,,,,,,,,,,,,,,,,,,,,,7.0,7.0,1.1,1.1,6.6,5.9,1.11,1.13,6.0,5.5,1.13,1.15,5.75,4.8,1.14,1.18,3.9,3.45,1.24,1.3,3.3,2.85,1.33,1.4,2.75,2.43,1.43,1.53,2.38,2.1,1.55,1.7,2.03,1.83,1.83,2.03,1.75,1.63,2.05,2.25,1.58,1.45,2.35,2.68,1.38,1.3,3.0,3.45,1.33,1.25,3.3,3.8,1.28,1.21,3.55,4.25,1.19,1.14,4.5,5.75,,,,,,,,,,,,,,,,,,,,,,,,,,,,,,,,,,,,
austria,bundesliga,2023-09-24,LASK,Hartberg,0,0,,,,,,,,,,,,,,,,,,,,,,,,,3.02,3.64,1.42,1.32,2.54,2.95,1.57,1.44,2.25,2.63,1.71,1.54,1.94,2.28,1.93,1.69,1.72,1.94,2.23,1.96,1.58,1.74,2.52,2.21,1.41,1.53,3.07,2.65,1.25,1.33,4.3,3.54,1.23,1.27,4.59,4.05,,,,,,,,,,,,,,,,,,,,,,,,,,,,,,,,,,,,,,,,,,,,,,,,,,,,,,,,,,,,,,,,,,,,,5.9,7.0,1.13,1.1,4.5,5.75,1.19,1.14,4.15,5.25,1.22,1.16,3.7,4.5,1.26,1.19,2.85,3.45,1.4,1.3,2.43,2.75,1.53,1.43,2.15,2.5,1.68,1.5,1.93,2.2,1.93,1.65,1.68,1.93,2.15,1.93,1.55,1.7,2.38,2.1,1.38,1.5,3.0,2.5,1.23,1.33,4.0,3.3,1.19,1.26,4.5,3.7,1.17,1.22,5.0,4.15,1.11,1.15,6.8,5.5,,,,,,,,,,,,,,,,,,,,,,,,,,,,,,,,,,,,,,,,,,,,,,,,,,,,
austria,bundesliga,2023-09-24,Altach,Austria Vienna,2,1,,,,,,,,,,,,,,,,,,,,,,,,,,,,,,,,,,,,,,,,,4.35,3.66,1.25,1.32,3.53,2.92,1.32,1.45,3.11,2.53,1.38,1.57,2.7,2.13,1.5,1.78,2.16,1.8,1.74,2.13,1.88,1.61,1.99,2.46,1.67,1.45,2.28,2.95,1.47,1.29,2.81,3.88,1.37,1.25,3.17,4.34,,,,,,,,,,,,,,,,,,,,,,,,,,,,,,,,,,,,,,,,,,,,,,,,,,,,,,,,,,,,,,,,,,,,,,,,,7.0,5.9,1.1,1.13,7.0,5.5,1.1,1.15,7.0,4.8,1.1,1.18,5.5,3.45,1.15,1.3,4.0,2.75,1.23,1.43,3.55,2.38,1.28,1.55,3.1,2.05,1.35,1.75,2.35,1.75,1.58,2.13,2.03,1.55,1.83,2.38,1.75,1.4,2.05,2.85,1.55,1.25,2.38,3.8,1.43,1.21,2.75,4.25,1.35,1.18,3.1,4.65,1.25,1.12,3.8,6.4,,,,,,,,,,,,,,,,,,,,,,,,,,,,,,,,,,,,
austria,bundesliga,2023-09-30,Wolfsberger AC,LASK,2,1,,,,,,,,,,,,,,,,,,,,,,,,,,,,,,,,,,,,,,,,,4.13,3.99,1.25,1.28,3.27,3.15,1.36,1.4,2.88,2.71,1.45,1.51,2.46,2.27,1.58,1.68,2.01,1.88,1.86,2.02,1.76,1.66,2.12,2.34,1.57,1.49,2.47,2.79,1.39,1.31,3.1,3.72,1.32,1.27,3.5,4.19,,,,,,,,,,,,,,,,,,,,,,,,,,,,,,,,,,,,,,,,,,,,,,,,,,,,,,,,,,,,,,,,,,,,,,,,,7.0,6.25,1.1,1.12,6.4,5.75,1.12,1.14,6.0,5.5,1.13,1.15,4.1,3.55,1.23,1.28,3.3,3.0,1.33,1.38,2.85,2.6,1.4,1.48,2.43,2.2,1.53,1.65,2.03,1.85,1.83,2.0,1.73,1.63,2.08,2.25,1.55,1.45,2.38,2.68,1.38,1.3,3.0,3.45,1.3,1.24,3.45,3.9,1.26,1.21,3.7,4.25,1.18,1.14,4.8,5.75,,,,,,,,,,,,,,,,,,,,,,,,,,,,,,,,,,,,
austria,bundesliga,2023-09-30,BW Linz,A. Klagenfurt,0,0,,,,,,,,,,,,,,,,,,,,,,,,,,,,,,,,,,,,,4.73,4.6,1.2,1.23,3.42,3.29,1.33,1.37,2.79,2.68,1.47,1.52,2.42,2.3,1.6,1.68,2.06,1.93,1.83,1.98,1.74,1.65,2.15,2.37,1.57,1.5,2.49,2.76,1.41,1.35,2.98,3.39,1.27,1.22,3.96,4.77,,,,,,,,,,,,,,,,,,,,,,,,,,,,,,,,,,,,,,,,,,,,,,,,,,,,,,,,,,,,,,,,,,,,,,,,,7.0,7.0,1.1,1.1,6.25,5.5,1.12,1.15,5.9,5.0,1.13,1.17,5.5,4.4,1.15,1.2,3.7,3.1,1.26,1.35,3.0,2.6,1.38,1.48,2.6,2.25,1.48,1.63,2.25,1.95,1.63,1.9,1.93,1.65,1.93,2.2,1.68,1.5,2.15,2.5,1.5,1.35,2.5,3.1,1.33,1.21,3.3,4.25,1.28,1.18,3.55,4.65,1.23,1.15,4.0,5.5,1.16,1.1,5.25,7.0,,,,,,,,,,,,,,,,,,,,,,,,,,,,,,,,,,,,
austria,bundesliga,2023-09-30,A. Lustenau,Salzburg,0,4,,,,,,,,,,,,,,,,,,,,,,,,,,,,,,,,,,,,,,,,,,,,,,,,,,,,,,,,,,,,,,,,,,,,,3.29,4.14,1.34,1.26,2.57,3.07,1.53,1.4,2.18,2.54,1.71,1.56,1.96,2.27,1.89,1.68,1.71,2.01,2.18,1.88,1.56,1.77,2.47,2.13,1.46,1.63,2.75,2.39,1.34,1.48,3.3,2.77,1.28,1.33,3.74,3.47,,,,,,,,,,,,,,,,,,,,,,,,,,,,,,,,,,,,,,,,,,,,,,,,,,,,,,,,,,,,,,,,,,,,,,,,,6.4,6.0,1.12,1.13,4.8,4.5,1.18,1.19,4.4,4.25,1.2,1.21,4.0,3.8,1.23,1.25,3.0,3.0,1.38,1.38,2.5,2.43,1.5,1.53,2.25,2.25,1.63,1.63,2.03,2.03,1.83,1.83,1.75,1.75,2.05,2.05,1.6,1.63,2.3,2.25,1.48,1.48,2.6,2.6,1.33,1.35,3.3,3.1,1.28,1.3,3.55,3.45,1.24,1.25,3.9,3.8,1.18,1.18,4.8,4.65,1.11,1.12,6.8,6.4
austria,bundesliga,2023-10-01,Sturm Graz,Tirol,1,0,,,,,,,,,3.72,3.53,1.29,1.32,3.23,2.92,1.36,1.44,2.88,2.62,1.44,1.53,2.54,2.3,1.55,1.67,2.11,1.98,1.77,1.91,1.87,1.78,2.0,2.13,1.65,1.58,2.31,2.5,1.43,1.38,2.93,3.18,1.35,1.31,3.34,3.62,,,,,,,,,,,,,,,,,,,,,,,,,,,,,,,,,,,,,,,,,,,,,,,,,,,,,,,,,,,,,,,,,,,,,6.8,6.25,1.11,1.12,6.0,5.0,1.13,1.17,5.75,4.5,1.14,1.19,5.5,4.15,1.15,1.22,3.8,3.3,1.25,1.33,3.1,2.75,1.35,1.43,2.85,2.43,1.4,1.53,2.5,2.2,1.5,1.65,2.1,1.95,1.7,1.9,1.93,1.73,1.93,2.08,1.68,1.55,2.15,2.38,1.48,1.38,2.6,3.0,1.4,1.3,2.85,3.45,1.33,1.26,3.3,3.7,1.23,1.18,4.1,4.65,1.13,1.1,6.0,7.0,,,,,,,,,,,,,,,,,,,,,,,,,,,,,,,,,,,,,,,,,,,,,,,,,,,,,,,,,,,,,,,,
austria,bundesliga,2023-10-01,Austria Vienna,Rapid Vienna,0,0,,,,,,,,,,,,,,,,,,,,,,,,,,,,,,,,,,,,,,,,,2.9,3.68,1.43,1.31,2.44,2.98,1.59,1.43,2.12,2.61,1.76,1.55,1.81,2.23,2.08,1.72,1.59,1.88,2.43,2.03,1.47,1.67,2.79,2.32,1.33,1.51,3.41,2.74,1.21,1.34,4.7,3.49,1.26,1.29,4.13,3.9,,,,,,,,,,,,,,,,,,,,,,,,,,,,,,,,,,,,,,,,,,,,,,,,,,,,,,,,,,,,,,,,,,,,,,,,,4.65,5.75,1.18,1.14,4.25,5.25,1.21,1.16,3.8,4.65,1.25,1.18,2.85,3.45,1.4,1.3,2.38,2.75,1.55,1.43,2.1,2.43,1.7,1.53,1.83,2.15,2.03,1.68,1.6,1.85,2.3,2.0,1.48,1.65,2.6,2.2,1.33,1.48,3.3,2.6,1.2,1.33,4.4,3.3,1.17,1.26,5.0,3.7,1.15,1.23,5.5,4.0,1.11,1.16,6.8,5.25,,,,,,,,,,,,,,,,,,,,,,,,,,,,,,,,,,,,
austria,bundesliga,2023-10-01,Hartberg,Altach,0,0,,,,,,,,,,,,,,,,,,,,,,,,,,,,,3.26,3.94,1.36,1.28,2.9,3.52,1.43,1.33,2.55,3.1,1.55,1.41,2.11,2.43,1.77,1.62,1.87,2.09,2.01,1.83,1.64,1.79,2.34,2.13,1.41,1.5,3.02,2.77,1.33,1.37,3.46,3.28,1.27,1.3,3.91,3.8,,,,,,,,,,,,,,,,,,,,,,,,,,,,,,,,,,,,,,,,,,,,,,,,,,,,,,,,,,,,,,,,,,,,,,,,,,,,,5.9,7.0,1.13,1.1,4.15,4.8,1.22,1.18,3.3,3.7,1.33,1.26,3.0,3.45,1.38,1.3,2.6,3.0,1.48,1.38,2.15,2.35,1.68,1.58,1.93,2.05,1.93,1.8,1.65,1.75,2.2,2.05,1.4,1.5,2.85,2.5,1.3,1.38,3.45,3.0,1.25,1.3,3.8,3.45,1.17,1.21,5.0,4.25,1.11,1.11,6.6,6.6,1.1,1.1,7.0,7.0,,,,,,,,,,,,,,,,,,,,,,,,,,,,,,,,,,,,,,,,,,,,
austria,bundesliga,2023-10-07,Austria Vienna,BW Linz,4,0,,,,,,,,,,,,,,,,,,,,,,,,,,,,,3.02,3.43,1.4,1.36,2.7,3.06,1.5,1.43,2.36,2.7,1.63,1.53,2.0,2.21,1.88,1.75,1.77,1.93,2.11,1.98,1.57,1.68,2.49,2.3,1.36,1.45,3.24,2.88,1.29,1.35,3.71,3.32,1.28,1.29,3.96,3.76,,,,,,,,,,,,,,,,,,,,,,,,,,,,,,,,,,,,,,,,,,,,,,,,,,,,,,,,,,,,,,,,,,,,,6.4,6.6,1.12,1.11,5.9,6.25,1.13,1.12,5.5,5.75,1.15,1.14,3.8,4.0,1.25,1.23,3.1,3.3,1.35,1.33,2.75,2.85,1.43,1.4,2.43,2.5,1.53,1.5,2.05,2.1,1.75,1.7,1.83,1.9,2.03,1.95,1.58,1.65,2.35,2.2,1.35,1.43,3.1,2.75,1.28,1.33,3.55,3.3,1.23,1.28,4.0,3.55,1.16,1.18,5.25,4.65,1.1,1.1,7.0,7.0,,,,,,,,,,,,,,,,,,,,,,,,,,,,,,,,,,,,,,,,,,,,,,,,
austria,bundesliga,2023-10-07,A. Lustenau,Rapid Vienna,0,5,,,,,,,,,,,,,,,,,,,,,,,,,,,,,,,,,,,,,,,,,,,,,,,,,,,,,,,,,3.04,3.91,1.4,1.29,2.49,3.07,1.57,1.41,2.2,2.74,1.71,1.51,1.91,2.39,1.96,1.64,1.68,2.02,2.25,1.89,1.55,1.79,2.55,2.13,1.4,1.6,3.04,2.47,1.26,1.41,4.01,3.07,1.28,1.34,3.96,3.47,,,,,,,,,,,,,,,,,,,,,,,,,,,,,,,,,,,,,,,,,,,,,,,,,,,,,,,,,,,,,,,,,,,,,,,,,5.5,6.4,1.15,1.12,5.0,5.9,1.17,1.13,4.25,5.5,1.21,1.15,3.0,3.55,1.38,1.28,2.38,2.85,1.55,1.4,2.15,2.6,1.68,1.48,1.9,2.3,1.95,1.6,1.65,2.0,2.2,1.85,1.53,1.75,2.43,2.05,1.38,1.58,3.0,2.35,1.25,1.4,3.8,2.85,1.21,1.35,4.25,3.1,1.18,1.3,4.65,3.45,1.13,1.21,6.0,4.25,1.1,1.13,7.0,6.0,1.1,1.12,7.0,6.4,,,,,,,,,,,,
austria,bundesliga,2023-10-07,Hartberg,Tirol,3,0,,,,,,,,,,,,,,,,,,,,,4.15,4.14,1.25,1.26,3.13,3.11,1.38,1.4,2.62,2.59,1.52,1.56,2.32,2.29,1.65,1.69,2.02,2.0,1.85,1.91,1.76,1.75,2.13,2.19,1.6,1.6,2.41,2.48,1.43,1.42,2.92,3.04,1.26,1.25,4.01,4.28,,,,,,,,,,,,,,,,,,,,,,,,,,,,,,,,,,,,,,,,,,,,,,,,,,,,,,,,,,,,,,,,,,,,,,,,,7.0,5.9,1.1,1.13,5.75,4.5,1.14,1.19,5.25,4.15,1.16,1.22,4.65,3.7,1.18,1.26,3.45,2.85,1.3,1.4,2.85,2.43,1.4,1.53,2.5,2.2,1.5,1.65,2.25,1.95,1.63,1.9,1.95,1.68,1.85,2.15,1.75,1.55,2.13,2.38,1.53,1.4,2.43,2.85,1.3,1.23,3.45,4.0,1.25,1.2,3.8,4.4,1.2,1.17,4.4,5.0,1.13,1.11,5.9,6.6,,,,,,,,,,,,,,,,,,,,,,,,,,,,,,,,,,,,,,,,,,,,,,,,,,,,
austria,bundesliga,2023-10-08,Wolfsberger AC,Sturm Graz,1,2,,,,,,,,,,,,,,,,,,,,,,,,,,,,,,,,,,,,,,,,,,,,,4.29,4.22,1.25,1.26,3.78,3.71,1.28,1.31,3.3,3.21,1.35,1.39,2.51,2.41,1.56,1.63,2.11,2.04,1.77,1.87,1.88,1.8,1.99,2.11,1.63,1.56,2.35,2.56,1.5,1.45,2.7,2.92,1.4,1.37,3.02,3.29,,,,,,,,,,,,,,,,,,,,,,,,,,,,,,,,,,,,,,,,,,,,,,,,,,,,,,,,,,,,,,,,,,,,,,,,,,,,,,,,,6.6,5.25,1.11,1.16,4.8,3.9,1.18,1.24,4.25,3.55,1.21,1.28,3.8,3.0,1.25,1.38,2.68,2.3,1.45,1.6,2.25,2.0,1.63,1.85,2.03,1.73,1.83,2.08,1.73,1.53,2.08,2.43,1.58,1.4,2.35,2.85,1.48,1.35,2.6,3.1,1.35,1.24,3.1,3.9,1.22,1.14,4.15,5.75,1.19,1.13,4.5,6.0,1.16,1.11,5.25,6.6,,,,,,,,,,,,,,,,,,,,,,,,
austria,bundesliga,2023-10-08,LASK,Altach,1,0,,,,,,,,,,,,,,,,,,,,,,,,,,,,,2.28,3.35,1.67,1.36,2.01,2.95,1.86,1.44,1.73,2.56,2.17,1.56,1.56,2.09,2.51,1.81,1.45,1.84,2.83,2.08,1.31,1.6,3.6,2.49,1.19,1.36,5.13,3.43,1.22,1.28,4.69,3.99,1.24,1.23,4.47,4.56,,,,,,,,,,,,,,,,,,,,,,,,,,,,,,,,,,,,,,,,,,,,,,,,,,,,,,,,,,,,,,,,,,,,,4.25,7.0,1.21,1.1,3.8,6.4,1.25,1.12,3.45,5.9,1.3,1.13,2.75,4.0,1.43,1.23,2.35,3.3,1.58,1.33,2.08,2.85,1.73,1.4,1.83,2.43,2.03,1.53,1.6,2.05,2.3,1.75,1.5,1.83,2.5,2.03,1.35,1.58,3.1,2.35,1.19,1.33,4.5,3.3,1.16,1.25,5.25,3.8,1.13,1.21,5.9,4.25,1.1,1.13,7.0,5.9,,,,,,,,,,,,,,,,,,,,,,,,,,,,,,,,,,,,,,,,,,,,,,,,,,,,
austria,bundesliga,2023-10-08,A. Klagenfurt,Salzburg,2,2,,,,,,,,,,,,,,,,,,,,,,,,,,,,,,,,,,,,,,,,,,,,,,,,,,,,,,,,,3.94,3.77,1.28,1.3,3.29,2.96,1.35,1.44,2.93,2.63,1.42,1.54,2.58,2.28,1.53,1.69,2.13,1.94,1.75,1.96,1.88,1.73,1.98,2.22,1.68,1.55,2.25,2.59,1.49,1.37,2.72,3.27,1.4,1.31,3.05,3.68,,,,,,,,,,,,,,,,,,,,,,,,,,,,,,,,,,,,,,,,,,,,,,,,,,,,,,,,,,,,,,,,,,,,,,,,,6.8,5.9,1.11,1.13,6.8,5.5,1.11,1.15,6.0,4.8,1.13,1.18,4.5,3.45,1.19,1.3,3.45,2.75,1.3,1.43,3.1,2.43,1.35,1.53,2.75,2.2,1.43,1.65,2.3,1.93,1.6,1.93,2.03,1.7,1.83,2.1,1.78,1.53,2.03,2.43,1.58,1.38,2.35,3.0,1.45,1.3,2.68,3.45,1.38,1.26,3.0,3.7,1.28,1.19,3.55,4.5,1.18,1.11,4.65,6.6,1.16,1.1,5.25,7.0,,,,,,,,,,,,
austria,bundesliga,2023-10-21,Sturm Graz,Hartberg,2,1,,,,,,,,,,,,,,,,,,,,,,,,,3.12,3.78,1.38,1.3,2.6,3.03,1.53,1.42,2.31,2.69,1.65,1.52,2.02,2.32,1.86,1.67,1.76,1.95,2.13,1.95,1.61,1.74,2.41,2.21,1.43,1.53,2.9,2.67,1.27,1.32,3.95,3.65,1.23,1.26,4.5,4.2,,,,,,,,,,,,,,,,,,,,,,,,,,,,,,,,,,,,,,,,,,,,,,,,,,,,,,,,,,,,,,,,,,,,,,,,,4.4,5.9,1.2,1.13,4.1,5.5,1.23,1.15,3.7,5.0,1.26,1.17,2.85,3.55,1.4,1.28,2.43,2.85,1.53,1.4,2.2,2.5,1.65,1.5,1.95,2.25,1.9,1.63,1.7,1.93,2.1,1.93,1.55,1.7,2.38,2.1,1.4,1.5,2.85,2.5,1.23,1.33,4.1,3.3,1.19,1.26,4.5,3.7,1.16,1.22,5.25,4.15,1.11,1.14,6.8,5.75,,,,,,,,,,,,,,,,,,,,,,,,,,,,,,,,,,,,,,,,,,,,,,,,,,,,
austria,bundesliga,2023-10-21,Salzburg,LASK,0,1,,,,,,,,,,,,,,,,,,,,,3.48,4.12,1.32,1.27,2.73,3.1,1.49,1.41,2.32,2.59,1.65,1.56,2.06,2.29,1.83,1.69,1.78,1.99,2.1,1.91,1.6,1.75,2.41,2.19,1.48,1.6,2.71,2.48,1.34,1.42,3.37,3.03,1.21,1.25,4.71,4.24,,,,,,,,,,,,,,,,,,,,,,,,,,,,,,,,,,,,,,,,,,,,,,,,,,,,,,,,,,,,,,,,,,,,,,,,,5.5,5.9,1.15,1.13,4.25,4.5,1.21,1.19,3.9,4.1,1.24,1.23,3.55,3.7,1.28,1.26,2.75,2.85,1.43,1.4,2.35,2.43,1.58,1.53,2.08,2.15,1.73,1.68,1.85,1.93,2.0,1.93,1.63,1.68,2.25,2.15,1.5,1.53,2.5,2.43,1.35,1.38,3.1,3.0,1.19,1.2,4.5,4.4,1.16,1.17,5.25,5.0,1.14,1.14,5.75,5.75,,,,,,,,,,,,,,,,,,,,,,,,,,,,,,,,,,,,,,,,,,,,,,,,,,,,,,,,
austria,bundesliga,2023-10-21,BW Linz,A. Lustenau,0,0,,,,,,,,,,,,,,,,,,,,,,,,,4.01,3.47,1.27,1.34,3.21,2.83,1.37,1.47,2.85,2.51,1.44,1.58,2.5,2.17,1.57,1.76,2.07,1.87,1.8,2.05,1.83,1.68,2.04,2.31,1.6,1.49,2.41,2.81,1.38,1.29,3.17,3.85,1.3,1.24,3.64,4.4,,,,,,,,,,,,,,,,,,,,,,,,,,,,,,,,,,,,,,,,,,,,,,,,,,,,,,,,,,,,,,,,,,,,,7.0,6.8,1.1,1.11,6.8,5.25,1.11,1.16,6.8,4.65,1.11,1.18,6.4,4.25,1.12,1.21,4.25,3.3,1.21,1.33,3.45,2.68,1.3,1.45,3.1,2.38,1.35,1.55,2.68,2.08,1.45,1.73,2.2,1.83,1.65,2.03,1.95,1.63,1.85,2.25,1.7,1.45,2.2,2.68,1.45,1.28,2.68,3.55,1.35,1.22,3.1,4.15,1.28,1.18,3.55,4.65,1.19,1.12,4.5,6.25,,,,,,,,,,,,,,,,,,,,,,,,,,,,,,,,,,,,,,,,,,,,,,,,,,,,
austria,bundesliga,2023-10-22,Altach,Wolfsberger AC,0,0,,,,,,,,,,,,,,,,,,,,,,,,,,,,,,,,,,,,,4.13,4.5,1.25,1.23,3.03,3.23,1.4,1.38,2.5,2.64,1.56,1.54,2.15,2.26,1.75,1.7,1.8,1.88,2.09,2.03,1.56,1.61,2.5,2.44,1.44,1.47,2.91,2.85,1.3,1.33,3.62,3.54,1.18,1.2,5.2,5.07,,,,,,,,,,,,,,,,,,,,,,,,,,,,,,,,,,,,,,,,,,,,,,,,,,,,,,,,,,,,,,,,,,,,,,,,,6.8,6.6,1.11,1.11,5.25,5.0,1.16,1.17,4.5,4.4,1.19,1.2,4.1,3.9,1.23,1.24,3.0,2.85,1.38,1.4,2.43,2.38,1.53,1.55,2.15,2.1,1.68,1.7,1.88,1.85,1.98,2.0,1.63,1.63,2.25,2.25,1.48,1.5,2.6,2.5,1.35,1.35,3.1,3.1,1.2,1.2,4.4,4.4,1.18,1.17,4.8,5.0,1.15,1.15,5.5,5.5,,,,,,,,,,,,,,,,,,,,,,,,,,,,,,,,,,,,,,,,
austria,bundesliga,2023-10-22,Tirol,Austria Vienna,0,2,,,,,,,,,,,,,,,,,,,,,,,,,,,,,,,,,,,,,,,,,,,,,3.97,4.09,1.27,1.27,3.49,3.71,1.32,1.31,3.01,3.23,1.41,1.38,2.3,2.47,1.65,1.6,1.97,2.09,1.9,1.81,1.73,1.86,2.17,2.06,1.51,1.61,2.67,2.45,1.4,1.49,3.05,2.81,1.33,1.4,3.44,3.15,1.28,1.29,4.0,3.92,,,,,,,,,,,,,,,,,,,,,,,,,,,,,,,,,,,,,,,,,,,,,,,,,,,,,,,,,,,,,,,,,,,,,,,,,7.0,7.0,1.1,1.1,5.25,4.65,1.16,1.18,3.9,3.55,1.24,1.28,3.45,3.3,1.3,1.33,3.0,2.85,1.38,1.4,2.35,2.35,1.58,1.58,2.05,2.03,1.8,1.78,1.78,1.83,2.03,2.03,1.55,1.58,2.38,2.35,1.43,1.45,2.75,2.68,1.35,1.38,3.1,3.0,1.25,1.28,3.8,3.55,1.15,1.17,5.5,5.0,1.13,1.15,5.9,5.5,1.12,1.13,6.4,5.9,,,,,,,,,,,,,,,,,,,,,,,,
austria,bundesliga,2023-10-22,Rapid Vienna,A. Klagenfurt,2,3,,,,,,,,,,,,,,,,,,,,,4.33,3.63,1.25,1.32,3.36,2.82,1.34,1.47,2.75,2.39,1.47,1.64,2.45,2.11,1.58,1.8,2.13,1.85,1.76,2.07,1.84,1.65,2.04,2.37,1.66,1.52,2.3,2.68,1.47,1.36,2.79,3.35,1.28,1.2,3.8,4.95,,,,,,,,,,,,,,,,,,,,,,,,,,,,,,,,,,,,,,,,,,,,,,,,,,,,,,,,,,,,,,,,,,,,,,,,,7.0,5.0,1.1,1.17,5.75,3.9,1.14,1.24,5.5,3.55,1.15,1.28,4.8,3.3,1.18,1.33,3.45,2.6,1.3,1.48,2.85,2.25,1.4,1.63,2.5,2.03,1.5,1.78,2.25,1.78,1.63,2.1,1.95,1.58,1.9,2.35,1.7,1.48,2.1,2.6,1.5,1.33,2.5,3.3,1.3,1.17,3.45,5.0,1.24,1.14,3.9,5.75,1.2,1.13,4.4,6.0,,,,,,,,,,,,,,,,,,,,,,,,,,,,,,,,,,,,,,,,,,,,,,,,,,,,,,,,
austria,bundesliga,2023-10-28,Salzburg,Altach,3,0,,,,,,,,,,,,,2.56,3.11,1.53,1.4,2.25,2.78,1.67,1.48,1.96,2.46,1.89,1.61,1.71,2.07,2.18,1.83,1.56,1.85,2.48,2.06,1.39,1.62,3.06,2.43,1.22,1.4,4.39,3.19,1.22,1.31,4.48,3.67,1.25,1.26,4.18,4.17,,,,,,,,,,,,,,,,,,,,,,,,,,,,,,,,,,,,,,,,,,,,,,,,,,,,,,,,,,,,,,,,,,,,,4.25,5.75,1.21,1.14,3.9,5.5,1.24,1.15,3.55,4.8,1.28,1.18,2.75,3.55,1.43,1.28,2.38,3.0,1.55,1.38,2.15,2.68,1.68,1.45,1.93,2.38,1.93,1.55,1.68,2.03,2.15,1.78,1.55,1.83,2.38,2.03,1.4,1.6,2.85,2.3,1.23,1.43,4.0,2.75,1.2,1.35,4.4,3.1,1.17,1.3,5.0,3.45,1.11,1.2,6.6,4.4,1.11,1.11,6.8,6.6,1.1,1.1,7.0,7.0,,,,,,,,,,,,,,,,,,,,,,,,,,,,,,,,,,,,,,,,,,,,,,,,,,,,,,,,,,,,
austria,bundesliga,2023-10-28,BW Linz,Wolfsberger AC,2,0,,,,,,,,,,,,,,,,,,,,,,,,,,,,,,,,,,,,,4.24,4.66,1.25,1.22,3.15,3.35,1.4,1.36,2.61,2.74,1.55,1.51,2.26,2.36,1.7,1.65,1.9,1.98,1.96,1.93,1.66,1.68,2.34,2.29,1.52,1.53,2.7,2.67,1.37,1.38,3.27,3.24,1.24,1.24,4.45,4.44,,,,,,,,,,,,,,,,,,,,,,,,,,,,,,,,,,,,,,,,,,,,,,,,,,,,,,,,,,,,,,,,,,,,,,,,,6.8,7.0,1.11,1.1,5.25,5.5,1.16,1.15,4.65,4.8,1.18,1.18,4.25,4.4,1.21,1.2,3.3,3.1,1.33,1.35,2.6,2.6,1.48,1.48,2.3,2.25,1.6,1.63,2.03,1.98,1.83,1.88,1.7,1.68,2.1,2.15,1.55,1.53,2.38,2.43,1.4,1.38,2.85,3.0,1.26,1.22,3.7,4.15,1.22,1.19,4.15,4.5,1.19,1.16,4.5,5.25,1.13,1.11,6.0,6.8,,,,,,,,,,,,,,,,,,,,,,,,,,,,,,,,,,,,
austria,bundesliga,2023-10-28,A. Klagenfurt,Tirol,1,0,,,,,,,,,,,,,,,,,,,,,,,,,3.2,3.87,1.37,1.29,2.65,3.1,1.51,1.4,2.34,2.76,1.63,1.5,2.04,2.4,1.84,1.63,1.77,2.02,2.11,1.89,1.61,1.79,2.39,2.13,1.43,1.56,2.91,2.56,1.26,1.34,4.07,3.48,1.22,1.27,4.54,4.03,,,,,,,,,,,,,,,,,,,,,,,,,,,,,,,,,,,,,,,,,,,,,,,,,,,,,,,,,,,,,,,,,,,,,,,,,5.25,5.9,1.16,1.13,4.65,5.5,1.18,1.15,4.25,5.0,1.21,1.17,3.3,3.55,1.33,1.28,2.68,2.85,1.45,1.4,2.35,2.6,1.58,1.48,2.08,2.3,1.73,1.6,1.83,1.98,2.03,1.88,1.63,1.73,2.25,2.08,1.45,1.53,2.68,2.43,1.28,1.3,3.55,3.45,1.23,1.24,4.1,3.9,1.19,1.2,4.5,4.4,1.13,1.13,6.0,5.9,,,,,,,,,,,,,,,,,,,,,,,,,,,,,,,,,,,,,,,,,,,,,,,,,,,,
austria,bundesliga,2023-10-29,Sturm Graz,Austria Vienna,0,1,,,,,,,,,,,,,,,,,,,,,,,,,2.94,3.67,1.42,1.31,2.47,2.97,1.58,1.43,2.18,2.65,1.72,1.53,1.89,2.3,1.98,1.68,1.67,1.96,2.27,1.94,1.54,1.75,2.57,2.18,1.37,1.54,3.17,2.62,1.22,1.33,4.52,3.52,1.26,1.27,4.04,4.04,,,,,,,,,,,,,,,,,,,,,,,,,,,,,,,,,,,,,,,,,,,,,,,,,,,,,,,,,,,,,,,,,,,,,,,,,4.25,5.75,1.21,1.14,3.8,5.25,1.25,1.16,3.45,4.8,1.3,1.18,2.75,3.45,1.43,1.3,2.35,2.85,1.58,1.4,2.08,2.5,1.73,1.5,1.83,2.25,2.03,1.63,1.6,1.95,2.3,1.9,1.5,1.7,2.5,2.1,1.35,1.5,3.1,2.5,1.19,1.3,4.5,3.45,1.16,1.24,5.25,3.9,1.13,1.2,5.9,4.4,1.11,1.13,6.8,5.9,,,,,,,,,,,,,,,,,,,,,,,,,,,,,,,,,,,,,,,,,,,,,,,,,,,,
austria,bundesliga,2023-10-29,Rapid Vienna,LASK,3,3,,,,,,,,,,,,,,,,,,,,,,,,,,,,,3.81,3.83,1.3,1.29,3.78,3.55,1.29,1.33,3.35,3.13,1.34,1.4,2.61,2.48,1.52,1.6,2.22,2.13,1.7,1.79,1.93,1.85,1.93,2.06,1.63,1.57,2.36,2.55,1.47,1.44,2.78,3.0,1.37,1.35,3.18,3.42,1.26,1.24,4.02,4.38,,,,,,,,,,,,,,,,,,,,,,,,,,,,,,,,,,,,,,,,,,,,,,,,,,,,,,,,,,,,,,,,,,,,,,,,,7.0,7.0,1.1,1.1,6.0,4.65,1.13,1.18,4.5,3.7,1.19,1.26,4.15,3.45,1.22,1.3,3.7,3.0,1.26,1.38,2.85,2.35,1.4,1.58,2.38,2.05,1.55,1.75,2.08,1.83,1.73,2.03,1.83,1.55,2.03,2.38,1.6,1.43,2.3,2.75,1.48,1.35,2.6,3.1,1.35,1.24,3.1,3.9,1.2,1.14,4.4,5.75,1.18,1.12,4.8,6.25,1.15,1.11,5.5,6.8,,,,,,,,,,,,,,,,,,,,,,,,,,,,,,,,,,,,,,,,
austria,bundesliga,2023-10-29,A. Lustenau,Hartberg,0,4,,,,,,,,,,,,,,,,,,,,,,,,,,,,,,,,,,,,,,,,,,,,,,,,,3.34,4.03,1.34,1.27,2.91,3.5,1.44,1.34,2.28,2.61,1.67,1.55,1.97,2.17,1.9,1.76,1.74,1.93,2.15,1.98,1.53,1.67,2.61,2.33,1.42,1.52,2.95,2.68,1.35,1.42,3.31,3.01,1.28,1.31,3.87,3.73,,,,,,,,,,,,,,,,,,,,,,,,,,,,,,,,,,,,,,,,,,,,,,,,,,,,,,,,,,,,,,,,,,,,,,,,,,,,,5.0,5.5,1.17,1.15,3.8,4.1,1.25,1.23,3.45,3.55,1.3,1.28,3.0,3.3,1.38,1.33,2.35,2.43,1.58,1.53,2.03,2.1,1.83,1.7,1.78,1.9,2.03,1.95,1.55,1.63,2.38,2.25,1.43,1.5,2.75,2.5,1.35,1.4,3.1,2.85,1.26,1.3,3.7,3.45,1.15,1.18,5.5,4.8,1.14,1.15,5.75,5.5,1.12,1.14,6.25,5.75,,,,,,,,,,,,,,,,,,,,,,,,
austria,bundesliga,2023-11-04,Wolfsberger AC,A. Klagenfurt,4,0,,,,,,,,,,,,,,,,,,,,,,,,,,,,,3.82,3.87,1.3,1.29,3.8,3.45,1.3,1.34,3.37,3.05,1.36,1.43,2.63,2.42,1.54,1.63,2.24,2.09,1.72,1.83,1.93,1.81,1.93,2.1,1.65,1.53,2.37,2.65,1.49,1.41,2.78,3.1,1.39,1.33,3.18,3.55,1.28,1.23,4.01,4.51,,,,,,,,,,,,,,,,,,,,,,,,,,,,,,,,,,,,,,,,,,,,,,,,,,,,,,,,,,,,,,,,,,,,,,,,,7.0,7.0,1.1,1.1,6.6,4.65,1.11,1.18,5.0,3.7,1.17,1.26,4.5,3.3,1.19,1.33,4.1,3.0,1.23,1.38,3.0,2.35,1.38,1.58,2.5,2.03,1.5,1.78,2.2,1.78,1.65,2.1,1.93,1.5,1.93,2.5,1.65,1.38,2.2,3.0,1.5,1.3,2.5,3.45,1.38,1.21,3.0,4.25,1.23,1.11,4.1,6.6,1.19,1.1,4.5,7.0,1.17,1.1,5.0,7.0,,,,,,,,,,,,,,,,,,,,,,,,,,,,,,,,,,,,,,,,
austria,bundesliga,2023-11-04,Tirol,Salzburg,0,2,,,,,,,,,,,,,,,,,,,,,,,,,,,,,,,,,,,,,,,,,,,,,,,,,,,,,,,,,,,,,,,,,3.04,3.85,1.42,1.29,2.67,3.38,1.53,1.35,2.18,2.59,1.75,1.54,1.9,2.18,1.97,1.74,1.7,1.94,2.26,1.94,1.51,1.69,2.74,2.26,1.41,1.55,3.09,2.58,1.35,1.45,3.44,2.88,1.3,1.33,3.73,3.48,,,,,,,,,,,,,,,,,,,,,,,,,,,,,,,,,,,,,,,,,,,,,,,,,,,,,,,,,,,,,,,,,,,,,,,,,,,,,4.65,4.8,1.18,1.18,3.55,3.7,1.28,1.26,3.1,3.45,1.35,1.3,2.75,3.0,1.43,1.38,2.3,2.38,1.6,1.55,2.03,2.1,1.83,1.7,1.78,1.93,2.03,1.93,1.58,1.68,2.35,2.15,1.45,1.53,2.68,2.43,1.38,1.45,3.0,2.68,1.28,1.33,3.55,3.3,1.18,1.22,4.8,4.15,1.16,1.19,5.25,4.5,1.14,1.17,5.75,5.0,1.11,1.12,6.8,6.25,,,,
austria,bundesliga,2023-11-04,Austria Vienna,A. Lustenau,1,0,,,,,,,,,3.81,3.8,1.3,1.29,3.66,3.09,1.3,1.4,3.29,2.77,1.35,1.49,2.93,2.43,1.43,1.61,2.37,2.06,1.62,1.84,2.06,1.83,1.82,2.06,1.81,1.61,2.06,2.41,1.56,1.4,2.51,3.09,1.44,1.32,2.88,3.53,1.36,1.29,3.26,3.9,,,,,,,,,,,,,,,,,,,,,,,,,,,,,,,,,,,,,,,,,,,,,,,,,,,,,,,,,,,,,,,,,7.0,7.0,1.1,1.1,6.6,5.5,1.11,1.15,7.0,5.0,1.1,1.17,6.4,4.5,1.12,1.19,5.75,3.45,1.14,1.3,4.25,2.85,1.21,1.4,3.9,2.6,1.24,1.48,3.55,2.3,1.28,1.6,2.75,2.03,1.43,1.83,2.35,1.78,1.58,2.03,2.08,1.58,1.73,2.35,1.83,1.4,2.03,2.85,1.6,1.33,2.3,3.3,1.5,1.26,2.5,3.7,1.33,1.18,3.3,4.8,,,,,,,,,,,,,,,,,,,,,,,,,,,,,,,,,,,,,,,,,,,,,,,,,,,,,,,,,,,,,,,,,,,,
austria,bundesliga,2023-11-05,Altach,Rapid Vienna,0,2,,,,,,,,,,,,,,,,,,,,,,,,,,,,,,,,,,,,,,,,,,,,,3.45,4.33,1.34,1.25,3.02,3.85,1.42,1.29,2.6,3.32,1.55,1.37,2.09,2.46,1.81,1.61,1.82,2.07,2.07,1.85,1.63,1.82,2.41,2.09,1.43,1.58,3.02,2.53,1.35,1.45,3.4,2.9,1.3,1.37,3.8,3.27,1.28,1.27,4.01,4.05,,,,,,,,,,,,,,,,,,,,,,,,,,,,,,,,,,,,,,,,,,,,,,,,,,,,,,,,,,,,,,,,,,,,,,,,,,,,,5.0,5.5,1.17,1.15,3.8,4.0,1.25,1.23,3.45,3.55,1.3,1.28,2.85,3.1,1.4,1.35,2.2,2.35,1.65,1.58,1.93,2.05,1.93,1.8,1.68,1.78,2.15,2.03,1.48,1.55,2.6,2.38,1.38,1.45,3.0,2.68,1.33,1.35,3.3,3.1,1.22,1.26,4.15,3.7,1.13,1.15,5.9,5.5,1.12,1.13,6.4,5.9,1.11,1.12,6.8,6.25,,,,,,,,,,,,,,,,,,,,,,,,
austria,bundesliga,2023-11-05,LASK,Sturm Graz,3,1,,,,,,,,,,,,,,,,,,,,,,,,,,,,,,,,,,,,,4.53,5.09,1.23,1.2,3.3,3.54,1.37,1.33,2.72,2.85,1.51,1.47,2.35,2.44,1.65,1.61,1.97,2.03,1.9,1.88,1.7,1.7,2.26,2.26,1.55,1.53,2.61,2.65,1.4,1.38,3.16,3.24,1.25,1.23,4.27,4.53,,,,,,,,,,,,,,,,,,,,,,,,,,,,,,,,,,,,,,,,,,,,,,,,,,,,,,,,,,,,,,,,,,,,,,,,,,,,,5.5,5.75,1.15,1.14,5.0,5.25,1.17,1.16,4.4,4.65,1.2,1.18,3.3,3.3,1.33,1.33,2.6,2.68,1.48,1.45,2.3,2.35,1.6,1.58,2.03,2.03,1.83,1.83,1.7,1.7,2.1,2.1,1.55,1.53,2.38,2.43,1.4,1.38,2.85,3.0,1.25,1.23,3.8,4.0,1.21,1.19,4.25,4.5,1.18,1.17,4.65,5.0,1.12,1.11,6.4,6.8,,,,,,,,,,,,,,,,,,,,,,,,,,,,,,,,,,,,
austria,bundesliga,2023-11-05,Hartberg,BW Linz,3,2,,,,,,,,,,,,,,,,,,,,,,,,,4.02,4.09,1.27,1.28,3.45,3.24,1.33,1.39,3.07,2.87,1.4,1.47,2.69,2.48,1.5,1.6,2.19,2.06,1.72,1.85,1.92,1.78,1.95,2.1,1.66,1.57,2.29,2.54,1.42,1.33,3.0,3.52,1.32,1.26,3.49,4.11,1.26,1.24,3.98,4.37,,,,,,,,,,,,,,,,,,,,,,,,,,,,,,,,,,,,,,,,,,,,,,,,,,,,,,,,,,,,,,,,,,,,,6.6,6.25,1.11,1.12,6.25,5.9,1.12,1.13,5.9,5.5,1.13,1.15,4.0,3.7,1.23,1.26,3.3,3.0,1.33,1.38,2.85,2.68,1.4,1.45,2.5,2.35,1.5,1.58,2.1,2.0,1.7,1.85,1.9,1.73,1.95,2.08,1.63,1.53,2.25,2.43,1.38,1.3,3.0,3.45,1.3,1.23,3.45,4.0,1.24,1.19,3.9,4.5,1.16,1.13,5.25,6.0,,,,,,,,,,,,,,,,,,,,,,,,,,,,,,,,,,,,,,,,,,,,,,,,,,,,
austria,bundesliga,2023-11-11,Tirol,Altach,5,1,,,,,,,,,,,,,,,,,,,,,,,,,,,,,,,,,,,,,,,,,3.55,4.7,1.31,1.22,2.87,3.62,1.44,1.32,2.51,3.15,1.56,1.4,2.13,2.64,1.76,1.54,1.8,2.07,2.09,1.85,1.61,1.78,2.39,2.14,1.45,1.58,2.86,2.52,1.29,1.38,3.75,3.25,1.25,1.31,4.19,3.7,,,,,,,,,,,,,,,,,,,,,,,,,,,,,,,,,,,,,,,,,,,,,,,,,,,,,,,,,,,,,,,,,,,,,,,,,,,,,5.0,7.0,1.17,1.1,4.4,6.6,1.2,1.11,3.3,4.25,1.33,1.21,2.68,3.3,1.45,1.33,2.35,2.85,1.58,1.4,2.03,2.5,1.83,1.5,1.7,2.05,2.1,1.8,1.53,1.75,2.43,2.05,1.4,1.55,2.85,2.38,1.24,1.38,3.9,3.0,1.21,1.3,4.25,3.45,1.18,1.25,4.65,3.8,1.12,1.17,6.4,5.0,,,,,,,,,,,,,,,,,,,,,,,,,,,,,,,,,,,,
austria,bundesliga,2023-11-11,Hartberg,Rapid Vienna,1,0,,,,,,,,,,,,,,,,,,,,,,,,,,,,,,,,,,,,,,,,,,,,,3.22,3.58,1.36,1.34,2.85,3.14,1.45,1.42,2.45,2.61,1.58,1.55,2.02,2.1,1.85,1.81,1.77,1.86,2.11,2.05,1.59,1.66,2.45,2.35,1.4,1.44,3.04,2.92,1.33,1.37,3.42,3.29,1.3,1.3,3.73,3.67,,,,,,,,,,,,,,,,,,,,,,,,,,,,,,,,,,,,,,,,,,,,,,,,,,,,,,,,,,,,,,,,,,,,,6.25,7.0,1.12,1.1,5.75,6.4,1.14,1.12,5.5,6.0,1.15,1.13,3.7,4.15,1.26,1.22,3.0,3.3,1.38,1.33,2.68,2.85,1.45,1.4,2.3,2.5,1.6,1.5,1.93,2.05,1.93,1.75,1.68,1.85,2.15,2.0,1.5,1.6,2.5,2.3,1.33,1.43,3.3,2.75,1.28,1.35,3.55,3.1,1.24,1.3,3.9,3.45,1.16,1.2,5.25,4.4,1.11,1.12,6.6,6.4,1.1,1.11,7.0,6.8,,,,,,,,,,,,,,,,,,,,,,,,,,,,
austria,bundesliga,2023-11-11,A. Lustenau,Wolfsberger AC,2,3,,,,,,,,,,,,,,,,,,,,,,,,,,,,,,,,,,,,,,,,,,,,,,,,,3.75,4.2,1.29,1.26,3.28,3.65,1.35,1.32,2.51,2.67,1.56,1.53,2.11,2.21,1.77,1.73,1.88,1.96,1.99,1.94,1.63,1.68,2.35,2.3,1.5,1.53,2.69,2.66,1.4,1.43,3.02,3.0,1.29,1.31,3.71,3.73,,,,,,,,,,,,,,,,,,,,,,,,,,,,,,,,,,,,,,,,,,,,,,,,,,,,,,,,,,,,,,,,,,,,,,,,,,,,,5.25,5.5,1.16,1.15,3.9,4.1,1.24,1.23,3.45,3.7,1.3,1.26,3.0,3.3,1.38,1.33,2.35,2.43,1.58,1.53,2.03,2.1,1.83,1.7,1.78,1.9,2.03,1.95,1.55,1.63,2.38,2.25,1.43,1.48,2.75,2.6,1.35,1.4,3.1,2.85,1.26,1.28,3.7,3.55,1.15,1.17,5.5,5.0,1.14,1.15,5.75,5.5,1.12,1.13,6.25,5.9,,,,,,,,,,,,,,,,,,,,,,,,
austria,bundesliga,2023-11-12,BW Linz,LASK,2,0,,,,,,,,,,,,,,,,,,,,,,,,,,,,,,,,,,,,,,,,,,,,,3.59,4.67,1.32,1.22,3.15,4.41,1.4,1.24,2.72,3.78,1.51,1.3,2.16,2.66,1.76,1.53,1.87,2.17,2.01,1.76,1.67,1.9,2.32,2.01,1.47,1.61,2.87,2.44,1.38,1.47,3.25,2.85,1.32,1.38,3.63,3.25,1.27,1.26,4.11,4.11,,,,,,,,,,,,,,,,,,,,,,,,,,,,,,,,,,,,,,,,,,,,,,,,,,,,,,,,,,,,,,,,,,,,,,,,,,,,,5.25,6.0,1.16,1.13,4.0,4.4,1.23,1.2,3.55,3.9,1.28,1.24,3.1,3.45,1.35,1.3,2.35,2.43,1.58,1.53,2.03,2.05,1.83,1.75,1.75,1.83,2.05,2.03,1.53,1.55,2.43,2.38,1.43,1.43,2.75,2.75,1.35,1.35,3.1,3.1,1.25,1.24,3.8,3.9,1.15,1.14,5.5,5.75,1.13,1.12,5.9,6.25,1.12,1.11,6.4,6.8,,,,,,,,,,,,,,,,,,,,,,,,
austria,bundesliga,2023-11-12,Austria Vienna,Salzburg,0,0,,,,,,,,,,,,,,,,,,,,,,,,,,,,,,,,,,,,,,,,,,,,,4.15,4.2,1.26,1.26,4.27,3.69,1.25,1.31,3.79,3.19,1.28,1.4,2.81,2.41,1.45,1.63,2.34,2.04,1.64,1.87,2.07,1.81,1.8,2.11,1.81,1.58,2.07,2.53,1.62,1.46,2.37,2.88,1.51,1.38,2.67,3.23,1.37,1.28,3.2,3.93,,,,,,,,,,,,,,,,,,,,,,,,,,,,,,,,,,,,,,,,,,,,,,,,,,,,,,,,,,,,,,,,,,,,,,,,,7.0,7.0,1.1,1.1,5.9,4.65,1.13,1.18,4.4,3.55,1.2,1.28,3.9,3.3,1.24,1.33,3.55,2.85,1.28,1.4,2.68,2.3,1.45,1.6,2.25,2.0,1.63,1.85,2.03,1.75,1.83,2.05,1.73,1.53,2.08,2.43,1.58,1.43,2.35,2.75,1.48,1.35,2.6,3.1,1.35,1.25,3.1,3.8,1.22,1.15,4.15,5.5,1.19,1.13,4.5,5.9,1.17,1.12,5.0,6.4,,,,,,,,,,,,,,,,,,,,,,,,
austria,bundesliga,2023-11-12,A. Klagenfurt,Sturm Graz,0,3,,,,,,,,,,,,,,,,,,,,,,,,,,,,,,,,,,,,,,,,,,,,,,,,,3.91,4.12,1.27,1.27,3.39,3.47,1.34,1.34,2.53,2.56,1.55,1.56,2.12,2.13,1.76,1.79,1.88,1.88,1.99,2.04,1.63,1.61,2.36,2.46,1.49,1.49,2.71,2.8,1.4,1.38,3.05,3.22,1.28,1.28,3.79,4.07,,,,,,,,,,,,,,,,,,,,,,,,,,,,,,,,,,,,,,,,,,,,,,,,,,,,,,,,,,,,,,,,,,,,,,,,,,,,,5.9,5.75,1.13,1.14,4.4,4.25,1.2,1.21,3.9,3.7,1.24,1.26,3.45,3.3,1.3,1.33,2.5,2.43,1.5,1.53,2.1,2.08,1.7,1.73,1.93,1.85,1.93,2.0,1.65,1.58,2.2,2.35,1.5,1.45,2.5,2.68,1.4,1.38,2.85,3.0,1.3,1.26,3.45,3.7,1.18,1.15,4.65,5.5,1.16,1.13,5.25,5.9,1.14,1.12,5.75,6.4,,,,,,,,,,,,,,,,,,,,,,,,
austria,bundesliga,2023-11-25,Sturm Graz,A. Lustenau,2,0,,,,,,,,,3.1,3.44,1.38,1.34,2.62,2.84,1.51,1.46,2.33,2.53,1.63,1.56,2.04,2.2,1.83,1.72,1.78,1.9,2.08,1.99,1.62,1.7,2.35,2.24,1.44,1.51,2.82,2.7,1.27,1.31,3.81,3.66,1.23,1.25,4.4,4.19,,,,,,,,,,,,,,,,,,,,,,,,,,,,,,,,,,,,,,,,,,,,,,,,,,,,,,,,,,,,,,,,,,,,,5.25,6.4,1.16,1.12,4.0,5.0,1.23,1.17,3.7,4.5,1.26,1.19,3.45,4.15,1.3,1.22,2.75,3.3,1.43,1.33,2.35,2.68,1.58,1.45,2.1,2.38,1.7,1.55,1.93,2.1,1.93,1.7,1.7,1.88,2.1,1.98,1.58,1.68,2.35,2.15,1.43,1.5,2.75,2.5,1.28,1.3,3.55,3.45,1.23,1.25,4.0,3.8,1.2,1.22,4.4,4.15,1.13,1.14,6.0,5.75,,,,,,,,,,,,,,,,,,,,,,,,,,,,,,,,,,,,,,,,,,,,,,,,,,,,,,,,,,,,,,,,,,,,
austria,bundesliga,2023-11-25,Salzburg,Hartberg,3,2,,,,,,,,,,,,,,,,,,,,,2.89,3.66,1.43,1.3,2.36,2.9,1.63,1.45,2.05,2.39,1.81,1.61,1.83,2.1,2.06,1.77,1.58,1.87,2.46,2.1,1.46,1.65,2.82,2.43,1.38,1.5,3.15,2.76,1.26,1.35,4.02,3.43,1.21,1.2,4.93,4.99,,,,,,,,,,,,,,,,,,,,,,,,,,,,,,,,,,,,,,,,,,,,,,,,,,,,,,,,,,,,,,,,,,,,,,,,,,,,,,,,,,,,,,,,,,,,,,,,,,,,,1.8,1.8,2.05,2.05,,,,,,,,,,,,,,,,,,,,,,,,,,,,,,,,,,,,,,,,,,,,,,,,,,,,,,,,,,,,,,,,,,,,,,,,,,,,,,,,
austria,bundesliga,2023-11-25,LASK,Tirol,1,0,,,,,,,,,,,,,3.43,3.56,1.33,1.33,3.08,3.19,1.39,1.39,2.74,2.83,1.49,1.48,2.25,2.3,1.68,1.68,1.98,2.02,1.89,1.89,1.75,1.77,2.15,2.16,1.52,1.53,2.62,2.67,1.41,1.41,2.98,3.07,1.34,1.34,3.35,3.48,,,,,,,,,,,,,,,,,,,,,,,,,,,,,,,,,,,,,,,,,,,,,,,,,,,,,,,,,,,,,,,,,,,,,5.5,6.4,1.15,1.12,5.0,6.0,1.17,1.13,4.5,5.75,1.19,1.14,3.45,4.1,1.3,1.23,2.85,3.3,1.4,1.33,2.6,3.0,1.48,1.38,2.35,2.68,1.58,1.45,2.03,2.2,1.78,1.65,1.83,2.0,2.03,1.85,1.63,1.75,2.25,2.05,1.43,1.53,2.75,2.43,1.35,1.43,3.1,2.75,1.3,1.35,3.45,3.1,1.19,1.23,4.5,4.0,1.12,1.12,6.25,6.4,1.1,1.1,7.0,7.0,,,,,,,,,,,,,,,,,,,,,,,,,,,,,,,,,,,,,,,,,,,,,,,,,,,,,,,,,,,,
austria,bundesliga,2023-11-26,Altach,A. Klagenfurt,0,1,,,,,,,,,,,,,,,,,,,,,,,,,,,,,,,,,3.75,3.86,1.29,1.29,3.32,3.37,1.35,1.36,2.59,2.55,1.53,1.57,2.2,2.14,1.71,1.78,1.92,1.83,1.95,2.09,1.62,1.51,2.38,2.74,1.47,1.38,2.8,3.3,1.37,1.29,3.2,3.84,1.26,1.2,4.04,5.06,,,,,,,,,,,,,,,,,,,,,,,,,,,,,,,,,,,,,,,,,,,,,,,,,,,,,,,,,,,,,,,,,,,,,,,,,,,,,5.75,5.5,1.14,1.15,5.5,4.1,1.15,1.23,5.0,3.55,1.17,1.28,4.4,3.3,1.2,1.33,3.3,2.43,1.33,1.53,2.68,2.08,1.45,1.73,2.3,1.8,1.6,2.05,2.03,1.48,1.83,2.6,1.7,1.35,2.1,3.1,1.55,1.28,2.38,3.55,1.4,1.19,2.85,4.5,,,,,,,,,,,,,,,,,,,,,,,,,,,,,,,,,,,,,,,,,,,,,,,,,,,,
austria,bundesliga,2023-11-26,Wolfsberger AC,Austria Vienna,1,0,,,,,,,,,,,,,,,,,,,,,,,,,,,,,,,,,,,,,3.97,4.02,1.27,1.27,2.97,3.0,1.41,1.43,2.48,2.5,1.57,1.59,2.14,2.16,1.75,1.77,1.81,1.81,2.08,2.11,1.58,1.59,2.46,2.51,1.45,1.46,2.85,2.91,1.32,1.32,3.5,3.6,1.19,1.2,4.9,5.1,,,,,,,,,,,,,,,,,,,,,,,,,,,,,,,,,,,,,,,,,,,,,,,,,,,,,,,,,,,,,,,,,,,,,,,,,6.6,6.4,1.11,1.12,4.8,4.65,1.18,1.18,4.4,4.25,1.2,1.21,3.9,3.8,1.24,1.25,2.85,2.85,1.4,1.4,2.38,2.38,1.55,1.55,2.1,2.08,1.7,1.73,1.83,1.8,2.03,2.05,1.6,1.58,2.3,2.35,1.45,1.45,2.68,2.68,1.33,1.33,3.3,3.3,1.19,1.19,4.5,4.5,1.16,1.16,5.25,5.25,1.14,1.14,5.75,5.75,,,,,,,,,,,,,,,,,,,,,,,,,,,,,,,,,,,,,,,,
austria,bundesliga,2023-11-26,Rapid Vienna,BW Linz,1,0,,,,,,,,,,,,,3.73,3.6,1.31,1.32,3.62,3.22,1.3,1.38,3.24,2.85,1.36,1.47,2.58,2.31,1.53,1.68,2.22,2.02,1.7,1.89,1.96,1.77,1.9,2.15,1.7,1.53,2.23,2.65,1.54,1.42,2.56,3.04,1.44,1.35,2.88,3.43,,,,,,,,,,,,,,,,,,,,,,,,,,,,,,,,,,,,,,,,,,,,,,,,,,,,,,,,,,,,,,,,,,,,,6.6,6.25,1.11,1.12,6.8,5.9,1.11,1.13,6.4,5.5,1.12,1.15,6.0,3.9,1.13,1.24,4.65,3.3,1.18,1.33,4.25,2.85,1.21,1.4,3.9,2.6,1.24,1.48,3.0,2.2,1.38,1.65,2.5,1.98,1.5,1.88,2.25,1.7,1.63,2.1,2.03,1.48,1.83,2.6,1.75,1.38,2.05,3.0,1.6,1.33,2.3,3.3,1.43,1.21,2.75,4.25,1.26,1.13,3.7,5.9,1.22,1.12,4.15,6.4,1.19,1.1,4.5,7.0,,,,,,,,,,,,,,,,,,,,,,,,,,,,,,,,,,,,,,,,,,,,,,,,,,,,,,,,
austria,bundesliga,2023-12-03,Salzburg,Wolfsberger AC,1,0,,,,,,,,,,,,,,,,,,,,,,,,,,,,,,,,,,,,,,,,,,,,,,,,,,,,,,,,,,,,,,,,,,,,,,,,,,,,,,,,,,,,,,,,,,,,,,,,,,,,,,,,,,,,,,,,,,,,,,,,,,,,,,,,,4.4,6.4,1.2,1.12,3.55,5.0,1.28,1.17,3.3,4.5,1.33,1.19,2.85,4.15,1.4,1.22,2.35,3.1,1.58,1.35,2.03,2.6,1.78,1.48,1.83,2.3,2.03,1.6,1.58,2.05,2.35,1.8,1.45,1.75,2.68,2.05,1.38,1.6,3.0,2.3,1.25,1.43,3.8,2.75,1.13,1.26,6.0,3.7,1.11,1.23,6.8,4.1,1.11,1.19,6.6,4.5,1.1,1.13,7.0,6.0,,,,,,,,,,,,,,,,,,,,,,,,,,,,,,,,,,,,,,,,,,,,,,,,,,,,
austria,bundesliga,2023-12-03,BW Linz,Sturm Graz,1,1,,,,,,,,,,,,,,,,,,,,,,,,,,,,,,,,,,,,,,,,,,,,,4.54,4.06,1.23,1.27,3.89,3.53,1.27,1.33,3.37,3.01,1.34,1.44,2.52,2.27,1.56,1.7,2.1,1.93,1.78,1.98,1.87,1.69,2.01,2.28,1.61,1.47,2.39,2.87,1.48,1.37,2.75,3.29,1.39,1.31,3.08,3.72,,,,,,,,,,,,,,,,,,,,,,,,,,,,,,,,,,,,,,,,,,,,,,,,,,,,,,,,,,,,,,,,,,,,,,,,,,,,,,,,,5.75,5.0,1.14,1.17,4.25,3.7,1.21,1.26,3.8,3.3,1.25,1.33,3.45,2.85,1.3,1.4,2.5,2.2,1.5,1.65,2.15,1.9,1.68,1.95,1.95,1.65,1.9,2.2,1.65,1.43,2.2,2.75,1.53,1.35,2.43,3.1,1.43,1.28,2.75,3.55,1.3,1.19,3.45,4.5,1.19,1.1,4.5,7.0,,,,,,,,,,,,,,,,,,,,,,,,,,,,,,,,
austria,bundesliga,2023-12-03,Austria Vienna,LASK,0,0,,,,,,,,,,,,,,,,,,,,,,,,,,,,,,,,,4.42,4.47,1.24,1.24,3.95,3.97,1.27,1.28,2.99,2.95,1.41,1.45,2.51,2.44,1.56,1.61,2.17,2.1,1.73,1.82,1.85,1.75,2.03,2.19,1.61,1.55,2.39,2.61,1.48,1.42,2.75,3.02,1.34,1.3,3.34,3.8,,,,,,,,,,,,,,,,,,,,,,,,,,,,,,,,,,,,,,,,,,,,,,,,,,,,,,,,,,,,,,,,,,,,,,,,,,,,,6.6,6.25,1.11,1.12,5.0,4.5,1.17,1.19,4.5,4.15,1.19,1.22,4.1,3.7,1.23,1.26,3.0,2.75,1.38,1.43,2.5,2.35,1.5,1.58,2.2,2.1,1.65,1.78,1.95,1.73,1.9,2.08,1.68,1.55,2.15,2.38,1.53,1.43,2.43,2.75,1.38,1.3,3.0,3.45,1.24,1.18,3.9,4.8,1.2,1.15,4.4,5.5,1.18,1.13,4.8,5.9,,,,,,,,,,,,,,,,,,,,,,,,,,,,,,,,,,,,,,,,
austria,bundesliga,2023-12-04,A. Klagenfurt,Hartberg,1,1,,,,,,,,,,,,,,,,,,,,,,,,,,,,,,,,,,,,,,,,,,,,,3.16,3.85,1.38,1.29,2.77,3.36,1.47,1.36,2.36,2.88,1.63,1.47,1.94,2.23,1.93,1.72,1.71,1.92,2.21,1.99,1.53,1.68,2.6,2.29,1.35,1.47,3.33,2.89,1.29,1.37,3.75,3.3,1.28,1.31,3.95,3.71,,,,,,,,,,,,,,,,,,,,,,,,,,,,,,,,,,,,,,,,,,,,,,,,,,,,,,,,,,,,,,,,,,,,,,,,,,,,,,,,,3.45,4.65,1.3,1.18,2.75,3.7,1.43,1.26,2.43,3.3,1.53,1.33,2.1,2.75,1.7,1.43,1.8,2.15,2.05,1.68,1.6,1.9,2.3,1.95,1.45,1.65,2.68,2.2,1.28,1.45,3.55,2.68,1.24,1.35,3.9,3.1,1.2,1.3,4.4,3.45,1.14,1.2,5.75,4.4,1.1,1.12,7.0,6.4,1.1,1.1,7.0,7.0,,,,,,,,,,,,,,,,,,,,,,,,,,,,
austria,bundesliga,2023-12-05,Tirol,Rapid Vienna,1,2,,,,,,,,,,,,,,,,,,,,,,,,,,,,,,,,,,,,,,,,,,,,,,,,,,,,,,,,,3.11,3.56,1.38,1.33,2.56,2.84,1.54,1.47,2.26,2.54,1.68,1.57,1.98,2.23,1.89,1.72,1.74,1.93,2.16,1.98,1.59,1.72,2.44,2.21,1.44,1.56,2.88,2.58,1.29,1.38,3.7,3.21,1.27,1.32,3.94,3.59,,,,,,,,,,,,,,,,,,,,,,,,,,,,,,,,,,,,,,,,,,,,,,,,,,,,,,,,,,,,,,,,,,,,,,,,,4.65,5.5,1.18,1.15,4.15,5.0,1.22,1.17,3.7,4.5,1.26,1.19,2.75,3.3,1.43,1.33,2.3,2.68,1.6,1.45,2.05,2.38,1.75,1.55,1.83,2.1,2.03,1.7,1.63,1.88,2.25,1.98,1.5,1.68,2.5,2.15,1.38,1.53,3.0,2.43,1.24,1.38,3.9,3.0,1.21,1.3,4.25,3.45,1.18,1.26,4.65,3.7,1.13,1.19,6.0,4.5,1.1,1.12,7.0,6.4,1.11,1.11,6.6,6.8,,,,,,,,,,,,
austria,bundesliga,2023-12-05,Altach,A. Lustenau,3,0,,,,,,,,,,,,,,,,,,,,,,,,,3.01,3.7,1.41,1.31,2.52,2.94,1.56,1.44,2.21,2.58,1.7,1.56,1.92,2.2,1.95,1.74,1.68,1.86,2.26,2.05,1.54,1.66,2.57,2.35,1.37,1.45,3.17,2.95,1.22,1.24,4.57,4.42,1.19,1.19,4.61,5.13,,,,,,,,,,,,,,,,,,,,,,,,,,,,,,,,,,,,,,,,,,,,,,,,,,,,,,,,,,,,,,,,,,,,,,,,,4.5,5.9,1.19,1.13,4.25,5.5,1.21,1.15,3.8,5.0,1.25,1.17,3.0,3.45,1.38,1.3,2.43,2.75,1.53,1.43,2.2,2.43,1.65,1.53,1.98,2.1,1.88,1.7,1.7,1.83,2.1,2.03,1.55,1.63,2.38,2.25,1.4,1.43,2.85,2.75,1.23,1.23,4.0,4.1,1.19,1.18,4.5,4.65,1.17,1.15,5.0,5.5,1.11,1.1,6.8,7.0,,,,,,,,,,,,,,,,,,,,,,,,,,,,,,,,,,,,,,,,,,,,,,,,,,,,
austria,bundesliga,2023-12-09,Rapid Vienna,Salzburg,0,1,,,,,,,,,,,,,,,,,,,,,,,,,,,,,,,,,,,,,4.74,3.96,1.22,1.28,4.07,3.0,1.26,1.43,3.22,2.52,1.36,1.58,2.85,2.19,1.45,1.75,2.46,1.88,1.58,2.04,2.03,1.64,1.85,2.38,1.78,1.51,2.1,2.74,1.59,1.37,2.45,3.3,1.4,1.24,3.06,4.46,,,,,,,,,,,,,,,,,,,,,,,,,,,,,,,,,,,,,,,,,,,,,,,,,,,,,,,,,,,,,,,,,,,,,,,,,7.0,6.0,1.1,1.13,6.8,4.5,1.11,1.19,7.0,4.15,1.1,1.22,6.6,3.7,1.11,1.26,4.4,2.85,1.2,1.4,3.45,2.38,1.3,1.55,3.1,2.1,1.35,1.7,2.68,1.85,1.45,2.0,2.15,1.63,1.68,2.25,1.9,1.5,1.95,2.5,1.68,1.35,2.15,3.1,1.48,1.22,2.6,4.15,1.38,1.19,3.0,4.5,1.33,1.16,3.3,5.25,1.22,1.11,4.15,6.6,,,,,,,,,,,,,,,,,,,,,,,,,,,,,,,,,,,,
austria,bundesliga,2023-12-09,A. Lustenau,LASK,1,3,,,,,,,,,,,,,,,,,,,,,,,,,,,,,,,,,,,,,,,,,,,,,,,,,,,,,,,,,3.71,4.41,1.29,1.24,2.93,3.42,1.42,1.35,2.61,3.0,1.53,1.43,2.26,2.59,1.68,1.56,1.93,2.09,1.94,1.82,1.71,1.83,2.2,2.09,1.54,1.63,2.56,2.42,1.37,1.43,3.21,3.04,1.31,1.35,3.6,3.44,1.3,1.29,3.8,3.84,,,,,,,,,,,,,,,,,,,,,,,,,,,,,,,,,,,,,,,,,,,,,,,,,,,,,,,,,,,,,,,,,,,,,,,,,5.9,6.8,1.13,1.11,5.25,6.25,1.16,1.12,3.45,4.0,1.3,1.23,2.75,3.1,1.43,1.35,2.43,2.75,1.53,1.43,2.15,2.38,1.68,1.55,1.88,2.05,1.98,1.8,1.68,1.78,2.15,2.03,1.5,1.6,2.5,2.3,1.35,1.43,3.1,2.75,1.3,1.35,3.45,3.1,1.25,1.3,3.8,3.45,1.18,1.2,4.8,4.4,1.11,1.12,6.8,6.25,1.1,1.11,7.0,6.6,1.1,1.1,7.0,7.0,,,,,,,,
austria,bundesliga,2023-12-09,A. Klagenfurt,Austria Vienna,2,2,,,,,,,,,,,,,,,,,,,,,,,,,,,,,,,,,,,,,,,,,,,,,3.22,3.72,1.36,1.31,2.84,3.24,1.46,1.38,2.44,2.76,1.59,1.5,2.01,2.15,1.86,1.77,1.76,1.86,2.13,2.05,1.57,1.64,2.48,2.38,1.38,1.43,3.12,3.01,1.32,1.35,3.53,3.42,1.28,1.29,3.95,3.84,,,,,,,,,,,,,,,,,,,,,,,,,,,,,,,,,,,,,,,,,,,,,,,,,,,,,,,,,,,,,,,,,,,,,,,,,5.75,6.8,1.14,1.11,5.0,6.6,1.17,1.11,3.45,4.25,1.3,1.21,2.85,3.3,1.4,1.33,2.5,2.85,1.5,1.4,2.2,2.5,1.65,1.5,1.9,2.05,1.95,1.75,1.68,1.83,2.15,2.03,1.5,1.6,2.5,2.3,1.33,1.4,3.3,2.85,1.28,1.33,3.55,3.3,1.23,1.26,4.0,3.7,1.16,1.18,5.25,4.65,1.1,1.11,7.0,6.6,1.11,1.1,6.8,7.0,,,,,,,,,,,,,,,,,,,,,,,,,,,,
austria,bundesliga,2023-12-10,Sturm Graz,Altach,1,0,,,,,,,,,,,,,,,,,,,,,3.03,4.33,1.4,1.25,2.45,3.16,1.58,1.4,2.12,2.6,1.76,1.55,1.89,2.27,1.97,1.7,1.65,1.94,2.31,1.96,1.52,1.68,2.63,2.29,1.42,1.54,2.94,2.63,1.3,1.37,3.64,3.31,1.2,1.2,4.88,5.03,,,,,,,,,,,,,,,,,,,,,,,,,,,,,,,,,,,,,,,,,,,,,,,,,,,,,,,,,,,,,,,,,,,,,,,,,5.0,6.25,1.17,1.12,3.9,4.65,1.24,1.18,3.55,4.4,1.28,1.2,3.3,3.9,1.33,1.24,2.5,3.0,1.5,1.38,2.2,2.43,1.65,1.53,2.0,2.2,1.85,1.65,1.7,1.93,2.1,1.93,1.55,1.65,2.38,2.2,1.45,1.53,2.68,2.43,1.3,1.38,3.45,3.0,1.16,1.21,5.25,4.25,1.13,1.18,5.9,4.8,1.12,1.15,6.4,5.5,1.1,1.1,7.0,7.0,,,,,,,,,,,,,,,,,,,,,,,,,,,,,,,,,,,,,,,,,,,,,,,,,,,,
austria,bundesliga,2023-12-10,Hartberg,Wolfsberger AC,2,0,,,,,,,,,,,,,,,,,,,,,,,,,,,,,,,,,,,,,3.45,4.48,1.34,1.24,2.66,3.27,1.53,1.37,2.25,2.69,1.71,1.52,1.93,2.32,1.93,1.67,1.64,1.96,2.39,1.94,1.48,1.68,2.82,2.3,1.38,1.53,3.24,2.66,1.26,1.38,4.12,3.25,1.19,1.23,5.21,4.51,,,,,,,,,,,,,,,,,,,,,,,,,,,,,,,,,,,,,,,,,,,,,,,,,,,,,,,,,,,,,,,,,,,,,,,,,5.5,6.8,1.15,1.11,4.1,5.25,1.23,1.16,3.7,4.5,1.26,1.19,3.3,4.1,1.33,1.23,2.5,3.0,1.5,1.38,2.15,2.5,1.68,1.5,1.95,2.2,1.9,1.65,1.63,1.93,2.25,1.93,1.48,1.65,2.6,2.2,1.38,1.5,3.0,2.5,1.28,1.38,3.55,3.0,1.15,1.23,5.5,4.1,1.13,1.19,5.9,4.5,1.12,1.16,6.25,5.25,1.1,1.11,7.0,6.8,,,,,,,,,,,,,,,,,,,,,,,,,,,,,,,,,,,,
austria,bundesliga,2023-12-10,BW Linz,Tirol,1,2,,,,,,,,,,,,,,,,,,,,,,,,,,,,,,,,,3.44,3.71,1.33,1.31,3.04,3.27,1.41,1.37,2.4,2.55,1.61,1.57,2.07,2.17,1.82,1.76,1.78,1.88,2.1,2.03,1.51,1.58,2.66,2.52,1.38,1.44,3.12,2.98,1.31,1.35,3.59,3.41,1.22,1.24,4.69,4.39,,,,,,,,,,,,,,,,,,,,,,,,,,,,,,,,,,,,,,,,,,,,,,,,,,,,,,,,,,,,,,,,,,,,,,,,,,,,,4.65,5.5,1.18,1.15,3.7,4.0,1.26,1.23,3.3,3.55,1.33,1.28,3.0,3.3,1.38,1.33,2.35,2.5,1.58,1.5,2.05,2.1,1.8,1.7,1.8,1.88,2.05,1.98,1.48,1.58,2.6,2.35,1.35,1.43,3.1,2.75,1.3,1.35,3.45,3.1,1.2,1.23,4.4,4.0,1.11,1.13,6.8,6.0,1.1,1.11,7.0,6.6,1.1,1.1,7.0,7.0,,,,,,,,,,,,,,,,,,,,,,,,,,,,,,,,,,,,,,,,
