Country,League,Date,Home,Away,FTHG,FTAG,Pinnacle_HO_Open,Pinnacle_DO_Open,Pinnacle_AO_Open,Pinnacle_HO_Close,Pinnacle_DO_Close,Pinnacle_AO_Close,Pinnacle_Pinnacle_+0.25_AH_A_Close,Pinnacle_Pinnacle_+0.25_AH_A_Open,Pinnacle_Pinnacle_+0.25_AH_H_Close,Pinnacle_Pinnacle_+0.25_AH_H_Open,Pinnacle_Pinnacle_+0.5_AH_A_Close,Pinnacle_Pinnacle_+0.5_AH_A_Open,Pinnacle_Pinnacle_+0.5_AH_H_Close,Pinnacle_Pinnacle_+0.5_AH_H_Open,Pinnacle_Pinnacle_+0.75_AH_A_Close,Pinnacle_Pinnacle_+0.75_AH_A_Open,Pinnacle_Pinnacle_+0.75_AH_H_Close,Pinnacle_Pinnacle_+0.75_AH_H_Open,Pinnacle_Pinnacle_+0_AH_H_Close,Pinnacle_Pinnacle_+0_AH_H_Open,Pinnacle_Pinnacle_+1.25_AH_A_Close,Pinnacle_Pinnacle_+1.25_AH_A_Open,Pinnacle_Pinnacle_+1.25_AH_H_Close,Pinnacle_Pinnacle_+1.25_AH_H_Open,Pinnacle_Pinnacle_+1.5_AH_A_Close,Pinnacle_Pinnacle_+1.5_AH_A_Open,Pinnacle_Pinnacle_+1.5_AH_H_Close,Pinnacle_Pinnacle_+1.5_AH_H_Open,Pinnacle_Pinnacle_+1.75_AH_A_Close,Pinnacle_Pinnacle_+1.75_AH_A_Open,Pinnacle_Pinnacle_+1.75_AH_H_Close,Pinnacle_Pinnacle_+1.75_AH_H_Open,Pinnacle_Pinnacle_+1_AH_A_Close,Pinnacle_Pinnacle_+1_AH_A_Open,Pinnacle_Pinnacle_+1_AH_H_Close,Pinnacle_Pinnacle_+1_AH_H_Open,Pinnacle_Pinnacle_+2.25_AH_A_Close,Pinnacle_Pinnacle_+2.25_AH_A_Open,Pinnacle_Pinnacle_+2.25_AH_H_Close,Pinnacle_Pinnacle_+2.25_AH_H_Open,Pinnacle_Pinnacle_+2.5_AH_A_Close,Pinnacle_Pinnacle_+2.5_AH_A_Open,Pinnacle_Pinnacle_+2.5_AH_H_Close,Pinnacle_Pinnacle_+2.5_AH_H_Open,Pinnacle_Pinnacle_+2.75_AH_A_Close,Pinnacle_Pinnacle_+2.75_AH_A_Open,Pinnacle_Pinnacle_+2.75_AH_H_Close,Pinnacle_Pinnacle_+2.75_AH_H_Open,Pinnacle_Pinnacle_+2_AH_A_Close,Pinnacle_Pinnacle_+2_AH_A_Open,Pinnacle_Pinnacle_+2_AH_H_Close,Pinnacle_Pinnacle_+2_AH_H_Open,Pinnacle_Pinnacle_+3.25_AH_A_Close,Pinnacle_Pinnacle_+3.25_AH_A_Open,Pinnacle_Pinnacle_+3.25_AH_H_Close,Pinnacle_Pinnacle_+3.25_AH_H_Open,Pinnacle_Pinnacle_+3.5_AH_A_Close,Pinnacle_Pinnacle_+3.5_AH_A_Open,Pinnacle_Pinnacle_+3.5_AH_H_Close,Pinnacle_Pinnacle_+3.5_AH_H_Open,Pinnacle_Pinnacle_+3.75_AH_A_Close,Pinnacle_Pinnacle_+3.75_AH_A_Open,Pinnacle_Pinnacle_+3.75_AH_H_Close,Pinnacle_Pinnacle_+3.75_AH_H_Open,Pinnacle_Pinnacle_+3_AH_A_Close,Pinnacle_Pinnacle_+3_AH_A_Open,Pinnacle_Pinnacle_+3_AH_H_Close,Pinnacle_Pinnacle_+3_AH_H_Open,Pinnacle_Pinnacle_+4.25_AH_A_Close,Pinnacle_Pinnacle_+4.25_AH_A_Open,Pinnacle_Pinnacle_+4.25_AH_H_Close,Pinnacle_Pinnacle_+4.25_AH_H_Open,Pinnacle_Pinnacle_+4.5_AH_H_Close,Pinnacle_Pinnacle_+4.5_AH_H_Open,Pinnacle_Pinnacle_+4_AH_A_Close,Pinnacle_Pinnacle_+4_AH_A_Open,Pinnacle_Pinnacle_+4_AH_H_Close,Pinnacle_Pinnacle_+4_AH_H_Open,Pinnacle_Pinnacle_-0.25_AH_A_Close,Pinnacle_Pinnacle_-0.25_AH_A_Open,Pinnacle_Pinnacle_-0.25_AH_H_Close,Pinnacle_Pinnacle_-0.25_AH_H_Open,Pinnacle_Pinnacle_-0.5_AH_A_Close,Pinnacle_Pinnacle_-0.5_AH_A_Open,Pinnacle_Pinnacle_-0.5_AH_H_Close,Pinnacle_Pinnacle_-0.5_AH_H_Open,Pinnacle_Pinnacle_-0.75_AH_A_Close,Pinnacle_Pinnacle_-0.75_AH_A_Open,Pinnacle_Pinnacle_-0.75_AH_H_Close,Pinnacle_Pinnacle_-0.75_AH_H_Open,Pinnacle_Pinnacle_-0_AH_A_Close,Pinnacle_Pinnacle_-0_AH_A_Open,Pinnacle_Pinnacle_-1.25_AH_A_Close,Pinnacle_Pinnacle_-1.25_AH_A_Open,Pinnacle_Pinnacle_-1.25_AH_H_Close,Pinnacle_Pinnacle_-1.25_AH_H_Open,Pinnacle_Pinnacle_-1.5_AH_A_Close,Pinnacle_Pinnacle_-1.5_AH_A_Open,Pinnacle_Pinnacle_-1.5_AH_H_Close,Pinnacle_Pinnacle_-1.5_AH_H_Open,Pinnacle_Pinnacle_-1.75_AH_A_Close,Pinnacle_Pinnacle_-1.75_AH_A_Open,Pinnacle_Pinnacle_-1.75_AH_H_Close,Pinnacle_Pinnacle_-1.75_AH_H_Open,Pinnacle_Pinnacle_-1_AH_A_Close,Pinnacle_Pinnacle_-1_AH_A_Open,Pinnacle_Pinnacle_-1_AH_H_Close,Pinnacle_Pinnacle_-1_AH_H_Open,Pinnacle_Pinnacle_-2.25_AH_A_Close,Pinnacle_Pinnacle_-2.25_AH_A_Open,Pinnacle_Pinnacle_-2.25_AH_H_Close,Pinnacle_Pinnacle_-2.25_AH_H_Open,Pinnacle_Pinnacle_-2.5_AH_A_Close,Pinnacle_Pinnacle_-2.5_AH_A_Open,Pinnacle_Pinnacle_-2.5_AH_H_Close,Pinnacle_Pinnacle_-2.5_AH_H_Open,Pinnacle_Pinnacle_-2.75_AH_A_Close,Pinnacle_Pinnacle_-2.75_AH_A_Open,Pinnacle_Pinnacle_-2.75_AH_H_Close,Pinnacle_Pinnacle_-2.75_AH_H_Open,Pinnacle_Pinnacle_-2_AH_A_Close,Pinnacle_Pinnacle_-2_AH_A_Open,Pinnacle_Pinnacle_-2_AH_H_Close,Pinnacle_Pinnacle_-2_AH_H_Open,Pinnacle_Pinnacle_-3.25_AH_A_Close,Pinnacle_Pinnacle_-3.25_AH_A_Open,Pinnacle_Pinnacle_-3.25_AH_H_Close,Pinnacle_Pinnacle_-3.25_AH_H_Open,Pinnacle_Pinnacle_-3.5_AH_A_Close,Pinnacle_Pinnacle_-3.5_AH_A_Open,Pinnacle_Pinnacle_-3.5_AH_H_Close,Pinnacle_Pinnacle_-3.5_AH_H_Open,Pinnacle_Pinnacle_-3.75_AH_A_Close,Pinnacle_Pinnacle_-3.75_AH_A_Open,Pinnacle_Pinnacle_-3.75_AH_H_Close,Pinnacle_Pinnacle_-3.75_AH_H_Open,Pinnacle_Pinnacle_-3_AH_A_Close,Pinnacle_Pinnacle_-3_AH_A_Open,Pinnacle_Pinnacle_-3_AH_H_Close,Pinnacle_Pinnacle_-3_AH_H_Open,Pinnacle_Pinnacle_-4.25_AH_A_Close,Pinnacle_Pinnacle_-4.25_AH_A_Open,Pinnacle_Pinnacle_-4.25_AH_H_Close,Pinnacle_Pinnacle_-4.25_AH_H_Open,Pinnacle_Pinnacle_-4.5_AH_A_Close,Pinnacle_Pinnacle_-4.5_AH_A_Open,Pinnacle_Pinnacle_-4_AH_A_Close,Pinnacle_Pinnacle_-4_AH_A_Open,Pinnacle_Pinnacle_-4_AH_H_Close,Pinnacle_Pinnacle_-4_AH_H_Open,Pinnacle_bookmaker,ah_odds
armenia,premier-league,2023-07-29,West Armenia,Shirak Gyumri,2,4,2.60,2.98,2.82,2.48,3.38,2.79,1.73,1.65,1.59,1.56,1.55,1.48,1.45,1.42,,,,,1.82,1.84,,,,,,,,,,,,,,,,,,,,,,,,,,,,,,,,,,,,,,,,,,,,,,,,,,,,,,,,,,,2.39,2.38,2.13,2.20,2.72,2.75,2.43,2.54,,,,,2.05,2.00,,,,,,,,,,,,,,,,,,,,,,,,,,,,,,,,,,,,,,,,,,,,,,,,,,,,,,,,,,,Pinnacle,
armenia,premier-league,2023-07-29,Noah,Van,1,0,2.33,3.12,2.93,1.76,3.63,4.64,2.50,1.78,,,2.10,1.57,,,1.86,1.41,,,,,1.45,1.41,,,,,,,,,,,1.59,1.41,,,,,,,,,,,,,,,,,,,,,,,,,,,,,,,,,,,,,,,,,,,,,,,1.52,2.01,,,1.75,2.30,,,2.00,2.72,,,,,2.73,2.77,,,,,,,,,,,2.39,2.77,,,,,,,,,,,,,,,,,,,,,,,,,,,,,,,,,,,,,,,,,,,Pinnacle,
armenia,premier-league,2023-07-30,Ararat Yerevan,Ararat-Armenia,1,3,5.03,3.64,1.59,4.90,3.64,1.73,,,2.59,2.75,,,2.16,2.27,,,1.91,2.01,,,,,1.47,1.53,,,,,,,,,,,1.63,1.72,,,,,,,,,,,,,,,,,,,,,,,,,,,,,,,,,,,,,,,,,,,1.49,1.40,,,1.71,1.59,,,1.94,1.77,,,,,2.64,2.35,,,,,,,,,,,2.31,2.05,,,,,,,,,,,,,,,,,,,,,,,,,,,,,,,,,,,,,,,,,,,,,Pinnacle,
armenia,premier-league,2023-07-30,BKMA,Urartu,1,2,6.09,4.28,1.42,4.68,3.78,1.72,,,2.57,2.72,,,2.16,2.54,,,1.92,2.37,,,,,1.49,1.82,,,1.47,1.62,,,,,,,1.64,2.09,,,,,,,,,,,,,,,,,,,,,,,,,,,,,,,,,,,,,,,,,,,1.50,1.45,,,1.71,1.50,,,1.93,1.50,,,,,2.61,1.95,,,2.67,2.17,,,,,,,2.29,1.67,,,,,,,,,,,,,,,,,,,,,,,,,,,,,,,,,,,,,,,,,,,,,Pinnacle,
armenia,premier-league,2023-07-31,Alashkert,Pyunik Yerevan,0,2,3.43,3.12,2.09,4.08,3.32,1.95,,,2.22,1.98,,,1.90,1.70,,,1.65,1.51,2.92,2.48,,,,,,,,,,,,,,,1.41,1.39,,,,,,,,,,,,,,,,,,,,,,,,,,,,,,,,,,,,,,,,,,,1.68,1.80,,,1.95,2.07,,,2.26,2.41,,,1.40,1.50,,,,,,,,,,,,,2.86,2.93,,,,,,,,,,,,,,,,,,,,,,,,,,,,,,,,,,,,,,,,,,,,,Pinnacle,
armenia,premier-league,2023-08-04,BKMA,Noah,1,0,2.43,3.05,2.77,2.97,3.10,2.51,1.54,1.68,1.74,1.52,1.41,1.50,1.54,1.39,,,1.39,1.40,2.11,1.77,,,,,,,,,,,,,,,,,,,,,,,,,,,,,,,,,,,,,,,,,,,,,,,,,,,,,,,,,,,2.12,2.37,2.51,2.08,2.45,2.70,2.89,2.38,2.95,2.88,,,1.78,2.02,,,,,,,,,,,,,,,,,,,,,,,,,,,,,,,,,,,,,,,,,,,,,,,,,,,,,,,,,,,Pinnacle,
armenia,premier-league,2023-08-05,Van,Shirak Gyumri,1,0,2.47,3.16,2.70,2.70,3.39,2.55,1.62,1.68,1.69,1.56,1.48,1.51,1.53,1.43,,,,,1.98,1.80,,,,,,,,,,,,,,,,,,,,,,,,,,,,,,,,,,,,,,,,,,,,,,,,,,,,,,,,,,,2.19,2.32,2.32,2.12,2.49,2.64,2.64,2.42,,,,,1.87,1.98,,,,,,,,,,,,,,,,,,,,,,,,,,,,,,,,,,,,,,,,,,,,,,,,,,,,,,,,,,,Pinnacle,
armenia,premier-league,2023-08-06,Pyunik Yerevan,Ararat Yerevan,1,1,1.30,4.72,8.23,1.37,4.74,8.81,,,,,,,,,2.78,2.69,,,,,2.00,2.04,,,1.75,1.81,,,1.55,1.60,,,2.42,2.48,,,,,,,,,,,,,,,,,,,,,,,,,,,,,,,,,,,,,,,,,,,,,,,,,,,,,,,1.43,1.45,,,,,1.86,1.70,,,2.11,1.96,,,2.44,2.21,,,1.58,1.46,,,,,,,,,,,,,,,,,,,,,,,,,,,,,,,,,,,,,,,,,,,Pinnacle,
armenia,premier-league,2023-08-07,West Armenia,Alashkert,1,4,9.11,5.02,1.33,6.49,4.97,1.43,,,,,,,,,,,2.56,2.87,,,,,1.91,2.05,,,1.69,1.80,,,1.52,1.60,,,2.24,2.53,,,,,,,,,,,,,,,,,,,,,,,,,,,,,,,,,,,,,,,,,,,,,,,,,,,1.50,1.40,,,,,1.94,1.78,,,2.19,2.05,,,2.52,2.35,,,1.67,1.50,,,,,,,,,,,,,,,,,,,,,,,,,,,,,,,,,,,,,,,,,,,,,Pinnacle,
armenia,premier-league,2023-08-07,Urartu,Ararat-Armenia,2,1,2.48,3.04,2.72,2.78,3.07,2.69,1.61,1.65,1.65,1.54,1.45,1.48,1.48,1.41,,,,,1.96,1.79,,,,,,,,,,,,,,,,,,,,,,,,,,,,,,,,,,,,,,,,,,,,,,,,,,,,,,,,,,,2.27,2.32,2.35,2.12,2.63,2.66,2.71,2.42,,,,,1.89,1.98,,,,,,,,,,,,,,,,,,,,,,,,,,,,,,,,,,,,,,,,,,,,,,,,,,,,,,,,,,,Pinnacle,
armenia,premier-league,2023-08-11,Shirak Gyumri,BKMA,0,1,2.30,3.10,3.00,2.69,3.10,2.75,1.65,1.79,1.57,1.46,1.50,1.58,1.43,1.39,,,,,1.84,1.65,,,,,,,,,,,,,,,,,,,,,,,,,,,,,,,,,,,,,,,,,,,,,,,,,,,,,,,,,,,2.33,2.54,2.28,1.98,2.69,2.76,2.62,2.28,,,,,2.02,2.16,,,,,,,,,,,,,,,,,,,,,,,,,,,,,,,,,,,,,,,,,,,,,,,,,,,,,,,,,,,Pinnacle,
armenia,premier-league,2023-08-12,Ararat Yerevan,West Armenia,1,0,1.89,3.65,3.82,1.73,3.87,4.35,2.49,2.25,,,2.11,1.94,,,1.89,1.71,,,,,1.46,1.46,,,,,,,,,,,1.61,1.49,,,,,,,,,,,,,,,,,,,,,,,,,,,,,,,,,,,,,,,,,,,,,,,1.51,1.65,,,1.71,1.89,,,1.96,2.13,,,,,2.62,2.67,,,,,,,,,,,2.30,2.56,,,,,,,,,,,,,,,,,,,,,,,,,,,,,,,,,,,,,,,,,,,Pinnacle,
armenia,premier-league,2023-08-13,Noah,Urartu,2,0,3.47,4.11,1.78,3.96,3.66,1.88,,,2.29,2.24,,,1.97,1.98,,,1.75,1.79,2.93,2.83,,,,,,,,,,,,,,,1.52,1.56,,,,,,,,,,,,,,,,,,,,,,,,,,,,,,,,,,,,,,,,,,,1.64,1.58,,,1.88,1.77,,,2.11,2.00,,,1.40,1.41,,,,,,,,,,,,,2.51,2.34,,,,,,,,,,,,,,,,,,,,,,,,,,,,,,,,,,,,,,,,,,,,,Pinnacle,
armenia,premier-league,2023-08-14,Alashkert,Van,0,0,1.47,4.40,6.37,1.44,4.45,7.24,,,,,,,,,2.48,2.38,,,,,1.83,1.81,,,1.63,1.63,,,1.46,1.45,,,2.15,2.08,,,,,,,,,,,,,,,,,,,,,,,,,,,,,,,,,,,,,,,,,,,,,,,,,,,,,,,1.53,1.56,,,,,2.03,2.04,,,2.30,2.29,,,2.69,2.67,,,1.72,1.75,,,,,,,,,,,,,,,,,,,,,,,,,,,,,,,,,,,,,,,,,,,Pinnacle,
armenia,premier-league,2023-08-18,Noah,Shirak Gyumri,4,0,1.85,3.27,3.92,1.66,3.85,5.17,2.75,2.21,,,2.28,1.91,,,2.02,1.66,,,,,1.53,1.41,,,,,,,,,,,1.71,1.43,,,,,,,,,,,,,,,,,,,,,,,,,,,,,,,,,,,,,,,,,,,,,,,1.44,1.60,,,1.65,1.86,,,1.84,2.10,,,,,2.47,2.83,,,,,,,,,,,2.15,2.57,,,,,,,,,,,,,,,,,,,,,,,,,,,,,,,,,,,,,,,,,,,Pinnacle,
armenia,premier-league,2023-08-19,BKMA,Alashkert,0,4,4.67,3.72,1.61,5.90,3.89,1.59,,,2.80,2.66,,,2.40,2.22,,,2.13,1.98,,,,,1.62,1.53,,,1.49,1.51,,,,,,,1.85,1.70,,,,,,,,,,,,,,,,,,,,,,,,,,,,,,,,,,,,,,,,,,,1.42,1.42,,,1.56,1.61,,,1.73,1.80,,,,,2.32,2.36,,,2.61,2.51,,,,,,,2.01,2.07,,,,,,,,,,,,,,,,,,,,,,,,,,,,,,,,,,,,,,,,,,,,,Pinnacle,
armenia,premier-league,2023-08-19,Van,Ararat Yerevan,1,2,2.69,3.22,2.45,2.78,3.01,2.74,1.61,1.57,1.63,1.68,1.45,1.43,1.47,1.51,,,,,1.94,1.98,,,,,,,,,,,,,,,,,,,,,,,,,,,,,,,,,,,,,,,,,,,,,,,,,,,,,,,,,,,2.31,2.11,2.34,2.32,2.67,2.39,2.71,2.63,,,,,1.81,1.80,,,,,,,,,,,,,,,,,,,,,,,,,,,,,,,,,,,,,,,,,,,,,,,,,,,,,,,,,,,Pinnacle,
armenia,premier-league,2023-08-20,West Armenia,Ararat-Armenia,1,4,13.58,6.43,1.20,13.24,6.64,1.21,,,,,,,,,,,2.75,2.86,,,,,2.62,2.62,,,2.51,2.20,,,2.47,1.97,,,2.98,2.90,,,1.87,1.54,,,1.67,1.52,,,1.50,1.50,,,2.18,1.70,,,,,,,,,,,,,,,,,,,,,,,,,,,,,,,,,,,1.44,1.41,,,,,1.48,1.47,,,1.45,1.67,,,1.47,1.86,,,1.38,1.40,,,1.87,2.43,,,2.09,2.50,,,2.38,2.38,,,1.61,2.15,,,,,,,,,,,,,,,,,,,,,,,,,,,,,Pinnacle,
armenia,premier-league,2023-08-20,Urartu,Pyunik Yerevan,1,1,2.93,3.02,2.34,3.29,3.43,2.16,1.43,1.47,1.97,1.76,,,1.72,1.56,,,1.52,1.39,2.41,2.12,,,,,,,,,,,,,,,,,,,,,,,,,,,,,,,,,,,,,,,,,,,,,,,,,,,,,,,,,,,1.88,2.03,2.79,2.50,2.14,2.34,,,2.50,2.78,,,1.58,1.68,,,,,,,,,,,,,,,,,,,,,,,,,,,,,,,,,,,,,,,,,,,,,,,,,,,,,,,,,,,Pinnacle,
armenia,premier-league,2023-08-23,Ararat-Armenia,Pyunik Yerevan,1,2,2.49,2.96,2.77,2.92,3.12,2.53,1.55,1.65,1.72,1.53,1.42,1.48,1.53,1.39,,,,,2.08,1.79,,,,,,,,,,,,,,,,,,,,,,,,,,,,,,,,,,,,,,,,,,,,,,,,,,,,,,,,,,,2.14,2.35,2.48,2.12,2.47,2.70,2.85,2.44,,,,,1.79,2.00,,,,,,,,,,,,,,,,,,,,,,,,,,,,,,,,,,,,,,,,,,,,,,,,,,,,,,,,,,,Pinnacle,
armenia,premier-league,2023-08-25,Ararat Yerevan,BKMA,0,2,1.85,3.29,3.89,2.42,2.90,3.65,1.83,2.21,1.38,1.35,1.59,1.91,,,1.41,1.66,,,1.64,1.35,,,,,,,,,,,,,,,,,,,,,,,,,,,,,,,,,,,,,,,,,,,,,,,,,,,,,,,,,,,2.76,3.12,2.04,1.60,,,2.39,1.86,,,2.88,2.10,2.28,2.87,,,,,,,,,,,,,,,,,,,,,,,,,,,,,,,,,,,,,,,,,,,,,,,,,,,,,,,,,,,Pinnacle,
armenia,premier-league,2023-08-25,Alashkert,Noah,3,1,1.55,3.88,5.07,2.61,3.19,2.67,1.65,2.68,1.62,1.42,1.48,2.32,1.47,1.42,,,,,1.89,1.38,,,,,,,,,,,,,,,,,,,,,,,,,,,,,,,,,,,,,,,,,,,,,,,,,,,,,,,,,,,2.28,2.80,2.23,1.45,2.60,2.78,2.55,1.53,,,,,1.93,2.98,,,,,,,,,,,,,,,,,,,,,,,,,,,,,,,,,,,,,,,,,,,,,,,,,,,,,,,,,,,Pinnacle,
armenia,premier-league,2023-08-26,Shirak Gyumri,Urartu,0,2,,,,,,,,,,,,,,,,,,,,,,,,,,,,,,,,,,,,,,,,,,,,,,,,,,,,,,,,,,,,,,,,,,,,,,,,,,,,,,,,,,,,,,,,,,,,,,,,,,,,,,,,,,,,,,,,,,,,,,,,,,,,,,,,,,,,,,,,,,,,,,,,,,,,,,,,{}
armenia,premier-league,2023-08-27,Ararat-Armenia,Van,3,0,1.26,5.40,8.41,1.32,5.10,8.56,,,,,,,,,,,,,,,2.08,2.27,,,1.85,2.00,,,1.63,1.76,,,2.54,2.81,,,,,,,,,,,,,,,1.42,1.54,,,,,,,,,,,,,,,,,,,,,,,,,,,,,,,,,,,,,,,,,,,,,1.72,1.57,,,2.00,1.78,,,2.24,1.96,,,1.48,1.37,,,,,,,,,,,,,,,2.73,2.29,,,,,,,,,,,,,,,,,,,,,,,,,,,Pinnacle,
armenia,premier-league,2023-08-28,Pyunik Yerevan,West Armenia,3,0,1.03,23.16,34.57,1.03,23.28,37.08,,,,,,,,,,,,,,,,,,,,,,,,,,,,,,,2.66,2.59,,,2.34,2.43,,,2.12,2.21,,,,,,,1.68,1.75,,,1.54,1.60,,,,,,,1.88,2.00,,,,,,,,,,,,,,,,,,,,,,,,,,,,,,,,,,,,,,,,,,,,,1.47,1.49,,,1.57,1.52,,,1.71,1.64,,,,,,,2.17,2.05,,,2.40,2.25,,,,,,,1.93,1.84,,,,,,,,,,,Pinnacle,
armenia,premier-league,2023-08-31,Noah,Ararat Yerevan,3,0,1.99,3.22,3.43,1.79,3.81,4.25,2.42,1.92,,,2.07,1.87,,,1.83,1.64,,,1.40,1.51,1.42,1.52,,,,,,,,,,,1.55,1.42,,,,,,,,,,,,,,,,,,,,,,,,,,,,,,,,,,,,,,,,,,,,,,,1.55,1.83,,,1.77,1.90,,,2.03,2.17,2.92,2.30,,,2.84,2.44,,,,,,,,,,,2.48,2.68,,,,,,,,,,,,,,,,,,,,,,,,,,,,,,,,,,,,,,,,,,,Pinnacle,
armenia,premier-league,2023-08-31,Shirak Gyumri,Alashkert,2,3,5.45,3.98,1.52,8.49,4.44,1.40,,,,,,,2.67,2.43,,,2.61,2.17,,,,,1.87,1.66,,,1.65,1.52,,,1.47,1.42,,,2.24,1.90,,,,,,,,,,,,,,,,,,,,,,,,,,,,,,,,,,,,,,,,,,,,,,,1.47,1.50,,,1.49,1.64,,,,,1.99,2.14,,,2.27,2.39,,,2.68,2.78,,,1.67,1.87,,,,,,,,,,,,,,,,,,,,,,,,,,,,,,,,,,,,,,,,,,,,,Pinnacle,
armenia,premier-league,2023-09-01,West Armenia,Urartu,2,5,10.35,6.00,1.20,9.57,5.96,1.18,,,,,,,,,,,,,,,,,,,,,2.16,2.14,,,1.98,1.94,,,,,,,1.61,1.52,,,1.50,1.56,,,1.47,1.52,,,1.78,1.68,,,,,,,,,,,,,,,,,,,,,,,,,,,,,,,,,,,,,,,,,,,,,1.57,1.64,,,1.71,1.83,,,,,,,2.13,2.34,,,2.32,2.23,,,2.36,2.44,,,1.92,2.08,,,,,,,,,,,,,,,,,,,,,,,,,,,,,Pinnacle,
armenia,premier-league,2023-09-01,BKMA,Ararat-Armenia,1,1,6.17,4.38,1.40,5.68,4.09,1.57,,,,,,,2.44,2.56,,,2.17,2.43,,,,,1.66,1.85,,,1.52,1.65,,,,,,,1.90,2.14,,,,,,,,,,,,,,,,,,,,,,,,,,,,,,,,,,,,,,,,,,,,,,,1.55,1.45,,,1.70,1.48,,,,,2.24,1.91,,,2.51,2.12,,,,,,,1.95,1.64,,,,,,,,,,,,,,,,,,,,,,,,,,,,,,,,,,,,,,,,,,,,,Pinnacle,
armenia,premier-league,2023-09-02,Van,Pyunik Yerevan,0,5,8.96,5.29,1.25,6.78,4.30,1.48,,,,,,,2.54,2.54,,,2.40,2.67,,,,,1.84,2.26,,,1.65,1.98,,,1.48,1.74,,,2.11,2.82,,,,,,,,,,,,,,,,,,,,,,,,,,,,,,,,,,,,,,,,,,,,,,,1.49,1.49,,,1.56,1.42,,,,,2.02,1.57,,,2.26,1.80,,,2.63,1.99,,,1.74,1.36,,,,,,,,,,,,,,,,,,,,,,,,,,,,,,,,,,,,,,,,,,,,,Pinnacle,
armenia,premier-league,2023-09-14,West Armenia,Van,2,0,2.54,3.20,2.54,2.10,4.65,2.73,1.95,1.61,1.56,1.61,1.76,1.46,1.50,1.46,1.57,1.43,,,1.69,1.88,,,,,,,,,,,,,1.51,1.45,,,,,,,,,,,,,,,,,,,,,,,,,,,,,,,,,,,,,,,,,,,,,2.42,2.19,1.90,2.19,2.58,2.48,2.08,2.48,,,2.37,2.76,2.19,1.88,,,,,,,,,,,,,,,2.54,2.72,,,,,,,,,,,,,,,,,,,,,,,,,,,,,,,,,,,,,,,,,,,Pinnacle,
armenia,premier-league,2023-09-14,Ararat Yerevan,Shirak Gyumri,2,1,1.87,3.21,3.90,2.11,3.32,3.55,2.05,2.18,1.38,1.39,1.76,1.88,,,1.55,1.64,,,1.52,1.36,,,,,,,,,,,,,,,,,,,,,,,,,,,,,,,,,,,,,,,,,,,,,,,,,,,,,,,,,,,3.00,2.91,1.82,1.61,,,2.09,1.88,,,2.43,2.14,2.57,2.85,,,,,,,,,,,,,,,,,,,,,,,,,,,,,,,,,,,,,,,,,,,,,,,,,,,,,,,,,,,Pinnacle,
armenia,premier-league,2023-09-15,Ararat-Armenia,Noah,4,3,1.52,4.29,4.94,1.92,3.26,3.94,2.26,2.68,,,1.93,2.42,,,1.65,2.18,,,1.39,1.41,,,,,,,,,,,,,1.50,1.92,,,,,,,,,,,,,,,,,,,,,,,,,,,,,,,,,,,,,,,,,,,,,,,1.65,1.45,,,1.92,1.50,,,2.28,1.64,2.80,2.63,,,,,,,,,,,,,,,2.74,1.85,,,,,,,,,,,,,,,,,,,,,,,,,,,,,,,,,,,,,,,,,,,Pinnacle,
armenia,premier-league,2023-09-15,Alashkert,Urartu,4,2,2.75,3.20,2.35,2.31,3.18,3.23,1.88,1.52,1.45,1.71,1.64,1.40,,,1.46,1.44,,,1.64,2.05,,,,,,,,,,,,,,,,,,,,,,,,,,,,,,,,,,,,,,,,,,,,,,,,,,,,,,,,,,,2.71,2.03,1.98,2.37,,,2.29,2.69,,,2.70,2.71,2.29,1.75,,,,,,,,,,,,,,,,,,,,,,,,,,,,,,,,,,,,,,,,,,,,,,,,,,,,,,,,,,,Pinnacle,
armenia,premier-league,2023-09-16,Pyunik Yerevan,BKMA,3,0,1.22,5.88,9.88,1.15,7.87,19.35,,,,,,,,,,,,,,,2.68,2.42,,,2.27,2.07,,,2.46,1.88,,,,,,,1.92,1.48,,,1.72,1.46,,,1.54,1.44,,,2.19,1.63,,,,,,,,,,,,,,,,,,,,,,,,,,,,,,,,,,,,,,,,,,,,,1.46,1.49,,,1.65,1.68,,,1.54,1.89,,,,,,,1.93,2.43,,,2.15,2.45,,,2.45,2.52,,,1.69,2.16,,,,,,,,,,,,,,,,,,,,,,,,,,,Pinnacle,
armenia,premier-league,2023-09-19,Urartu,Van,3,1,1.28,5.55,7.80,1.34,5.47,8.04,,,,,,,,,,,,,,,2.14,2.26,,,1.89,1.98,,,1.68,1.76,,,2.60,2.77,,,,,,,,,,,,,,,1.47,1.55,,,,,,,,,,,,,,,,,,,,,,,,,,,,,,,,,,,,,,,,,,,,,1.72,1.59,,,1.96,1.79,,,2.22,1.99,,,1.49,1.39,,,,,,,,,,,,,,,2.67,2.31,,,,,,,,,,,,,,,,,,,,,,,,,,,Pinnacle,
armenia,premier-league,2023-09-19,Shirak Gyumri,Ararat-Armenia,1,3,8.10,4.97,1.31,9.07,4.95,1.34,,,,,,,,,,,2.87,2.72,,,,,2.06,2.11,,,1.82,1.85,,,1.61,1.65,,,2.51,2.57,,,,,,,,,,,,,,,1.46,1.45,,,,,,,,,,,,,,,,,,,,,,,,,,,,,,,,,,,1.41,1.44,,,,,1.78,1.68,,,2.04,1.91,,,2.34,2.16,,,1.52,1.45,,,,,,,,,,,,,,,2.69,2.58,,,,,,,,,,,,,,,,,,,,,,,,,,,,,Pinnacle,
armenia,premier-league,2023-09-20,Alashkert,Ararat Yerevan,2,1,1.48,4.02,5.97,1.32,5.11,9.88,,,,,,,,,2.83,2.26,,,,,2.11,1.70,,,1.85,1.54,,,1.63,1.44,,,2.62,1.97,,,,,,,,,,,,,,,1.42,1.40,,,,,,,,,,,,,,,,,,,,,,,,,,,,,,,,,,,,,,,1.41,1.59,,,,,1.74,2.07,,,2.01,2.33,,,2.30,2.74,,,1.48,1.81,,,,,,,,,,,,,,,2.85,2.89,,,,,,,,,,,,,,,,,,,,,,,,,,,Pinnacle,
armenia,premier-league,2023-09-20,BKMA,West Armenia,0,4,,,,,,,,,,,,,,,,,,,,,,,,,,,,,,,,,,,,,,,,,,,,,,,,,,,,,,,,,,,,,,,,,,,,,,,,,,,,,,,,,,,,,,,,,,,,,,,,,,,,,,,,,,,,,,,,,,,,,,,,,,,,,,,,,,,,,,,,,,,,,,,,,,,,,,,,{}
armenia,premier-league,2023-09-21,Noah,Pyunik Yerevan,0,1,4.19,3.92,1.67,3.70,3.97,1.87,,,2.27,2.50,,,1.99,2.14,,,1.76,1.92,2.81,2.42,,,,,,,,,,,,,,,1.53,1.66,,,,,,,,,,,,,,,,,,,,,,,,,,,,,,,,,,,,,,,,,,,1.65,1.47,,,1.87,1.66,,,2.09,1.85,,,1.43,1.54,,,,,,,,,,,,,2.48,2.14,,,,,,,,,,,,,,,,,,,,,,,,,,,,,,,,,,,,,,,,,,,,,Pinnacle,
armenia,premier-league,2023-09-24,Van,BKMA,1,2,2.70,3.01,2.51,2.80,3.19,2.59,1.60,1.55,1.68,1.64,1.45,1.41,1.51,1.47,,,,,2.00,1.96,,,,,,,,,,,,,,,,,,,,,,,,,,,,,,,,,,,,,,,,,,,,,,,,,,,,,,,,,,,2.20,2.14,2.38,2.30,2.53,2.46,2.73,2.64,,,,,1.85,1.81,,,,,,,,,,,,,,,,,,,,,,,,,,,,,,,,,,,,,,,,,,,,,,,,,,,,,,,,,,,Pinnacle,
armenia,premier-league,2023-09-24,Ararat Yerevan,Urartu,1,1,5.38,3.84,1.55,5.28,3.96,1.63,,,2.83,2.70,,,2.34,2.36,,,2.08,2.11,,,,,1.57,1.62,,,,,,,,,,,1.77,1.84,,,,,,,,,,,,,,,,,,,,,,,,,,,,,,,,,,,,,,,,,,,1.42,1.45,,,1.61,1.53,,,1.79,1.68,,,,,2.38,2.22,,,,,,,,,,,2.07,1.93,,,,,,,,,,,,,,,,,,,,,,,,,,,,,,,,,,,,,,,,,,,,,Pinnacle,
armenia,premier-league,2023-09-25,Pyunik Yerevan,Shirak Gyumri,1,0,1.12,7.86,14.85,1.12,8.98,19.72,,,,,,,,,,,,,,,,,,,,,,,2.52,2.33,,,,,,,1.95,1.81,,,1.74,1.63,,,1.56,1.46,,,2.25,2.06,,,,,,,,,,,,,,,,,,,,,,,,,,,,,,,,,,,,,,,,,,,,,,,,,,,,,1.51,1.52,,,,,,,1.88,1.95,,,2.09,2.17,,,2.37,2.48,,,1.65,1.68,,,,,,,,,,,,,,,,,,,,,,,,,,,Pinnacle,
armenia,premier-league,2023-09-25,Ararat-Armenia,Alashkert,3,1,2.31,3.25,2.85,2.10,3.32,3.57,2.05,1.78,1.38,1.50,1.76,1.58,,,1.56,1.42,,,1.52,1.69,,,,,,,,,,,,,1.40,1.39,,,,,,,,,,,,,,,,,,,,,,,,,,,,,,,,,,,,,,,,,,,,,3.01,2.43,1.81,2.01,,,2.08,2.29,,,2.40,2.68,2.58,2.09,,,,,,,,,,,,,,,2.91,2.98,,,,,,,,,,,,,,,,,,,,,,,,,,,,,,,,,,,,,,,,,,,Pinnacle,
armenia,premier-league,2023-09-26,West Armenia,Noah,2,4,,,,,,,,,,,,,,,,,,,,,,,,,,,,,,,,,,,,,,,,,,,,,,,,,,,,,,,,,,,,,,,,,,,,,,,,,,,,,,,,,,,,,,,,,,,,,,,,,,,,,,,,,,,,,,,,,,,,,,,,,,,,,,,,,,,,,,,,,,,,,,,,,,,,,,,,{}
armenia,premier-league,2023-09-28,Urartu,BKMA,2,1,1.50,4.07,5.61,1.34,5.29,8.40,,,,,,,,,2.69,2.23,,,,,2.19,1.70,,,1.93,1.55,,,1.71,1.46,,,2.64,1.96,,,,,,,,,,,,,,,1.50,1.43,,,,,,,,,,,,,,,,,,,,,,,,,,,,,,,,,,,,,,,1.46,1.61,,,,,1.69,2.08,,,1.92,2.32,,,2.16,2.65,,,1.48,1.82,,,,,,,,,,,,,,,2.58,2.82,,,,,,,,,,,,,,,,,,,,,,,,,,,Pinnacle,
armenia,premier-league,2023-09-29,Pyunik Yerevan,Alashkert,3,1,1.70,3.54,4.35,1.64,3.91,5.20,2.78,2.44,,,2.31,2.06,,,2.05,1.85,,,,,1.55,1.44,,,,,,,,,,,1.74,1.58,,,,,,,,,,,,,,,,,,,,,,,,,,,,,,,,,,,,,,,,,,,,,,,1.43,1.48,,,1.63,1.68,,,1.82,1.92,,,,,2.42,2.54,,,,,,,,,,,2.11,2.24,,,,,,,,,,,,,,,,,,,,,,,,,,,,,,,,,,,,,,,,,,,Pinnacle,
armenia,premier-league,2023-09-29,Ararat-Armenia,Ararat Yerevan,2,1,1.33,4.74,7.23,1.25,5.92,11.10,,,,,,,,,,,,,,,2.45,2.00,,,2.10,1.79,,,1.88,1.59,,,,,,,1.49,1.45,,,,,,,,,,,1.64,1.40,,,,,,,,,,,,,,,,,,,,,,,,,,,,,,,,,,,,,,,,,,,,,1.53,1.73,,,1.74,1.99,,,1.95,2.23,,,,,,,2.56,2.71,,,,,,,,,,,2.27,2.70,,,,,,,,,,,,,,,,,,,,,,,,,,,Pinnacle,
armenia,premier-league,2023-09-30,Van,Noah,0,2,4.20,3.51,1.76,9.23,5.08,1.33,,,,,,,,,,,2.80,1.80,,,,,2.13,1.42,,,1.88,1.47,,,1.65,1.43,,,2.60,1.55,,,,,,,,,,,,,,,1.43,1.39,,,,,,,,,,,,,,,,,,,,,,,,,,,,,,,,,,,1.43,1.98,,,,,1.73,2.68,,,1.97,2.63,,,2.26,2.72,,,1.49,2.37,,,,,,,,,,,,,,,2.80,2.95,,,,,,,,,,,,,,,,,,,,,,,,,,,,,Pinnacle,
armenia,premier-league,2023-09-30,Shirak Gyumri,West Armenia,0,0,2.31,3.31,2.74,2.63,3.82,2.41,1.63,1.76,1.75,1.51,1.50,1.56,1.58,1.41,,,,,2.02,1.71,,,,,,,,,,,,,,,,,,,,,,,,,,,,,,,,,,,,,,,,,,,,,,,,,,,,,,,,,,,2.11,2.35,2.30,2.04,2.36,2.68,2.57,2.29,,,,,1.85,2.03,,,,,,,,,,,,,,,,,,,,,,,,,,,,,,,,,,,,,,,,,,,,,,,,,,,,,,,,,,,Pinnacle,
armenia,premier-league,2023-10-03,Shirak Gyumri,Van,2,0,2.09,3.17,3.26,2.15,3.26,3.47,1.99,1.95,1.40,1.38,1.72,1.68,,,1.52,1.49,,,1.55,1.52,,,,,,,,,,,,,,,,,,,,,,,,,,,,,,,,,,,,,,,,,,,,,,,,,,,,,,,,,,,2.91,2.77,1.87,1.83,,,2.15,2.07,,,2.52,2.41,2.48,2.39,,,,,,,,,,,,,,,,,,,,,,,,,,,,,,,,,,,,,,,,,,,,,,,,,,,,,,,,,,,Pinnacle,
armenia,premier-league,2023-10-03,Ararat-Armenia,Urartu,1,2,2.09,3.34,3.08,1.82,3.66,4.27,2.41,1.93,,,2.05,1.68,,,1.79,1.50,,,1.35,1.55,,,,,,,,,,,,,1.55,1.47,,,,,,,,,,,,,,,,,,,,,,,,,,,,,,,,,,,,,,,,,,,,,,,1.58,1.85,,,1.82,2.08,,,2.04,2.39,3.16,2.30,,,,,,,,,,,,,,,2.43,2.63,,,,,,,,,,,,,,,,,,,,,,,,,,,,,,,,,,,,,,,,,,,Pinnacle,
armenia,premier-league,2023-10-04,Ararat Yerevan,Pyunik Yerevan,0,5,7.76,4.81,1.31,8.73,4.68,1.37,,,,,,,,,,,2.73,2.69,,,,,1.93,2.05,,,1.69,1.83,,,1.51,1.61,,,2.35,2.48,,,,,,,,,,,,,,,,,,,,,,,,,,,,,,,,,,,,,,,,,,,,,,,,,,,1.45,1.45,,,,,1.92,1.69,,,2.19,1.95,,,2.55,2.19,,,1.61,1.46,,,,,,,,,,,,,,,,,,,,,,,,,,,,,,,,,,,,,,,,,,,,,Pinnacle,
armenia,premier-league,2023-10-04,Alashkert,West Armenia,2,0,,,,,,,,,,,,,,,,,,,,,,,,,,,,,,,,,,,,,,,,,,,,,,,,,,,,,,,,,,,,,,,,,,,,,,,,,,,,,,,,,,,,,,,,,,,,,,,,,,,,,,,,,,,,,,,,,,,,,,,,,,,,,,,,,,,,,,,,,,,,,,,,,,,,,,,,{}
armenia,premier-league,2023-10-05,Noah,BKMA,3,0,1.45,4.17,6.13,1.23,6.00,11.98,,,,,,,,,2.78,2.32,,,,,2.52,1.76,,,2.16,1.58,,,1.93,1.42,,,2.99,2.03,,,1.50,1.47,,,,,,,,,,,1.65,1.40,,,,,,,,,,,,,,,,,,,,,,,,,,,,,,,,,,,,,,,1.43,1.54,,,,,1.51,2.03,,,1.70,2.29,,,1.91,2.67,,,1.38,1.74,,,2.54,2.65,,,,,,,,,,,2.24,2.88,,,,,,,,,,,,,,,,,,,,,,,,,,,Pinnacle,
armenia,premier-league,2023-10-19,West Armenia,Ararat Yerevan,0,2,3.03,3.52,2.22,2.81,4.06,1.99,1.46,1.48,1.95,1.89,,,1.75,1.68,,,1.58,1.50,2.24,2.25,,,1.54,1.44,,,1.48,1.50,,,,,,,1.44,1.41,,,,,,,,,,,,,,,,,,,,,,,,,,,,,,,,,,,,,,,,,,,1.79,1.94,2.49,2.59,1.97,2.20,,,2.21,2.55,,,1.58,1.65,2.28,2.60,,,2.34,2.29,,,,,,,2.54,2.83,,,,,,,,,,,,,,,,,,,,,,,,,,,,,,,,,,,,,,,,,,,,,Pinnacle,
armenia,premier-league,2023-10-20,Van,Alashkert,2,1,6.34,4.55,1.38,7.32,4.51,1.43,,,,,,,,,,,2.52,2.52,,,,,1.87,1.93,,,1.66,1.69,,,1.48,1.52,,,2.19,2.23,,,,,,,,,,,,,,,,,,,,,,,,,,,,,,,,,,,,,,,,,,,,,,,,,,,1.52,1.45,,,,,1.99,1.85,,,2.25,2.05,,,2.62,2.34,,,1.69,1.59,,,,,,,,,,,,,,,,,,,,,,,,,,,,,,,,,,,,,,,,,,,,,Pinnacle,
armenia,premier-league,2023-10-20,Pyunik Yerevan,Ararat-Armenia,1,1,1.85,3.41,3.73,1.99,3.24,3.39,2.01,2.19,1.36,1.39,1.76,1.91,,,1.56,1.67,,,1.46,1.37,1.46,1.46,,,,,,,,,,,1.37,1.45,,,,,,,,,,,,,,,,,,,,,,,,,,,,,,,,,,,,,,,,,,,,,2.82,2.91,1.72,1.61,,,1.99,1.86,,,2.28,2.08,2.50,2.79,,,2.48,2.48,,,,,,,,,,,2.80,2.51,,,,,,,,,,,,,,,,,,,,,,,,,,,,,,,,,,,,,,,,,,,Pinnacle,
armenia,premier-league,2023-10-21,Urartu,Noah,1,0,2.03,3.77,3.00,2.41,3.51,2.80,1.76,1.97,1.58,1.44,1.58,1.75,1.45,1.45,1.47,1.56,,,1.79,1.56,,,,,,,,,,,,,,,,,,,,,,,,,,,,,,,,,,,,,,,,,,,,,,,,,,,,,,,,,,,2.42,2.61,2.08,1.81,2.73,2.71,2.36,2.01,,,2.66,2.28,2.08,2.32,,,,,,,,,,,,,,,,,,,,,,,,,,,,,,,,,,,,,,,,,,,,,,,,,,,,,,,,,,,Pinnacle,
armenia,premier-league,2023-10-21,BKMA,Shirak Gyumri,1,3,2.39,3.01,2.85,2.62,3.05,2.88,1.68,1.70,1.57,1.50,1.50,1.52,1.43,1.37,1.41,1.44,,,1.84,1.73,,,,,,,,,,,,,,,,,,,,,,,,,,,,,,,,,,,,,,,,,,,,,,,,,,,,,,,,,,,2.43,2.43,2.21,2.04,2.81,2.78,2.56,2.34,,,2.86,2.60,2.02,2.08,,,,,,,,,,,,,,,,,,,,,,,,,,,,,,,,,,,,,,,,,,,,,,,,,,,,,,,,,,,Pinnacle,
armenia,premier-league,2023-10-24,Ararat Yerevan,Van,2,1,1.85,3.33,4.00,1.91,3.42,4.15,2.28,2.25,,,1.94,1.93,,,1.70,1.69,,,1.38,1.35,1.43,1.44,,,,,,,,,,,1.47,1.46,,,,,,,,,,,,,,,,,,,,,,,,,,,,,,,,,,,,,,,,,,,,,,,1.65,1.60,,,1.91,1.85,,,2.17,2.09,3.00,2.94,,,2.78,2.74,,,,,,,,,,,2.66,2.54,,,,,,,,,,,,,,,,,,,,,,,,,,,,,,,,,,,,,,,,,,,Pinnacle,
armenia,premier-league,2023-10-24,Ararat-Armenia,West Armenia,4,0,,,,,,,,,,,,,,,,,,,,,,,,,,,,,,,,,,,,,,,,,,,,,,,,,,,,,,,,,,,,,,,,,,,,,,,,,,,,,,,,,,,,,,,,,,,,,,,,,,,,,,,,,,,,,,,,,,,,,,,,,,,,,,,,,,,,,,,,,,,,,,,,,,,,,,,,{}
armenia,premier-league,2023-10-25,Pyunik Yerevan,Urartu,3,1,1.66,3.70,4.36,1.61,3.92,5.58,2.87,2.51,,,2.36,2.12,,,2.08,1.92,,,,,1.58,1.49,,,1.45,1.50,,,,,,,1.79,1.65,,,,,,,,,,,,,,,,,,,,,,,,,,,,,,,,,,,,,,,,,,,,,,,1.41,1.45,,,1.58,1.65,,,1.76,1.85,,,,,2.40,2.41,,,2.71,2.53,,,,,,,2.08,2.13,,,,,,,,,,,,,,,,,,,,,,,,,,,,,,,,,,,,,,,,,,,Pinnacle,
armenia,premier-league,2023-10-25,Alashkert,BKMA,1,0,1.33,4.78,7.01,1.36,4.99,8.11,,,,,,,,,2.81,2.55,,,,,2.04,2.00,,,1.78,1.80,,,1.58,1.59,,,2.46,2.38,,,,,,,,,,,,,,,1.42,1.40,,,,,,,,,,,,,,,,,,,,,,,,,,,,,,,,,,,,,,,1.43,1.46,,,,,1.83,1.73,,,2.06,1.98,,,2.35,2.22,,,1.56,1.50,,,,,,,,,,,,,,,2.84,2.67,,,,,,,,,,,,,,,,,,,,,,,,,,,Pinnacle,
armenia,premier-league,2023-10-26,Shirak Gyumri,Noah,0,2,4.51,3.67,1.67,5.90,3.67,1.63,,,2.89,2.54,,,2.34,2.14,,,2.06,1.92,,,,,1.54,1.49,,,,,,,,,,,1.74,1.65,,,,,,,,,,,,,,,,,,,,,,,,,,,,,,,,,,,,,,,,,,,1.41,1.46,,,1.61,1.66,,,1.81,1.85,,,,,2.45,2.45,,,,,,,,,,,2.11,2.16,,,,,,,,,,,,,,,,,,,,,,,,,,,,,,,,,,,,,,,,,,,,,Pinnacle,
armenia,premier-league,2023-10-28,Van,Ararat-Armenia,0,2,8.00,5.29,1.27,10.13,5.87,1.26,,,,,,,,,,,,,,,,,2.37,2.22,,,2.05,1.96,,,1.85,1.73,,,,,,,1.47,1.44,,,,,,,,,,,1.61,1.52,,,,,,,,,,,,,,,,,,,,,,,,,,,,,,,,,,,,,,,,,1.56,1.60,,,1.78,1.81,,,2.00,2.00,,,,,,,2.62,2.60,,,,,,,,,,,2.33,2.34,,,,,,,,,,,,,,,,,,,,,,,,,,,,,Pinnacle,
armenia,premier-league,2023-10-29,West Armenia,Pyunik Yerevan,2,3,,,,,,,,,,,,,,,,,,,,,,,,,,,,,,,,,,,,,,,,,,,,,,,,,,,,,,,1.94,1.45,,,1.77,1.49,,,1.61,1.52,,,2.23,1.45,,,1.55,1.49,1.50,1.52,,,1.46,1.61,,,,,,,,,,,,,,,,,,,,,,,,,,,,,,,,,,,,,,,,,,,,,,,1.68,2.53,,,1.87,2.42,,,2.05,2.34,,,1.50,2.62,,,2.16,2.40,,,2.28,2.21,2.33,2.18,,,Pinnacle,
armenia,premier-league,2023-10-29,BKMA,Ararat Yerevan,2,0,2.81,3.07,2.39,3.23,3.22,2.29,1.45,1.52,1.88,1.71,,,1.65,1.53,,,1.47,1.40,2.31,2.06,,,,,,,,,,,,,,,,,,,,,,,,,,,,,,,,,,,,,,,,,,,,,,,,,,,,,,,,,,,1.96,2.06,2.72,2.43,2.26,2.36,,,2.68,2.89,,,1.63,1.74,,,,,,,,,,,,,,,,,,,,,,,,,,,,,,,,,,,,,,,,,,,,,,,,,,,,,,,,,,,Pinnacle,
armenia,premier-league,2023-10-30,Urartu,Shirak Gyumri,2,2,1.34,4.72,6.99,1.30,5.37,9.91,,,,,,,,,,,,,,,2.18,1.98,,,1.90,1.78,,,1.68,1.58,,,2.73,2.36,,,,,,,,,,,,,,,1.46,1.39,,,,,,,,,,,,,,,,,,,,,,,,,,,,,,,,,,,,,,,,,,,,,1.70,1.74,,,1.95,2.00,,,2.21,2.25,,,1.45,1.51,,,,,,,,,,,,,,,2.69,2.71,,,,,,,,,,,,,,,,,,,,,,,,,,,Pinnacle,
armenia,premier-league,2023-10-30,Noah,Alashkert,4,2,2.11,3.42,3.08,2.13,3.53,3.29,2.00,1.93,1.43,1.43,1.75,1.69,,,1.56,1.51,,,1.57,1.57,,,,,,,,,,,,,,,,,,,,,,,,,,,,,,,,,,,,,,,,,,,,,,,,,,,,,,,,,,,2.81,2.65,1.85,1.85,,,2.11,2.09,,,2.42,2.40,2.44,2.31,,,,,,,,,,,,,,,,,,,,,,,,,,,,,,,,,,,,,,,,,,,,,,,,,,,,,,,,,,,Pinnacle,
armenia,premier-league,2023-11-02,Pyunik Yerevan,Van,6,0,1.11,8.60,14.13,1.11,9.95,19.88,,,,,,,,,,,,,,,,,,,,,,,2.64,2.52,,,,,,,2.01,1.95,,,1.78,1.73,,,1.60,1.56,,,2.35,2.25,,,,,,,,,,,,,,,,,,,,,,,,,,,,,,,,,,,,,,,,,,,,,,,,,,,,,1.47,1.45,,,,,,,1.83,1.81,,,2.04,2.00,,,2.31,2.24,,,1.60,1.58,,,,,,,,,,,,,,,,,,,,,,,,,,,Pinnacle,
armenia,premier-league,2023-11-02,Ararat-Armenia,BKMA,4,1,1.18,6.44,10.88,1.16,7.35,16.18,,,,,,,,,,,,,,,,,,,2.59,2.26,,,2.33,2.04,,,,,,,1.78,1.61,,,1.61,1.49,,,1.46,1.50,,,2.05,1.81,,,,,,,,,,,,,,,,,,,,,,,,,,,,,,,,,,,,,,,,,,,,,,,,,1.48,1.55,,,1.61,1.70,,,,,,,2.05,2.19,,,2.28,2.42,,,2.65,2.53,,,1.80,1.95,,,,,,,,,,,,,,,,,,,,,,,,,,,Pinnacle,
armenia,premier-league,2023-11-03,Urartu,West Armenia,1,2,,,,,,,,,,,,,,,,,,,,,,,,,,,,,,,,,,,,,,,,,,,,,,,,,,,,,,,,,,,,,,,,,,,,,,,,,,,,,,,,,,,,,,,,,,,,,,,,,,,,,,,,,,,,,,,,,,,,,,,,,,,,,,,,,,,,,,,,,,,,,,,,,,,,,,,,{}
armenia,premier-league,2023-11-03,Ararat Yerevan,Noah,0,2,5.54,3.99,1.51,5.89,4.01,1.57,,,,,,,2.44,2.45,,,2.15,2.18,,,,,1.61,1.65,,,1.47,1.50,,,,,,,1.84,1.89,,,,,,,,,,,,,,,,,,,,,,,,,,,,,,,,,,,,,,,,,,,,,,,1.55,1.49,,,1.71,1.64,,,,,2.35,2.16,,,2.66,2.43,,,,,,,2.02,1.88,,,,,,,,,,,,,,,,,,,,,,,,,,,,,,,,,,,,,,,,,,,,,Pinnacle,
armenia,premier-league,2023-11-04,Alashkert,Shirak Gyumri,0,0,1.40,4.38,6.17,1.38,4.73,8.26,,,,,,,,,2.73,2.45,,,,,1.99,1.86,,,1.75,1.66,,,1.55,1.49,,,2.38,2.16,,,,,,,,,,,,,,,,,,,,,,,,,,,,,,,,,,,,,,,,,,,,,,,,,,,,,,,1.45,1.49,,,,,1.87,1.91,,,2.11,2.14,,,2.42,2.46,,,1.59,1.65,,,,,,,,,,,,,,,,,,,,,,,,,,,,,,,,,,,,,,,,,,,Pinnacle,
armenia,premier-league,2023-11-06,BKMA,Pyunik Yerevan,1,4,9.95,6.58,1.18,11.32,6.71,1.22,,,,,,,,,,,,,,,,,2.63,2.65,,,2.23,2.29,,,2.01,2.08,,,,,,,1.57,1.65,,,,,,,,,,,1.75,1.85,,,,,,,,,,,,,,,,,,,,,,,,,,,,,,,,,,,,,,,,,1.47,1.45,,,1.65,1.54,,,1.83,1.68,,,,,,,2.35,2.12,,,,,,,,,,,2.09,1.90,,,,,,,,,,,,,,,,,,,,,,,,,,,,,Pinnacle,
armenia,premier-league,2023-11-07,Van,West Armenia,4,1,,,,,,,,,,,,,,,,,,,,,,,,,,,,,,,,,,,,,,,,,,,,,,,,,,,,,,,,,,,,,,,,,,,,,,,,,,,,,,,,,,,,,,,,,,,,,,,,,,,,,,,,,,,,,,,,,,,,,,,,,,,,,,,,,,,,,,,,,,,,,,,,,,,,,,,,{}
armenia,premier-league,2023-11-07,Noah,Ararat-Armenia,1,0,3.14,3.36,2.06,3.03,3.69,2.19,1.49,1.40,1.93,1.96,,,1.70,1.70,,,1.52,1.52,2.28,2.35,,,,,,,,,,,,,,,,,,,,,,,,,,,,,,,,,,,,,,,,,,,,,,,,,,,,,,,,,,,1.93,1.81,2.60,2.70,2.17,2.04,,,2.50,2.34,,,1.65,1.53,,,,,,,,,,,,,,,,,,,,,,,,,,,,,,,,,,,,,,,,,,,,,,,,,,,,,,,,,,,Pinnacle,
armenia,premier-league,2023-11-08,Urartu,Alashkert,1,0,2.07,3.38,3.10,2.26,3.53,3.01,1.88,1.95,1.50,1.40,1.67,1.69,,,1.49,1.51,,,1.67,1.54,,,,,,,,,,,,,,,,,,,,,,,,,,,,,,,,,,,,,,,,,,,,,,,,,,,,,,,,,,,2.57,2.67,1.97,1.83,,,2.24,2.05,,,2.61,2.35,2.23,2.33,,,,,,,,,,,,,,,,,,,,,,,,,,,,,,,,,,,,,,,,,,,,,,,,,,,,,,,,,,,Pinnacle,
armenia,premier-league,2023-11-08,Shirak Gyumri,Ararat Yerevan,1,2,2.70,3.00,2.51,2.60,3.17,2.80,1.68,1.55,1.60,1.64,1.51,1.41,1.45,1.47,,,,,1.85,1.96,,,,,,,,,,,,,,,,,,,,,,,,,,,,,,,,,,,,,,,,,,,,,,,,,,,,,,,,,,,2.38,2.14,2.21,2.31,2.73,2.46,2.54,2.64,,,,,2.00,1.81,,,,,,,,,,,,,,,,,,,,,,,,,,,,,,,,,,,,,,,,,,,,,,,,,,,,,,,,,,,Pinnacle,
armenia,premier-league,2023-11-10,West Armenia,BKMA,1,0,,,,,,,,,,,,,,,,,,,,,,,,,,,,,,,,,,,,,,,,,,,,,,,,,,,,,,,,,,,,,,,,,,,,,,,,,,,,,,,,,,,,,,,,,,,,,,,,,,,,,,,,,,,,,,,,,,,,,,,,,,,,,,,,,,,,,,,,,,,,,,,,,,,,,,,,{}
armenia,premier-league,2023-11-11,Pyunik Yerevan,Noah,3,1,1.83,4.35,3.18,1.56,4.85,4.78,2.65,2.17,,,2.47,1.95,,,2.21,1.74,,,,,1.69,1.49,,,1.54,1.52,,,,,,,1.93,1.53,,,,,,,,,,,,,,,,,,,,,,,,,,,,,,,,,,,,,,,,,,,,,,,1.47,1.64,,,1.54,1.83,,,1.68,2.02,,,,,2.19,2.56,,,2.45,2.47,,,,,,,1.92,2.35,,,,,,,,,,,,,,,,,,,,,,,,,,,,,,,,,,,,,,,,,,,Pinnacle,
armenia,premier-league,2023-11-11,Ararat-Armenia,Shirak Gyumri,2,0,1.21,5.94,9.83,1.28,5.70,10.09,,,,,,,,,,,,,,,2.30,2.50,,,1.99,2.14,,,1.76,1.93,,,2.90,2.94,,,,,,,,,,,,,,,1.53,1.68,,,,,,,,,,,,,,,,,,,,,,,,,,,,,,,,,,,,,,,,,,,,,1.63,1.46,,,1.86,1.65,,,2.09,1.83,,,1.40,1.38,,,,,,,,,,,,,,,2.48,2.08,,,,,,,,,,,,,,,,,,,,,,,,,,,Pinnacle,
armenia,premier-league,2023-11-12,Van,Urartu,2,2,5.98,4.64,1.39,8.45,5.08,1.35,,,,,,,,,,,,,,,,,2.11,1.93,,,1.87,1.70,,,1.66,1.53,,,2.54,2.22,,,,,,,,,,,,,,,1.46,1.42,,,,,,,,,,,,,,,,,,,,,,,,,,,,,,,,,,,,,,,,,1.74,1.85,,,1.98,2.04,,,2.24,2.31,,,1.51,1.59,,,,,,,,,,,,,,,2.69,2.68,,,,,,,,,,,,,,,,,,,,,,,,,,,,,Pinnacle,
armenia,premier-league,2023-11-12,Ararat Yerevan,Alashkert,0,1,4.16,3.41,1.79,4.71,3.51,1.78,,,2.48,2.34,,,2.07,1.99,,,1.84,1.75,3.19,3.09,,,1.44,1.44,,,,,,,,,,,1.57,1.51,,,,,,,,,,,,,,,,,,,,,,,,,,,,,,,,,,,,,,,,,,,1.53,1.56,,,1.77,1.79,,,2.02,2.01,,,1.34,1.32,2.77,2.75,,,,,,,,,,,2.43,2.41,,,,,,,,,,,,,,,,,,,,,,,,,,,,,,,,,,,,,,,,,,,,,Pinnacle,
armenia,premier-league,2023-11-28,Shirak Gyumri,Pyunik Yerevan,1,1,8.88,5.71,1.23,11.65,5.90,1.24,,,,,,,,,,,,,,,,,2.37,2.40,,,2.03,2.08,,,1.81,1.88,,,3.00,3.03,,,1.43,1.50,,,,,,,,,,,1.56,1.64,,,,,,,,,,,,,,,,,,,,,,,,,,,,,,,,,,,,,,,,,1.56,1.50,,,1.79,1.69,,,2.04,1.88,,,1.38,1.36,,,2.77,2.41,,,,,,,,,,,2.44,2.16,,,,,,,,,,,,,,,,,,,,,,,,,,,,,Pinnacle,
armenia,premier-league,2023-11-29,Urartu,Ararat Yerevan,2,1,1.41,4.41,6.04,1.49,4.47,6.18,,,,,2.66,2.59,,,2.37,2.42,,,,,1.77,1.86,,,1.59,1.65,,,1.44,1.48,,,2.06,2.14,,,,,,,,,,,,,,,,,,,,,,,,,,,,,,,,,,,,,,,,,,,,,,,,,,,1.47,1.48,,,1.60,1.48,,,,,2.08,1.91,,,2.34,2.12,,,2.74,2.43,,,1.81,1.64,,,,,,,,,,,,,,,,,,,,,,,,,,,,,,,,,,,,,,,,,,,Pinnacle,
armenia,premier-league,2023-11-29,Noah,West Armenia,5,1,,,,,,,,,,,,,,,,,,,,,,,,,,,,,,,,,,,,,,,,,,,,,,,,,,,,,,,,,,,,,,,,,,,,,,,,,,,,,,,,,,,,,,,,,,,,,,,,,,,,,,,,,,,,,,,,,,,,,,,,,,,,,,,,,,,,,,,,,,,,,,,,,,,,,,,,{}
armenia,premier-league,2023-11-30,Alashkert,Ararat-Armenia,1,1,3.38,3.24,2.05,3.01,3.37,2.34,1.51,1.37,1.83,2.00,,,1.63,1.73,,,1.45,1.53,2.19,2.49,,,,,,,,,,,,,,,,,,,,,,,,,,,,,,,,,,,,,,,,,,,,,,,,,,,,,,,,,,,2.02,1.78,2.55,2.88,2.31,2.03,,,2.73,2.35,,,1.69,1.50,,,,,,,,,,,,,,,,,,,,,,,,,,,,,,,,,,,,,,,,,,,,,,,,,,,,,,,,,,,Pinnacle,
armenia,premier-league,2023-11-30,BKMA,Van,7,1,2.27,3.15,2.91,1.67,4.13,4.63,2.67,1.79,,,2.25,1.58,1.43,1.43,2.00,1.41,,,,,1.53,1.43,,,,,,,,,,,1.71,1.45,,,,,,,,,,,,,,,,,,,,,,,,,,,,,,,,,,,,,,,,,,,,,,,1.47,1.99,2.80,2.80,1.66,2.25,,,1.85,2.65,,,,,2.47,2.80,,,,,,,,,,,2.16,2.73,,,,,,,,,,,,,,,,,,,,,,,,,,,,,,,,,,,,,,,,,,,Pinnacle,
armenia,premier-league,2023-12-04,Noah,Van,3,1,,,,,,,,,,,,,,,,,,,,,,,,,,,,,,,,,,,,,,,,,,,,,,,,,,,,,2.39,1.50,,,2.13,1.51,,,1.95,1.48,,,2.40,1.53,,,1.60,1.51,,,,,1.75,1.48,,,,,,,,,,,,,,,,,,,,,,,,,,,,,,,,,,,,,,,,,,,,,,,,,,,1.48,2.41,,,1.62,2.23,,,1.76,2.30,,,1.44,2.44,,,2.14,2.24,,,,,1.94,2.30,Pinnacle,
armenia,premier-league,2023-12-04,BKMA,Urartu,2,0,4.99,4.10,1.54,5.30,4.39,1.56,,,2.76,2.71,,,2.46,2.36,,,2.20,2.13,,,,,1.68,1.65,,,1.54,1.52,,,,,,,1.93,1.89,,,,,,,,,,,,,,,,,,,,,,,,,,,,,,,,,,,,,,,,,,,1.44,1.44,,,1.54,1.51,,,1.68,1.65,,,,,2.20,2.11,,,2.46,2.34,,,,,,,1.93,1.88,,,,,,,,,,,,,,,,,,,,,,,,,,,,,,,,,,,,,,,,,,,,,Pinnacle,
armenia,premier-league,2023-12-05,Shirak Gyumri,West Armenia,1,2,,,,,,,,,,,,,,,,,,,,,,,,,,,,,,,,,,,,,,,,,,,,,,,,,,,,,,,,,,,,,,,,,,,,,,,,,,,,,,,,,,,,,,,,,,,,,,,,,,,,,,,,,,,,,,,,,,,,,,,,,,,,,,,,,,,,,,,,,,,,,,,,,,,,,,,,{}
armenia,premier-league,2023-12-05,Ararat Yerevan,Ararat-Armenia,0,1,6.74,4.35,1.40,8.58,4.72,1.37,,,,,,,,,,,2.77,2.47,,,,,2.03,1.85,,,1.78,1.65,,,1.58,1.48,,,2.43,2.17,,,,,,,,,,,,,,,1.44,1.41,,,,,,,,,,,,,,,,,,,,,,,,,,,,,,,,,,,1.44,1.47,,,,,1.83,1.88,,,2.07,2.12,,,2.36,2.44,,,1.57,1.62,,,,,,,,,,,,,,,2.77,2.85,,,,,,,,,,,,,,,,,,,,,,,,,,,,,Pinnacle,
armenia,premier-league,2023-12-06,Alashkert,Pyunik Yerevan,1,1,4.25,3.58,1.73,3.47,3.39,2.11,1.40,1.38,2.04,2.40,,,1.76,2.04,,,1.56,1.84,2.53,2.95,,,,,,,,,,,,,,,,,,,,,,,,,,,,,,,,,,,,,,,,,,,,,,,,,,,,,,,,,,,1.83,1.49,2.94,2.96,2.09,1.70,,,2.42,1.93,,,1.53,1.38,,,,,,,,,,,,,,,,,,,,,,,,,,,,,,,,,,,,,,,,,,,,,,,,,,,,,,,,,,,Pinnacle,
armenia,premier-league,2023-12-08,BKMA,Noah,0,2,8.19,5.02,1.30,7.50,4.70,1.41,,,,,,,,,,,2.62,2.23,,,,,1.93,1.88,,,1.70,1.85,,,1.52,1.65,,,2.28,2.59,,,,,,,,,,,,,,,,,,,,,,,,,,,,,,,,,,,,,,,,,,,,,,,,,,,1.48,1.47,,,,,1.93,1.97,,,2.17,1.92,,,2.51,2.16,,,1.64,1.44,,,,,,,,,,,,,,,,,,,,,,,,,,,,,,,,,,,,,,,,,,,,,Pinnacle,
armenia,premier-league,2023-12-09,Van,Shirak Gyumri,4,0,3.22,3.20,2.14,3.66,3.54,1.82,1.41,1.40,2.22,1.92,,,1.93,1.68,,,1.69,1.49,2.78,2.35,,,1.49,1.46,,,,,,,,,,,1.45,1.38,,,,,,,,,,,,,,,,,,,,,,,,,,,,,,,,,,,,,,,,,,,1.60,1.85,2.88,2.74,1.82,2.12,,,2.06,2.46,,,1.37,1.55,2.61,2.69,,,,,,,,,,,2.51,2.98,,,,,,,,,,,,,,,,,,,,,,,,,,,,,,,,,,,,,,,,,,,,,Pinnacle,
armenia,premier-league,2023-12-09,Urartu,Ararat-Armenia,1,3,3.22,3.35,2.07,3.41,3.55,2.07,1.40,1.38,2.06,1.98,,,1.79,1.71,,,1.58,1.52,2.53,2.38,,,,,,,,,,,,,,,1.40,1.40,,,,,,,,,,,,,,,,,,,,,,,,,,,,,,,,,,,,,,,,,,,1.81,1.80,2.91,2.73,2.05,2.03,,,2.35,2.32,,,1.53,1.52,,,,,,,,,,,,,2.92,2.92,,,,,,,,,,,,,,,,,,,,,,,,,,,,,,,,,,,,,,,,,,,,,Pinnacle,
armenia,premier-league,2023-12-10,West Armenia,Alashkert,1,1,,,,,,,,,,,,,,,,,,,,,,,,,,,,,,,,,,,,,,,,,,,,,,,,,,,,,,,,,,,,,,,,,,,,,,,,,,,,,,,,,,,,,,,,,,,,,,,,,,,,,,,,,,,,,,,,,,,,,,,,,,,,,,,,,,,,,,,,,,,,,,,,,,,,,,,,{}
armenia,premier-league,2023-12-11,Pyunik Yerevan,Ararat Yerevan,2,2,1.22,5.89,9.46,1.20,7.08,12.25,,,,,,,,,,,,,,,,,,,2.38,2.12,,,2.15,1.93,,,,,,,1.68,1.52,,,1.55,1.59,,,1.51,1.55,,,1.90,1.67,,,,,,,,,,,,,,,,,,,,,,,,,,,,,,,,,,,,,,,,,,,,,,,,,1.56,1.65,,,1.70,1.83,,,,,,,2.18,2.33,,,2.41,2.20,,,2.52,2.35,,,1.93,2.08,,,,,,,,,,,,,,,,,,,,,,,,,,,Pinnacle,
