Country,League,Date,Home,Away,FTHG,FTAG,bookmaker,HO_Open,DO_Open,AO_Open,HO_Close,DO_Close,AO_Close,-3.25_AH_H_Open,-3.25_AH_H_Close,+3.25_AH_A_Open,+3.25_AH_A_Close,-3_AH_H_Open,-3_AH_H_Close,+3_AH_A_Open,+3_AH_A_Close,-2.75_AH_H_Open,-2.75_AH_H_Close,+2.75_AH_A_Open,+2.75_AH_A_Close,-2.5_AH_H_Open,-2.5_AH_H_Close,+2.5_AH_A_Open,+2.5_AH_A_Close,-2.25_AH_H_Open,-2.25_AH_H_Close,+2.25_AH_A_Open,+2.25_AH_A_Close,-2_AH_H_Open,-2_AH_H_Close,+2_AH_A_Open,+2_AH_A_Close,-1.75_AH_H_Open,-1.75_AH_H_Close,+1.75_AH_A_Open,+1.75_AH_A_Close,-1.5_AH_H_Open,-1.5_AH_H_Close,+1.5_AH_A_Open,+1.5_AH_A_Close,-1.25_AH_H_Open,-1.25_AH_H_Close,+1.25_AH_A_Open,+1.25_AH_A_Close,-1_AH_H_Open,-1_AH_H_Close,+1_AH_A_Open,+1_AH_A_Close,-0.75_AH_H_Open,-0.75_AH_H_Close,+0.75_AH_A_Open,+0.75_AH_A_Close,-0.5_AH_H_Open,-0.5_AH_H_Close,+0.5_AH_A_Open,+0.5_AH_A_Close,-0.25_AH_H_Open,-0.25_AH_H_Close,+0.25_AH_A_Open,+0.25_AH_A_Close,+0_AH_H_Open,+0_AH_H_Close,-0_AH_A_Open,-0_AH_A_Close,+0.25_AH_H_Open,+0.25_AH_H_Close,-0.25_AH_A_Open,-0.25_AH_A_Close,+0.5_AH_H_Open,+0.5_AH_H_Close,-0.5_AH_A_Open,-0.5_AH_A_Close,+0.75_AH_H_Open,+0.75_AH_H_Close,-0.75_AH_A_Open,-0.75_AH_A_Close,+1_AH_H_Open,+1_AH_H_Close,-1_AH_A_Open,-1_AH_A_Close,+1.25_AH_H_Open,+1.25_AH_H_Close,-1.25_AH_A_Open,-1.25_AH_A_Close,+1.5_AH_H_Open,+1.5_AH_H_Close,-1.5_AH_A_Open,-1.5_AH_A_Close,+1.75_AH_H_Open,+1.75_AH_H_Close,-1.75_AH_A_Open,-1.75_AH_A_Close,+2_AH_H_Open,+2_AH_H_Close,-2_AH_A_Open,-2_AH_A_Close,+2.25_AH_H_Open,+2.25_AH_H_Close,-2.25_AH_A_Open,-2.25_AH_A_Close,+2.5_AH_H_Open,+2.5_AH_H_Close,-2.5_AH_A_Open,-2.5_AH_A_Close,+2.75_AH_H_Open,+2.75_AH_H_Close,-2.75_AH_A_Open,-2.75_AH_A_Close,+3_AH_H_Open,+3_AH_H_Close,-3_AH_A_Open,-3_AH_A_Close
austria,2-liga,2023-07-28,Bregenz,First Vienna,2,0,Pinnacle,2.68,3.48,2.54,3.02,3.85,2.2,,,,,,,,,,,,,,,,,,,,,,,,,,,,,,,,,,,,,,,,,3.24,3.71,1.35,1.29,2.67,2.99,1.5,1.4,2.32,2.64,1.63,1.51,1.98,2.28,1.88,1.66,1.7,1.92,2.2,1.93,1.54,1.7,2.53,2.19,1.39,1.52,3.04,2.58,1.25,1.34,4.09,3.3,1.23,1.29,4.12,3.71,,,,,,,,,,,,,,,,,,,,,,,,,,,,
austria,2-liga,2023-07-28,Admira,Stripfing,1,0,Pinnacle,1.96,3.75,3.57,2.41,3.75,2.76,,,,,,,,,,,,,,,,,,,,,,,,,,,,,,,,,3.14,4.07,1.37,1.25,2.77,3.75,1.47,1.28,2.25,2.85,1.67,1.43,1.92,2.39,1.85,1.6,1.72,2.09,2.17,1.77,1.48,1.8,2.71,2.07,1.38,1.59,3.12,2.41,1.31,1.47,3.53,2.75,1.27,1.33,3.89,3.36,1.2,1.2,4.72,4.68,,,,,,,,,,,,,,,,,,,,,,,,,,,,,,,,
austria,2-liga,2023-07-28,Liefering,Dornbirn,0,1,Pinnacle,1.52,4.54,5.45,1.73,4.36,4.15,,,,,,,,,,,,,,,,,,,,,,,,,2.77,3.42,1.41,1.32,2.35,2.81,1.56,1.44,2.08,2.52,1.71,1.55,1.81,2.22,1.96,1.69,1.61,1.92,2.25,1.93,1.49,1.72,2.54,2.16,1.34,1.54,3.08,2.54,1.2,1.35,4.22,3.25,1.24,1.29,3.85,3.68,,,,,,,,,,,,,,,,,,,,,,,,,,,,,,,,,,,,,,,,,,,,
austria,2-liga,2023-07-28,Leoben,Horn,3,2,Pinnacle,2.85,3.5,2.39,1.95,3.73,3.77,,,,,,,,,,,,,,,,,,,,,,,,,,,,,3.52,3.48,1.31,1.32,3.85,3.11,1.26,1.38,4.45,2.74,1.19,1.47,3.39,2.23,1.29,1.68,2.76,1.95,1.41,1.9,2.42,1.69,1.53,2.2,2.06,1.45,1.72,2.82,1.75,1.35,2.04,3.27,1.57,1.28,2.33,3.72,,,,,,,,,,,,,,,,,,,,,,,,,,,,,,,,,,,,,,,,
austria,2-liga,2023-07-28,Lafnitz,Kapfenberg,3,0,Pinnacle,1.67,4.12,4.59,1.81,4.0,4.06,,,,,,,,,,,,,,,,,,,,,,,,,3.39,3.71,1.33,1.29,2.78,3.01,1.45,1.4,2.47,2.7,1.56,1.49,2.15,2.38,1.73,1.6,1.81,2.03,1.95,1.83,1.67,1.81,2.26,2.04,1.49,1.6,2.7,2.4,1.3,1.38,3.58,3.1,1.25,1.3,4.06,3.56,1.26,1.26,3.93,3.94,,,,,,,,,,,,,,,,,,,,,,,,,,,,,,,,,,,,,,,,
austria,2-liga,2023-07-28,Grazer AK,Amstetten,3,0,Pinnacle,1.49,4.64,5.74,1.6,4.46,5.03,,,,,,,,,,,,,,,,,,,,,3.51,4.22,1.31,1.24,2.75,3.15,1.47,1.37,2.33,2.62,1.63,1.51,2.01,2.31,1.77,1.64,1.78,2.01,2.07,1.85,1.6,1.75,2.39,2.13,1.48,1.59,2.69,2.41,1.34,1.42,3.31,2.91,1.2,1.26,4.47,3.97,,,,,,,,,,,,,,,,,,,,,,,,,,,,,,,,,,,,,,,,,,,,,,,,
austria,2-liga,2023-07-30,Floridsdorfer AC,Ried,1,1,Pinnacle,3.42,3.52,2.09,2.67,3.47,2.63,,,,,,,,,,,,,,,,,,,,,,,,,,,,,,,,,,,,,5.02,4.53,1.18,1.21,4.34,3.25,1.23,1.35,3.38,2.65,1.33,1.5,2.97,2.29,1.41,1.65,2.54,1.94,1.54,1.91,2.01,1.66,1.78,2.26,1.78,1.51,2.08,2.62,1.58,1.36,2.44,3.19,1.38,1.22,3.1,4.43,,,,,,,,,,,,,,,,,,,,,,,,,,,,,,,,
austria,2-liga,2023-07-30,Sturm Graz (Am),St. Polten,1,4,Pinnacle,4.05,3.87,1.81,4.18,4.21,1.75,,,,,,,,,,,,,,,,,,,,,,,,,,,,,,,,,,,,,,,,,,,,,,,,,3.55,3.69,1.31,1.29,3.1,3.24,1.38,1.35,2.41,2.51,1.59,1.55,2.04,2.13,1.81,1.74,1.78,1.89,2.01,1.96,1.57,1.64,2.45,2.3,1.45,1.51,2.82,2.64,1.37,1.41,3.16,2.96,1.26,1.29,3.94,3.64,,,,,,,,,,,,,,,,,,,,
austria,2-liga,2023-08-04,Stripfing,Leoben,1,4,Pinnacle,2.25,3.62,2.99,2.58,3.55,2.66,,,,,,,,,,,,,,,,,,,,,,,,,,,,,,,,,,,,,3.38,4.11,1.33,1.25,2.64,3.09,1.5,1.38,2.24,2.57,1.68,1.53,1.93,2.23,1.85,1.68,1.68,1.9,2.24,1.95,1.52,1.65,2.61,2.3,1.41,1.5,2.96,2.65,1.29,1.36,3.68,3.2,1.19,1.23,4.83,4.33,,,,,,,,,,,,,,,,,,,,,,,,,,,,,,,,
austria,2-liga,2023-08-04,St. Polten,Lafnitz,2,0,Pinnacle,1.7,4.0,4.52,1.74,4.08,4.4,,,,,,,,,,,,,,,,,,,,,,,,,3.56,3.6,1.3,1.3,2.89,2.92,1.42,1.42,2.57,2.6,1.53,1.52,2.23,2.27,1.68,1.66,1.86,1.93,1.91,1.92,1.69,1.73,2.2,2.15,1.51,1.53,2.64,2.56,1.31,1.33,3.5,3.38,1.26,1.27,3.98,3.86,1.26,1.26,3.95,3.98,,,,,,,,,,,,,,,,,,,,,,,,,,,,,,,,,,,,,,,,
austria,2-liga,2023-08-04,Ried,Admira,2,2,Pinnacle,1.54,4.39,5.43,2.25,3.71,3.02,,,,,,,,,,,,,,,,,,,,,,,,,,,,,,,,,2.19,3.87,1.7,1.27,1.86,3.43,1.91,1.32,1.67,2.65,2.24,1.5,1.54,2.24,2.54,1.68,1.38,1.96,3.11,1.88,1.23,1.67,4.32,2.25,1.24,1.51,3.83,2.63,1.27,1.4,3.74,2.99,1.23,1.28,4.32,3.76,,,,,,,,,,,,,,,,,,,,,,,,,,,,,,,,,,,,
austria,2-liga,2023-08-04,Kapfenberg,Floridsdorfer AC,1,1,Pinnacle,3.42,3.52,2.05,4.71,3.86,1.74,,,,,,,,,,,,,,,,,,,,,,,,,,,,,,,,,,,,,,,,,,,,,,,,,2.9,4.1,1.38,1.25,2.51,3.56,1.5,1.3,2.03,2.61,1.75,1.52,1.78,2.16,2.0,1.72,1.58,1.9,2.31,1.95,1.39,1.63,2.9,2.32,1.31,1.49,3.27,2.68,1.26,1.39,3.65,3.03,1.26,1.28,3.93,3.78,,,,,,,,,,,,,,,,,,,,
austria,2-liga,2023-08-04,Dornbirn,Grazer AK,0,1,Pinnacle,4.03,3.97,1.79,4.85,4.34,1.63,,,,,,,,,,,,,,,,,,,,,,,,,,,,,,,,,,,,,,,,,,,,,,,,,3.55,4.29,1.31,1.23,3.11,3.8,1.38,1.28,2.43,2.82,1.58,1.45,2.07,2.34,1.79,1.63,1.8,2.07,1.98,1.8,1.6,1.78,2.39,2.08,1.48,1.6,2.74,2.4,1.39,1.47,3.06,2.71,1.28,1.35,3.79,3.29,,,,,,,,,,,,,,,,,,,,
austria,2-liga,2023-08-05,Amstetten,Bregenz,1,2,Pinnacle,1.7,4.0,4.52,1.96,3.72,3.73,,,,,,,,,,,,,,,,,,,,,,,,,,,,,2.82,3.58,1.4,1.3,2.51,3.19,1.5,1.36,2.18,2.81,1.65,1.46,1.86,2.25,1.91,1.67,1.66,1.96,2.16,1.89,1.48,1.7,2.57,2.19,1.29,1.46,3.4,2.79,1.24,1.35,3.85,3.24,1.31,1.29,3.53,3.69,,,,,,,,,,,,,,,,,,,,,,,,,,,,,,,,,,,,,,,,
austria,2-liga,2023-08-06,First Vienna,Sturm Graz (Am),2,2,Pinnacle,2.28,3.81,2.91,2.13,3.86,3.16,,,,,,,,,,,,,,,,,,,,,,,,,,,,,3.47,3.64,1.32,1.29,3.81,3.46,1.27,1.32,3.41,3.07,1.33,1.38,2.67,2.46,1.5,1.57,2.27,2.12,1.66,1.75,1.95,1.87,1.82,1.99,1.7,1.6,2.19,2.39,1.54,1.47,2.54,2.77,1.43,1.37,2.88,3.13,1.31,1.26,3.55,3.91,,,,,,,,,,,,,,,,,,,,,,,,,,,,,,,,,,,,
austria,2-liga,2023-08-11,Stripfing,Ried,1,0,Pinnacle,3.11,3.85,2.03,3.19,3.87,2.11,,,,,,,,,,,,,,,,,,,,,,,,,,,,,,,,,,,,,,,,,3.89,4.03,1.23,1.25,3.08,3.15,1.34,1.37,2.74,2.79,1.43,1.46,2.39,2.41,1.55,1.59,1.99,2.0,1.79,1.85,1.75,1.76,2.03,2.1,1.56,1.58,2.35,2.44,1.37,1.39,2.92,3.03,1.3,1.33,3.3,3.41,,,,,,,,,,,,,,,,,,,,,,,,,,,,
austria,2-liga,2023-08-11,St. Polten,Liefering,0,1,Pinnacle,1.77,4.01,3.83,1.53,4.59,5.54,,,,,,,,,,,,,,,,,3.73,3.78,1.28,1.28,4.38,3.69,1.22,1.29,3.69,2.85,1.25,1.43,3.0,2.42,1.36,1.59,2.69,2.14,1.44,1.74,2.36,1.86,1.56,1.99,1.99,1.65,1.79,2.28,1.76,1.53,2.01,2.57,1.56,1.37,2.35,3.15,1.36,1.22,2.97,4.41,,,,,,,,,,,,,,,,,,,,,,,,,,,,,,,,,,,,,,,,,,,,,,,,
austria,2-liga,2023-08-11,First Vienna,Grazer AK,2,3,Pinnacle,3.96,4.11,1.72,5.0,4.19,1.64,,,,,,,,,,,,,,,,,,,,,,,,,,,,,,,,,,,,,,,,,,,,,,,,,3.51,4.41,1.28,1.22,3.1,3.88,1.34,1.27,2.43,2.83,1.53,1.45,2.07,2.33,1.71,1.63,1.84,2.07,1.93,1.8,1.6,1.79,2.27,2.07,1.47,1.61,2.6,2.38,1.38,1.48,2.91,2.67,1.27,1.35,3.58,3.26,1.22,1.24,4.39,4.22,,,,,,,,,,,,,,,,
austria,2-liga,2023-08-11,Admira,Horn,1,0,Pinnacle,1.74,3.9,4.09,1.88,3.89,3.85,,,,,,,,,,,,,,,,,,,,,,,,,,,,,3.02,3.35,1.35,1.33,2.69,2.99,1.44,1.4,2.34,2.62,1.57,1.51,1.96,2.15,1.82,1.73,1.73,1.88,2.05,1.96,1.53,1.65,2.43,2.28,1.33,1.43,3.16,2.93,1.26,1.33,3.6,3.36,1.27,1.28,3.54,3.8,,,,,,,,,,,,,,,,,,,,,,,,,,,,,,,,,,,,,,,,
austria,2-liga,2023-08-12,Lafnitz,Dornbirn,1,0,Pinnacle,1.74,4.14,3.87,1.85,3.96,3.92,,,,,,,,,,,,,,,,,,,,,,,,,3.64,3.67,1.26,1.29,2.95,3.11,1.37,1.38,2.64,2.79,1.46,1.45,2.3,2.47,1.58,1.57,1.94,2.08,1.83,1.78,1.72,1.85,2.06,2.0,1.54,1.63,2.4,2.33,1.35,1.41,3.04,3.0,1.28,1.32,3.44,3.43,1.29,1.27,3.69,3.87,,,,,,,,,,,,,,,,,,,,,,,,,,,,,,,,,,,,,,,,
austria,2-liga,2023-08-12,Bregenz,Kapfenberg,0,2,Pinnacle,1.89,3.83,3.52,2.1,3.57,3.47,,,,,,,,,,,,,,,,,,,,,,,,,,,,,3.33,3.8,1.3,1.28,2.98,3.57,1.36,1.3,2.64,3.14,1.46,1.37,2.15,2.45,1.66,1.57,1.89,2.09,1.88,1.77,1.66,1.82,2.16,2.05,1.44,1.53,2.7,2.55,1.34,1.41,3.09,3.01,1.28,1.32,3.48,3.43,1.23,1.22,4.17,4.43,,,,,,,,,,,,,,,,,,,,,,,,,,,,,,,,,,,,
austria,2-liga,2023-08-13,Sturm Graz (Am),Floridsdorfer AC,2,2,Pinnacle,3.03,3.65,2.14,3.95,3.61,1.93,,,,,,,,,,,,,,,,,,,,,,,,,,,,,,,,,,,,,,,,,,,,,3.0,3.9,1.36,1.27,2.65,3.41,1.45,1.33,2.28,2.93,1.6,1.43,1.9,2.24,1.87,1.68,1.68,1.92,2.13,1.93,1.5,1.69,2.5,2.22,1.33,1.48,3.16,2.74,1.27,1.38,3.55,3.11,1.28,1.31,3.61,3.49,,,,,,,,,,,,,,,,,,,,,,,,
austria,2-liga,2023-08-13,Leoben,Amstetten,1,0,Pinnacle,1.84,3.85,3.67,1.74,4.15,4.29,,,,,,,,,,,,,,,,,,,,,,,,,3.68,3.65,1.29,1.29,3.24,2.96,1.31,1.41,2.89,2.64,1.38,1.51,2.54,2.3,1.49,1.65,2.09,1.95,1.7,1.9,1.84,1.74,1.93,2.14,1.62,1.54,2.24,2.54,1.4,1.34,2.83,3.32,1.32,1.28,3.23,3.78,,,,,,,,,,,,,,,,,,,,,,,,,,,,,,,,,,,,,,,,,,,,
austria,2-liga,2023-08-18,Ried,Leoben,2,0,Pinnacle,1.81,4.17,3.53,2.02,3.83,3.45,,,,,,,,,,,,,,,,,,,,,,,,,,,,,3.08,3.71,1.34,1.29,2.76,3.32,1.41,1.34,2.44,2.93,1.53,1.42,2.04,2.34,1.74,1.63,1.81,2.02,1.96,1.84,1.61,1.76,2.25,2.1,1.42,1.52,2.78,2.6,1.33,1.4,3.13,3.0,1.28,1.33,3.49,3.41,1.25,1.24,3.68,4.15,,,,,,,,,,,,,,,,,,,,,,,,,,,,,,,,,,,,
austria,2-liga,2023-08-18,Horn,First Vienna,2,0,Pinnacle,2.36,3.65,2.68,2.53,3.75,2.62,,,,,,,,,,,,,,,,,,,,,,,,,,,,,,,,,,,,,3.65,4.05,1.26,1.25,2.79,3.02,1.41,1.4,2.35,2.51,1.56,1.55,2.06,2.2,1.72,1.7,1.77,1.89,2.02,1.96,1.57,1.65,2.34,2.28,1.45,1.52,2.66,2.6,1.32,1.37,3.23,3.14,1.19,1.24,4.4,4.21,,,,,,,,,,,,,,,,,,,,,,,,,,,,,,,,
austria,2-liga,2023-08-18,Grazer AK,Sturm Graz (Am),1,0,Pinnacle,1.45,4.88,6.04,1.29,6.22,8.57,,,,,,,,,3.59,3.54,1.3,1.31,3.31,2.93,1.34,1.42,3.59,2.63,1.3,1.51,3.21,2.32,1.36,1.63,2.57,2.0,1.53,1.86,2.2,1.78,1.69,2.07,1.92,1.6,1.85,2.4,1.69,1.4,2.2,2.98,1.54,1.33,2.53,3.36,1.44,1.3,2.84,3.59,,,,,,,,,,,,,,,,,,,,,,,,,,,,,,,,,,,,,,,,,,,,,,,,,,,,,,,,
austria,2-liga,2023-08-18,Floridsdorfer AC,Lafnitz,3,0,Pinnacle,1.81,3.85,3.81,2.04,3.53,3.67,,,,,,,,,,,,,,,,,,,,,,,,,,,,,3.17,3.83,1.33,1.27,2.82,3.42,1.4,1.32,2.48,3.01,1.51,1.41,2.05,2.37,1.74,1.61,1.81,2.04,1.97,1.82,1.59,1.76,2.29,2.11,1.38,1.49,2.93,2.69,1.3,1.37,3.35,3.15,1.25,1.3,3.76,3.62,,,,,,,,,,,,,,,,,,,,,,,,,,,,,,,,,,,,,,,,
austria,2-liga,2023-08-18,Liefering,Bregenz,2,1,Pinnacle,1.81,4.16,3.53,1.81,4.05,4.05,,,,,,,,,,,,,,,,,,,,,,,,,3.73,3.79,1.27,1.28,3.09,3.07,1.34,1.38,2.77,2.75,1.41,1.47,2.44,2.41,1.52,1.59,2.04,2.03,1.74,1.83,1.81,1.8,1.96,2.05,1.61,1.59,2.25,2.41,1.42,1.38,2.78,3.1,1.33,1.31,3.13,3.55,,,,,,,,,,,,,,,,,,,,,,,,,,,,,,,,,,,,,,,,,,,,
austria,2-liga,2023-08-18,Amstetten,Stripfing,1,1,Pinnacle,1.87,3.93,3.5,2.65,3.77,2.49,,,,,,,,,,,,,,,,,,,,,,,,,,,,,,,,,,,,,2.58,4.25,1.47,1.23,2.12,3.17,1.68,1.36,1.87,2.63,1.9,1.51,1.65,2.31,2.18,1.64,1.43,1.99,2.71,1.87,1.34,1.71,3.09,2.17,1.28,1.56,3.46,2.48,1.24,1.41,3.85,2.97,1.21,1.26,4.54,3.97,,,,,,,,,,,,,,,,,,,,,,,,,,,,,,,,
austria,2-liga,2023-08-19,Dornbirn,Admira,1,0,Pinnacle,2.94,3.61,2.29,3.22,3.48,2.24,,,,,,,,,,,,,,,,,,,,,,,,,,,,,,,,,,,,,,,,,3.6,4.04,1.3,1.25,2.91,3.19,1.42,1.36,2.56,2.78,1.53,1.46,2.19,2.35,1.7,1.62,1.81,1.92,1.95,1.93,1.65,1.68,2.28,2.23,1.49,1.51,2.69,2.64,1.32,1.32,3.46,3.42,1.27,1.27,3.88,3.87,,,,,,,,,,,,,,,,,,,,,,,,,,,,
austria,2-liga,2023-08-20,Kapfenberg,St. Polten,0,3,Pinnacle,4.72,4.34,1.57,4.79,4.01,1.69,,,,,,,,,,,,,,,,,,,,,,,,,,,,,,,,,,,,,,,,,,,,,,,,,4.23,4.19,1.23,1.24,3.77,3.66,1.25,1.29,2.81,2.69,1.4,1.49,2.35,2.22,1.56,1.69,2.07,1.97,1.71,1.88,1.8,1.7,1.98,2.2,1.6,1.54,2.27,2.53,1.48,1.43,2.57,2.85,1.34,1.31,3.08,3.5,1.21,1.22,4.09,4.4,,,,,,,,,,,,,,,,
austria,2-liga,2023-08-22,Horn,Liefering,2,1,Pinnacle,2.93,3.8,2.22,2.76,3.84,2.37,,,,,,,,,,,,,,,,,,,,,,,,,,,,,,,,,,,,,4.11,4.49,1.21,1.21,3.56,3.31,1.31,1.34,2.9,2.73,1.42,1.47,2.57,2.41,1.53,1.59,2.23,2.08,1.68,1.78,1.85,1.79,1.91,2.08,1.69,1.61,2.21,2.36,1.53,1.46,2.58,2.79,1.36,1.3,3.23,3.56,1.3,1.26,3.61,3.96,,,,,,,,,,,,,,,,,,,,,,,,,,,,
austria,2-liga,2023-08-25,Admira,Amstetten,3,1,Pinnacle,1.77,3.92,4.21,1.83,3.92,4.04,,,,,,,,,,,,,,,,,,,,,,,,,3.79,3.92,1.28,1.26,3.06,3.22,1.39,1.36,2.72,2.86,1.48,1.43,2.37,2.51,1.61,1.55,1.94,2.07,1.82,1.78,1.76,1.83,2.1,2.03,1.56,1.61,2.49,2.37,1.35,1.39,3.24,3.08,1.29,1.31,3.7,3.53,1.25,1.26,3.95,3.99,,,,,,,,,,,,,,,,,,,,,,,,,,,,,,,,,,,,,,,,
austria,2-liga,2023-08-25,Dornbirn,Bregenz,0,5,Pinnacle,2.25,3.67,2.97,2.58,3.21,2.9,,,,,,,,,,,,,,,,,,,,,,,,,,,,,,,,,3.74,4.52,1.28,1.21,3.34,4.34,1.34,1.23,2.63,3.13,1.51,1.37,2.24,2.57,1.68,1.53,1.93,2.19,1.85,1.7,1.68,1.82,2.23,2.05,1.52,1.57,2.59,2.46,1.41,1.44,2.93,2.88,1.3,1.3,3.63,3.59,1.23,1.18,4.11,5.16,,,,,,,,,,,,,,,,,,,,,,,,,,,,,,,,
austria,2-liga,2023-08-25,Leoben,First Vienna,0,1,Pinnacle,1.75,4.0,4.22,1.94,3.86,3.66,,,,,,,,,,,,,,,,,,,,,,,,,,,,,2.97,3.55,1.4,1.31,2.65,3.16,1.5,1.37,2.31,2.78,1.64,1.46,1.92,2.23,1.85,1.68,1.75,1.94,2.13,1.91,1.55,1.7,2.52,2.2,1.35,1.47,3.26,2.77,1.29,1.36,3.71,3.19,1.27,1.3,3.56,3.62,,,,,,,,,,,,,,,,,,,,,,,,,,,,,,,,,,,,,,,,
austria,2-liga,2023-08-25,St. Polten,Floridsdorfer AC,2,0,Pinnacle,1.89,3.64,3.94,2.15,3.38,3.52,,,,,,,,,,,,,,,,,,,,,,,,,,,,,,,,,3.07,3.69,1.38,1.29,2.68,3.25,1.49,1.35,2.17,2.53,1.72,1.54,1.85,2.14,1.92,1.74,1.65,1.85,2.29,2.01,1.42,1.54,2.97,2.54,1.32,1.4,3.42,3.02,1.27,1.32,3.89,3.48,1.22,1.21,4.37,4.5,,,,,,,,,,,,,,,,,,,,,,,,,,,,,,,,,,,,
austria,2-liga,2023-08-25,Liefering,Ried,1,1,Pinnacle,2.66,3.56,2.52,3.33,3.74,2.09,,,,,,,,,,,,,,,,,,,,,,,,,,,,,,,,,,,,,,,,,3.19,4.17,1.36,1.24,2.65,3.29,1.5,1.34,2.31,2.91,1.64,1.43,1.93,2.49,1.83,1.56,1.71,2.04,2.19,1.83,1.55,1.78,2.5,2.08,1.4,1.58,2.99,2.43,1.26,1.38,3.97,3.07,1.25,1.31,4.01,3.49,,,,,,,,,,,,,,,,,,,,,,,,,,,,
austria,2-liga,2023-08-25,Stripfing,Horn,3,1,Pinnacle,1.85,3.88,3.63,1.92,3.98,3.65,,,,,,,,,,,,,,,,,,,,,,,,,,,,,3.21,3.35,1.32,1.33,2.87,3.0,1.38,1.4,2.54,2.65,1.49,1.5,2.09,2.18,1.7,1.71,1.85,1.92,1.93,1.93,1.63,1.68,2.22,2.23,1.41,1.46,2.8,2.8,1.32,1.36,3.19,3.2,1.27,1.3,3.59,3.61,,,,,,,,,,,,,,,,,,,,,,,,,,,,,,,,,,,,,,,,
austria,2-liga,2023-08-27,Lafnitz,Grazer AK,4,1,Pinnacle,3.11,3.66,2.18,4.58,4.07,1.71,,,,,,,,,,,,,,,,,,,,,,,,,,,,,,,,,,,,,,,,,,,,,,,,,2.72,4.02,1.48,1.25,2.34,3.52,1.63,1.31,1.91,2.63,1.86,1.51,1.72,2.19,2.17,1.7,1.54,1.93,2.54,1.92,1.36,1.66,3.21,2.26,1.3,1.51,3.61,2.62,1.29,1.41,3.52,2.95,1.26,1.29,3.99,3.64,,,,,,,,,,,,,,,,,,,,
austria,2-liga,2023-08-27,Sturm Graz (Am),Kapfenberg,3,3,Pinnacle,2.01,4.0,3.08,1.94,4.05,3.53,,,,,,,,,,,,,,,,,,,,,,,,,,,,,3.5,3.37,1.3,1.33,3.15,3.02,1.33,1.4,2.8,2.68,1.4,1.49,2.29,2.2,1.59,1.7,2.0,1.94,1.77,1.91,1.78,1.7,2.0,2.19,1.54,1.48,2.39,2.71,1.43,1.38,2.73,3.09,1.35,1.32,3.05,3.48,1.25,1.26,3.77,3.96,,,,,,,,,,,,,,,,,,,,,,,,,,,,,,,,,,,,
austria,2-liga,2023-09-01,Grazer AK,Ried,1,0,Pinnacle,1.92,3.71,3.54,2.6,3.37,2.76,,,,,,,,,,,,,,,,,,,,,,,,,,,,,,,,,,,,,2.72,4.2,1.43,1.24,2.19,3.12,1.64,1.37,1.92,2.59,1.85,1.52,1.67,2.23,2.14,1.68,1.44,1.87,2.69,1.98,1.34,1.61,3.1,2.36,1.28,1.47,3.5,2.74,1.22,1.33,4.35,3.41,1.16,1.19,5.47,4.92,,,,,,,,,,,,,,,,,,,,,,,,,,,,,,,,
austria,2-liga,2023-09-01,Floridsdorfer AC,Liefering,3,1,Pinnacle,1.83,3.88,3.67,1.82,3.84,4.2,,,,,,,,,,,,,,,,,,,,,,,,,3.7,3.97,1.25,1.26,3.2,3.26,1.32,1.35,2.86,2.88,1.39,1.43,2.52,2.51,1.5,1.55,2.08,2.06,1.71,1.79,1.83,1.82,1.93,2.04,1.61,1.59,2.24,2.41,1.4,1.37,2.84,3.19,1.32,1.29,3.23,3.66,1.26,1.24,3.63,4.14,,,,,,,,,,,,,,,,,,,,,,,,,,,,,,,,,,,,,,,,
austria,2-liga,2023-09-01,First Vienna,Stripfing,1,0,Pinnacle,2.12,3.61,3.26,3.05,3.79,2.21,,,,,,,,,,,,,,,,,,,,,,,,,,,,,,,,,,,,,3.13,4.64,1.37,1.2,2.47,3.77,1.56,1.28,2.11,3.02,1.75,1.4,1.81,2.66,1.95,1.5,1.58,2.29,2.44,1.65,1.45,1.92,2.84,1.93,1.36,1.7,3.22,2.2,1.25,1.52,4.09,2.6,1.2,1.33,4.78,3.38,1.23,1.27,4.26,3.83,,,,,,,,,,,,,,,,,,,,,,,,,,,,
austria,2-liga,2023-09-01,Amstetten,St. Polten,0,1,Pinnacle,3.83,3.88,1.86,6.67,4.75,1.45,,,,,,,,,,,,,,,,,,,,,,,,,,,,,,,,,,,,,,,,,,,,,,,,,,,,,2.94,4.95,1.42,1.19,2.32,3.6,1.64,1.3,1.95,2.84,1.82,1.44,1.76,2.52,2.1,1.55,1.54,2.19,2.54,1.7,1.43,1.88,2.88,1.98,1.35,1.68,3.24,2.24,1.28,1.51,3.44,2.63,1.23,1.33,4.16,3.36,1.25,1.28,4.03,3.77,,,,,,,,,,,,
austria,2-liga,2023-09-01,Admira,Sturm Graz (Am),1,1,Pinnacle,1.71,4.07,4.35,1.64,4.42,4.73,,,,,,,,,,,,,,,,,,,,,4.44,4.4,1.22,1.22,3.53,3.3,1.31,1.34,2.88,2.72,1.43,1.47,2.57,2.41,1.53,1.59,2.24,2.09,1.68,1.78,1.87,1.81,1.9,2.06,1.71,1.63,2.18,2.33,1.52,1.46,2.59,2.8,1.33,1.28,3.38,3.72,1.27,1.24,3.84,4.19,,,,,,,,,,,,,,,,,,,,,,,,,,,,,,,,,,,,,,,,,,,,
austria,2-liga,2023-09-02,Bregenz,Lafnitz,2,1,Pinnacle,2.73,3.47,2.51,2.61,3.65,2.58,,,,,,,,,,,,,,,,,,,,,,,,,,,,,,,,,,,,,4.56,4.26,1.21,1.23,3.31,3.14,1.34,1.37,2.71,2.6,1.48,1.52,2.36,2.27,1.61,1.66,1.97,1.93,1.81,1.91,1.72,1.68,2.17,2.24,1.56,1.53,2.49,2.57,1.4,1.38,3.0,3.09,1.25,1.24,4.02,4.17,,,,,,,,,,,,,,,,,,,,,,,,,,,,,,,,
austria,2-liga,2023-09-02,Horn,Dornbirn,3,0,Pinnacle,2.12,3.62,3.25,2.03,3.8,3.46,,,,,,,,,,,,,,,,,,,,,,,,,,,,,3.51,3.73,1.31,1.28,3.53,3.33,1.31,1.34,3.12,2.94,1.37,1.42,2.47,2.34,1.56,1.62,2.11,2.03,1.75,1.83,1.81,1.76,1.95,2.1,1.58,1.52,2.44,2.61,1.45,1.4,2.84,3.01,1.36,1.32,3.22,3.42,1.25,1.24,4.07,4.13,,,,,,,,,,,,,,,,,,,,,,,,,,,,,,,,,,,,
austria,2-liga,2023-09-03,Kapfenberg,Leoben,2,1,Pinnacle,3.53,3.66,2.01,3.2,3.26,2.35,,,,,,,,,,,,,,,,,,,,,,,,,,,,,,,,,,,,,,,,,3.8,4.01,1.24,1.25,3.48,3.17,1.32,1.37,3.07,2.73,1.39,1.48,2.65,2.27,1.5,1.66,2.12,1.85,1.75,2.01,1.81,1.62,1.97,2.34,1.64,1.46,2.31,2.78,1.43,1.3,2.89,3.61,1.35,1.25,3.28,4.04,,,,,,,,,,,,,,,,,,,,,,,,,,,,
austria,2-liga,2023-09-15,Dornbirn,Amstetten,1,0,Pinnacle,2.48,3.52,2.72,2.5,3.75,2.65,,,,,,,,,,,,,,,,,,,,,,,,,,,,,,,,,4.28,4.12,1.22,1.24,3.93,4.01,1.26,1.25,2.95,2.99,1.41,1.4,2.47,2.49,1.56,1.56,2.15,2.18,1.73,1.71,1.8,1.87,1.98,1.98,1.61,1.64,2.36,2.31,1.48,1.51,2.71,2.63,1.34,1.36,3.29,3.19,1.21,1.23,4.51,4.34,,,,,,,,,,,,,,,,,,,,,,,,,,,,,,,,
austria,2-liga,2023-09-15,Liefering,Stripfing,1,2,Pinnacle,1.9,3.83,3.71,2.34,3.88,2.79,,,,,,,,,,,,,,,,,,,,,,,,,,,,,,,,,2.98,4.0,1.4,1.26,2.63,3.57,1.51,1.3,2.16,2.76,1.72,1.47,1.86,2.33,1.91,1.63,1.67,2.05,2.25,1.81,1.45,1.76,2.84,2.11,1.35,1.58,3.25,2.44,1.29,1.46,3.66,2.76,1.27,1.33,3.58,3.4,,,,,,,,,,,,,,,,,,,,,,,,,,,,,,,,,,,,
austria,2-liga,2023-09-15,Floridsdorfer AC,Admira,3,2,Pinnacle,2.01,3.69,3.48,2.17,3.46,3.39,,,,,,,,,,,,,,,,,,,,,,,,,,,,,,,,,3.26,3.6,1.35,1.3,2.89,3.19,1.43,1.36,2.31,2.53,1.64,1.54,1.97,2.16,1.81,1.72,1.75,1.87,2.11,1.98,1.51,1.57,2.63,2.47,1.39,1.43,3.03,2.92,1.32,1.33,3.44,3.35,1.26,1.23,3.97,4.3,,,,,,,,,,,,,,,,,,,,,,,,,,,,,,,,,,,,
austria,2-liga,2023-09-15,Leoben,Grazer AK,1,2,Pinnacle,3.61,3.81,1.93,3.33,3.94,2.04,,,,,,,,,,,,,,,,,,,,,,,,,,,,,,,,,,,,,,,,,,,,,3.56,3.29,1.3,1.34,3.16,2.91,1.37,1.42,2.76,2.54,1.47,1.54,2.2,2.07,1.7,1.78,1.88,1.83,1.89,2.04,1.69,1.62,2.2,2.35,1.49,1.42,2.7,2.94,1.39,1.34,3.05,3.33,1.32,1.28,3.42,3.72,,,,,,,,,,,,,,,,,,,,,,,,
austria,2-liga,2023-09-15,St. Polten,First Vienna,1,2,Pinnacle,1.47,4.61,6.16,1.55,4.44,5.59,,,,,,,,,,,,,,,,,,,,,3.5,3.97,1.31,1.26,2.73,2.99,1.48,1.4,2.31,2.5,1.64,1.56,2.0,2.2,1.79,1.7,1.75,1.91,2.12,1.94,1.57,1.68,2.45,2.23,1.46,1.54,2.77,2.53,1.32,1.38,3.46,3.12,1.18,1.22,4.53,4.41,,,,,,,,,,,,,,,,,,,,,,,,,,,,,,,,,,,,,,,,,,,,,,,,
austria,2-liga,2023-09-15,Lafnitz,Horn,2,0,Pinnacle,1.87,3.92,3.52,2.19,3.71,3.14,,,,,,,,,,,,,,,,,,,,,,,,,,,,,,,,,2.91,3.64,1.38,1.29,2.57,3.24,1.48,1.35,2.12,2.56,1.68,1.53,1.87,2.18,1.9,1.71,1.65,1.91,2.19,1.94,1.43,1.63,2.72,2.34,1.34,1.48,3.1,2.73,1.28,1.38,3.48,3.11,1.25,1.27,3.96,3.9,,,,,,,,,,,,,,,,,,,,,,,,,,,,,,,,,,,,
austria,2-liga,2023-09-17,Sturm Graz (Am),Bregenz,0,2,Pinnacle,2.01,3.79,3.4,2.41,3.84,2.71,,,,,,,,,,,,,,,,,,,,,,,,,,,,,,,,,,,,,2.83,3.73,1.45,1.28,2.3,2.85,1.65,1.43,1.97,2.4,1.81,1.6,1.76,2.11,2.11,1.76,1.52,1.82,2.59,2.05,1.4,1.61,2.98,2.37,1.33,1.49,3.37,2.69,1.26,1.35,3.62,3.26,1.23,1.22,4.17,4.42,,,,,,,,,,,,,,,,,,,,,,,,,,,,,,,,
austria,2-liga,2023-09-17,Ried,Kapfenberg,2,0,Pinnacle,1.58,4.36,5.09,1.52,4.47,5.93,,,,,,,,,,,,,,,,,,,,,3.89,3.85,1.23,1.27,2.96,2.91,1.36,1.42,2.49,2.44,1.51,1.58,2.2,2.15,1.63,1.73,1.92,1.86,1.85,2.0,1.68,1.64,2.12,2.3,1.54,1.51,2.4,2.61,1.38,1.35,2.9,3.24,1.23,1.2,3.91,4.69,,,,,,,,,,,,,,,,,,,,,,,,,,,,,,,,,,,,,,,,,,,,,,,,
austria,2-liga,2023-09-22,Stripfing,Kapfenberg,2,3,Pinnacle,1.76,4.0,4.17,1.79,3.92,4.26,,,,,,,,,,,,,,,,,,,,,,,,,3.69,3.94,1.29,1.26,2.99,3.14,1.4,1.37,2.67,2.8,1.5,1.46,2.33,2.43,1.63,1.58,1.93,2.03,1.84,1.83,1.75,1.78,2.11,2.07,1.56,1.57,2.49,2.46,1.36,1.35,3.22,3.24,1.29,1.28,3.67,3.72,1.25,1.25,4.11,4.11,,,,,,,,,,,,,,,,,,,,,,,,,,,,,,,,,,,,,,,,
austria,2-liga,2023-09-22,Leoben,Floridsdorfer AC,0,4,Pinnacle,2.57,3.53,2.61,2.9,3.59,2.38,,,,,,,,,,,,,,,,,,,,,,,,,,,,,,,,,,,,,,,,,3.08,3.55,1.38,1.31,2.56,2.87,1.53,1.43,2.23,2.51,1.68,1.55,1.87,2.13,1.9,1.74,1.66,1.81,2.27,2.07,1.52,1.61,2.6,2.37,1.37,1.45,3.13,2.84,1.24,1.28,4.21,3.74,1.21,1.24,4.19,4.19,,,,,,,,,,,,,,,,,,,,,,,,,,,,
austria,2-liga,2023-09-22,Amstetten,Lafnitz,1,2,Pinnacle,2.71,3.54,2.48,2.94,3.8,2.26,,,,,,,,,,,,,,,,,,,,,,,,,,,,,,,,,,,,,,,,,3.18,3.58,1.32,1.3,2.63,2.91,1.46,1.42,2.3,2.57,1.58,1.53,1.97,2.21,1.81,1.69,1.69,1.87,2.11,1.98,1.53,1.67,2.42,2.25,1.38,1.5,2.88,2.66,1.24,1.33,3.79,3.41,1.25,1.27,3.76,3.83,,,,,,,,,,,,,,,,,,,,,,,,,,,,
austria,2-liga,2023-09-22,Admira,St. Polten,2,2,Pinnacle,2.96,3.55,2.3,3.22,3.21,2.37,,,,,,,,,,,,,,,,,,,,,,,,,,,,,,,,,,,,,,,,,3.54,4.05,1.27,1.25,2.86,3.18,1.39,1.36,2.52,2.74,1.5,1.47,2.15,2.27,1.66,1.66,1.81,1.84,1.96,2.02,1.62,1.61,2.24,2.36,1.45,1.45,2.65,2.84,1.29,1.28,3.41,3.78,1.24,1.23,3.82,4.24,,,,,,,,,,,,,,,,,,,,,,,,,,,,
austria,2-liga,2023-09-23,Bregenz,Ried,0,0,Pinnacle,3.66,3.76,1.93,4.55,3.79,1.77,,,,,,,,,,,,,,,,,,,,,,,,,,,,,,,,,,,,,,,,,,,,,3.61,3.89,1.3,1.27,3.19,3.96,1.36,1.26,2.78,3.42,1.46,1.32,2.21,2.52,1.69,1.55,1.88,2.1,1.89,1.76,1.69,1.85,2.21,2.0,1.48,1.59,2.72,2.41,1.38,1.46,3.08,2.79,1.32,1.37,3.46,3.14,1.25,1.26,4.04,3.95,,,,,,,,,,,,,,,,,,,,
austria,2-liga,2023-09-23,Grazer AK,Liefering,3,0,Pinnacle,1.61,4.32,4.88,1.56,4.5,5.33,,,,,,,,,,,,,,,,,,,,,4.13,4.06,1.24,1.25,3.12,3.05,1.38,1.39,2.61,2.55,1.52,1.54,2.31,2.24,1.64,1.68,1.97,1.94,1.81,1.91,1.75,1.7,2.12,2.2,1.6,1.56,2.39,2.5,1.43,1.39,2.87,3.04,1.27,1.24,3.86,4.22,,,,,,,,,,,,,,,,,,,,,,,,,,,,,,,,,,,,,,,,,,,,,,,,
austria,2-liga,2023-09-23,First Vienna,Dornbirn,0,0,Pinnacle,1.91,3.71,3.55,1.75,4.02,4.37,,,,,,,,,,,,,,,,,,,,,,,,,3.94,3.84,1.18,1.27,3.42,3.07,1.29,1.38,3.06,2.73,1.35,1.48,2.7,2.36,1.44,1.61,2.19,1.97,1.64,1.88,1.91,1.75,1.85,2.13,1.67,1.54,2.14,2.53,1.44,1.34,2.7,3.35,1.34,1.27,3.1,3.83,,,,,,,,,,,,,,,,,,,,,,,,,,,,,,,,,,,,,,,,,,,,
austria,2-liga,2023-09-24,Horn,Sturm Graz (Am),4,0,Pinnacle,1.94,3.8,3.6,1.74,4.36,4.13,,,,,,,,,,,,,,,,,,,,,,,,,3.75,3.49,1.28,1.31,3.44,2.87,1.32,1.43,3.07,2.57,1.38,1.53,2.71,2.25,1.48,1.67,2.21,1.93,1.69,1.93,1.9,1.72,1.87,2.15,1.7,1.54,2.2,2.53,1.47,1.35,2.75,3.23,1.37,1.29,3.15,3.66,1.3,1.27,3.56,3.83,,,,,,,,,,,,,,,,,,,,,,,,,,,,,,,,,,,,,,,,
austria,2-liga,2023-09-29,St. Polten,Grazer AK,1,3,Pinnacle,2.25,3.48,3.11,2.38,3.5,2.96,,,,,,,,,,,,,,,,,,,,,,,,,,,,,,,,,3.9,4.36,1.27,1.22,3.46,3.87,1.32,1.27,2.66,2.87,1.5,1.44,2.24,2.37,1.68,1.61,1.91,2.06,1.86,1.81,1.65,1.72,2.29,2.15,1.49,1.53,2.69,2.55,1.38,1.42,3.07,2.93,1.27,1.29,3.88,3.67,,,,,,,,,,,,,,,,,,,,,,,,,,,,,,,,,,,,
austria,2-liga,2023-09-29,Liefering,Leoben,2,2,Pinnacle,2.25,3.62,2.99,2.3,3.64,3.0,,,,,,,,,,,,,,,,,,,,,,,,,,,,,,,,,3.8,3.9,1.28,1.27,3.38,3.48,1.33,1.32,2.64,2.7,1.5,1.49,2.24,2.29,1.68,1.65,1.93,2.0,1.85,1.86,1.68,1.69,2.24,2.21,1.52,1.52,2.61,2.6,1.41,1.41,2.96,2.96,1.29,1.29,3.68,3.68,,,,,,,,,,,,,,,,,,,,,,,,,,,,,,,,,,,,
austria,2-liga,2023-09-29,Ried,Horn,5,0,Pinnacle,1.75,4.0,4.22,1.56,4.35,5.58,,,,,,,,,,,,,,,,,,,,,4.19,3.98,1.21,1.26,3.67,3.01,1.29,1.4,2.97,2.52,1.4,1.55,2.65,2.22,1.5,1.68,2.31,1.93,1.64,1.92,1.92,1.69,1.85,2.21,1.75,1.56,2.13,2.5,1.55,1.38,2.52,3.08,1.35,1.22,3.26,4.37,,,,,,,,,,,,,,,,,,,,,,,,,,,,,,,,,,,,,,,,,,,,,,,,
austria,2-liga,2023-09-29,Dornbirn,Stripfing,1,3,Pinnacle,2.59,3.48,2.63,3.35,3.74,2.09,,,,,,,,,,,,,,,,,,,,,,,,,,,,,,,,,,,,,,,,,3.11,4.22,1.38,1.24,2.58,3.31,1.53,1.34,2.24,2.92,1.68,1.43,1.91,2.51,1.94,1.55,1.65,2.04,2.28,1.82,1.51,1.78,2.62,2.08,1.37,1.58,3.17,2.42,1.23,1.39,4.29,3.05,1.23,1.32,3.92,3.47,,,,,,,,,,,,,,,,,,,,,,,,,,,,
austria,2-liga,2023-09-30,Kapfenberg,Admira,1,1,Pinnacle,3.23,3.45,2.12,3.45,3.41,2.17,,,,,,,,,,,,,,,,,,,,,,,,,,,,,,,,,,,,,,,,,4.04,4.4,1.22,1.22,3.19,3.41,1.32,1.33,2.8,2.97,1.41,1.42,2.38,2.5,1.55,1.56,1.93,1.99,1.83,1.86,1.69,1.72,2.11,2.16,1.51,1.53,2.48,2.55,1.33,1.34,3.17,3.3,1.27,1.28,3.57,3.75,,,,,,,,,,,,,,,,,,,,,,,,,,,,
austria,2-liga,2023-09-30,Floridsdorfer AC,Bregenz,1,2,Pinnacle,1.67,4.09,4.63,1.76,3.8,4.64,,,,,,,,,,,,,,,,,,,,,,,,,3.42,3.96,1.32,1.26,2.79,3.13,1.45,1.37,2.48,2.77,1.56,1.47,2.15,2.39,1.73,1.6,1.81,1.99,1.95,1.87,1.66,1.75,2.26,2.12,1.48,1.53,2.71,2.56,1.3,1.31,3.61,3.49,1.25,1.25,4.09,4.03,,,,,,,,,,,,,,,,,,,,,,,,,,,,,,,,,,,,,,,,,,,,
austria,2-liga,2023-10-01,Sturm Graz (Am),Amstetten,3,2,Pinnacle,2.25,3.62,2.99,2.88,3.99,2.24,,,,,,,,,,,,,,,,,,,,,,,,,,,,,,,,,,,,,3.38,4.23,1.33,1.23,2.64,3.48,1.5,1.32,2.24,2.85,1.68,1.43,1.93,2.53,1.85,1.54,1.68,2.19,2.24,1.7,1.52,1.88,2.61,1.98,1.41,1.68,2.96,2.23,1.29,1.52,3.68,2.6,1.24,1.35,3.98,3.27,1.27,1.29,3.81,3.65,,,,,,,,,,,,,,,,,,,,,,,,,,,,
austria,2-liga,2023-10-01,Lafnitz,First Vienna,2,3,Pinnacle,1.91,3.88,3.42,2.23,3.95,2.91,,,,,,,,,,,,,,,,,,,,,,,,,,,,,,,,,3.01,3.76,1.36,1.28,2.66,3.34,1.45,1.34,2.18,2.62,1.65,1.51,1.91,2.22,1.86,1.68,1.68,1.97,2.13,1.88,1.46,1.69,2.63,2.21,1.36,1.53,3.01,2.55,1.29,1.43,3.38,2.88,1.25,1.3,3.76,3.56,,,,,,,,,,,,,,,,,,,,,,,,,,,,,,,,,,,,
austria,2-liga,2023-10-06,Stripfing,St. Polten,4,1,Pinnacle,3.49,3.68,1.94,3.86,3.78,1.91,,,,,,,,,,,,,,,,,,,,,,,,,,,,,,,,,,,,,,,,,,,,,3.45,3.81,1.28,1.27,3.05,3.36,1.35,1.33,2.64,2.91,1.45,1.43,2.11,2.26,1.69,1.67,1.83,1.94,1.94,1.91,1.62,1.7,2.23,2.19,1.42,1.48,2.76,2.72,1.33,1.38,3.12,3.11,1.28,1.31,3.48,3.51,,,,,,,,,,,,,,,,,,,,,,,,
austria,2-liga,2023-10-06,Leoben,Lafnitz,1,1,Pinnacle,2.11,3.72,3.03,2.01,3.75,3.55,,,,,,,,,,,,,,,,,,,,,,,,,,,,,3.59,3.53,1.3,1.31,3.45,3.17,1.28,1.37,3.08,2.82,1.34,1.45,2.45,2.3,1.52,1.65,2.1,2.01,1.69,1.85,1.85,1.75,1.92,2.12,1.59,1.5,2.29,2.66,1.45,1.38,2.66,3.09,1.36,1.31,3.0,3.51,,,,,,,,,,,,,,,,,,,,,,,,,,,,,,,,,,,,,,,,
austria,2-liga,2023-10-06,Horn,Kapfenberg,0,2,Pinnacle,1.94,3.85,3.56,2.47,3.56,2.79,,,,,,,,,,,,,,,,,,,,,,,,,,,,,,,,,3.04,4.1,1.39,1.25,2.69,3.89,1.49,1.27,2.21,2.93,1.69,1.41,1.9,2.46,1.87,1.57,1.7,2.13,2.19,1.74,1.48,1.81,2.73,2.05,1.37,1.59,3.12,2.41,1.31,1.46,3.52,2.78,1.24,1.33,4.22,3.41,1.2,1.2,4.72,4.76,,,,,,,,,,,,,,,,,,,,,,,,,,,,,,,,
austria,2-liga,2023-10-06,First Vienna,Floridsdorfer AC,2,2,Pinnacle,3.52,3.58,1.96,2.96,3.65,2.31,,,,,,,,,,,,,,,,,,,,,,,,,,,,,,,,,,,,,,,,,4.21,3.68,1.2,1.29,3.48,2.93,1.28,1.41,3.06,2.57,1.35,1.53,2.64,2.19,1.45,1.7,2.09,1.85,1.7,2.01,1.81,1.65,1.96,2.3,1.6,1.47,2.26,2.75,1.4,1.3,2.84,3.61,1.32,1.25,3.22,4.07,,,,,,,,,,,,,,,,,,,,,,,,,,,,
austria,2-liga,2023-10-06,Amstetten,Ried,2,3,Pinnacle,4.55,4.11,1.63,5.99,4.52,1.51,,,,,,,,,,,,,,,,,,,,,,,,,,,,,,,,,,,,,,,,,,,,,,,,,,,,,3.57,4.75,1.27,1.2,2.68,3.28,1.44,1.35,2.23,2.64,1.62,1.51,1.98,2.34,1.8,1.63,1.7,2.03,2.09,1.83,1.54,1.76,2.41,2.1,1.43,1.61,2.71,2.38,1.31,1.44,3.29,2.81,1.21,1.29,4.33,3.66,,,,,,,,,,,,,,,,
austria,2-liga,2023-10-07,Grazer AK,Bregenz,1,0,Pinnacle,1.51,4.5,5.07,1.54,4.43,5.73,,,,,,,,,,,,,,,,,,,,,3.8,4.1,1.24,1.25,2.9,3.05,1.38,1.39,2.44,2.53,1.52,1.54,2.15,2.22,1.66,1.68,1.87,1.92,1.9,1.93,1.64,1.67,2.19,2.25,1.51,1.53,2.48,2.56,1.36,1.37,3.01,3.16,1.22,1.21,4.09,4.52,,,,,,,,,,,,,,,,,,,,,,,,,,,,,,,,,,,,,,,,,,,,,,,,
austria,2-liga,2023-10-07,Dornbirn,Sturm Graz (Am),2,3,Pinnacle,2.15,3.65,3.0,2.24,3.67,3.06,,,,,,,,,,,,,,,,,,,,,,,,,,,,,,,,,3.55,3.76,1.27,1.28,3.16,3.35,1.33,1.33,2.51,2.63,1.5,1.51,2.14,2.23,1.67,1.68,1.88,1.95,1.88,1.9,1.61,1.66,2.26,2.27,1.46,1.5,2.62,2.66,1.36,1.39,2.97,3.03,1.25,1.28,3.68,3.78,,,,,,,,,,,,,,,,,,,,,,,,,,,,,,,,,,,,
austria,2-liga,2023-10-08,Liefering,Admira,1,1,Pinnacle,2.53,3.51,2.56,2.9,3.64,2.35,,,,,,,,,,,,,,,,,,,,,,,,,,,,,,,,,,,,,4.07,4.54,1.22,1.21,3.03,3.55,1.35,1.31,2.52,2.87,1.5,1.43,2.19,2.52,1.64,1.55,1.87,2.14,1.9,1.74,1.62,1.82,2.23,2.05,1.48,1.62,2.55,2.34,1.34,1.46,3.09,2.8,1.21,1.29,4.17,3.66,1.24,1.25,4.13,4.1,,,,,,,,,,,,,,,,,,,,,,,,,,,,
austria,2-liga,2023-10-20,Admira,Grazer AK,0,0,Pinnacle,2.88,3.48,2.29,3.17,3.55,2.23,,,,,,,,,,,,,,,,,,,,,,,,,,,,,,,,,,,,,,,,,3.54,3.96,1.27,1.26,2.86,3.14,1.39,1.37,2.5,2.75,1.5,1.47,2.13,2.33,1.68,1.63,1.79,1.92,1.99,1.93,1.6,1.68,2.28,2.22,1.43,1.51,2.71,2.62,1.27,1.33,3.54,3.37,1.23,1.28,3.96,3.8,,,,,,,,,,,,,,,,,,,,,,,,,,,,
austria,2-liga,2023-10-20,Floridsdorfer AC,Amstetten,0,0,Pinnacle,1.5,4.4,5.36,1.65,4.16,4.81,,,,,,,,,,,,,,,,,,,,,3.8,4.5,1.24,1.21,2.9,3.42,1.38,1.32,2.43,2.79,1.53,1.45,2.14,2.47,1.67,1.56,1.85,2.14,1.92,1.74,1.63,1.83,2.22,2.02,1.5,1.65,2.52,2.29,1.34,1.46,3.09,2.78,1.2,1.28,4.31,3.79,1.25,1.23,4.01,4.31,,,,,,,,,,,,,,,,,,,,,,,,,,,,,,,,,,,,,,,,,,,,
austria,2-liga,2023-10-20,Ried,First Vienna,4,1,Pinnacle,1.53,4.29,5.22,1.45,4.72,6.73,,,,,,,,,,,,,,,,,4.12,3.96,1.24,1.26,3.91,3.53,1.23,1.31,2.96,2.71,1.37,1.48,2.47,2.28,1.51,1.65,2.18,2.01,1.65,1.85,1.89,1.72,1.88,2.16,1.66,1.55,2.16,2.51,1.52,1.44,2.45,2.84,1.36,1.3,2.99,3.6,,,,,,,,,,,,,,,,,,,,,,,,,,,,,,,,,,,,,,,,,,,,,,,,,,,,
austria,2-liga,2023-10-20,Lafnitz,Stripfing,0,3,Pinnacle,2.41,3.75,2.57,2.56,3.94,2.5,,,,,,,,,,,,,,,,,,,,,,,,,,,,,,,,,,,,,3.74,4.07,1.25,1.25,2.85,3.05,1.39,1.39,2.4,2.55,1.54,1.54,2.11,2.24,1.69,1.67,1.82,1.94,1.95,1.9,1.61,1.7,2.25,2.19,1.48,1.56,2.56,2.49,1.34,1.4,3.09,2.98,1.21,1.26,4.14,3.96,,,,,,,,,,,,,,,,,,,,,,,,,,,,,,,,
austria,2-liga,2023-10-21,Bregenz,Horn,3,1,Pinnacle,2.19,3.75,3.11,2.27,3.4,3.24,,,,,,,,,,,,,,,,,,,,,,,,,,,,,,,,,3.67,3.96,1.29,1.26,3.26,3.51,1.35,1.31,2.56,2.69,1.53,1.49,2.18,2.26,1.71,1.67,1.88,1.95,1.89,1.9,1.63,1.63,2.32,2.33,1.48,1.46,2.71,2.78,1.38,1.36,3.07,3.2,1.27,1.25,3.85,4.09,,,,,,,,,,,,,,,,,,,,,,,,,,,,,,,,,,,,
austria,2-liga,2023-10-21,Sturm Graz (Am),Liefering,1,1,Pinnacle,2.76,3.56,2.43,2.79,4.28,2.21,,,,,,,,,,,,,,,,,,,,,,,,,,,,,,,,,,,,,,,,,3.35,3.34,1.34,1.34,2.75,2.76,1.47,1.46,2.4,2.48,1.6,1.56,2.01,2.18,1.77,1.71,1.76,1.89,2.11,1.96,1.59,1.7,2.42,2.2,1.43,1.54,2.87,2.54,1.28,1.37,3.78,3.13,1.27,1.31,3.54,3.49,,,,,,,,,,,,,,,,,,,,,,,,,,,,
austria,2-liga,2023-10-21,Kapfenberg,Dornbirn,3,2,Pinnacle,1.99,3.88,3.51,1.83,3.6,4.48,,,,,,,,,,,,,,,,,,,,,,,,,4.06,4.06,1.25,1.25,3.57,3.3,1.3,1.34,3.19,2.92,1.36,1.42,2.82,2.54,1.45,1.54,2.28,2.08,1.65,1.78,1.99,1.83,1.87,2.03,1.74,1.58,2.14,2.43,1.5,1.35,2.66,3.33,1.39,1.27,3.06,3.87,1.32,1.22,3.47,4.42,,,,,,,,,,,,,,,,,,,,,,,,,,,,,,,,,,,,,,,,
austria,2-liga,2023-10-22,St. Polten,Leoben,1,2,Pinnacle,1.67,4.04,4.73,2.07,3.68,3.45,,,,,,,,,,,,,,,,,,,,,,,,,,,,,2.82,3.81,1.44,1.27,2.5,3.41,1.56,1.33,2.16,3.02,1.72,1.4,1.81,2.39,1.95,1.6,1.66,2.07,2.27,1.8,1.48,1.79,2.73,2.06,1.29,1.53,3.67,2.57,1.24,1.4,4.17,2.99,1.25,1.33,4.02,3.41,1.23,1.24,4.34,4.18,,,,,,,,,,,,,,,,,,,,,,,,,,,,,,,,,,,,
austria,2-liga,2023-10-27,Leoben,Admira,3,2,Pinnacle,2.36,3.5,2.9,2.44,3.25,3.06,,,,,,,,,,,,,,,,,,,,,,,,,,,,,,,,,4.0,4.51,1.22,1.21,3.58,4.01,1.27,1.25,2.75,2.96,1.43,1.42,2.3,2.43,1.58,1.58,2.01,2.09,1.78,1.79,1.7,1.72,2.09,2.16,1.52,1.52,2.46,2.6,1.4,1.4,2.8,3.02,1.28,1.27,3.46,3.83,,,,,,,,,,,,,,,,,,,,,,,,,,,,,,,,,,,,
austria,2-liga,2023-10-27,Lafnitz,Sturm Graz (Am),5,2,Pinnacle,1.69,4.17,4.38,1.77,4.45,3.88,,,,,,,,,,,,,,,,,,,,,,,,,3.4,3.51,1.33,1.31,2.8,2.89,1.45,1.42,2.5,2.6,1.56,1.52,2.18,2.29,1.71,1.65,1.84,1.97,1.93,1.88,1.69,1.76,2.22,2.1,1.51,1.57,2.63,2.45,1.32,1.39,3.43,3.06,1.27,1.32,3.88,3.45,,,,,,,,,,,,,,,,,,,,,,,,,,,,,,,,,,,,,,,,,,,,
austria,2-liga,2023-10-27,Horn,Grazer AK,1,2,Pinnacle,4.39,4.12,1.7,4.78,3.88,1.66,,,,,,,,,,,,,,,,,,,,,,,,,,,,,,,,,,,,,,,,,,,,,,,,,3.88,3.77,1.27,1.24,3.42,3.27,1.32,1.35,2.62,2.47,1.51,1.47,2.21,2.08,1.69,1.78,1.92,1.85,1.85,2.01,1.7,1.6,2.2,2.39,1.54,1.47,2.53,2.74,1.44,1.45,2.84,3.07,1.32,1.27,3.46,3.82,,,,,,,,,,,,,,,,,,,,
austria,2-liga,2023-10-27,Dornbirn,Floridsdorfer AC,1,2,Pinnacle,3.92,3.75,1.87,4.78,4.05,1.69,,,,,,,,,,,,,,,,,,,,,,,,,,,,,,,,,,,,,,,,,,,,,,,,,3.42,4.19,1.32,1.24,2.98,3.67,1.41,1.29,2.31,2.7,1.64,1.49,1.93,2.23,1.83,1.68,1.75,1.98,2.13,1.88,1.52,1.7,2.6,2.19,1.41,1.54,2.97,2.53,1.34,1.43,3.34,2.85,1.27,1.31,3.58,3.51,,,,,,,,,,,,,,,,,,,,
austria,2-liga,2023-10-27,Amstetten,Kapfenberg,1,1,Pinnacle,2.31,3.65,2.74,2.47,3.52,2.82,,,,,,,,,,,,,,,,,,,,,,,,,,,,,,,,,,,,,3.56,3.98,1.27,1.26,2.74,2.95,1.43,1.41,2.3,2.45,1.58,1.57,2.02,2.13,1.76,1.75,1.72,1.8,2.06,2.07,1.54,1.58,2.4,2.44,1.42,1.45,2.72,2.81,1.3,1.32,3.33,3.48,1.24,1.19,3.82,4.95,,,,,,,,,,,,,,,,,,,,,,,,,,,,,,,,
austria,2-liga,2023-10-28,Stripfing,Bregenz,1,1,Pinnacle,1.9,3.77,3.76,1.89,3.77,3.96,,,,,,,,,,,,,,,,,,,,,,,,,,,,,3.39,3.42,1.33,1.32,3.02,3.04,1.4,1.39,2.65,2.66,1.5,1.5,2.17,2.16,1.72,1.72,1.86,1.89,1.91,1.96,1.67,1.65,2.26,2.29,1.44,1.41,2.86,2.98,1.35,1.32,3.29,3.44,1.29,1.26,3.71,3.91,,,,,,,,,,,,,,,,,,,,,,,,,,,,,,,,,,,,,,,,
austria,2-liga,2023-10-28,First Vienna,Liefering,2,0,Pinnacle,2.33,3.58,2.76,2.18,3.66,3.2,,,,,,,,,,,,,,,,,,,,,,,,,,,,,,,,,3.94,3.62,1.23,1.3,3.55,3.22,1.27,1.36,2.75,2.54,1.42,1.54,2.32,2.17,1.58,1.72,2.03,1.89,1.76,1.96,1.72,1.61,2.05,2.38,1.54,1.46,2.4,2.78,1.42,1.37,2.73,3.17,1.3,1.26,3.34,3.97,,,,,,,,,,,,,,,,,,,,,,,,,,,,,,,,,,,,
austria,2-liga,2023-10-29,Ried,St. Polten,1,1,Pinnacle,2.25,3.31,3.08,2.15,3.47,3.44,,,,,,,,,,,,,,,,,,,,,,,,,,,,,,,,,3.99,3.59,1.22,1.3,3.54,3.17,1.27,1.36,2.68,2.5,1.44,1.55,2.24,2.14,1.61,1.74,1.93,1.85,1.83,2.01,1.62,1.55,2.24,2.51,1.45,1.42,2.66,2.97,1.35,1.33,3.05,3.4,1.24,1.22,3.86,4.37,,,,,,,,,,,,,,,,,,,,,,,,,,,,,,,,,,,,
austria,2-liga,2023-11-03,Admira,Lafnitz,1,0,Pinnacle,1.85,3.87,3.91,1.99,3.8,3.56,,,,,,,,,,,,,,,,,,,,,,,,,,,,,3.21,3.53,1.36,1.31,2.86,3.17,1.43,1.37,2.51,2.81,1.55,1.45,2.08,2.28,1.78,1.65,1.81,1.99,1.97,1.86,1.62,1.74,2.35,2.14,1.41,1.49,3.0,2.68,1.32,1.38,3.42,3.1,1.27,1.31,3.86,3.52,,,,,,,,,,,,,,,,,,,,,,,,,,,,,,,,,,,,,,,,
austria,2-liga,2023-11-03,Floridsdorfer AC,Horn,0,1,Pinnacle,1.62,4.15,5.02,1.67,4.07,4.93,,,,,,,,,,,,,,,,,,,,,,,,,3.27,3.52,1.35,1.31,2.7,2.87,1.49,1.43,2.38,2.53,1.61,1.54,2.01,2.18,1.77,1.71,1.78,1.85,2.09,2.0,1.61,1.66,2.37,2.27,1.43,1.47,2.86,2.76,1.26,1.28,3.93,3.79,1.25,1.23,3.76,4.33,,,,,,,,,,,,,,,,,,,,,,,,,,,,,,,,,,,,,,,,,,,,
austria,2-liga,2023-11-04,St. Polten,Dornbirn,2,0,Pinnacle,1.36,4.78,7.23,1.35,5.11,8.92,,,,,,,,,,,,,3.76,3.67,1.28,1.29,3.64,3.28,1.26,1.35,3.23,2.9,1.32,1.43,2.51,2.31,1.5,1.64,2.13,2.01,1.68,1.85,1.86,1.76,1.91,2.1,1.58,1.52,2.3,2.58,1.44,1.41,2.68,2.96,1.35,1.34,3.03,3.35,,,,,,,,,,,,,,,,,,,,,,,,,,,,,,,,,,,,,,,,,,,,,,,,,,,,,,,,
austria,2-liga,2023-11-04,Kapfenberg,First Vienna,0,0,Pinnacle,2.26,3.55,3.02,2.86,3.5,2.44,,,,,,,,,,,,,,,,,,,,,,,,,,,,,,,,,,,,,3.64,4.96,1.26,1.19,2.75,3.52,1.42,1.31,2.29,2.85,1.59,1.44,1.98,2.47,1.8,1.56,1.65,2.09,2.18,1.78,1.47,1.76,2.6,2.1,1.36,1.58,3.0,2.43,1.24,1.42,3.77,2.92,1.2,1.26,4.54,3.92,,,,,,,,,,,,,,,,,,,,,,,,,,,,,,,,
austria,2-liga,2023-11-04,Liefering,Amstetten,2,2,Pinnacle,1.76,4.05,3.83,1.93,3.95,3.65,,,,,,,,,,,,,,,,,,,,,,,,,,,,,2.95,3.39,1.37,1.33,2.65,3.03,1.45,1.39,2.33,2.68,1.57,1.49,1.97,2.19,1.8,1.7,1.75,1.93,2.02,1.93,1.56,1.69,2.36,2.22,1.36,1.46,2.98,2.78,1.29,1.36,3.39,3.19,1.29,1.3,3.37,3.6,,,,,,,,,,,,,,,,,,,,,,,,,,,,,,,,,,,,,,,,
austria,2-liga,2023-11-05,Bregenz,Leoben,0,0,Pinnacle,2.65,3.56,2.43,2.7,3.63,2.51,,,,,,,,,,,,,,,,,,,,,,,,,,,,,,,,,,,,,4.35,4.53,1.19,1.21,3.2,3.28,1.32,1.35,2.63,2.69,1.46,1.49,2.3,2.34,1.58,1.62,1.97,2.0,1.81,1.85,1.69,1.71,2.11,2.17,1.53,1.56,2.42,2.5,1.39,1.4,2.86,2.97,1.25,1.26,3.69,3.91,,,,,,,,,,,,,,,,,,,,,,,,,,,,,,,,
austria,2-liga,2023-11-05,Grazer AK,Stripfing,3,0,Pinnacle,1.65,4.15,4.7,1.78,4.04,4.2,,,,,,,,,,,,,,,,,,,,,,,,,3.33,3.82,1.34,1.27,2.74,3.08,1.47,1.38,2.43,2.74,1.58,1.47,2.11,2.39,1.76,1.6,1.79,2.0,2.0,1.85,1.65,1.77,2.29,2.09,1.47,1.56,2.76,2.47,1.29,1.36,3.68,3.22,1.24,1.29,4.16,3.69,,,,,,,,,,,,,,,,,,,,,,,,,,,,,,,,,,,,,,,,,,,,
austria,2-liga,2023-11-10,Bregenz,St. Polten,2,3,Pinnacle,3.73,3.8,1.93,4.44,3.37,1.91,,,,,,,,,,,,,,,,,,,,,,,,,,,,,,,,,,,,,,,,,,,,,3.57,4.37,1.27,1.22,3.16,3.79,1.33,1.28,2.76,3.21,1.42,1.37,2.18,2.33,1.65,1.63,1.91,1.94,1.91,1.91,1.66,1.7,2.15,2.2,1.45,1.47,2.65,2.77,1.36,1.36,3.01,3.19,1.29,1.3,3.37,3.61,1.26,1.24,3.91,4.19,,,,,,,,,,,,,,,,,,,,
austria,2-liga,2023-11-10,Stripfing,Sturm Graz (Am),2,1,Pinnacle,1.55,4.36,4.89,1.43,5.5,5.93,,,,,,,,,,,,,3.37,3.48,1.33,1.32,3.7,3.27,1.29,1.36,3.94,2.92,1.23,1.42,3.0,2.4,1.36,1.6,2.51,2.09,1.5,1.77,2.22,1.87,1.63,1.98,1.93,1.64,1.84,2.31,1.68,1.51,2.12,2.63,1.54,1.42,2.4,2.93,1.38,1.3,2.89,3.59,,,,,,,,,,,,,,,,,,,,,,,,,,,,,,,,,,,,,,,,,,,,,,,,,,,,
austria,2-liga,2023-11-10,Ried,Lafnitz,5,0,Pinnacle,1.55,4.55,5.32,1.56,4.5,5.3,,,,,,,,,,,,,,,,,,,,,3.85,3.9,1.27,1.26,2.94,2.95,1.41,1.41,2.47,2.47,1.56,1.56,2.19,2.19,1.71,1.7,1.88,1.92,1.93,1.93,1.68,1.69,2.24,2.21,1.54,1.56,2.54,2.49,1.38,1.39,3.08,3.03,1.23,1.24,4.24,4.19,,,,,,,,,,,,,,,,,,,,,,,,,,,,,,,,,,,,,,,,,,,,,,,,
austria,2-liga,2023-11-10,Horn,Amstetten,3,1,Pinnacle,2.07,3.77,3.27,2.09,3.81,3.29,,,,,,,,,,,,,,,,,,,,,,,,,,,,,3.48,3.62,1.3,1.3,3.33,3.39,1.34,1.33,2.95,3.01,1.41,1.4,2.38,2.41,1.61,1.59,2.06,2.08,1.79,1.78,1.78,1.83,2.01,2.03,1.56,1.56,2.48,2.47,1.44,1.44,2.87,2.87,1.35,1.35,3.23,3.25,1.25,1.25,4.07,4.11,,,,,,,,,,,,,,,,,,,,,,,,,,,,,,,,,,,,
austria,2-liga,2023-11-10,First Vienna,Admira,2,1,Pinnacle,2.77,3.45,2.48,2.48,3.4,2.88,,,,,,,,,,,,,,,,,,,,,,,,,,,,,,,,,,,,,4.69,4.1,1.2,1.25,3.38,2.99,1.33,1.4,2.76,2.47,1.47,1.56,2.4,2.13,1.6,1.74,2.0,1.79,1.79,2.08,1.74,1.56,2.14,2.47,1.57,1.44,2.47,2.86,1.41,1.3,2.96,3.58,1.26,1.17,3.97,5.19,,,,,,,,,,,,,,,,,,,,,,,,,,,,,,,,
austria,2-liga,2023-11-11,Leoben,Dornbirn,6,0,Pinnacle,1.62,4.31,4.91,1.53,4.4,5.98,,,,,,,,,,,,,,,,,,,,,4.34,3.96,1.23,1.26,3.23,2.97,1.36,1.4,2.68,2.48,1.49,1.56,2.36,2.18,1.61,1.71,2.04,1.88,1.8,1.97,1.78,1.65,2.08,2.28,1.61,1.52,2.36,2.6,1.44,1.35,2.84,3.23,1.27,1.2,3.86,4.71,,,,,,,,,,,,,,,,,,,,,,,,,,,,,,,,,,,,,,,,,,,,,,,,
austria,2-liga,2023-11-12,Grazer AK,Floridsdorfer AC,1,3,Pinnacle,1.82,3.73,4.16,1.85,3.81,4.11,,,,,,,,,,,,,,,,,,,,,,,,,4.08,4.05,1.25,1.25,3.26,3.32,1.35,1.34,2.88,2.94,1.43,1.41,2.51,2.57,1.55,1.53,2.06,2.1,1.79,1.76,1.78,1.85,2.0,2.06,1.6,1.61,2.4,2.36,1.38,1.39,3.16,3.11,1.3,1.3,3.63,3.58,1.25,1.25,4.1,4.05,,,,,,,,,,,,,,,,,,,,,,,,,,,,,,,,,,,,,,,,
austria,2-liga,2023-11-12,Liefering,Kapfenberg,0,1,Pinnacle,2.04,3.51,3.36,2.01,3.61,3.68,,,,,,,,,,,,,,,,,,,,,,,,,,,,,3.79,3.65,1.28,1.29,3.37,3.26,1.29,1.35,2.98,2.88,1.36,1.43,2.37,2.31,1.56,1.64,2.03,2.01,1.75,1.85,1.78,1.74,2.01,2.14,1.5,1.48,2.5,2.73,1.38,1.36,2.92,3.18,1.3,1.29,3.32,3.63,,,,,,,,,,,,,,,,,,,,,,,,,,,,,,,,,,,,,,,,
austria,2-liga,2023-11-24,Floridsdorfer AC,Stripfing,2,0,Pinnacle,1.96,3.72,3.59,2.03,3.38,3.89,,,,,,,,,,,,,,,,,,,,,,,,,,,,,3.54,3.76,1.31,1.28,3.16,3.36,1.37,1.33,2.79,2.96,1.46,1.42,2.25,2.35,1.67,1.62,1.92,2.03,1.85,1.83,1.72,1.74,2.17,2.14,1.48,1.45,2.72,2.81,1.37,1.34,3.13,3.33,1.31,1.27,3.55,3.84,,,,,,,,,,,,,,,,,,,,,,,,,,,,,,,,,,,,,,,,
austria,2-liga,2023-11-24,St. Polten,Horn,0,2,Pinnacle,1.47,4.55,6.17,1.45,4.93,6.39,,,,,,,,,,,,,,,,,3.99,3.96,1.26,1.26,3.57,3.53,1.3,1.31,2.77,2.72,1.47,1.48,2.33,2.29,1.63,1.65,2.01,2.02,1.77,1.85,1.76,1.72,2.1,2.16,1.58,1.55,2.43,2.52,1.46,1.43,2.75,2.85,1.32,1.3,3.43,3.57,,,,,,,,,,,,,,,,,,,,,,,,,,,,,,,,,,,,,,,,,,,,,,,,,,,,
austria,2-liga,2023-11-24,Kapfenberg,Grazer AK,2,3,Pinnacle,4.41,3.75,1.71,4.8,3.97,1.7,,,,,,,,,,,,,,,,,,,,,,,,,,,,,,,,,,,,,,,,,,,,,,,,,3.87,4.2,1.23,1.24,3.37,3.67,1.29,1.29,2.51,2.68,1.5,1.49,2.09,2.21,1.7,1.69,1.84,1.95,1.93,1.9,1.58,1.68,2.3,2.24,1.45,1.52,2.65,2.59,1.36,1.42,2.98,2.93,1.25,1.29,3.72,3.65,,,,,,,,,,,,,,,,,,,,
austria,2-liga,2023-11-25,Lafnitz,Liefering,1,6,Pinnacle,2.18,3.69,3.07,2.4,3.96,2.67,,,,,,,,,,,,,,,,,,,,,,,,,,,,,,,,,3.5,4.01,1.28,1.25,3.12,3.71,1.33,1.29,2.48,2.83,1.51,1.44,2.13,2.39,1.68,1.6,1.87,2.1,1.89,1.76,1.6,1.83,2.26,2.04,1.46,1.62,2.62,2.34,1.37,1.5,2.96,2.65,1.26,1.36,3.66,3.2,1.22,1.23,4.37,4.3,,,,,,,,,,,,,,,,,,,,,,,,,,,,,,,,
austria,2-liga,2023-11-25,Dornbirn,Ried,0,2,Pinnacle,5.49,4.52,1.52,8.09,5.3,1.35,,,,,,,,,,,,,,,,,,,,,,,,,,,,,,,,,,,,,,,,,,,,,,,,,,,,,,,,,3.09,4.27,1.34,1.23,2.54,3.3,1.49,1.34,2.25,2.91,1.61,1.42,1.96,2.52,1.81,1.55,1.71,2.06,2.08,1.79,1.56,1.81,2.36,2.06,1.41,1.61,2.78,2.37,1.27,1.42,3.59,2.97,1.25,1.34,3.74,3.34,1.29,1.28,3.67,3.72,,,,,,,,
austria,2-liga,2023-11-25,Admira,Bregenz,1,3,Pinnacle,1.84,3.69,3.85,2.16,3.32,3.56,,,,,,,,,,,,,,,,,,,,,,,,,,,,,,,,,2.93,3.78,1.37,1.28,2.57,3.32,1.48,1.34,2.09,2.55,1.7,1.53,1.84,2.15,1.93,1.73,1.6,1.85,2.26,2.01,1.38,1.54,2.93,2.55,1.29,1.4,3.37,3.05,1.24,1.31,3.8,3.51,1.2,1.21,4.72,4.58,,,,,,,,,,,,,,,,,,,,,,,,,,,,,,,,,,,,
austria,2-liga,2023-11-26,Sturm Graz (Am),Leoben,0,2,Pinnacle,4.14,4.15,1.68,4.41,4.36,1.68,,,,,,,,,,,,,,,,,,,,,,,,,,,,,,,,,,,,,,,,,,,,,,,,,3.68,3.91,1.26,1.26,3.26,3.46,1.31,1.32,2.53,2.65,1.49,1.5,2.14,2.23,1.67,1.68,1.9,1.99,1.87,1.87,1.65,1.72,2.18,2.16,1.5,1.56,2.5,2.47,1.4,1.46,2.8,2.77,1.29,1.33,3.4,3.36,,,,,,,,,,,,,,,,,,,,
austria,2-liga,2023-11-26,Amstetten,First Vienna,1,3,Pinnacle,2.94,3.56,2.22,3.05,3.97,2.15,,,,,,,,,,,,,,,,,,,,,,,,,,,,,,,,,,,,,,,,,3.61,3.76,1.26,1.28,2.91,3.02,1.38,1.4,2.56,2.68,1.48,1.49,2.19,2.32,1.64,1.63,1.84,1.96,1.93,1.89,1.63,1.74,2.21,2.14,1.47,1.55,2.61,2.51,1.3,1.36,3.34,3.17,1.25,1.3,3.74,3.58,,,,,,,,,,,,,,,,,,,,,,,,,,,,
austria,2-liga,2023-12-01,Stripfing,Admira,0,4,Pinnacle,2.71,3.43,2.61,2.71,3.43,2.61,,,,,,,,,,,,,,,,,,,,,,,,,,,,,,,,,,,,,,4.53,,1.21,,3.29,,1.34,,2.69,,1.49,,2.33,,1.63,,1.96,,1.89,,1.68,,2.24,,1.52,,2.6,,1.37,,3.15,,1.23,,4.32,,,,,,,,,,,,,,,,,,,,,,,,,,,,,,,,
austria,2-liga,2023-12-01,St. Polten,Sturm Graz (Am),3,1,Pinnacle,1.17,8.22,12.4,1.17,8.22,12.4,,3.56,,1.3,,3.42,,1.32,,2.72,,1.46,,2.34,,1.61,,2.08,,1.76,,1.83,,2.01,,1.64,,2.28,,1.52,,2.55,,1.37,,3.1,,1.23,,4.26,,,,,,,,,,,,,,,,,,,,,,,,,,,,,,,,,,,,,,,,,,,,,,,,,,,,,,,,,,,,,,,,
austria,2-liga,2023-12-01,Kapfenberg,Lafnitz,2,4,Pinnacle,1.89,3.79,3.94,1.89,3.79,3.94,,,,,,,,,,,,,,,,,,,,,,,,,,,,,,3.35,,1.33,,2.99,,1.4,,2.62,,1.51,,2.15,,1.73,,1.89,,1.96,,1.65,,2.29,,1.41,,2.97,,1.32,,3.43,,1.27,,3.89,,,,,,,,,,,,,,,,,,,,,,,,,,,,,,,,,,,,,,,,
austria,2-liga,2023-12-01,Horn,Leoben,0,0,Pinnacle,3.26,3.52,2.2,3.26,3.52,2.2,,,,,,,,,,,,,,,,,,,,,,,,,,,,,,,,,,,,,,,,,,4.1,,1.25,,3.22,,1.36,,2.82,,1.45,,2.38,,1.6,,1.94,,1.91,,1.7,,2.19,,1.52,,2.59,,1.33,,3.35,,1.28,,3.79,,,,,,,,,,,,,,,,,,,,,,,,,,,,
austria,2-liga,2023-12-01,Amstetten,Grazer AK,0,0,Pinnacle,4.61,4.44,1.65,4.61,4.44,1.65,,,,,,,,,,,,,,,,,,,,,,,,,,,,,,,,,,,,,,,,,,,,,,,,,,4.09,,1.25,,3.63,,1.3,,2.76,,1.47,,2.3,,1.64,,2.05,,1.82,,1.77,,2.1,,1.59,,2.41,,1.47,,2.71,,1.34,,3.3,,1.23,,4.31,,,,,,,,,,,,,,,,
austria,2-liga,2023-12-02,First Vienna,Bregenz,0,0,Pinnacle,,,,,,,,,,,,,,,,,,,,,,,,,,,,,,,,,,,,,,,,,,,,,,,,,,,,,,,,,,,,,,,,,,,,,,,,,,,,,,,,,,,,,,,,,,,,,,,,,,,,,,,,,,,,,,
austria,2-liga,2023-12-03,Ried,Floridsdorfer AC,0,0,Pinnacle,,,,,,,,,,,,,,,,,,,,,,,,,,,,,,,,,,,,,,,,,,,,,,,,,,,,,,,,,,,,,,,,,,,,,,,,,,,,,,,,,,,,,,,,,,,,,,,,,,,,,,,,,,,,,,
austria,2-liga,2023-12-03,Dornbirn,Liefering,0,0,Pinnacle,,,,,,,,,,,,,,,,,,,,,,,,,,,,,,,,,,,,,,,,,,,,,,,,,,,,,,,,,,,,,,,,,,,,,,,,,,,,,,,,,,,,,,,,,,,,,,,,,,,,,,,,,,,,,,
austria,2-liga,2023-12-06,Sturm Graz (Am),Ried,0,5,Pinnacle,12.13,7.59,1.19,12.13,7.59,1.19,,,,,,,,,,,,,,,,,,,,,,,,,,,,,,,,,,,,,,,,,,,,,,,,,,,,,,,,,,,,,,,,,,,,,,4.04,,1.24,,3.03,,1.39,,2.52,,1.53,,2.25,,1.66,,1.98,,1.85,,1.75,,2.11,,1.6,,2.36,,1.45,,2.75,,1.31,,3.46
