Country,League,Date,Home,Away,FTHG,FTAG,bookmaker,HO_Open,DO_Open,AO_Open,HO_Close,DO_Close,AO_Close,-0.75_AH_H_Open,-0.75_AH_H_Close,+0.75_AH_A_Open,+0.75_AH_A_Close,-0.5_AH_H_Open,-0.5_AH_H_Close,+0.5_AH_A_Open,+0.5_AH_A_Close,-0.25_AH_H_Open,-0.25_AH_H_Close,+0.25_AH_A_Open,+0.25_AH_A_Close,+0_AH_H_Open,+0_AH_H_Close,-0_AH_A_Open,-0_AH_A_Close,+0.25_AH_H_Open,+0.25_AH_H_Close,-0.25_AH_A_Open,-0.25_AH_A_Close,-1.25_AH_H_Open,-1.25_AH_H_Close,+1.25_AH_A_Open,+1.25_AH_A_Close,-1_AH_H_Open,-1_AH_H_Close,+1_AH_A_Open,+1_AH_A_Close,+0.5_AH_H_Open,+0.5_AH_H_Close,-0.5_AH_A_Open,-0.5_AH_A_Close,-1.5_AH_H_Open,-1.5_AH_H_Close,+1.5_AH_A_Open,+1.5_AH_A_Close,-3.25_AH_H_Open,-3.25_AH_H_Close,+3.25_AH_A_Open,+3.25_AH_A_Close,-3_AH_H_Open,-3_AH_H_Close,+3_AH_A_Open,+3_AH_A_Close,-2.75_AH_H_Open,-2.75_AH_H_Close,+2.75_AH_A_Open,+2.75_AH_A_Close,-2.5_AH_H_Open,-2.5_AH_H_Close,+2.5_AH_A_Open,+2.5_AH_A_Close,-2.25_AH_H_Open,-2.25_AH_H_Close,+2.25_AH_A_Open,+2.25_AH_A_Close,-2_AH_H_Open,-2_AH_H_Close,+2_AH_A_Open,+2_AH_A_Close,+0.75_AH_H_Open,+0.75_AH_H_Close,-0.75_AH_A_Open,-0.75_AH_A_Close,+1_AH_H_Open,+1_AH_H_Close,-1_AH_A_Open,-1_AH_A_Close,+1.25_AH_H_Open,+1.25_AH_H_Close,-1.25_AH_A_Open,-1.25_AH_A_Close,+1.5_AH_H_Open,+1.5_AH_H_Close,-1.5_AH_A_Open,-1.5_AH_A_Close,+1.75_AH_H_Open,+1.75_AH_H_Close,-1.75_AH_A_Open,-1.75_AH_A_Close,+2_AH_H_Open,+2_AH_H_Close,-2_AH_A_Open,-2_AH_A_Close,+2.25_AH_H_Open,+2.25_AH_H_Close,-2.25_AH_A_Open,-2.25_AH_A_Close,+2.5_AH_H_Open,+2.5_AH_H_Close,-2.5_AH_A_Open,-2.5_AH_A_Close,+2.75_AH_H_Open,+2.75_AH_H_Close,-2.75_AH_A_Open,-2.75_AH_A_Close,+3_AH_H_Open,+3_AH_H_Close,-3_AH_A_Open,-3_AH_A_Close,-1.75_AH_H_Open,-1.75_AH_H_Close,+1.75_AH_A_Open,+1.75_AH_A_Close
belarus,vysshaya-liga,2023-03-17,FC Minsk,Slavia Mozyr,2,0,Pinnacle,2.37,3.22,2.78,4.57,3.40,1.84,,,,,,,,,,,,,1.74,3.29,2.06,1.33,1.39,2.41,2.71,1.58,,,,,,,,,1.41,2.02,2.72,1.84,,,,,,,,,,,,,,,,,,,,,,,,,,,,,1.43,1.77,2.62,2.07,1.39,1.52,2.84,2.51,,,,,,,,,,,,,,,,,,,,,,,,,,,,,,,,,,,,
belarus,vysshaya-liga,2023-03-18,Din. Minsk,Isloch,3,0,Pinnacle,1.72,3.55,4.16,1.63,3.87,5.43,1.98,1.81,1.80,2.05,1.71,1.62,2.02,2.33,1.50,1.42,2.38,2.84,,,,,,,,,2.75,2.47,1.38,1.53,2.40,2.13,1.51,1.74,,,,,,,,,,,,,,,,,,,,,,,,,,,,,,,,,,,,,,,,,,,,,,,,,,,,,,,,,,,,,,,,,,,,,,,,,,,,
belarus,vysshaya-liga,2023-03-18,Shakhtyor Soligorsk,Naftan,2,1,Pinnacle,1.19,6.77,12.77,1.19,6.99,14.82,,,,,,,,,,,,,,,,,,,,,,,,,,,,,,,,,1.61,1.62,2.23,2.29,,,,,,,,,,,,,2.48,2.51,1.50,1.52,2.25,2.28,1.62,1.65,2.03,2.02,1.81,1.84,,,,,,,,,,,,,,,,,,,,,,,,,,,,,,,,,,,,,,,,,1.77,1.78,2.02,2.07
belarus,vysshaya-liga,2023-03-18,FC Gomel,BATE,0,2,Pinnacle,5.22,3.68,1.56,5.06,3.63,1.71,,,,,,,,,,,,,,,,,2.70,2.63,1.45,1.48,,,,,,,,,2.28,2.18,1.55,1.70,,,,,,,,,,,,,,,,,,,,,,,,,,,,,2.03,1.93,1.71,1.92,1.78,1.65,2.01,2.27,1.56,1.49,2.29,2.60,,,,,,,,,,,,,,,,,,,,,,,,,,,,,,,,
belarus,vysshaya-liga,2023-03-18,Dynamo Brest,Zhodino,0,1,Pinnacle,2.81,3.02,2.41,3.26,3.03,2.38,,,,,,,,,2.40,2.71,1.51,1.45,2.05,2.27,1.75,1.65,1.69,1.84,2.06,2.02,,,,,,,,,1.51,1.61,2.36,2.35,,,,,,,,,,,,,,,,,,,,,,,,,,,,,1.44,1.42,2.59,2.84,,,,,,,,,,,,,,,,,,,,,,,,,,,,,,,,,,,,,,,,
belarus,vysshaya-liga,2023-03-19,Energetik-BGU,Slutsk,1,0,Pinnacle,1.57,3.72,5.12,1.83,3.56,4.35,1.71,2.04,2.02,1.79,1.55,1.83,2.27,2.04,1.44,1.58,2.60,2.40,1.51,1.34,2.46,3.19,,,,,,,,,2.01,2.42,1.78,1.56,,,,,,,,,,,,,,,,,,,,,,,,,,,,,,,,,,,,,,,,,,,,,,,,,,,,,,,,,,,,,,,,,,,,,,,,,,,,
belarus,vysshaya-liga,2023-03-19,Smorgon,Belshina,1,0,Pinnacle,2.34,3.08,3.20,2.88,3.14,2.55,,,,,2.32,2.81,1.61,1.43,2.00,2.45,1.84,1.56,1.64,2.05,2.26,1.81,1.45,1.71,2.68,2.16,,,,,,,,,1.41,1.53,2.83,2.49,,,,,,,,,,,,,,,,,,,,,,,,,,,,,,,,,,,,,,,,,,,,,,,,,,,,,,,,,,,,,,,,,,,,,,,,
belarus,vysshaya-liga,2023-04-01,Naftan,FC Gomel,1,1,Pinnacle,4.58,3.43,1.81,4.34,3.37,1.88,,,,,,,,,,,,,3.18,3.12,1.34,1.36,2.42,2.32,1.55,1.62,,,,,,,,,2.03,1.97,1.79,1.88,,,,,,,,,,,,,,,,,,,,,,,,,,,,,1.81,1.72,2.04,2.14,1.55,1.48,2.45,2.62,,,,,,,,,,,,,,,,,,,,,,,,,,,,,,,,,,,,
belarus,vysshaya-liga,2023-04-01,Isloch,Dynamo Brest,3,0,Pinnacle,1.81,3.48,3.82,2.88,3.43,2.39,,,,,1.83,2.74,1.95,1.45,1.59,2.45,2.27,1.54,1.36,2.11,2.91,1.75,1.46,1.79,2.55,2.08,,,,,,,,,1.43,1.60,2.63,2.36,,,,,,,,,,,,,,,,,,,,,,,,,,,,,1.41,1.42,2.86,2.83,,,,,,,,,,,,,,,,,,,,,,,,,,,,,,,,,,,,,,,,
belarus,vysshaya-liga,2023-04-01,Zhodino,Smorgon,2,1,Pinnacle,1.23,5.66,13.04,1.37,4.62,9.09,1.41,1.45,2.82,2.73,,,,,,,,,,,,,,,,,1.54,1.93,2.39,1.93,1.46,1.61,2.66,2.34,,,,,1.76,2.21,2.03,1.68,,,,,,,,,,,,,,,,,,,,,,,,,,,,,,,,,,,,,,,,,,,,,,,,,,,,,,,,,,,,,,,,,2.02,2.57,1.83,1.50
belarus,vysshaya-liga,2023-04-02,Slutsk,FC Minsk,1,1,Pinnacle,2.59,3.04,2.59,2.06,3.07,4.05,2.57,2.40,1.45,1.58,2.54,2.06,1.44,1.81,2.22,1.74,1.60,2.11,1.88,1.43,1.88,2.80,1.60,1.33,2.22,3.27,,,,,3.05,3.06,1.37,1.37,,,,,,,,,,,,,,,,,,,,,,,,,,,,,,,,,,,,,,,,,,,,,,,,,,,,,,,,,,,,,,,,,,,,,,,,,,,,
belarus,vysshaya-liga,2023-04-02,Slavia Mozyr,Din. Minsk,0,2,Pinnacle,4.29,3.64,1.79,5.39,3.88,1.63,,,,,,,,,,,,,,,,,2.40,2.83,1.55,1.42,,,,,,,,,2.04,2.33,1.78,1.62,,,,,,,,,,,,,,,,,,,,,,,,,,,,,1.82,2.08,2.03,1.80,1.56,1.78,2.42,2.06,1.44,1.58,2.74,2.36,1.48,1.47,2.61,2.64,,,,,,,,,,,,,,,,,,,,,,,,,,,,
belarus,vysshaya-liga,2023-04-02,Neman,Shakhtyor Soligorsk,0,1,Pinnacle,3.56,3.60,1.98,2.94,3.11,2.50,,,,,2.73,2.86,1.42,1.40,2.69,2.49,1.45,1.54,2.63,2.10,1.47,1.78,2.12,1.72,1.72,2.12,,,,,,,,,1.86,1.53,1.98,2.44,,,,,,,,,,,,,,,,,,,,,,,,,,,,,,,,,,,,,,,,,,,,,,,,,,,,,,,,,,,,,,,,,,,,,,,,
belarus,vysshaya-liga,2023-04-02,BATE,Energetik-BGU,1,1,Pinnacle,1.58,3.80,4.87,1.42,4.51,7.56,1.78,1.52,2.02,2.52,,,,,,,,,,,,,,,,,2.39,2.06,1.50,1.81,2.06,1.72,1.68,2.15,,,,,2.56,2.36,1.49,1.60,,,,,,,,,,,,,,,,,,,,,,,,,,,,,,,,,,,,,,,,,,,,,,,,,,,,,,,,,,,,,,,,,2.69,2.80,1.46,1.43
belarus,vysshaya-liga,2023-04-07,Smorgon,Isloch,0,4,Pinnacle,3.68,3.50,1.93,4.69,3.58,1.77,,,,,,,,,,,,,,,,,2.15,2.50,1.68,1.52,,,,,,,,,1.88,2.09,1.95,1.76,,,,,,,,,,,,,,,,,,,,,,,,,,,,,1.65,1.85,2.20,2.00,1.44,1.58,2.68,2.41,1.42,1.44,2.79,2.75,,,,,,,,,,,,,,,,,,,,,,,,,,,,,,,,
belarus,vysshaya-liga,2023-04-08,FC Minsk,BATE,2,2,Pinnacle,6.01,4.10,1.47,9.17,4.76,1.36,,,,,,,,,,,,,,,,,,,,,,,,,,,,,,,,,,,,,,,,,,,,,,,,,,,,,,,,,,,,,2.30,2.83,1.57,1.42,2.01,2.46,1.77,1.56,1.73,2.03,2.03,1.83,1.56,1.76,2.28,2.08,1.53,1.56,2.45,2.41,,,,,,,,,,,,,,,,,,,,,,,,
belarus,vysshaya-liga,2023-04-08,Din. Minsk,Slutsk,3,1,Pinnacle,1.15,6.55,13.81,1.34,4.81,10.16,1.37,1.40,2.99,2.93,,,,,,,,,,,,,,,,,1.41,1.83,2.70,2.04,1.40,1.53,2.89,2.53,,,,,1.54,2.08,2.28,1.76,,,,,,,,,,,,,,,,,,,,,1.97,3.00,1.81,1.38,,,,,,,,,,,,,,,,,,,,,,,,,,,,,,,,,,,,,,,,,1.70,2.43,2.05,1.55
belarus,vysshaya-liga,2023-04-08,Belshina,Zhodino,0,0,Pinnacle,4.10,3.49,1.75,5.26,3.67,1.68,,,,,,,,,,,,,,,,,2.34,2.71,1.52,1.45,,,,,,,,,1.99,2.23,1.74,1.67,,,,,,,,,,,,,,,,,,,,,,,,,,,,,1.79,1.98,1.99,1.88,1.54,1.69,2.34,2.20,1.41,1.52,2.64,2.52,,,,,,,,,,,,,,,,,,,,,,,,,,,,,,,,
belarus,vysshaya-liga,2023-04-09,Dynamo Brest,Slavia Mozyr,0,1,Pinnacle,2.18,3.12,3.21,2.22,3.21,3.39,2.53,2.58,1.47,1.50,2.16,2.20,1.65,1.69,1.88,1.91,1.89,1.94,1.56,1.58,2.32,2.42,1.41,1.42,2.72,2.85,,,,,,,,,,,,,,,,,,,,,,,,,,,,,,,,,,,,,,,,,,,,,,,,,,,,,,,,,,,,,,,,,,,,,,,,,,,,,,,,,,,,
belarus,vysshaya-liga,2023-04-09,Energetik-BGU,Naftan,0,1,Pinnacle,1.58,3.99,4.60,1.70,3.68,5.02,1.72,1.93,2.01,1.93,1.56,1.69,2.25,2.19,1.41,1.47,2.84,2.64,,,,,,,,,2.28,2.71,1.56,1.45,2.02,2.33,1.78,1.62,,,,,,,,,,,,,,,,,,,,,,,,,,,,,,,,,,,,,,,,,,,,,,,,,,,,,,,,,,,,,,,,,,,,,,,,,,,,
belarus,vysshaya-liga,2023-04-09,FC Gomel,Neman,3,3,Pinnacle,2.67,3.09,2.49,3.48,3.21,2.18,,,,,,,,,2.31,2.92,1.57,1.40,1.95,2.48,1.82,1.55,1.65,1.98,2.15,1.88,,,,,,,,,1.49,1.71,2.46,2.16,,,,,,,,,,,,,,,,,,,,,,,,,,,,,1.40,1.51,2.88,2.55,,,,,,,,,,,,,,,,,,,,,,,,,,,,,,,,,,,,,,,,
belarus,vysshaya-liga,2023-04-14,Slavia Mozyr,Smorgon,4,1,Pinnacle,1.67,3.45,4.62,1.74,3.59,4.89,1.86,1.96,1.88,1.89,1.66,1.72,2.11,2.14,1.45,1.50,2.52,2.56,,,,,,,,,2.50,2.68,1.45,1.47,2.19,2.34,1.61,1.61,,,,,,,,,,,,,,,,,,,,,,,,,,,,,,,,,,,,,,,,,,,,,,,,,,,,,,,,,,,,,,,,,,,,,,,,,,,,
belarus,vysshaya-liga,2023-04-14,Naftan,FC Minsk,0,0,Pinnacle,2.72,3.19,2.55,2.60,3.00,2.95,,,,,2.65,2.54,1.44,1.51,2.32,2.18,1.59,1.70,1.98,1.81,1.85,2.06,1.66,1.55,2.18,2.48,,,,,,,,,1.50,1.41,2.49,2.88,,,,,,,,,,,,,,,,,,,,,,,,,,,,,,,,,,,,,,,,,,,,,,,,,,,,,,,,,,,,,,,,,,,,,,,,
belarus,vysshaya-liga,2023-04-14,Isloch,Belshina,2,0,Pinnacle,1.53,4.04,4.92,1.40,4.61,7.97,1.67,1.48,2.09,2.61,,,,,,,,,,,,,,,,,2.21,1.98,1.60,1.87,1.94,1.66,1.83,2.24,,,,,2.48,2.26,1.46,1.65,,,,,,,,,,,,,,,,,,,,,,,,,,,,,,,,,,,,,,,,,,,,,,,,,,,,,,,,,,,,,,,,,2.70,2.66,1.45,1.47
belarus,vysshaya-liga,2023-04-15,Slutsk,Dynamo Brest,2,0,Pinnacle,2.69,2.98,2.54,2.92,3.14,2.52,,,,,2.66,2.84,1.42,1.42,2.32,2.47,1.57,1.56,1.93,2.08,1.75,1.79,1.64,1.72,2.18,2.14,,,,,,,,,1.47,1.53,2.51,2.47,,,,,,,,,,,,,,,,,,,,,,,,,,,,,1.41,1.40,2.84,2.93,,,,,,,,,,,,,,,,,,,,,,,,,,,,,,,,,,,,,,,,
belarus,vysshaya-liga,2023-04-15,Shakhtyor Soligorsk,FC Gomel,1,1,Pinnacle,1.37,4.38,6.97,1.51,4.01,6.83,1.47,1.67,2.52,2.23,1.44,1.49,2.72,2.59,,,,,,,,,,,,,2.00,2.44,1.78,1.57,1.66,2.02,2.14,1.84,,,,,2.30,2.83,1.58,1.42,,,,,,,,,,,,,,,,,,,,,,,,,,,,,,,,,,,,,,,,,,,,,,,,,,,,,,,,,,,,,,,,,,,,
belarus,vysshaya-liga,2023-04-15,Neman,Energetik-BGU,2,0,Pinnacle,2.18,3.11,3.12,2.07,3.20,3.81,2.54,2.43,1.44,1.57,2.16,2.07,1.63,1.80,1.89,1.76,1.88,2.08,1.57,1.46,2.27,2.69,1.41,1.36,2.65,3.11,,,,,3.13,3.18,1.35,1.35,,,,,,,,,,,,,,,,,,,,,,,,,,,,,,,,,,,,,,,,,,,,,,,,,,,,,,,,,,,,,,,,,,,,,,,,,,,,
belarus,vysshaya-liga,2023-04-15,BATE,Din. Minsk,1,3,Pinnacle,2.40,3.07,2.79,2.84,2.71,2.98,,,,,2.35,2.77,1.51,1.44,2.05,2.34,1.69,1.61,1.75,1.88,2.05,1.97,1.52,1.56,2.39,2.45,,,,,,,,,1.39,1.40,2.73,2.90,,,,,,,,,,,,,,,,,,,,,,,,,,,,,,,,,,,,,,,,,,,,,,,,,,,,,,,,,,,,,,,,,,,,,,,,
belarus,vysshaya-liga,2023-04-21,Smorgon,Slutsk,3,2,Pinnacle,2.96,3.17,2.23,3.54,3.05,2.24,,,,,,,,,2.52,2.94,1.45,1.40,2.16,2.47,1.63,1.56,1.82,1.95,1.95,1.90,,,,,,,,,1.60,1.68,2.21,2.21,,,,,,,,,,,,,,,,,,,,,,,,,,,,,1.42,1.48,2.61,2.62,,,,,,,,,,,,,,,,,,,,,,,,,,,,,,,,,,,,,,,,
belarus,vysshaya-liga,2023-04-22,Belshina,Slavia Mozyr,1,1,Pinnacle,3.12,3.18,2.15,2.79,3.43,2.45,,,,,2.62,2.72,1.43,1.45,2.66,2.40,1.41,1.58,2.29,2.06,1.56,1.81,1.89,1.74,1.88,2.11,,,,,,,,,1.65,1.56,2.13,2.40,,,,,,,,,,,,,,,,,,,,,,,,,,,,,1.46,1.38,2.48,2.84,,,,,,,,,,,,,,,,,,,,,,,,,,,,,,,,,,,,,,,,
belarus,vysshaya-liga,2023-04-22,Din. Minsk,Naftan,3,1,Pinnacle,1.24,5.48,9.23,1.18,6.84,17.50,,,,,,,,,,,,,,,,,,,,,1.57,1.44,2.26,2.74,,,,,,,,,1.81,1.59,1.96,2.34,,,,,,,,,,,,,2.60,2.58,1.48,1.50,2.56,2.31,1.49,1.63,2.32,2.03,1.53,1.83,,,,,,,,,,,,,,,,,,,,,,,,,,,,,,,,,,,,,,,,,1.99,1.76,1.74,2.09
belarus,vysshaya-liga,2023-04-22,Zhodino,Isloch,2,1,Pinnacle,2.19,3.21,2.99,2.24,3.09,3.49,2.53,2.63,1.44,1.48,2.17,2.21,1.62,1.68,1.93,1.91,1.85,1.94,1.60,1.56,2.20,2.45,1.44,1.40,2.56,2.91,,,,,,,,,,,,,,,,,,,,,,,,,,,,,,,,,,,,,,,,,,,,,,,,,,,,,,,,,,,,,,,,,,,,,,,,,,,,,,,,,,,,
belarus,vysshaya-liga,2023-04-23,Dynamo Brest,BATE,1,2,Pinnacle,4.01,3.40,1.79,6.38,3.84,1.56,,,,,,,,,,,,,,,,,,,,,,,,,,,,,1.98,2.45,1.80,1.54,,,,,,,,,,,,,,,,,,,,,,,,,,,,,1.72,2.17,2.01,1.70,1.49,1.87,2.40,1.99,1.52,1.63,2.39,2.31,1.52,1.49,2.37,2.61,,,,,,,,,,,,,,,,,,,,,,,,,,,,
belarus,vysshaya-liga,2023-04-23,FC Minsk,Neman,0,1,Pinnacle,3.09,3.15,2.18,3.85,3.44,1.97,,,,,,,,,,,,,2.25,2.79,1.57,1.43,1.87,2.18,1.90,1.70,,,,,,,,,1.63,1.88,2.16,1.97,,,,,,,,,,,,,,,,,,,,,,,,,,,,,1.44,1.65,2.53,2.27,1.37,1.42,3.03,2.85,,,,,,,,,,,,,,,,,,,,,,,,,,,,,,,,,,,,
belarus,vysshaya-liga,2023-04-23,Energetik-BGU,Shakhtyor Soligorsk,1,4,Pinnacle,3.49,3.24,1.97,5.11,3.43,1.75,,,,,,,,,,,,,,,,,2.04,2.56,1.70,1.50,,,,,,,,,1.79,2.12,1.99,1.74,,,,,,,,,,,,,,,,,,,,,,,,,,,,,1.57,1.86,2.27,2.00,1.37,1.57,2.81,2.44,1.43,1.42,2.71,2.82,,,,,,,,,,,,,,,,,,,,,,,,,,,,,,,,
belarus,vysshaya-liga,2023-04-28,Slutsk,Belshina,2,1,Pinnacle,1.70,3.58,4.23,2.08,3.28,3.70,1.95,2.44,1.82,1.57,1.69,2.08,2.05,1.80,1.49,1.78,2.42,2.07,1.37,1.48,3.01,2.63,1.38,1.36,2.89,3.10,,,,,2.35,3.20,1.53,1.34,,,,,,,,,,,,,,,,,,,,,,,,,,,,,,,,,,,,,,,,,,,,,,,,,,,,,,,,,,,,,,,,,,,,,,,,,,,,
belarus,vysshaya-liga,2023-04-29,Slavia Mozyr,Zhodino,0,1,Pinnacle,2.56,3.08,2.60,3.01,2.95,2.59,,,,,2.51,2.97,1.45,1.38,2.19,2.53,1.61,1.53,1.87,2.09,1.90,1.79,1.59,1.70,2.22,2.17,,,,,,,,,1.44,1.51,2.54,2.53,,,,,,,,,,,,,,,,,,,,,,,,,,,,,1.41,1.39,2.71,2.97,,,,,,,,,,,,,,,,,,,,,,,,,,,,,,,,,,,,,,,,
belarus,vysshaya-liga,2023-04-29,Neman,Din. Minsk,1,0,Pinnacle,3.66,3.19,1.94,3.33,3.23,2.24,,,,,,,,,3.05,2.80,1.36,1.43,2.67,2.38,1.40,1.60,2.09,1.93,1.67,1.93,,,,,,,,,1.82,1.68,1.96,2.22,,,,,,,,,,,,,,,,,,,,,,,,,,,,,1.59,1.49,2.23,2.61,1.37,1.36,2.78,3.09,,,,,,,,,,,,,,,,,,,,,,,,,,,,,,,,,,,,
belarus,vysshaya-liga,2023-04-29,BATE,Smorgon,2,0,Pinnacle,1.16,6.72,13.34,1.17,7.62,15.34,,,,,,,,,,,,,,,,,,,,,,,,,,,,,,,,,1.54,1.52,2.34,2.50,,,,,,,,,,,,,2.42,2.28,1.50,1.62,2.18,2.07,1.64,1.78,1.92,1.84,1.85,2.02,,,,,,,,,,,,,,,,,,,,,,,,,,,,,,,,,,,,,,,,,1.68,1.65,2.10,2.27
belarus,vysshaya-liga,2023-04-30,Shakhtyor Soligorsk,FC Minsk,1,0,Pinnacle,1.32,4.78,7.51,1.34,5.15,8.80,1.42,1.41,2.84,2.86,,,,,,,,,,,,,,,,,1.70,1.75,2.03,2.10,1.48,1.50,2.45,2.57,,,,,1.96,2.00,1.82,1.85,,,,,,,,,,,,,,,,,,,,,2.64,2.76,1.41,1.44,,,,,,,,,,,,,,,,,,,,,,,,,,,,,,,,,,,,,,,,,2.19,2.27,1.61,1.65
belarus,vysshaya-liga,2023-04-30,Naftan,Dynamo Brest,0,3,Pinnacle,2.95,3.24,2.20,3.26,3.30,2.23,,,,,,,,,2.53,2.75,1.45,1.44,2.18,2.35,1.61,1.61,1.84,1.93,1.93,1.93,,,,,,,,,1.61,1.68,2.18,2.21,,,,,,,,,,,,,,,,,,,,,,,,,,,,,1.44,1.49,2.55,2.61,,,,,,,,,,,,,,,,,,,,,,,,,,,,,,,,,,,,,,,,
belarus,vysshaya-liga,2023-04-30,FC Gomel,Energetik-BGU,1,0,Pinnacle,2.67,3.03,2.58,2.18,3.35,3.33,2.64,2.53,1.47,1.51,2.61,2.16,1.44,1.71,2.28,1.88,1.58,1.96,1.92,1.58,1.85,2.41,1.63,1.43,2.20,2.81,,,,,,,,,,,,,,,,,,,,,,,,,,,,,,,,,,,,,,,,,,,,,,,,,,,,,,,,,,,,,,,,,,,,,,,,,,,,,,,,,,,,
belarus,vysshaya-liga,2023-05-05,Isloch,Slavia Mozyr,0,1,Pinnacle,1.87,3.41,3.65,2.18,3.29,3.40,2.11,2.51,1.65,1.52,1.88,2.16,1.88,1.71,1.63,1.88,2.16,1.98,1.39,1.56,2.73,2.45,1.42,1.41,2.79,2.86,,,,,,,,,,,,,,,,,,,,,,,,,,,,,,,,,,,,,,,,,,,,,,,,,,,,,,,,,,,,,,,,,,,,,,,,,,,,,,,,,,,,
belarus,vysshaya-liga,2023-05-05,Zhodino,Slutsk,1,1,Pinnacle,1.76,3.36,4.23,1.71,3.57,5.21,2.01,1.93,1.78,1.93,1.75,1.69,1.98,2.19,1.52,1.47,2.34,2.65,,,,,,,,,2.71,2.65,1.39,1.47,2.39,2.30,1.51,1.63,,,,,,,,,,,,,,,,,,,,,,,,,,,,,,,,,,,,,,,,,,,,,,,,,,,,,,,,,,,,,,,,,,,,,,,,,,,,
belarus,vysshaya-liga,2023-05-06,Dynamo Brest,Neman,1,3,Pinnacle,2.83,3.11,2.35,3.87,3.06,2.12,,,,,,,,,2.41,3.22,1.49,1.34,2.05,2.71,1.69,1.47,1.75,2.07,2.05,1.80,,,,,,,,,1.54,1.75,2.32,2.10,,,,,,,,,,,,,,,,,,,,,,,,,,,,,1.38,1.54,2.77,2.46,1.35,1.36,3.09,3.12,,,,,,,,,,,,,,,,,,,,,,,,,,,,,,,,,,,,
belarus,vysshaya-liga,2023-05-06,Belshina,BATE,0,3,Pinnacle,6.90,4.52,1.36,9.06,4.86,1.36,,,,,,,,,,,,,,,,,,,,,,,,,,,,,,,,,,,,,,,,,,,,,,,,,,,,,,,,,,,,,2.62,2.82,1.43,1.42,2.31,2.47,1.57,1.53,1.95,2.04,1.83,1.79,1.72,1.81,2.05,2.05,1.53,1.60,2.34,2.35,1.43,1.39,2.65,2.96,,,,,,,,,,,,,,,,,,,,
belarus,vysshaya-liga,2023-05-06,FC Minsk,FC Gomel,2,2,Pinnacle,2.69,3.16,2.42,2.72,3.23,2.60,,,,,2.63,2.49,1.41,1.51,2.31,2.21,1.55,1.67,1.99,1.89,1.79,1.92,1.67,1.61,2.09,2.30,,,,,,,,,1.50,1.44,2.37,2.66,,,,,,,,,,,,,,,,,,,,,,,,,,,,,1.44,1.40,2.72,2.90,,,,,,,,,,,,,,,,,,,,,,,,,,,,,,,,,,,,,,,,
belarus,vysshaya-liga,2023-05-07,Smorgon,Naftan,1,0,Pinnacle,2.39,3.11,2.78,2.57,3.31,2.73,2.84,2.81,1.41,1.43,2.34,2.51,1.52,1.52,2.05,2.20,1.69,1.69,1.74,1.87,1.94,1.99,1.52,1.61,2.38,2.34,,,,,,,,,1.39,1.47,2.71,2.67,,,,,,,,,,,,,,,,,,,,,,,,,,,,,,,,,,,,,,,,,,,,,,,,,,,,,,,,,,,,,,,,,,,,,,,,
belarus,vysshaya-liga,2023-05-07,Din. Minsk,Shakhtyor Soligorsk,1,0,Pinnacle,2.22,3.06,3.10,2.22,2.98,3.67,2.59,2.62,1.43,1.48,2.19,2.20,1.61,1.69,1.93,1.88,1.85,1.97,1.58,1.53,2.23,2.54,1.42,1.37,2.62,3.04,,,,,,,,,,,,,,,,,,,,,,,,,,,,,,,,,,,,,,,,,,,,,,,,,,,,,,,,,,,,,,,,,,,,,,,,,,,,,,,,,,,,
belarus,vysshaya-liga,2023-05-12,Slutsk,Isloch,1,1,Pinnacle,3.02,3.22,2.31,3.54,3.27,2.13,,,,,,,,,2.56,2.93,1.47,1.40,2.18,2.55,1.66,1.53,1.83,2.03,2.02,1.83,,,,,,,,,1.60,1.75,2.29,2.11,,,,,,,,,,,,,,,,,,,,,,,,,,,,,1.43,1.54,2.70,2.46,1.38,1.37,3.01,3.04,,,,,,,,,,,,,,,,,,,,,,,,,,,,,,,,,,,,
belarus,vysshaya-liga,2023-05-13,Shakhtyor Soligorsk,Dynamo Brest,2,0,Pinnacle,1.38,4.33,6.76,1.34,5.10,8.73,1.46,1.42,2.49,2.82,,,,,,,,,,,,,,,,,1.89,1.75,1.88,2.10,1.61,1.50,2.19,2.55,,,,,2.11,2.00,1.66,1.85,,,,,,,,,,,,,,,,,,,,,2.68,2.74,1.42,1.45,,,,,,,,,,,,,,,,,,,,,,,,,,,,,,,,,,,,,,,,,2.43,2.27,1.48,1.65
belarus,vysshaya-liga,2023-05-13,FC Gomel,Din. Minsk,0,4,Pinnacle,4.72,3.53,1.65,5.90,3.85,1.59,,,,,,,,,,,,,,,,,,,,,,,,,,,,,2.14,2.38,1.64,1.57,,,,,,,,,,,,,,,,,,,,,,,,,,,,,1.92,2.11,1.85,1.75,1.63,1.81,2.15,2.05,1.47,1.60,2.46,2.38,1.47,1.46,2.61,2.68,,,,,,,,,,,,,,,,,,,,,,,,,,,,
belarus,vysshaya-liga,2023-05-13,Energetik-BGU,FC Minsk,1,0,Pinnacle,2.24,3.55,2.98,2.66,3.51,2.52,,,,,2.22,2.60,1.67,1.49,1.96,2.30,1.88,1.63,1.66,1.98,2.22,1.88,1.49,1.70,2.56,2.18,,,,,,,,,1.47,1.54,2.64,2.46,,,,,,,,,,,,,,,,,,,,,,,,,,,,,,,,,,,,,,,,,,,,,,,,,,,,,,,,,,,,,,,,,,,,,,,,
belarus,vysshaya-liga,2023-05-14,BATE,Zhodino,1,2,Pinnacle,1.54,3.73,5.44,1.74,3.62,4.85,1.68,1.97,2.08,1.88,1.52,1.72,2.34,2.14,1.41,1.50,2.69,2.56,,,,,,,,,2.23,2.73,1.59,1.45,1.96,2.37,1.82,1.60,,,,,,,,,,,,,,,,,,,,,,,,,,,,,,,,,,,,,,,,,,,,,,,,,,,,,,,,,,,,,,,,,,,,,,,,,,,,
belarus,vysshaya-liga,2023-05-14,Naftan,Belshina,0,1,Pinnacle,2.11,3.16,3.31,1.95,3.51,3.84,2.44,2.23,1.50,1.67,2.09,1.95,1.69,1.90,1.83,1.69,1.94,2.20,1.53,1.43,2.41,2.80,,,,,,,,,2.99,2.77,1.37,1.44,,,,,,,,,,,,,,,,,,,,,,,,,,,,,,,,,,,,,,,,,,,,,,,,,,,,,,,,,,,,,,,,,,,,,,,,,,,,
belarus,vysshaya-liga,2023-05-14,Neman,Smorgon,3,1,Pinnacle,1.36,4.71,8.00,1.43,4.54,7.17,1.42,1.53,2.72,2.49,1.45,1.45,2.70,2.73,,,,,,,,,,,,,1.83,2.06,2.01,1.81,1.56,1.73,2.39,2.13,,,,,2.05,2.35,1.75,1.61,,,,,,,,,,,,,,,,,,,,,,,,,,,,,,,,,,,,,,,,,,,,,,,,,,,,,,,,,,,,,,,,,2.35,2.76,1.55,1.44
belarus,vysshaya-liga,2023-05-19,Slavia Mozyr,Slutsk,1,0,Pinnacle,2.00,3.21,3.57,2.09,3.05,3.97,2.30,2.43,1.57,1.57,2.00,2.09,1.78,1.78,1.72,1.77,2.05,2.08,1.44,1.44,2.59,2.74,,,,,,,,,2.88,3.06,1.37,1.37,,,,,,,,,,,,,,,,,,,,,,,,,,,,,,,,,,,,,,,,,,,,,,,,,,,,,,,,,,,,,,,,,,,,,,,,,,,,
belarus,vysshaya-liga,2023-05-20,Isloch,BATE,1,1,Pinnacle,4.23,3.47,1.76,3.57,3.87,1.93,,,,,,,,,,,,,2.94,2.69,1.39,1.46,2.37,2.19,1.52,1.69,,,,,,,,,2.01,1.93,1.75,1.93,,,,,,,,,,,,,,,,,,,,,,,,,,,,,1.79,1.70,1.99,2.18,1.54,1.48,2.38,2.64,,,,,,,,,,,,,,,,,,,,,,,,,,,,,,,,,,,,
belarus,vysshaya-liga,2023-05-20,Zhodino,Naftan,5,0,Pinnacle,1.47,3.93,6.02,1.40,4.52,8.14,1.58,1.48,2.25,2.62,,,,,,,,,,,,,,,,,2.07,1.93,1.68,1.92,1.81,1.65,1.97,2.28,,,,,2.32,2.19,1.52,1.69,,,,,,,,,,,,,,,,,,,,,,,,,,,,,,,,,,,,,,,,,,,,,,,,,,,,,,,,,,,,,,,,,2.65,2.55,1.43,1.51
belarus,vysshaya-liga,2023-05-20,Belshina,Neman,0,2,Pinnacle,5.09,3.73,1.57,6.14,3.96,1.56,,,,,,,,,,,,,,,,,2.54,2.90,1.46,1.40,,,,,,,,,2.27,2.46,1.55,1.54,,,,,,,,,,,,,,,,,,,,,,,,,,,,,2.02,2.17,1.71,1.70,1.78,1.85,2.01,2.00,1.56,1.62,2.28,2.33,1.44,1.47,2.54,2.65,,,,,,,,,,,,,,,,,,,,,,,,,,,,
belarus,vysshaya-liga,2023-05-21,Smorgon,Shakhtyor Soligorsk,1,3,Pinnacle,8.35,4.91,1.29,10.09,5.25,1.31,,,,,,,,,,,,,,,,,,,,,,,,,,,,,,,,,,,,,,,,,,,,,,,,,,,,,,,,,,,,,,,,,2.59,2.71,1.43,1.45,2.11,2.18,1.65,1.70,1.87,1.90,1.90,1.95,1.65,1.67,2.12,2.23,1.44,1.45,2.54,2.73,,,,,,,,,,,,,,,,,,,,
belarus,vysshaya-liga,2023-05-21,Dynamo Brest,FC Gomel,3,3,Pinnacle,2.34,3.06,2.96,2.80,3.11,2.63,,,,,2.32,2.73,1.57,1.45,2.01,2.37,1.77,1.60,1.67,1.99,2.13,1.87,1.47,1.67,2.51,2.23,,,,,,,,,1.44,1.50,2.59,2.57,,,,,,,,,,,,,,,,,,,,,,,,,,,,,,,,,,,,,,,,,,,,,,,,,,,,,,,,,,,,,,,,,,,,,,,,
belarus,vysshaya-liga,2023-05-21,Din. Minsk,Energetik-BGU,2,0,Pinnacle,1.34,4.55,7.55,1.28,5.41,11.16,,,,,,,,,,,,,,,,,,,,,1.79,1.64,1.99,2.29,1.52,1.41,2.37,2.89,,,,,2.00,1.87,1.73,1.98,,,,,,,,,,,,,,,,,,,,,2.89,2.55,1.40,1.51,,,,,,,,,,,,,,,,,,,,,,,,,,,,,,,,,,,,,,,,,2.28,2.11,1.54,1.74
belarus,vysshaya-liga,2023-05-24,Neman,Zhodino,0,0,Pinnacle,2.27,3.02,3.12,2.35,3.03,3.32,2.67,2.74,1.42,1.44,2.25,2.32,1.60,1.62,1.95,2.00,1.82,1.86,1.61,1.63,2.23,2.31,1.43,1.44,2.63,2.76,,,,,,,,,,,,,,,,,,,,,,,,,,,,,,,,,,,,,,,,,,,,,,,,,,,,,,,,,,,,,,,,,,,,,,,,,,,,,,,,,,,,
belarus,vysshaya-liga,2023-05-24,BATE,Slavia Mozyr,1,1,Pinnacle,1.43,4.22,6.05,1.49,4.20,6.86,1.52,1.60,2.37,2.37,1.47,1.47,2.64,2.67,,,,,,,,,,,,,1.98,2.10,1.80,1.75,1.70,1.81,2.08,2.05,,,,,2.22,2.37,1.62,1.57,,,,,,,,,,,,,,,,,,,,,,,,,,,,,,,,,,,,,,,,,,,,,,,,,,,,,,,,,,,,,,,,,2.57,2.79,1.45,1.43
belarus,vysshaya-liga,2023-05-26,Shakhtyor Soligorsk,Belshina,7,3,Pinnacle,1.19,6.07,10.71,1.25,5.89,12.35,,,,,,,,,,,,,,,,,,,,,1.44,1.54,2.55,2.47,,,,,,,,,1.62,1.75,2.17,2.11,,,,,,,,,,,,,,,,,2.30,2.59,1.53,1.49,2.04,2.30,1.70,1.63,,,,,,,,,,,,,,,,,,,,,,,,,,,,,,,,,,,,,,,,,1.81,1.96,1.97,1.89
belarus,vysshaya-liga,2023-05-26,FC Gomel,Smorgon,2,0,Pinnacle,1.59,3.78,4.77,1.54,4.50,5.42,1.77,1.65,2.03,2.26,1.58,1.52,2.24,2.52,1.40,1.46,2.69,2.70,,,,,,,,,2.27,2.13,1.55,1.73,2.00,1.87,1.73,1.98,,,,,2.30,2.38,1.55,1.57,,,,,,,,,,,,,,,,,,,,,,,,,,,,,,,,,,,,,,,,,,,,,,,,,,,,,,,,,,,,,,,,,,,,
belarus,vysshaya-liga,2023-05-27,Energetik-BGU,Dynamo Brest,1,0,Pinnacle,2.34,3.11,2.91,2.61,3.30,2.69,,,,,2.32,2.55,1.56,1.51,2.02,2.24,1.76,1.67,1.68,1.90,2.10,1.95,1.49,1.63,2.47,2.30,,,,,,,,,1.47,1.48,2.58,2.62,,,,,,,,,,,,,,,,,,,,,,,,,,,,,,,,,,,,,,,,,,,,,,,,,,,,,,,,,,,,,,,,,,,,,,,,
belarus,vysshaya-liga,2023-05-27,Naftan,Isloch,0,1,Pinnacle,3.91,3.38,1.82,5.63,3.87,1.61,,,,,,,,,,,,,,,,,2.25,2.70,1.58,1.46,,,,,,,,,1.94,2.35,1.83,1.58,,,,,,,,,,,,,,,,,,,,,,,,,,,,,1.69,2.08,2.05,1.76,1.47,1.80,2.47,2.07,1.41,1.59,2.69,2.39,1.46,1.46,2.68,2.68,,,,,,,,,,,,,,,,,,,,,,,,,,,,
belarus,vysshaya-liga,2023-05-27,FC Minsk,Din. Minsk,1,1,Pinnacle,5.89,4.02,1.46,10.06,5.30,1.30,,,,,,,,,,,,,,,,,,,,,,,,,,,,,,,,,,,,,,,,,,,,,,,,,,,,,,,,,,,,,,,,,2.00,2.73,1.79,1.45,1.70,2.18,2.04,1.70,1.54,1.90,2.28,1.95,1.51,1.68,2.41,2.22,1.45,1.45,2.69,2.72,,,,,,,,,,,,,,,,,,,,
belarus,vysshaya-liga,2023-06-02,Slavia Mozyr,Naftan,1,0,Pinnacle,1.57,3.80,5.19,1.48,4.38,6.63,1.71,1.57,2.06,2.39,1.55,1.47,2.31,2.66,,,,,,,,,,,,,2.27,2.05,1.59,1.82,1.98,1.76,1.79,2.09,,,,,2.54,2.30,1.46,1.63,,,,,,,,,,,,,,,,,,,,,,,,,,,,,,,,,,,,,,,,,,,,,,,,,,,,,,,,,,,,,,,,,2.53,2.68,1.48,1.46
belarus,vysshaya-liga,2023-06-02,Dynamo Brest,FC Minsk,1,0,Pinnacle,2.16,3.19,3.09,2.38,3.33,3.01,2.49,2.79,1.46,1.43,2.14,2.36,1.64,1.61,1.88,2.05,1.88,1.81,1.57,1.71,2.26,2.16,1.41,1.51,2.63,2.54,,,,,,,,,,,,,,,,,,,,,,,,,,,,,,,,,,,,,,,,,,,,,,,,,,,,,,,,,,,,,,,,,,,,,,,,,,,,,,,,,,,,
belarus,vysshaya-liga,2023-06-03,Zhodino,Shakhtyor Soligorsk,1,1,Pinnacle,3.37,3.15,2.05,2.64,3.19,2.64,,,,,2.73,2.58,1.42,1.48,2.86,2.26,1.35,1.63,2.47,1.91,1.49,1.91,1.99,1.63,1.79,2.26,,,,,,,,,1.70,1.48,2.04,2.58,,,,,,,,,,,,,,,,,,,,,,,,,,,,,,,,,,,,,,,,,,,,,,,,,,,,,,,,,,,,,,,,,,,,,,,,
belarus,vysshaya-liga,2023-06-03,Smorgon,Energetik-BGU,1,0,Pinnacle,3.29,3.23,2.05,3.13,3.28,2.31,,,,,,,,,2.81,2.64,1.36,1.47,2.44,2.25,1.50,1.66,1.99,1.87,1.79,1.99,,,,,,,,,1.71,1.64,2.03,2.28,,,,,,,,,,,,,,,,,,,,,,,,,,,,,1.52,1.46,2.34,2.68,,,,,,,,,,,,,,,,,,,,,,,,,,,,,,,,,,,,,,,,
belarus,vysshaya-liga,2023-06-03,FC Gomel,Belshina,2,0,Pinnacle,1.90,3.38,3.57,1.76,3.83,4.35,2.16,1.98,1.63,1.88,1.92,1.75,1.85,2.10,1.65,1.53,2.11,2.47,,,,,,,,,2.65,2.65,1.47,1.47,2.62,2.33,1.42,1.62,,,,,,,,,,,,,,,,,,,,,,,,,,,,,,,,,,,,,,,,,,,,,,,,,,,,,,,,,,,,,,,,,,,,,,,,,,,,
belarus,vysshaya-liga,2023-06-04,Slutsk,BATE,1,0,Pinnacle,5.20,3.75,1.58,5.00,4.37,1.59,,,,,,,,,,,,,,,,,2.80,2.80,1.43,1.43,,,,,,,,,2.29,2.39,1.56,1.57,,,,,,,,,,,,,,,,,,,,,,,,,,,,,2.04,2.13,1.72,1.73,1.78,1.86,2.01,2.00,1.58,1.64,2.30,2.29,1.45,1.50,2.57,2.56,,,,,,,,,,,,,,,,,,,,,,,,,,,,
belarus,vysshaya-liga,2023-06-04,Isloch,Neman,0,3,Pinnacle,2.72,2.95,2.53,3.32,3.19,2.26,,,,,,,,,2.31,2.79,1.55,1.43,1.96,2.36,1.81,1.60,1.63,1.92,2.15,1.93,,,,,,,,,1.46,1.67,2.48,2.24,,,,,,,,,,,,,,,,,,,,,,,,,,,,,1.50,1.47,2.54,2.65,,,,,,,,,,,,,,,,,,,,,,,,,,,,,,,,,,,,,,,,
belarus,vysshaya-liga,2023-06-09,Shakhtyor Soligorsk,Isloch,3,0,Pinnacle,1.52,3.91,5.34,1.49,4.18,6.78,1.64,1.61,2.14,2.36,1.50,1.47,2.39,2.65,,,,,,,,,,,,,2.14,2.11,1.64,1.74,1.88,1.83,1.88,2.04,,,,,2.39,2.38,1.50,1.57,,,,,,,,,,,,,,,,,,,,,,,,,,,,,,,,,,,,,,,,,,,,,,,,,,,,,,,,,,,,,,,,,,,,
belarus,vysshaya-liga,2023-06-09,Din. Minsk,Dynamo Brest,4,1,Pinnacle,1.31,4.82,8.33,1.25,6.02,11.07,,,,,,,,,,,,,,,,,,,,,1.70,1.61,2.08,2.36,1.46,1.37,2.53,3.07,,,,,1.93,1.85,1.83,2.01,,,,,,,,,,,,,,,,,2.62,2.63,1.46,1.46,2.65,2.41,1.43,1.56,,,,,,,,,,,,,,,,,,,,,,,,,,,,,,,,,,,,,,,,,2.19,2.06,1.63,1.78
belarus,vysshaya-liga,2023-06-10,FC Minsk,Smorgon,2,1,Pinnacle,1.81,3.47,3.83,2.01,3.31,3.88,2.03,2.28,1.70,1.64,1.83,2.01,1.95,1.85,1.58,1.72,2.25,2.14,1.35,1.44,2.88,2.77,,,,,,,,,2.43,2.77,1.48,1.44,,,,,,,,,,,,,,,,,,,,,,,,,,,,,,,,,,,,,,,,,,,,,,,,,,,,,,,,,,,,,,,,,,,,,,,,,,,,
belarus,vysshaya-liga,2023-06-10,Slutsk,Naftan,3,1,Pinnacle,1.57,3.80,4.92,1.64,3.66,5.72,1.72,1.83,2.04,2.04,1.56,1.63,2.28,2.31,1.43,1.42,2.76,2.84,,,,,,,,,2.28,2.48,1.58,1.53,2.00,2.14,1.78,1.72,,,,,2.55,2.71,1.46,1.45,,,,,,,,,,,,,,,,,,,,,,,,,,,,,,,,,,,,,,,,,,,,,,,,,,,,,,,,,,,,,,,,,,,,
belarus,vysshaya-liga,2023-06-10,Neman,Slavia Mozyr,1,0,Pinnacle,1.60,3.65,4.92,1.79,3.37,4.91,1.78,2.05,2.01,1.82,1.59,1.78,2.23,2.06,1.40,1.53,2.69,2.48,1.31,1.34,3.36,3.22,,,,,2.33,2.86,1.52,1.41,2.04,2.49,1.70,1.55,,,,,,,,,,,,,,,,,,,,,,,,,,,,,,,,,,,,,,,,,,,,,,,,,,,,,,,,,,,,,,,,,,,,,,,,,,,,
belarus,vysshaya-liga,2023-06-11,Energetik-BGU,Belshina,0,0,Pinnacle,1.68,3.67,4.30,1.85,3.81,3.92,1.88,2.08,1.89,1.77,1.66,1.85,2.10,2.01,1.47,1.62,2.47,2.32,1.41,1.40,2.84,2.92,,,,,2.44,2.70,1.48,1.46,2.16,2.48,1.63,1.53,,,,,,,,,,,,,,,,,,,,,,,,,,,,,,,,,,,,,,,,,,,,,,,,,,,,,,,,,,,,,,,,,,,,,,,,,,,,
belarus,vysshaya-liga,2023-06-11,FC Gomel,Zhodino,0,3,Pinnacle,2.86,3.11,2.31,3.48,2.97,2.30,,,,,,,,,2.46,2.89,1.49,1.41,2.10,2.41,1.68,1.58,1.77,1.90,2.02,1.95,,,,,,,,,1.57,1.64,2.31,2.28,,,,,,,,,,,,,,,,,,,,,,,,,,,,,1.40,1.45,2.72,2.72,,,,,,,,,,,,,,,,,,,,,,,,,,,,,,,,,,,,,,,,
belarus,vysshaya-liga,2023-06-23,Zhodino,Energetik-BGU,1,1,Pinnacle,1.59,3.62,5.10,1.34,4.31,8.09,1.77,1.40,2.02,2.69,,,,,,,,,,,,,,,,,2.32,1.76,1.52,1.99,2.03,1.52,1.71,2.38,,,,,2.72,1.98,1.44,1.75,,,,,,,,,,,,,,,,,,,,,,,,,,,,,,,,,,,,,,,,,,,,,,,,,,,,,,,,,,,,,,,,,2.76,2.27,1.42,1.55
belarus,vysshaya-liga,2023-06-24,Slutsk,Neman,0,2,Pinnacle,4.37,3.49,1.70,5.25,3.43,1.74,,,,,,,,,,,,,,,,,2.46,2.60,1.49,1.49,,,,,,,,,2.07,2.14,1.70,1.72,,,,,,,,,,,,,,,,,,,,,,,,,,,,,1.85,1.88,1.93,1.98,1.58,1.58,2.28,2.42,1.44,1.43,2.59,2.81,,,,,,,,,,,,,,,,,,,,,,,,,,,,,,,,
belarus,vysshaya-liga,2023-06-24,Slavia Mozyr,Shakhtyor Soligorsk,3,1,Pinnacle,3.85,3.42,1.82,5.10,3.74,1.68,,,,,,,,,,,,,,,,,2.24,2.69,1.58,1.46,,,,,,,,,1.94,2.23,1.83,1.67,,,,,,,,,,,,,,,,,,,,,,,,,,,,,1.70,1.99,2.04,1.87,1.47,1.70,2.45,2.17,1.47,1.53,2.63,2.47,,,,,,,,,,,,,,,,,,,,,,,,,,,,,,,,
belarus,vysshaya-liga,2023-06-24,Isloch,FC Gomel,3,1,Pinnacle,2.11,3.25,3.14,1.93,3.37,4.13,2.41,2.20,1.49,1.69,2.09,1.93,1.67,1.93,1.85,1.65,1.93,2.26,1.54,1.39,2.32,2.97,,,,,,,,,2.84,2.70,1.41,1.46,,,,,,,,,,,,,,,,,,,,,,,,,,,,,,,,,,,,,,,,,,,,,,,,,,,,,,,,,,,,,,,,,,,,,,,,,,,,
belarus,vysshaya-liga,2023-06-25,Smorgon,Din. Minsk,3,1,Pinnacle,8.22,4.92,1.29,9.23,5.39,1.31,,,,,,,,,,,,,,,,,,,,,,,,,,,,,,,,,,,,,,,,,,,,,,,,,,,,,,,,,,,,,,,,,2.61,2.72,1.44,1.45,2.13,2.21,1.67,1.68,1.88,1.93,1.89,1.92,1.66,1.71,2.14,2.16,1.45,1.49,2.56,2.60,,,,,,,,,,,,,,,,,,,,
belarus,vysshaya-liga,2023-06-25,Belshina,FC Minsk,1,2,Pinnacle,2.93,3.32,2.37,2.51,3.34,2.78,2.74,2.83,1.42,1.42,2.64,2.45,1.47,1.54,2.49,2.15,1.52,1.72,2.13,1.83,1.71,2.03,1.80,1.59,2.05,2.39,,,,,,,,,1.60,1.45,2.34,2.71,,,,,,,,,,,,,,,,,,,,,,,,,,,,,,,,,,,,,,,,,,,,,,,,,,,,,,,,,,,,,,,,,,,,,,,,
belarus,vysshaya-liga,2023-06-25,BATE,Naftan,1,2,Pinnacle,1.16,6.73,12.16,1.17,7.37,17.23,,,,,,,,,,,,,,,,,,,,,,,,,,,,,,,,,1.53,1.53,2.35,2.49,,,,,,,,,,,,,2.39,2.38,1.52,1.57,2.15,2.14,1.65,1.72,1.90,1.88,1.87,1.97,,,,,,,,,,,,,,,,,,,,,,,,,,,,,,,,,,,,,,,,,1.68,1.66,2.12,2.24
belarus,vysshaya-liga,2023-06-30,Shakhtyor Soligorsk,Slutsk,1,0,Pinnacle,1.32,4.76,7.66,1.46,4.36,7.02,1.43,1.57,2.78,2.43,1.46,1.44,2.67,2.76,,,,,,,,,,,,,1.70,2.12,2.03,1.74,1.47,1.80,2.45,2.07,,,,,1.96,2.42,1.81,1.56,,,,,,,,,,,,,,,,,,,,,,,,,,,,,,,,,,,,,,,,,,,,,,,,,,,,,,,,,,,,,,,,,,,,
belarus,vysshaya-liga,2023-06-30,Energetik-BGU,Isloch,0,1,Pinnacle,3.09,3.17,2.21,3.71,3.25,2.08,,,,,,,,,2.63,3.12,1.43,1.36,2.25,2.66,1.60,1.49,1.86,2.08,1.91,1.79,,,,,,,,,1.63,1.78,2.19,2.06,,,,,,,,,,,,,,,,,,,,,,,,,,,,,1.45,1.57,2.56,2.39,1.38,1.38,2.98,3.02,,,,,,,,,,,,,,,,,,,,,,,,,,,,,,,,,,,,
belarus,vysshaya-liga,2023-07-01,Din. Minsk,Belshina,7,2,Pinnacle,1.17,6.80,12.51,1.16,7.63,18.88,,,,,,,,,,,,,,,,,,,,,,,,,,,,,,,,,1.53,1.50,2.35,2.58,,,,,,,,,2.43,2.61,1.50,1.49,2.38,2.29,1.52,1.61,2.15,2.06,1.66,1.78,1.90,1.81,1.87,2.05,,,,,,,,,,,,,,,,,,,,,,,,,,,,,,,,,,,,,,,,,1.68,1.62,2.12,2.32
belarus,vysshaya-liga,2023-07-01,FC Minsk,Zhodino,1,0,Pinnacle,4.47,3.52,1.71,3.70,3.26,2.08,,,,,,,,,2.97,3.00,1.39,1.38,3.01,2.63,1.34,1.48,2.47,2.06,1.48,1.78,,,,,,,,,2.08,1.79,1.70,2.08,,,,,,,,,,,,,,,,,,,,,,,,,,,,,1.85,1.57,1.92,2.42,1.59,1.36,2.27,3.10,,,,,,,,,,,,,,,,,,,,,,,,,,,,,,,,,,,,
belarus,vysshaya-liga,2023-07-01,Neman,BATE,0,1,Pinnacle,2.63,2.92,2.71,2.37,3.24,3.06,2.77,2.80,1.39,1.43,2.57,2.35,1.45,1.61,2.23,2.04,1.61,1.83,1.86,1.69,1.91,2.19,1.58,1.50,2.29,2.58,,,,,,,,,,,,,,,,,,,,,,,,,,,,,,,,,,,,,,,,,,,,,,,,,,,,,,,,,,,,,,,,,,,,,,,,,,,,,,,,,,,,
belarus,vysshaya-liga,2023-07-02,FC Gomel,Slavia Mozyr,3,2,Pinnacle,2.48,3.02,2.69,2.93,3.33,2.41,,,,,,,,,2.14,2.48,1.66,1.53,1.81,2.12,1.97,1.74,1.56,1.79,2.33,2.08,,,,,,,,,1.42,1.60,2.66,2.38,,,,,,,,,,,,,,,,,,,,,,,,,,,,,1.43,1.42,2.76,2.84,,,,,,,,,,,,,,,,,,,,,,,,,,,,,,,,,,,,,,,,
belarus,vysshaya-liga,2023-07-02,Dynamo Brest,Smorgon,2,1,Pinnacle,1.77,3.50,3.98,1.71,3.69,4.95,1.98,1.92,1.75,1.93,1.78,1.70,2.00,2.18,1.55,1.48,2.32,2.62,,,,,,,,,2.52,2.61,1.51,1.48,2.35,2.28,1.51,1.65,,,,,,,,,,,,,,,,,,,,,,,,,,,,,,,,,,,,,,,,,,,,,,,,,,,,,,,,,,,,,,,,,,,,,,,,,,,,
belarus,vysshaya-liga,2023-07-06,Zhodino,Din. Minsk,0,0,Pinnacle,3.34,3.15,2.07,3.56,3.14,2.18,,,,,,,,,2.84,2.98,1.36,1.39,2.44,2.52,1.50,1.53,1.98,1.99,1.80,1.86,,,,,,,,,1.69,1.71,2.05,2.16,,,,,,,,,,,,,,,,,,,,,,,,,,,,,1.50,1.51,2.37,2.52,,,,,,,,,,,,,,,,,,,,,,,,,,,,,,,,,,,,,,,,
belarus,vysshaya-liga,2023-07-06,BATE,Shakhtyor Soligorsk,2,0,Pinnacle,2.43,3.02,2.80,2.33,3.22,3.15,2.86,2.73,1.40,1.45,2.38,2.30,1.50,1.63,2.07,2.00,1.68,1.85,1.76,1.66,2.04,2.25,1.52,1.47,2.39,2.65,,,,,,,,,,,,,,,,,,,,,,,,,,,,,,,,,,,,,,,,,,,,,,,,,,,,,,,,,,,,,,,,,,,,,,,,,,,,,,,,,,,,
belarus,vysshaya-liga,2023-07-07,Slavia Mozyr,Energetik-BGU,0,0,Pinnacle,1.90,3.30,3.79,1.69,3.57,5.37,2.17,1.89,1.64,1.96,1.90,1.68,1.87,2.21,1.65,1.46,2.17,2.70,,,,,,,,,2.69,2.57,1.45,1.50,2.67,2.24,1.42,1.67,,,,,,,,,,,,,,,,,,,,,,,,,,,,,,,,,,,,,,,,,,,,,,,,,,,,,,,,,,,,,,,,,,,,,,,,,,,,
belarus,vysshaya-liga,2023-07-07,Naftan,Neman,0,3,Pinnacle,7.05,4.12,1.41,10.86,4.95,1.31,,,,,,,,,,,,,,,,,,,,,,,,,,,,,,,,,,,,,,,,,,,,,,,,,,,,,,,,,,,,,2.42,2.88,1.50,1.41,2.10,2.64,1.68,1.48,1.80,2.12,1.98,1.74,1.61,1.85,2.24,2.01,1.43,1.63,2.62,2.31,1.39,1.40,2.98,2.90,,,,,,,,,,,,,,,,,,,,
belarus,vysshaya-liga,2023-07-08,Slutsk,FC Gomel,3,1,Pinnacle,,,,,,,,,,,,,,,,,,,,,,,,,,,,,,,,,,,,,,,,,,,,,,,,,,,,,,,,,,,,,,,,,,,,,,,,,,,,,,,,,,,,,,,,,,,,,,,,,,,,,,,,,,,,,,
belarus,vysshaya-liga,2023-07-08,Isloch,FC Minsk,0,0,Pinnacle,1.77,3.48,4.00,1.88,3.33,4.46,1.98,2.12,1.75,1.74,1.78,1.88,2.00,1.98,1.55,1.61,2.32,2.35,1.32,1.34,3.01,3.19,,,,,,,,,2.35,2.58,1.51,1.50,,,,,,,,,,,,,,,,,,,,,,,,,,,,,,,,,,,,,,,,,,,,,,,,,,,,,,,,,,,,,,,,,,,,,,,,,,,,
belarus,vysshaya-liga,2023-07-08,Belshina,Dynamo Brest,1,0,Pinnacle,3.07,3.32,2.11,3.81,3.72,1.90,,,,,,,,,,,,,2.29,2.84,1.56,1.42,1.90,2.25,1.84,1.66,,,,,,,,,1.67,1.95,2.09,1.90,,,,,,,,,,,,,,,,,,,,,,,,,,,,,1.49,1.72,2.41,2.14,1.39,1.49,2.92,2.58,,,,,,,,,,,,,,,,,,,,,,,,,,,,,,,,,,,,
belarus,vysshaya-liga,2023-08-04,Slavia Mozyr,FC Minsk,1,0,Pinnacle,1.98,3.24,3.47,1.98,3.23,4.14,2.27,2.28,1.57,1.65,2.00,1.98,1.79,1.88,1.71,1.68,2.03,2.20,1.44,1.40,2.55,2.92,,,,,,,,,2.82,2.86,1.36,1.41,,,,,,,,,,,,,,,,,,,,,,,,,,,,,,,,,,,,,,,,,,,,,,,,,,,,,,,,,,,,,,,,,,,,,,,,,,,,
belarus,vysshaya-liga,2023-08-04,Naftan,Shakhtyor Soligorsk,1,1,Pinnacle,8.43,5.21,1.27,5.37,3.84,1.64,,,,,,,,,,,,,,,,,2.76,2.81,1.44,1.43,,,,,,,,,2.69,2.31,1.46,1.63,,,,,,,,,,,,,,,,,,,,,,,,,,,,,2.68,2.05,1.45,1.81,2.77,1.75,1.39,2.11,2.24,1.56,1.61,2.42,1.95,1.47,1.82,2.65,,,,,,,,,,,,,,,,,,,,,,,,,,,,
belarus,vysshaya-liga,2023-08-05,Slutsk,Energetik-BGU,1,1,Pinnacle,2.20,3.01,3.17,2.21,2.98,3.70,2.57,2.59,1.43,1.49,2.18,2.19,1.61,1.69,1.91,1.88,1.86,1.98,1.56,1.52,2.27,2.56,1.40,1.37,2.68,3.06,,,,,,,,,,,,,,,,,,,,,,,,,,,,,,,,,,,,,,,,,,,,,,,,,,,,,,,,,,,,,,,,,,,,,,,,,,,,,,,,,,,,
belarus,vysshaya-liga,2023-08-05,Belshina,Smorgon,2,0,Pinnacle,2.30,3.27,2.85,2.88,3.14,2.56,,,,,2.28,2.80,1.59,1.43,2.00,2.44,1.78,1.57,1.68,2.05,2.10,1.82,1.50,1.70,2.44,2.17,,,,,,,,,1.43,1.52,2.78,2.50,,,,,,,,,,,,,,,,,,,,,,,,,,,,,1.40,1.40,2.92,2.92,,,,,,,,,,,,,,,,,,,,,,,,,,,,,,,,,,,,,,,,
belarus,vysshaya-liga,2023-08-06,Zhodino,Dynamo Brest,1,2,Pinnacle,1.55,3.74,5.26,1.71,3.63,5.07,1.70,1.93,2.08,1.93,1.54,1.69,2.33,2.18,1.41,1.48,2.82,2.64,,,,,,,,,2.26,2.65,1.59,1.47,1.97,2.30,1.81,1.63,,,,,,,,,,,,,,,,,,,,,,,,,,,,,,,,,,,,,,,,,,,,,,,,,,,,,,,,,,,,,,,,,,,,,,,,,,,,
belarus,vysshaya-liga,2023-08-06,Isloch,Din. Minsk,2,3,Pinnacle,4.18,3.48,1.74,4.06,3.49,1.91,,,,,,,,,,,,,3.05,2.95,1.37,1.39,2.36,2.27,1.51,1.65,,,,,,,,,2.00,1.94,1.72,1.91,,,,,,,,,,,,,,,,,,,,,,,,,,,,,1.80,1.71,1.98,2.17,1.54,1.47,2.33,2.64,1.41,1.47,2.63,2.67,,,,,,,,,,,,,,,,,,,,,,,,,,,,,,,,
belarus,vysshaya-liga,2023-08-11,FC Minsk,Slutsk,0,1,Pinnacle,2.36,3.00,2.90,2.50,2.92,3.19,2.78,3.00,1.37,1.38,2.34,2.47,1.54,1.56,2.05,2.11,1.75,1.78,1.68,1.70,2.07,2.18,1.47,1.48,2.45,2.63,,,,,,,,,1.43,1.40,2.74,2.94,,,,,,,,,,,,,,,,,,,,,,,,,,,,,,,,,,,,,,,,,,,,,,,,,,,,,,,,,,,,,,,,,,,,,,,,
belarus,vysshaya-liga,2023-08-12,FC Gomel,Naftan,3,2,Pinnacle,1.62,3.70,4.64,1.71,3.92,4.61,1.81,1.89,1.97,1.96,1.62,1.69,2.21,2.19,1.43,1.49,2.64,2.59,,,,,,,,,2.37,2.47,1.52,1.53,2.08,2.18,1.70,1.69,,,,,,,,,,,,,,,,,,,,,,,,,,,,,,,,,,,,,,,,,,,,,,,,,,,,,,,,,,,,,,,,,,,,,,,,,,,,
belarus,vysshaya-liga,2023-08-12,Dynamo Brest,Isloch,0,1,Pinnacle,2.68,3.12,2.46,2.45,3.18,2.99,2.84,2.87,1.42,1.41,2.62,2.42,1.42,1.57,2.30,2.10,1.55,1.78,1.98,1.74,1.80,2.12,1.66,1.52,2.11,2.51,,,,,,,,,,,,,,,,,,,,,,,,,,,,,,,,,,,,,,,,,,,,,,,,,,,,,,,,,,,,,,,,,,,,,,,,,,,,,,,,,,,,
belarus,vysshaya-liga,2023-08-13,Smorgon,Zhodino,1,1,Pinnacle,4.88,3.57,1.62,7.37,4.22,1.46,,,,,,,,,,,,,,,,,,,,,,,,,,,,,2.19,2.75,1.61,1.44,,,,,,,,,,,,,,,,,,,,,,,,,,,,,1.96,2.43,1.81,1.57,1.67,2.10,2.09,1.78,1.50,1.77,2.39,2.08,1.54,1.58,2.34,2.35,1.43,1.42,2.78,2.83,,,,,,,,,,,,,,,,,,,,,,,,
belarus,vysshaya-liga,2023-08-13,Din. Minsk,Slavia Mozyr,2,2,Pinnacle,1.43,4.22,6.05,1.42,4.60,7.35,1.52,1.50,2.35,2.56,,,,,,,,,,,,,,,,,1.98,1.95,1.80,1.90,1.68,1.67,2.06,2.24,,,,,2.20,2.20,1.61,1.68,,,,,,,,,,,,,,,,,,,,,,,,,,,,,,,,,,,,,,,,,,,,,,,,,,,,,,,,,,,,,,,,,2.54,2.56,1.44,1.50
belarus,vysshaya-liga,2023-08-18,Naftan,Energetik-BGU,4,0,Pinnacle,3.10,3.09,2.20,2.81,3.22,2.56,,,,,2.72,2.74,1.44,1.44,2.66,2.40,1.42,1.59,2.26,2.02,1.59,1.84,1.85,1.70,1.92,2.18,,,,,,,,,1.63,1.52,2.20,2.50,,,,,,,,,,,,,,,,,,,,,,,,,,,,,,,,,,,,,,,,,,,,,,,,,,,,,,,,,,,,,,,,,,,,,,,,
belarus,vysshaya-liga,2023-08-19,Zhodino,Belshina,1,1,Pinnacle,1.32,4.71,7.54,1.37,4.89,8.34,1.49,1.43,2.47,2.78,,,,,,,,,,,,,,,,,1.72,1.86,2.01,2.00,1.48,1.58,2.42,2.42,,,,,1.98,2.11,1.80,1.75,,,,,,,,,,,,,,,,,,,,,,,,,,,,,,,,,,,,,,,,,,,,,,,,,,,,,,,,,,,,,,,,,2.22,2.42,1.59,1.55
belarus,vysshaya-liga,2023-08-19,Isloch,Smorgon,1,0,Pinnacle,1.55,3.88,5.04,1.50,4.28,6.36,1.68,1.63,2.07,2.32,1.53,1.48,2.31,2.62,,,,,,,,,,,,,2.20,2.18,1.61,1.70,1.94,1.87,1.83,1.99,,,,,2.45,2.47,1.47,1.53,,,,,,,,,,,,,,,,,,,,,,,,,,,,,,,,,,,,,,,,,,,,,,,,,,,,,,,,,,,,,,,,,,,,
belarus,vysshaya-liga,2023-08-20,Slutsk,Din. Minsk,1,2,Pinnacle,4.84,3.79,1.58,7.47,4.18,1.46,,,,,,,,,,,,,,,,,,,,,,,,,,,,,,,,,,,,,,,,,,,,,,,,,,,,,,,,,,,,,2.01,2.41,1.72,1.56,1.78,2.08,2.02,1.76,1.56,1.79,2.28,2.08,1.44,1.60,2.54,2.36,1.44,1.43,2.73,2.80,,,,,,,,,,,,,,,,,,,,,,,,
belarus,vysshaya-liga,2023-08-20,Slavia Mozyr,Dynamo Brest,0,1,Pinnacle,2.04,3.26,3.29,1.87,3.53,4.18,2.33,2.12,1.52,1.74,2.02,1.87,1.71,1.99,1.78,1.62,1.98,2.33,1.50,1.37,2.44,3.05,,,,,2.71,2.75,1.45,1.44,2.94,2.60,1.39,1.49,,,,,,,,,,,,,,,,,,,,,,,,,,,,,,,,,,,,,,,,,,,,,,,,,,,,,,,,,,,,,,,,,,,,,,,,,,,,
belarus,vysshaya-liga,2023-08-22,Neman,FC Gomel,2,2,Pinnacle,1.52,3.84,5.43,1.64,3.67,5.27,1.65,1.83,2.12,1.99,1.50,1.63,2.38,2.26,1.41,1.43,2.82,2.75,,,,,,,,,2.17,2.49,1.62,1.51,1.89,2.15,1.85,1.69,,,,,,,,,,,,,,,,,,,,,,,,,,,,,,,,,,,,,,,,,,,,,,,,,,,,,,,,,,,,,,,,,,,,,,,,,,,,
belarus,vysshaya-liga,2023-08-25,FC Minsk,Naftan,1,0,Pinnacle,1.82,3.53,4.14,1.91,3.60,3.91,2.07,2.17,1.76,1.70,1.83,1.91,2.01,1.94,1.59,1.66,2.36,2.25,1.35,1.41,3.10,2.88,,,,,,,,,2.49,2.65,1.52,1.47,,,,,,,,,,,,,,,,,,,,,,,,,,,,,,,,,,,,,,,,,,,,,,,,,,,,,,,,,,,,,,,,,,,,,,,,,,,,
belarus,vysshaya-liga,2023-08-26,Smorgon,Slavia Mozyr,0,2,Pinnacle,4.06,3.44,1.80,4.87,3.87,1.68,,,,,,,,,,,,,,,,,2.32,2.66,1.57,1.47,,,,,,,,,1.98,2.23,1.80,1.67,,,,,,,,,,,,,,,,,,,,,,,,,,,,,1.74,1.98,2.02,1.88,1.50,1.69,2.43,2.19,1.42,1.52,2.66,2.51,,,,,,,,,,,,,,,,,,,,,,,,,,,,,,,,
belarus,vysshaya-liga,2023-08-26,Dynamo Brest,Slutsk,2,1,Pinnacle,2.10,3.13,3.28,2.06,3.40,3.61,2.44,2.39,1.50,1.59,2.10,2.06,1.69,1.81,1.83,1.77,1.94,2.07,1.52,1.49,2.42,2.60,1.38,1.41,2.82,2.89,,,,,3.04,3.04,1.37,1.37,,,,,,,,,,,,,,,,,,,,,,,,,,,,,,,,,,,,,,,,,,,,,,,,,,,,,,,,,,,,,,,,,,,,,,,,,,,,
belarus,vysshaya-liga,2023-08-26,Belshina,Isloch,0,2,Pinnacle,3.92,3.51,1.78,4.63,3.74,1.74,,,,,,,,,,,,,,,,,2.29,2.54,1.56,1.51,,,,,,,,,1.99,2.14,1.79,1.72,,,,,,,,,,,,,,,,,,,,,,,,,,,,,1.74,1.90,1.99,1.95,1.51,1.63,2.36,2.30,1.45,1.48,2.69,2.62,,,,,,,,,,,,,,,,,,,,,,,,,,,,,,,,
belarus,vysshaya-liga,2023-08-27,FC Gomel,Shakhtyor Soligorsk,3,2,Pinnacle,3.94,3.53,1.77,2.57,3.48,2.62,,,,,2.57,2.51,1.43,1.52,2.76,2.22,1.40,1.68,2.98,1.91,1.33,1.94,2.31,1.65,1.55,2.26,,,,,,,,,2.00,1.50,1.78,2.56,,,,,,,,,,,,,,,,,,,,,,,,,,,,,,,,,,,,,,,,,,,,,,,,,,,,,,,,,,,,,,,,,,,,,,,,
belarus,vysshaya-liga,2023-08-27,Energetik-BGU,Neman,1,3,Pinnacle,5.16,3.54,1.60,8.00,4.09,1.46,,,,,,,,,,,,,,,,,,,,,,,,,,,,,2.25,2.77,1.60,1.44,,,,,,,,,,,,,,,,,,,,,,,,,,,,,2.00,2.43,1.79,1.57,1.70,2.06,2.08,1.81,1.51,1.72,2.39,2.14,1.43,1.54,2.75,2.44,1.42,1.42,2.82,2.83,,,,,,,,,,,,,,,,,,,,,,,,
belarus,vysshaya-liga,2023-09-01,Isloch,Zhodino,1,2,Pinnacle,2.70,2.95,2.55,3.17,3.05,2.41,,,,,2.64,2.94,1.41,1.39,2.30,2.65,1.56,1.47,1.94,2.22,1.83,1.68,1.62,1.81,2.17,2.05,,,,,,,,,1.46,1.59,2.49,2.39,,,,,,,,,,,,,,,,,,,,,,,,,,,,,1.39,1.41,2.86,2.85,,,,,,,,,,,,,,,,,,,,,,,,,,,,,,,,,,,,,,,,
belarus,vysshaya-liga,2023-09-02,Slavia Mozyr,Belshina,4,1,Pinnacle,1.47,4.09,5.65,1.40,4.74,7.48,1.57,1.47,2.26,2.64,,,,,,,,,,,,,,,,,2.03,1.88,1.71,1.97,1.79,1.62,2.00,2.33,,,,,2.27,2.11,1.55,1.74,,,,,,,,,,,,,,,,,,,,,,,,,,,,,,,,,,,,,,,,,,,,,,,,,,,,,,,,,,,,,,,,,2.60,2.42,1.48,1.56
belarus,vysshaya-liga,2023-09-02,Neman,FC Minsk,3,0,Pinnacle,1.42,4.10,6.53,1.33,4.84,10.09,1.51,1.42,2.37,2.83,,,,,,,,,,,,,,,,,1.99,1.81,1.79,2.07,1.68,1.53,2.06,2.55,,,,,2.22,2.05,1.59,1.79,,,,,,,,,,,,,,,,,,,,,2.88,2.88,1.41,1.41,,,,,,,,,,,,,,,,,,,,,,,,,,,,,,,,,,,,,,,,,2.59,2.37,1.43,1.57
belarus,vysshaya-liga,2023-09-02,Naftan,Din. Minsk,0,3,Pinnacle,6.93,4.72,1.34,15.38,6.77,1.19,,,,,,,,,,,,,,,,,,,,,,,,,,,,,,,,,,,,,,,,,,,,,,,,,,,,,,,,,,,,,,,,,,,,,1.99,2.66,1.74,1.47,1.79,2.31,1.99,1.60,1.58,2.07,2.23,1.78,1.40,1.81,2.69,2.06,1.48,1.61,2.59,2.35,1.49,1.48,2.59,2.62,,,,,,,,,,,,
belarus,vysshaya-liga,2023-09-03,BATE,Dynamo Brest,4,0,Pinnacle,1.42,4.25,6.13,1.45,4.62,6.55,1.51,1.53,2.37,2.47,1.47,1.49,2.57,2.61,,,,,,,,,,,,,1.96,1.98,1.81,1.88,1.67,1.70,2.08,2.17,,,,,2.18,2.21,1.62,1.68,,,,,,,,,,,,,,,,,,,,,,,,,,,,,,,,,,,,,,,,,,,,,,,,,,,,,,,,,,,,,,,,,2.52,2.56,1.45,1.50
belarus,vysshaya-liga,2023-09-03,Shakhtyor Soligorsk,Energetik-BGU,3,2,Pinnacle,1.40,4.35,6.43,1.59,3.89,5.81,1.47,1.76,2.45,2.09,1.50,1.57,2.54,2.39,,,,,,,,,,,,,1.90,2.45,1.87,1.56,1.63,2.09,2.16,1.78,,,,,2.12,2.78,1.65,1.43,,,,,,,,,,,,,,,,,,,,,,,,,,,,,,,,,,,,,,,,,,,,,,,,,,,,,,,,,,,,,,,,,,,,
belarus,vysshaya-liga,2023-09-03,Slutsk,Smorgon,3,3,Pinnacle,1.81,3.31,4.02,1.92,3.46,4.06,2.07,2.20,1.71,1.69,1.83,1.92,1.94,1.93,1.58,1.65,2.29,2.26,1.34,1.39,3.02,2.95,,,,,,,,,2.51,2.75,1.47,1.44,,,,,,,,,,,,,,,,,,,,,,,,,,,,,,,,,,,,,,,,,,,,,,,,,,,,,,,,,,,,,,,,,,,,,,,,,,,,
belarus,vysshaya-liga,2023-09-15,Zhodino,Slavia Mozyr,2,2,Pinnacle,1.74,3.42,4.46,2.29,3.12,3.33,1.96,2.69,1.81,1.46,1.72,2.27,2.04,1.65,1.50,1.96,2.43,1.89,1.34,1.61,3.02,2.35,1.35,1.43,3.01,2.78,,,,,,,,,,,,,,,,,,,,,,,,,,,,,,,,,,,,,,,,,,,,,,,,,,,,,,,,,,,,,,,,,,,,,,,,,,,,,,,,,,,,
belarus,vysshaya-liga,2023-09-16,Dynamo Brest,Naftan,2,2,Pinnacle,1.71,4.42,3.95,1.57,4.72,4.79,1.88,1.69,1.95,2.19,1.69,1.55,2.16,2.44,1.52,1.47,2.49,2.66,,,,,,,,,2.41,2.17,1.55,1.70,2.15,1.92,1.70,1.93,,,,,2.58,2.41,1.50,1.56,,,,,,,,,,,,,,,,,,,,,,,,,,,,,,,,,,,,,,,,,,,,,,,,,,,,,,,,,,,,,,,,,,,,
belarus,vysshaya-liga,2023-09-16,Belshina,Slutsk,1,1,Pinnacle,2.91,3.15,2.27,2.69,3.30,2.62,,,,,2.58,2.62,1.45,1.48,2.48,2.30,1.46,1.63,2.12,1.95,1.65,1.90,1.79,1.67,1.99,2.24,,,,,,,,,1.58,1.50,2.25,2.56,,,,,,,,,,,,,,,,,,,,,,,,,,,,,1.41,1.43,2.64,2.78,,,,,,,,,,,,,,,,,,,,,,,,,,,,,,,,,,,,,,,,
belarus,vysshaya-liga,2023-09-16,Energetik-BGU,FC Gomel,1,2,Pinnacle,2.81,3.31,2.40,3.22,3.34,2.23,,,,,,,,,2.42,2.72,1.54,1.45,2.09,2.33,1.78,1.62,1.74,1.92,2.06,1.93,,,,,,,,,1.55,1.68,2.35,2.21,,,,,,,,,,,,,,,,,,,,,,,,,,,,,1.42,1.49,2.79,2.59,,,,,,,,,,,,,,,,,,,,,,,,,,,,,,,,,,,,,,,,
belarus,vysshaya-liga,2023-09-17,Smorgon,BATE,1,2,Pinnacle,6.98,4.50,1.36,8.02,5.08,1.36,,,,,,,,,,,,,,,,,,,,,,,,,,,,,,,,,,,,,,,,,,,,,,,,,,,,,,,,,,,,,2.60,2.82,1.42,1.43,2.29,2.46,1.56,1.56,1.95,2.03,1.83,1.83,1.71,1.77,2.03,2.07,1.52,1.58,2.32,2.36,1.48,1.43,2.61,2.80,,,,,,,,,,,,,,,,,,,,
belarus,vysshaya-liga,2023-09-17,FC Minsk,Shakhtyor Soligorsk,0,0,Pinnacle,3.87,3.47,1.80,3.57,3.18,2.16,,,,,,,,,2.86,2.99,1.37,1.38,2.95,2.54,1.35,1.53,2.29,2.01,1.58,1.85,,,,,,,,,1.96,1.72,1.81,2.14,,,,,,,,,,,,,,,,,,,,,,,,,,,,,1.72,1.52,2.04,2.51,,,,,,,,,,,,,,,,,,,,,,,,,,,,,,,,,,,,,,,,
belarus,vysshaya-liga,2023-09-17,Din. Minsk,Neman,2,1,Pinnacle,1.93,3.20,3.66,2.27,3.19,3.29,2.22,2.66,1.59,1.47,1.95,2.25,1.82,1.66,1.67,1.94,2.09,1.91,1.40,1.61,2.67,2.34,1.37,1.44,3.03,2.76,,,,,2.76,3.11,1.38,1.36,,,,,,,,,,,,,,,,,,,,,,,,,,,,,,,,,,,,,,,,,,,,,,,,,,,,,,,,,,,,,,,,,,,,,,,,,,,,
belarus,vysshaya-liga,2023-09-22,FC Gomel,FC Minsk,2,0,Pinnacle,1.94,3.51,3.88,1.92,3.60,3.86,2.21,2.17,1.68,1.70,1.94,1.92,1.91,1.93,1.68,1.67,2.21,2.23,1.42,1.42,2.83,2.84,,,,,,,,,2.70,2.63,1.46,1.48,,,,,,,,,,,,,,,,,,,,,,,,,,,,,,,,,,,,,,,,,,,,,,,,,,,,,,,,,,,,,,,,,,,,,,,,,,,,
belarus,vysshaya-liga,2023-09-22,BATE,Belshina,2,1,Pinnacle,1.21,5.83,9.50,1.18,6.77,16.40,,,,,,,,,,,,,,,,,,,,,,,,,,,,,,,,,,,,,,,,,,,,,2.59,2.51,1.47,1.51,2.43,2.20,1.49,1.68,2.36,1.99,1.52,1.85,2.10,1.74,1.67,2.10,,,,,,,,,,,,,,,,,,,,,,,,,,,,,,,,,,,,,,,,,1.84,1.57,1.92,2.35
belarus,vysshaya-liga,2023-09-23,Neman,Dynamo Brest,3,1,Pinnacle,1.48,4.02,5.67,1.28,5.38,11.05,,,,,,,,,,,,,,,,,,,,,2.05,1.64,1.69,2.28,1.81,1.41,1.97,2.87,,,,,2.30,1.88,1.53,1.98,,,,,,,,,,,,,,,,,,,,,2.80,2.52,1.42,1.52,,,,,,,,,,,,,,,,,,,,,,,,,,,,,,,,,,,,,,,,,2.67,2.11,1.46,1.75
belarus,vysshaya-liga,2023-09-23,Slutsk,Zhodino,0,0,Pinnacle,3.70,3.25,2.01,4.56,3.46,1.82,,,,,,,,,,,,,2.66,3.30,1.44,1.33,2.08,2.43,1.72,1.57,,,,,,,,,1.81,2.04,2.03,1.82,,,,,,,,,,,,,,,,,,,,,,,,,,,,,1.58,1.78,2.33,2.07,1.37,1.51,2.94,2.53,,,,,,,,,,,,,,,,,,,,,,,,,,,,,,,,,,,,
belarus,vysshaya-liga,2023-09-23,Shakhtyor Soligorsk,Din. Minsk,0,4,Pinnacle,3.23,3.23,2.07,5.10,4.10,1.62,,,,,,,,,,,,,,,,,1.96,2.82,1.82,1.43,,,,,,,,,1.69,2.35,2.06,1.61,,,,,,,,,,,,,,,,,,,,,,,,,,,,,1.50,2.08,2.37,1.79,1.45,1.77,2.59,2.07,1.47,1.57,2.50,2.38,1.43,1.46,2.63,2.69,,,,,,,,,,,,,,,,,,,,,,,,,,,,
belarus,vysshaya-liga,2023-09-24,Naftan,Smorgon,3,0,Pinnacle,2.27,3.13,3.01,2.46,3.49,2.75,,,,,2.25,2.40,1.60,1.56,1.96,2.12,1.81,1.74,1.64,1.83,2.18,2.04,1.45,1.60,2.56,2.37,,,,,,,,,1.47,1.46,2.63,2.68,,,,,,,,,,,,,,,,,,,,,,,,,,,,,,,,,,,,,,,,,,,,,,,,,,,,,,,,,,,,,,,,,,,,,,,,
belarus,vysshaya-liga,2023-09-24,Slavia Mozyr,Isloch,2,1,Pinnacle,2.17,3.29,3.21,2.17,3.48,3.23,2.51,2.50,1.49,1.52,2.15,2.15,1.68,1.72,1.90,1.89,1.93,1.96,1.58,1.60,2.34,2.38,1.42,1.44,2.73,2.75,,,,,,,,,,,,,,,,,,,,,,,,,,,,,,,,,,,,,,,,,,,,,,,,,,,,,,,,,,,,,,,,,,,,,,,,,,,,,,,,,,,,
belarus,vysshaya-liga,2023-09-26,BATE,FC Gomel,1,2,Pinnacle,1.44,4.19,6.22,1.57,4.25,5.42,1.53,1.70,2.35,2.18,1.51,1.55,2.35,2.44,,,,,,,,,,,,,2.00,2.22,1.79,1.67,1.71,1.94,2.06,1.91,,,,,2.24,2.49,1.61,1.53,,,,,,,,,,,,,,,,,,,,,,,,,,,,,,,,,,,,,,,,,,,,,,,,,,,,,,,,,,,,,,,,,,,,
belarus,vysshaya-liga,2023-09-27,Shakhtyor Soligorsk,Neman,2,5,Pinnacle,2.19,2.97,3.36,5.04,4.21,1.61,,,,,,,,,,,,,,,,,1.38,2.84,2.82,1.42,,,,,,,,,1.61,2.37,2.19,1.60,,,,,,,,,,,,,,,,,,,,,,,,,,,,,1.43,2.09,2.57,1.79,1.37,1.75,3.01,2.10,1.41,1.55,2.80,2.44,,,,,,,,,,,,,,,,,,,,,,,,,,,,,,,,
belarus,vysshaya-liga,2023-09-29,FC Minsk,Energetik-BGU,1,1,Pinnacle,2.12,3.14,3.22,2.00,3.35,3.87,2.44,2.31,1.48,1.63,2.10,2.00,1.66,1.86,1.85,1.71,1.93,2.16,1.53,1.43,2.35,2.78,,,,,,,,,3.00,2.92,1.37,1.40,,,,,,,,,,,,,,,,,,,,,,,,,,,,,,,,,,,,,,,,,,,,,,,,,,,,,,,,,,,,,,,,,,,,,,,,,,,,
belarus,vysshaya-liga,2023-09-30,Zhodino,BATE,1,1,Pinnacle,2.71,3.10,2.62,2.66,3.07,2.82,,,,,2.64,2.59,1.45,1.49,2.30,2.24,1.60,1.66,1.95,1.87,1.88,1.99,1.64,1.60,2.23,2.38,,,,,,,,,1.47,1.44,2.56,2.75,,,,,,,,,,,,,,,,,,,,,,,,,,,,,,,,,,,,,,,,,,,,,,,,,,,,,,,,,,,,,,,,,,,,,,,,
belarus,vysshaya-liga,2023-09-30,Din. Minsk,FC Gomel,2,1,Pinnacle,1.33,4.77,7.17,1.44,4.85,6.49,1.46,1.51,2.53,2.53,,,,,,,,,,,,,,,,,1.72,1.94,2.01,1.91,1.49,1.67,2.41,2.23,,,,,1.97,2.17,1.81,1.70,,,,,,,,,,,,,,,,,,,,,,,,,,,,,,,,,,,,,,,,,,,,,,,,,,,,,,,,,,,,,,,,,2.21,2.49,1.60,1.53
belarus,vysshaya-liga,2023-09-30,Belshina,Naftan,0,3,Pinnacle,2.17,3.23,3.10,1.85,3.67,4.10,2.64,2.08,1.41,1.76,2.26,1.85,1.57,2.01,2.01,1.61,1.78,2.35,1.67,1.37,2.09,3.04,,,,,,,,,2.91,2.51,1.39,1.52,,,,,,,,,,,,,,,,,,,,,,,,,,,,,,,,,,,,,,,,,,,,,,,,,,,,,,,,,,,,,,,,,,,,,,,,,,,,
belarus,vysshaya-liga,2023-10-01,Dynamo Brest,Shakhtyor Soligorsk,3,3,Pinnacle,3.01,3.34,2.13,2.52,3.67,2.57,,,,,2.49,2.47,1.48,1.53,2.59,2.20,1.43,1.69,2.25,1.91,1.58,1.94,1.89,1.67,1.88,2.24,,,,,,,,,1.66,1.52,2.11,2.51,,,,,,,,,,,,,,,,,,,,,,,,,,,,,,,,,,,,,,,,,,,,,,,,,,,,,,,,,,,,,,,,,,,,,,,,
belarus,vysshaya-liga,2023-10-01,Smorgon,Neman,1,3,Pinnacle,6.59,4.47,1.38,9.09,5.51,1.31,,,,,,,,,,,,,,,,,,,,,,,,,,,,,,,,,,,,,,,,,,,,,,,,,,,,,,,,,,,,,,,,,2.25,2.78,1.60,1.43,1.92,2.26,1.85,1.65,1.70,1.98,2.08,1.87,1.52,1.75,2.38,2.10,1.43,1.53,2.78,2.49,,,,,,,,,,,,,,,,,,,,
belarus,vysshaya-liga,2023-10-01,Isloch,Slutsk,0,0,Pinnacle,1.77,3.38,4.14,1.82,3.56,4.39,1.99,2.06,1.74,1.78,1.78,1.82,2.00,2.04,1.54,1.58,2.34,2.41,1.31,1.34,3.09,3.22,,,,,,,,,2.38,2.51,1.50,1.52,,,,,,,,,,,,,,,,,,,,,,,,,,,,,,,,,,,,,,,,,,,,,,,,,,,,,,,,,,,,,,,,,,,,,,,,,,,,
belarus,vysshaya-liga,2023-10-03,Energetik-BGU,BATE,1,0,Pinnacle,5.39,3.72,1.57,6.27,4.46,1.49,,,,,,,,,,,,,,,,,,,,,,,,,,,,,,,,,,,,,,,,,,,,,,,,,,,,,,,,,,,,,2.06,2.37,1.71,1.57,1.77,2.08,1.90,1.76,1.58,1.82,2.29,2.05,1.45,1.64,2.57,2.29,1.45,1.47,2.58,2.67,,,,,,,,,,,,,,,,,,,,,,,,
belarus,vysshaya-liga,2023-10-06,Shakhtyor Soligorsk,Smorgon,2,0,Pinnacle,1.44,4.36,5.54,1.50,4.48,5.94,1.54,1.61,2.34,2.34,1.49,1.48,2.55,2.62,,,,,,,,,,,,,1.96,2.08,1.81,1.77,1.70,1.81,2.07,2.05,,,,,2.19,2.32,1.63,1.60,,,,,,,,,,,,,,,,,,,,,,,,,,,,,,,,,,,,,,,,,,,,,,,,,,,,,,,,,,,,,,,,,,,,
belarus,vysshaya-liga,2023-10-06,Slutsk,Slavia Mozyr,1,0,Pinnacle,3.28,3.26,2.19,3.54,3.33,2.10,,,,,,,,,2.77,2.99,1.42,1.39,2.37,2.57,1.57,1.52,1.94,2.05,1.91,1.83,,,,,,,,,1.68,1.76,2.17,2.08,,,,,,,,,,,,,,,,,,,,,,,,,,,,,1.49,1.56,2.54,2.41,,,,,,,,,,,,,,,,,,,,,,,,,,,,,,,,,,,,,,,,
belarus,vysshaya-liga,2023-10-07,Neman,Belshina,3,1,Pinnacle,1.19,6.23,10.07,1.16,7.50,15.75,,,,,,,,,,,,,,,,,,,,,,,,,,,,,,,,,1.58,1.53,2.21,2.46,,,,,,,,,,,,,2.45,2.44,1.47,1.53,2.22,2.19,1.59,1.68,1.99,1.91,1.78,1.93,,,,,,,,,,,,,,,,,,,,,,,,,,,,,,,,,,,,,,,,,1.73,1.68,2.00,2.20
belarus,vysshaya-liga,2023-10-07,Energetik-BGU,Din. Minsk,1,4,Pinnacle,7.14,4.69,1.34,12.65,5.95,1.23,,,,,,,,,,,,,,,,,,,,,,,,,,,,,,,,,,,,,,,,,,,,,,,,,,,,,,,,,,,,,,,,,2.37,3.06,1.51,1.37,1.99,2.51,1.74,1.51,1.79,2.14,2.00,1.71,1.58,1.90,2.24,1.93,1.39,1.63,2.71,2.28,1.45,1.48,2.57,2.59,,,,,,,,,,,,,,,,
belarus,vysshaya-liga,2023-10-07,BATE,Isloch,1,2,,,,,,,,,,,,,,,,,,,,,,,,,,,,,,,,,,,,,,,,,,,,,,,,,,,,,,,,,,,,,,,,,,,,,,,,,,,,,,,,,,,,,,,,,,,,,,,,,,,,,,,,,,,,,,,
belarus,vysshaya-liga,2023-10-08,Naftan,Zhodino,0,1,Pinnacle,4.70,3.69,1.62,7.53,4.78,1.40,,,,,,,,,,,,,,,,,,,,,,,,,,,,,2.20,2.57,1.61,1.50,,,,,,,,,,,,,,,,,,,,,,,,,,,,,1.98,2.66,1.80,1.47,1.69,2.33,2.06,1.62,1.52,1.96,2.34,1.89,1.45,1.74,2.57,2.13,1.49,1.55,2.60,2.44,,,,,,,,,,,,,,,,,,,,,,,,
belarus,vysshaya-liga,2023-10-08,FC Gomel,Dynamo Brest,1,4,Pinnacle,1.85,3.67,3.79,1.70,4.18,4.35,2.08,1.88,1.72,1.98,1.87,1.68,1.97,2.20,1.62,1.50,2.25,2.57,,,,,,,,,2.65,2.43,1.46,1.55,2.48,2.15,1.50,1.72,,,,,,,,,,,,,,,,,,,,,,,,,,,,,,,,,,,,,,,,,,,,,,,,,,,,,,,,,,,,,,,,,,,,,,,,,,,,
belarus,vysshaya-liga,2023-10-20,Zhodino,Neman,1,1,Pinnacle,3.16,3.00,2.22,5.15,3.35,1.77,,,,,,,,,,,,,2.26,3.08,1.57,1.37,1.85,2.54,1.92,1.51,,,,,,,,,1.61,2.09,2.20,1.76,,,,,,,,,,,,,,,,,,,,,,,,,,,,,1.43,1.84,2.59,2.02,1.36,1.55,3.09,2.48,1.48,1.41,2.61,2.86,,,,,,,,,,,,,,,,,,,,,,,,,,,,,,,,
belarus,vysshaya-liga,2023-10-21,Slavia Mozyr,BATE,0,2,Pinnacle,3.07,3.24,2.14,2.65,3.33,2.63,,,,,2.39,2.59,1.52,1.49,2.63,2.27,1.41,1.65,2.27,1.93,1.57,1.92,1.89,1.66,1.88,2.25,,,,,,,,,1.65,1.50,2.12,2.57,,,,,,,,,,,,,,,,,,,,,,,,,,,,,,,,,,,,,,,,,,,,,,,,,,,,,,,,,,,,,,,,,,,,,,,,
belarus,vysshaya-liga,2023-10-21,Isloch,Naftan,5,1,Pinnacle,1.46,4.45,6.78,1.46,4.44,6.73,1.55,1.54,2.44,2.43,,,,,,,,,,,,,,,,,2.02,2.00,1.85,1.84,1.73,1.72,2.13,2.15,,,,,2.27,2.24,1.65,1.66,,,,,,,,,,,,,,,,,,,,,,,,,,,,,,,,,,,,,,,,,,,,,,,,,,,,,,,,,,,,,,,,,2.64,2.65,1.48,1.47
belarus,vysshaya-liga,2023-10-21,Din. Minsk,FC Minsk,1,0,Pinnacle,1.22,6.26,11.07,1.21,6.41,12.77,,,,,,,,,,,,,,,,,,,,,1.47,1.48,2.56,2.58,,,,,,,,,1.66,1.68,2.19,2.18,,,,,,,,,,,,,,,,,2.37,2.47,1.55,1.52,2.10,2.18,1.71,1.68,,,,,,,,,,,,,,,,,,,,,,,,,,,,,,,,,,,,,,,,,1.85,1.88,1.98,1.95
belarus,vysshaya-liga,2023-10-22,Smorgon,FC Gomel,0,3,Pinnacle,3.75,3.57,1.80,4.30,4.28,1.69,,,,,,,,,,,,,,,,,2.25,2.58,1.58,1.50,,,,,,,,,1.96,2.21,1.81,1.68,,,,,,,,,,,,,,,,,,,,,,,,,,,,,1.72,1.99,2.01,1.87,1.50,1.72,2.38,2.14,1.45,1.56,2.58,2.41,,,,,,,,,,,,,,,,,,,,,,,,,,,,,,,,
belarus,vysshaya-liga,2023-10-22,Dynamo Brest,Energetik-BGU,0,2,Pinnacle,1.85,3.48,3.66,1.67,4.25,4.46,2.08,1.85,1.68,2.01,1.86,1.66,1.91,2.25,1.61,1.48,2.18,2.64,,,,,,,,,2.63,2.41,1.47,1.56,2.49,2.12,1.46,1.74,,,,,2.65,2.65,1.47,1.47,,,,,,,,,,,,,,,,,,,,,,,,,,,,,,,,,,,,,,,,,,,,,,,,,,,,,,,,,,,,,,,,,,,,
belarus,vysshaya-liga,2023-10-22,Belshina,Shakhtyor Soligorsk,1,4,Pinnacle,4.45,3.95,1.60,5.05,4.17,1.61,,,,,,,,,,,,,,,,,,,,,,,,,,,,,2.20,2.34,1.58,1.59,,,,,,,,,,,,,,,,,,,,,,,,,,,,,1.99,2.10,1.74,1.75,1.78,1.84,2.02,2.02,1.57,1.64,2.26,2.29,1.46,1.51,2.49,2.55,,,,,,,,,,,,,,,,,,,,,,,,,,,,
belarus,vysshaya-liga,2023-10-25,BATE,FC Minsk,1,2,Pinnacle,1.35,4.51,7.08,1.36,4.90,8.40,1.43,1.44,2.64,2.75,,,,,,,,,,,,,,,,,1.82,1.95,1.95,1.90,1.56,1.61,2.33,2.34,,,,,2.04,2.24,1.72,1.66,,,,,,,,,,,,,,,,,,,,,,,,,,,,,,,,,,,,,,,,,,,,,,,,,,,,,,,,,,,,,,,,,2.34,2.59,1.54,1.49
belarus,vysshaya-liga,2023-10-27,Energetik-BGU,Smorgon,2,4,Pinnacle,1.96,3.54,3.55,1.79,3.63,4.44,2.23,2.02,1.64,1.84,1.98,1.78,1.86,2.06,1.70,1.55,2.11,2.43,,,,,,,,,2.66,2.72,1.46,1.45,2.71,2.40,1.43,1.58,,,,,,,,,,,,,,,,,,,,,,,,,,,,,,,,,,,,,,,,,,,,,,,,,,,,,,,,,,,,,,,,,,,,,,,,,,,,
belarus,vysshaya-liga,2023-10-28,Shakhtyor Soligorsk,Zhodino,0,1,Pinnacle,2.46,3.14,2.67,3.02,3.08,2.49,,,,,2.41,2.91,1.49,1.40,2.11,2.52,1.65,1.52,1.81,2.11,1.97,1.74,1.56,1.76,2.29,2.13,,,,,,,,,1.42,1.56,2.61,2.47,,,,,,,,,,,,,,,,,,,,,,,,,,,,,1.39,1.39,2.94,2.98,,,,,,,,,,,,,,,,,,,,,,,,,,,,,,,,,,,,,,,,
belarus,vysshaya-liga,2023-10-28,Neman,Isloch,0,0,Pinnacle,1.47,4.04,5.83,1.41,4.59,7.65,1.57,1.48,2.26,2.62,,,,,,,,,,,,,,,,,2.03,1.89,1.70,1.96,1.79,1.63,2.00,2.31,,,,,2.28,2.12,1.54,1.74,,,,,,,,,,,,,,,,,,,,,,,,,,,,,,,,,,,,,,,,,,,,,,,,,,,,,,,,,,,,,,,,,2.67,2.42,1.46,1.56
belarus,vysshaya-liga,2023-10-28,Naftan,Slavia Mozyr,2,2,Pinnacle,4.57,3.75,1.62,6.36,4.96,1.43,,,,,,,,,,,,,,,,,,,,,,,,,,,,,,,,,,,,,,,,,,,,,,,,,,,,,,,,,,,,,1.98,2.55,1.80,1.51,1.69,2.26,2.05,1.66,1.52,1.93,2.32,1.92,1.53,1.72,2.35,2.14,1.46,1.54,2.65,2.45,,,,,,,,,,,,,,,,,,,,,,,,
belarus,vysshaya-liga,2023-10-29,FC Minsk,Dynamo Brest,0,1,Pinnacle,2.35,3.31,2.94,2.30,3.28,3.14,2.73,2.68,1.43,1.46,2.32,2.28,1.60,1.64,2.05,1.99,1.81,1.87,1.70,1.65,2.14,2.26,1.50,1.47,2.50,2.65,,,,,,,,,,,,,,,,,,,,,,,,,,,,,,,,,,,,,,,,,,,,,,,,,,,,,,,,,,,,,,,,,,,,,,,,,,,,,,,,,,,,
belarus,vysshaya-liga,2023-10-29,Belshina,FC Gomel,0,2,Pinnacle,4.17,3.72,1.68,6.40,4.25,1.50,,,,,,,,,,,,,,,,,,,,,,,,,,,,,2.12,2.62,1.68,1.48,,,,,,,,,,,,,,,,,,,,,,,,,,,,,1.90,2.34,1.87,1.61,1.65,2.04,2.15,1.82,1.50,1.76,2.43,2.09,1.51,1.59,2.41,2.34,1.46,1.48,2.66,2.64,,,,,,,,,,,,,,,,,,,,,,,,
belarus,vysshaya-liga,2023-10-29,BATE,Slutsk,4,3,Pinnacle,1.45,4.19,6.19,1.44,4.28,7.65,1.53,1.53,2.35,2.49,,,,,,,,,,,,,,,,,1.99,1.97,1.79,1.88,1.71,1.69,2.06,2.19,,,,,2.24,2.21,1.61,1.68,,,,,,,,,,,,,,,,,,,,,,,,,,,,,,,,,,,,,,,,,,,,,,,,,,,,,,,,,,,,,,,,,2.60,2.56,1.44,1.50
belarus,vysshaya-liga,2023-11-02,Din. Minsk,BATE,0,1,Pinnacle,1.70,3.76,4.55,1.68,3.91,4.86,1.91,1.87,1.93,1.99,1.68,1.67,2.14,2.24,1.48,1.47,2.54,2.67,,,,,,,,,2.51,2.49,1.49,1.53,2.21,2.18,1.65,1.70,,,,,2.55,2.59,1.49,1.49,,,,,,,,,,,,,,,,,,,,,,,,,,,,,,,,,,,,,,,,,,,,,,,,,,,,,,,,,,,,,,,,,,,,
belarus,vysshaya-liga,2023-11-04,Zhodino,FC Gomel,0,0,Pinnacle,1.91,3.32,3.61,2.17,3.28,3.43,2.17,2.51,1.62,1.52,1.93,2.15,1.85,1.72,1.65,1.87,2.11,1.98,1.40,1.56,2.67,2.47,1.37,1.41,3.00,2.89,,,,,,,,,,,,,,,,,,,,,,,,,,,,,,,,,,,,,,,,,,,,,,,,,,,,,,,,,,,,,,,,,,,,,,,,,,,,,,,,,,,,
belarus,vysshaya-liga,2023-11-04,Naftan,Slutsk,2,1,Pinnacle,3.20,3.26,2.07,3.29,3.51,2.14,,,,,,,,,2.74,2.80,1.38,1.43,2.38,2.43,1.52,1.57,1.94,2.00,1.81,1.86,,,,,,,,,1.69,1.74,2.05,2.12,,,,,,,,,,,,,,,,,,,,,,,,,,,,,1.51,1.54,2.37,2.45,,,,,,,,,,,,,,,,,,,,,,,,,,,,,,,,,,,,,,,,
belarus,vysshaya-liga,2023-11-04,Isloch,Shakhtyor Soligorsk,2,1,Pinnacle,2.30,3.23,2.80,2.19,3.41,3.25,2.67,2.52,1.40,1.52,2.28,2.17,1.56,1.70,2.02,1.90,1.77,1.95,1.69,1.60,2.06,2.37,1.50,1.44,2.39,2.76,,,,,,,,,,,,,,,,,,,,,,,,,,,,,,,,,,,,,,,,,,,,,,,,,,,,,,,,,,,,,,,,,,,,,,,,,,,,,,,,,,,,
belarus,vysshaya-liga,2023-11-05,Belshina,Energetik-BGU,0,1,Pinnacle,2.77,3.25,2.31,2.94,3.55,2.29,,,,,,,,,2.37,2.52,1.50,1.52,2.05,2.18,1.70,1.70,1.76,1.85,2.03,2.00,,,,,,,,,1.56,1.65,2.29,2.27,,,,,,,,,,,,,,,,,,,,,,,,,,,,,1.40,1.47,2.67,2.65,,,,,,,,,,,,,,,,,,,,,,,,,,,,,,,,,,,,,,,,
belarus,vysshaya-liga,2023-11-05,Smorgon,FC Minsk,0,0,Pinnacle,3.00,3.24,2.18,3.15,3.39,2.25,,,,,,,,,2.59,2.67,1.44,1.47,2.23,2.30,1.61,1.64,1.86,1.90,1.91,1.95,,,,,,,,,1.64,1.67,2.18,2.23,,,,,,,,,,,,,,,,,,,,,,,,,,,,,1.46,1.49,2.54,2.61,,,,,,,,,,,,,,,,,,,,,,,,,,,,,,,,,,,,,,,,
belarus,vysshaya-liga,2023-11-05,Slavia Mozyr,Neman,0,2,Pinnacle,3.73,3.34,1.87,3.62,3.29,2.09,,,,,,,,,3.01,3.05,1.37,1.37,2.77,2.61,1.38,1.51,2.16,2.06,1.63,1.81,,,,,,,,,1.88,1.77,1.88,2.07,,,,,,,,,,,,,,,,,,,,,,,,,,,,,1.65,1.56,2.12,2.40,,,,,,,,,,,,,,,,,,,,,,,,,,,,,,,,,,,,,,,,
belarus,vysshaya-liga,2023-11-06,Dynamo Brest,Din. Minsk,1,3,Pinnacle,5.36,4.18,1.48,12.07,6.01,1.23,,,,,,,,,,,,,,,,,,,,,,,,,,,,,,,,,,,,,,,,,,,,,,,,,,,,,,,,,,,,,,,,,,,,,1.71,2.50,2.02,1.51,1.56,2.14,2.25,1.71,1.47,1.91,2.63,1.93,1.41,1.65,2.82,2.25,1.47,1.49,2.63,2.56,,,,,,,,,,,,,,,,
belarus,vysshaya-liga,2023-11-10,Shakhtyor Soligorsk,Slavia Mozyr,0,1,Pinnacle,2.39,3.24,2.67,2.53,3.53,2.64,,,,,2.37,2.48,1.52,1.53,2.09,2.19,1.69,1.69,1.79,1.88,2.00,1.97,1.56,1.64,2.33,2.28,,,,,,,,,1.43,1.50,2.64,2.58,,,,,,,,,,,,,,,,,,,,,,,,,,,,,,,,,,,,,,,,,,,,,,,,,,,,,,,,,,,,,,,,,,,,,,,,
belarus,vysshaya-liga,2023-11-10,FC Gomel,Isloch,0,2,Pinnacle,2.19,3.23,2.98,2.31,3.52,2.94,2.55,2.68,1.46,1.46,2.19,2.28,1.63,1.64,1.93,2.01,1.85,1.85,1.62,1.70,2.22,2.17,1.45,1.52,2.58,2.51,,,,,,,,,,,,,,,,,,,,,,,,,,,,,,,,,,,,,,,,,,,,,,,,,,,,,,,,,,,,,,,,,,,,,,,,,,,,,,,,,,,,
belarus,vysshaya-liga,2023-11-11,Neman,Slutsk,2,0,Pinnacle,1.25,5.18,9.25,1.14,7.53,20.80,,,,,,,,,,,,,,,,,,,,,1.58,1.44,2.24,2.74,,,,,,,,,1.81,1.49,1.96,2.56,,,,,,,,,,,,,2.56,2.42,1.48,1.54,2.37,2.15,1.55,1.70,2.38,1.86,1.50,1.97,,,,,,,,,,,,,,,,,,,,,,,,,,,,,,,,,,,,,,,,,2.01,1.63,1.72,2.28
belarus,vysshaya-liga,2023-11-11,Din. Minsk,Smorgon,7,0,Pinnacle,1.10,8.91,14.84,1.08,11.99,27.49,,,,,,,,,,,,,,,,,,,,,,,,,,,,,,,,,,,,,,,,,2.60,2.48,1.43,1.52,2.21,2.11,1.61,1.73,1.97,1.89,1.79,1.94,1.75,1.67,1.99,2.22,1.53,1.44,2.32,2.73,,,,,,,,,,,,,,,,,,,,,,,,,,,,,,,,,,,,,,,,,,,,
belarus,vysshaya-liga,2023-11-12,Naftan,BATE,0,7,Pinnacle,6.42,4.77,1.36,7.76,5.57,1.34,,,,,,,,,,,,,,,,,,,,,,,,,,,,,,,,,,,,,,,,,,,,,,,,,,,,,,,,,,,,,,,,,2.50,2.64,1.47,1.48,2.10,2.19,1.68,1.69,1.79,1.93,1.92,1.92,1.67,1.72,2.13,2.14,1.47,1.51,2.51,2.53,,,,,,,,,,,,,,,,,,,,
belarus,vysshaya-liga,2023-11-12,FC Minsk,Belshina,2,1,Pinnacle,1.62,3.70,4.64,1.76,3.50,4.88,1.81,1.99,1.97,1.87,1.61,1.75,2.19,2.10,1.42,1.52,2.61,2.52,,,,,,,,,2.35,2.70,1.52,1.46,2.06,2.37,1.68,1.60,,,,,,,,,,,,,,,,,,,,,,,,,,,,,,,,,,,,,,,,,,,,,,,,,,,,,,,,,,,,,,,,,,,,,,,,,,,,
belarus,vysshaya-liga,2023-11-12,Energetik-BGU,Zhodino,1,2,Pinnacle,4.34,3.43,1.72,6.89,3.54,1.59,,,,,,,,,,,,,,,,,,,,,,,,,,,,,2.03,2.39,1.71,1.57,,,,,,,,,,,,,,,,,,,,,,,,,,,,,1.82,2.10,1.96,1.75,1.55,1.79,2.31,2.09,1.42,1.56,2.62,2.45,1.44,1.43,2.61,2.78,,,,,,,,,,,,,,,,,,,,,,,,,,,,
belarus,vysshaya-liga,2023-11-25,Slavia Mozyr,FC Gomel,0,0,Pinnacle,2.08,3.30,3.15,2.63,3.39,2.62,,,,,2.08,2.57,1.70,1.50,1.83,2.26,1.94,1.65,1.54,1.93,2.37,1.93,1.40,1.66,2.73,2.25,,,,,,,,,1.43,1.50,2.82,2.56,,,,,,,,,,,,,,,,,,,,,,,,,,,,,,,,,,,,,,,,,,,,,,,,,,,,,,,,,,,,,,,,,,,,,,,,
belarus,vysshaya-liga,2023-11-25,Isloch,Energetik-BGU,3,2,,,,,,,,,,,,,,,,,,,,,,,,,,,,,,,,,,,,,,,,,,,,,,,,,,,,,,,,,,,,,,,,,,,,,,,,,,,,,,,,,,,,,,,,,,,,,,,,,,,,,,,,,,,,,,,
belarus,vysshaya-liga,2023-11-25,Zhodino,FC Minsk,1,0,Pinnacle,1.56,3.65,5.30,1.50,3.96,7.24,1.72,1.63,2.04,2.31,1.55,1.48,2.30,2.62,,,,,,,,,,,,,2.32,2.21,1.56,1.68,2.02,1.88,1.77,1.97,,,,,2.60,2.51,1.44,1.52,,,,,,,,,,,,,,,,,,,,,,,,,,,,,,,,,,,,,,,,,,,,,,,,,,,,,,,,,,,,,,,,,,,,
belarus,vysshaya-liga,2023-11-25,Slutsk,Shakhtyor Soligorsk,3,2,Pinnacle,3.20,3.27,2.07,3.17,3.20,2.33,,,,,,,,,2.77,2.66,1.39,1.47,2.40,2.25,1.53,1.66,1.96,1.85,1.82,2.00,,,,,,,,,1.70,1.63,2.07,2.31,,,,,,,,,,,,,,,,,,,,,,,,,,,,,1.52,1.45,2.39,2.72,,,,,,,,,,,,,,,,,,,,,,,,,,,,,,,,,,,,,,,,
belarus,vysshaya-liga,2023-11-26,Smorgon,Dynamo Brest,3,1,,,,,,,,,,,,,,,,,,,,,,,,,,,,,,,,,,,,,,,,,,,,,,,,,,,,,,,,,,,,,,,,,,,,,,,,,,,,,,,,,,,,,,,,,,,,,,,,,,,,,,,,,,,,,,,
belarus,vysshaya-liga,2023-11-26,Belshina,Din. Minsk,0,4,Pinnacle,15.75,8.90,1.10,18.43,8.50,1.13,,,,,,,,,,,,,,,,,,,,,,,,,,,,,,,,,,,,,,,,,,,,,,,,,,,,,,,,,,,,,,,,,,,,,,,,,,,,,2.60,2.54,1.43,1.50,2.32,2.27,1.55,1.64,1.99,1.96,1.78,1.88,1.76,1.75,1.97,2.08,1.59,1.57,2.21,2.35,1.49,1.49,2.53,2.56,,,,
belarus,vysshaya-liga,2023-11-26,BATE,Neman,3,2,Pinnacle,2.73,3.10,2.43,2.50,3.18,2.91,2.60,2.83,1.49,1.42,2.67,2.45,1.40,1.54,2.34,2.13,1.53,1.74,2.01,1.79,1.78,2.09,1.68,1.55,2.08,2.48,,,,,,,,,1.50,1.42,2.38,2.84,,,,,,,,,,,,,,,,,,,,,,,,,,,,,,,,,,,,,,,,,,,,,,,,,,,,,,,,,,,,,,,,,,,,,,,,
belarus,vysshaya-liga,2023-12-02,Shakhtyor Soligorsk,BATE,3,0,Pinnacle,7.12,4.99,1.40,7.12,4.99,1.40,,,,,,,,,,,,,,,,,,,,,,,,,,,,,,,,,,,,,,,,,,,,,,,,,,,,,,,,,,,,,,2.69,,1.46,,2.38,,1.60,,2.01,,1.85,,1.78,,2.06,,1.58,,2.35,,,,,,,,,,,,,,,,,,,,,,,,
belarus,vysshaya-liga,2023-12-02,Neman,Naftan,6,1,Pinnacle,1.09,10.58,23.11,1.09,10.58,23.11,,,,,,,,,,,,,,,,,,,,,,,,,,,,,,,,,,,,,,2.52,,1.50,,2.27,,1.62,,1.99,,1.84,,1.78,,2.02,,1.59,,2.29,,1.50,,2.55,,,,,,,,,,,,,,,,,,,,,,,,,,,,,,,,,,,,,,,,,,,,
belarus,vysshaya-liga,2023-12-02,FC Minsk,Isloch,2,1,,,,,,,,,,,,,,,,,,,,,,,,,,,,,,,,,,,,,,,,,,,,,,,,,,,,,,,,,,,,,,,,,,,,,,,,,,,,,,,,,,,,,,,,,,,,,,,,,,,,,,,,,,,,,,,
belarus,vysshaya-liga,2023-12-02,FC Gomel,Slutsk,4,5,Pinnacle,1.52,4.45,5.67,1.52,4.45,5.67,,1.64,,2.28,,1.50,,2.56,,,,,,,,,,,,,,2.14,,1.72,,1.87,,1.99,,,,,,2.41,,1.56,,,,,,,,,,,,,,,,,,,,,,,,,,,,,,,,,,,,,,,,,,,,,,,,,,,,,,,,,,,,,,,,,,,,
belarus,vysshaya-liga,2023-12-02,Energetik-BGU,Slavia Mozyr,3,1,Pinnacle,2.36,3.31,3.01,2.36,3.31,3.01,,2.78,,1.43,,2.33,,1.62,,2.04,,1.83,,1.70,,2.18,,1.51,,2.55,,,,,,,,,,1.44,,2.75,,,,,,,,,,,,,,,,,,,,,,,,,,,,,,,,,,,,,,,,,,,,,,,,,,,,,,,,,,,,,,,,,,,,,,,,
belarus,vysshaya-liga,2023-12-02,Dynamo Brest,Belshina,3,2,Pinnacle,1.70,4.13,4.40,1.70,4.13,4.40,,1.87,,1.98,,1.68,,2.20,,1.50,,2.58,,,,,,,,,,2.40,,1.56,,2.13,,1.73,,,,,,,,,,,,,,,,,,,,,,,,,,,,,,,,,,,,,,,,,,,,,,,,,,,,,,,,,,,,,,,,,,,,,,,,,,,,
belarus,vysshaya-liga,2023-12-02,Din. Minsk,Zhodino,1,0,Pinnacle,2.52,2.68,3.48,2.52,2.68,3.48,,2.99,,1.38,,2.49,,1.55,,2.09,,1.79,,1.64,,2.28,,1.42,,2.83,,,,,,,,,,,,,,,,,,,,,,,,,,,,,,,,,,,,,,,,,,,,,,,,,,,,,,,,,,,,,,,,,,,,,,,,,,,,,,,,,,,,
