Country,League,Date,Home,Away,FTHG,FTAG,bookmaker,HO_Open,DO_Open,AO_Open,HO_Close,DO_Close,AO_Close,-3.5_AH_H_Open,-3.5_AH_H_Close,+3.5_AH_A_Open,+3.5_AH_A_Close,-0.75_AH_H_Open,-0.75_AH_H_Close,+0.75_AH_A_Open,+0.75_AH_A_Close,-0.5_AH_H_Open,-0.5_AH_H_Close,+0.5_AH_A_Open,+0.5_AH_A_Close,-0.25_AH_H_Open,-0.25_AH_H_Close,+0.25_AH_A_Open,+0.25_AH_A_Close,+0_AH_H_Open,+0_AH_H_Close,-0_AH_A_Open,-0_AH_A_Close,+0.25_AH_H_Open,+0.25_AH_H_Close,-0.25_AH_A_Open,-0.25_AH_A_Close,+0.5_AH_H_Open,+0.5_AH_H_Close,-0.5_AH_A_Open,-0.5_AH_A_Close,+0.75_AH_H_Open,+0.75_AH_H_Close,-0.75_AH_A_Open,-0.75_AH_A_Close,+1_AH_H_Open,+1_AH_H_Close,-1_AH_A_Open,-1_AH_A_Close,+1.25_AH_H_Open,+1.25_AH_H_Close,-1.25_AH_A_Open,-1.25_AH_A_Close,-1.75_AH_H_Open,-1.75_AH_H_Close,+1.75_AH_A_Open,+1.75_AH_A_Close,-1.5_AH_H_Open,-1.5_AH_H_Close,+1.5_AH_A_Open,+1.5_AH_A_Close,-1.25_AH_H_Open,-1.25_AH_H_Close,+1.25_AH_A_Open,+1.25_AH_A_Close,-1_AH_H_Open,-1_AH_H_Close,+1_AH_A_Open,+1_AH_A_Close,+1.5_AH_H_Open,+1.5_AH_H_Close,-1.5_AH_A_Open,-1.5_AH_A_Close,+1.75_AH_H_Open,+1.75_AH_H_Close,-1.75_AH_A_Open,-1.75_AH_A_Close,+2_AH_H_Open,+2_AH_H_Close,-2_AH_A_Open,-2_AH_A_Close,+2.25_AH_H_Open,+2.25_AH_H_Close,-2.25_AH_A_Open,-2.25_AH_A_Close,+2.5_AH_H_Open,+2.5_AH_H_Close,-2.5_AH_A_Open,-2.5_AH_A_Close,+2.75_AH_H_Open,+2.75_AH_H_Close,-2.75_AH_A_Open,-2.75_AH_A_Close,+3_AH_H_Open,+3_AH_H_Close,-3_AH_A_Open,-3_AH_A_Close,+3.25_AH_H_Open,+3.25_AH_H_Close,-3.25_AH_A_Open,-3.25_AH_A_Close,-2_AH_H_Open,-2_AH_H_Close,+2_AH_A_Open,+2_AH_A_Close,-2.75_AH_H_Open,-2.75_AH_H_Close,+2.75_AH_A_Open,+2.75_AH_A_Close,-2.5_AH_H_Open,-2.5_AH_H_Close,+2.5_AH_A_Open,+2.5_AH_A_Close,-2.25_AH_H_Open,-2.25_AH_H_Close,+2.25_AH_A_Open,+2.25_AH_A_Close,-3_AH_H_Open,-3_AH_H_Close,+3_AH_A_Open,+3_AH_A_Close,-3.25_AH_H_Open,-3.25_AH_H_Close,+3.25_AH_A_Open,+3.25_AH_A_Close
england,premier-league,2023-08-11,Burnley,Manchester City,0,3,Pinnacle,8.74,5.65,1.29,9.62,5.81,1.33,,,,,,,,,,,,,,,,,,,,,,,,,3.59,3.67,1.29,1.32,3.20,3.24,1.34,1.38,2.82,2.82,1.43,1.49,2.26,2.24,1.64,1.72,,,,,,,,,,,,,,,,,1.96,1.95,1.86,1.97,1.74,1.72,2.10,2.24,1.53,1.52,2.52,2.71,1.42,1.42,2.84,3.07,1.35,1.36,3.17,3.37,,,,,,,,,,,,,,,,,,,,,,,,,,,,,,,,,,,,
england,premier-league,2023-08-12,Newcastle,Aston Villa,5,1,Pinnacle,1.95,3.64,3.71,1.68,4.20,5.29,,,,,2.24,1.85,1.65,2.09,1.95,1.67,1.87,2.35,1.69,1.48,2.17,2.88,1.44,1.28,2.78,4.03,1.34,1.23,3.22,4.62,,,,,,,,,,,,,,,,,3.87,3.39,1.25,1.36,3.52,2.78,1.29,1.50,3.15,2.46,1.35,1.62,2.77,2.14,1.44,1.80,,,,,,,,,,,,,,,,,,,,,,,,,,,,,,,,,4.41,4.49,1.25,1.24,,,,,,,,,,,,,,,,,,,,
england,premier-league,2023-08-12,Sheffield Utd,Crystal Palace,0,1,Pinnacle,2.72,3.14,2.72,3.98,3.22,2.17,,,,,3.35,5.33,1.32,1.19,2.71,3.93,1.47,1.29,2.31,3.37,1.62,1.37,1.91,2.78,1.91,1.51,1.62,2.10,2.31,1.84,1.47,1.78,2.71,2.16,1.32,1.57,3.35,2.59,1.18,1.35,4.78,3.45,1.19,1.29,4.66,3.97,,,,,,,,,,,,,,,,,,,,,,,,,,,,,,,,,,,,,,,,,,,,,,,,,,,,,,,,,,,,,,,,,,,,,,,,
england,premier-league,2023-08-12,Arsenal,Nottingham,2,1,Pinnacle,1.25,6.23,9.26,1.19,8.00,16.00,,,,,,,,,,,,,,,,,,,,,,,,,,,,,,,,,,,,,,,,,1.91,1.74,1.89,2.25,1.71,1.57,2.11,2.47,1.53,1.42,2.47,3.11,1.35,1.24,3.14,4.38,,,,,,,,,,,,,,,,,,,,,,,,,,,,,,,,,2.22,1.93,1.65,1.97,3.38,3.05,1.31,1.43,2.80,2.57,1.42,1.56,2.52,2.28,1.52,1.72,4.00,3.80,1.24,1.29,,,,
england,premier-league,2023-08-12,Everton,Fulham,0,1,Pinnacle,2.14,3.43,3.37,2.39,3.32,3.30,,,,,2.51,2.89,1.53,1.47,2.13,2.38,1.71,1.65,1.85,2.04,1.98,1.88,1.55,1.68,2.46,2.33,1.41,1.50,2.91,2.81,1.32,1.38,3.33,3.26,1.22,1.26,4.27,4.23,,,,,,,,,,,,,,,,,3.66,4.48,1.28,1.24,3.23,3.94,1.34,1.29,,,,,,,,,,,,,,,,,,,,,,,,,,,,,,,,,,,,,,,,,,,,,,,,,,,,,,,,
england,premier-league,2023-08-12,Bournemouth,West Ham,1,1,Pinnacle,2.64,3.38,2.64,2.75,3.60,2.63,,,,,3.19,3.33,1.35,1.37,2.62,2.73,1.49,1.52,2.27,2.37,1.64,1.66,1.91,2.01,1.91,1.92,1.64,1.71,2.27,2.26,1.49,1.56,2.62,2.62,1.35,1.40,3.19,3.17,1.21,1.26,4.35,4.32,,,,,,,,,,,,,,,,,4.36,4.61,1.21,1.23,,,,,,,,,,,,,,,,,,,,,,,,,,,,,,,,,,,,,,,,,,,,,,,,,,,,,,,,
england,premier-league,2023-08-12,Brighton,Luton,4,1,Pinnacle,1.33,5.16,8.29,1.27,6.36,11.36,,,,,1.40,1.31,2.94,3.69,1.32,1.29,3.32,3.93,,,,,,,,,,,,,,,,,,,,,,,,,,,,,2.29,2.00,1.63,1.91,2.00,1.78,1.83,2.14,1.75,1.57,2.08,2.52,1.51,1.37,2.56,3.24,,,,,,,,,,,,,,,,,,,,,,,,,,,,,,,,,2.83,2.31,1.43,1.67,3.75,3.66,1.30,1.31,3.56,2.92,1.29,1.44,3.19,2.62,1.34,1.54,,,,,,,,
england,premier-league,2023-08-13,Chelsea,Liverpool,1,1,Pinnacle,2.70,3.57,2.47,3.21,3.89,2.20,,,,,3.24,3.97,1.34,1.29,2.69,3.18,1.47,1.40,2.34,2.80,1.60,1.50,2.00,2.40,1.83,1.65,1.71,2.00,2.14,1.93,1.55,1.76,2.46,2.19,1.40,1.58,2.93,2.55,1.26,1.40,3.84,3.19,1.22,1.33,4.20,3.59,,,,,,,,,,,,,,,,,,,,,,,,,,,,,,,,,,,,,,,,,,,,,,,,,,,,,,,,,,,,,,,,,,,,,,,,
england,premier-league,2023-08-13,Brentford,Tottenham,2,2,Pinnacle,2.71,3.37,2.57,2.62,3.54,2.80,,,,,3.29,3.14,1.33,1.41,2.70,2.60,1.47,1.56,2.33,2.25,1.61,1.72,1.96,1.89,1.86,2.03,1.67,1.64,2.21,2.41,1.51,1.50,2.56,2.79,1.36,1.36,3.10,3.41,1.22,1.23,4.21,4.59,,,,,,,,,,,,,,,,,4.55,4.26,1.20,1.26,,,,,,,,,,,,,,,,,,,,,,,,,,,,,,,,,,,,,,,,,,,,,,,,,,,,,,,,
england,premier-league,2023-08-14,Manchester Utd,Wolves,1,0,Pinnacle,1.37,5.08,7.24,1.27,6.30,12.25,,,,,1.45,1.32,2.77,3.60,1.36,1.29,3.10,3.94,,,,,,,,,,,,,,,,,,,,,,,,,,,,,2.36,2.06,1.59,1.85,2.05,1.82,1.78,2.08,1.81,1.61,2.01,2.44,1.57,1.39,2.41,3.14,,,,,,,,,,,,,,,,,,,,,,,,,,,,,,,,,2.91,2.45,1.40,1.61,3.85,3.88,1.29,1.29,3.58,3.14,1.29,1.39,3.27,2.80,1.33,1.48,,,,,,,,
england,premier-league,2023-08-18,Nottingham,Sheffield Utd,2,1,Pinnacle,2.14,3.22,3.60,1.94,3.51,4.48,,,,,2.53,2.24,1.52,1.73,2.13,1.94,1.72,1.98,1.83,1.66,2.00,2.36,1.51,1.40,2.57,3.24,1.37,1.30,3.08,3.82,1.29,1.25,3.56,4.42,,,,,,,,,,,,,,,,,3.76,3.72,1.27,1.32,3.82,3.27,1.26,1.38,3.35,2.84,1.32,1.49,,,,,,,,,,,,,,,,,,,,,,,,,,,,,,,,,,,,,,,,,,,,,,,,,,,,,,,,
england,premier-league,2023-08-19,Wolves,Brighton,1,4,Pinnacle,4.00,3.61,1.88,4.11,4.21,1.83,,,,,,,,,,,,,3.46,3.61,1.30,1.33,2.99,3.16,1.39,1.40,2.27,2.46,1.63,1.62,1.93,2.09,1.88,1.83,1.70,1.87,2.15,2.06,1.48,1.63,2.66,2.44,1.37,1.50,3.04,2.79,,,,,,,,,,,,,,,,,1.31,1.41,3.42,3.11,1.24,1.30,4.05,3.85,,,,,,,,,,,,,,,,,,,,,,,,,,,,,,,,,,,,,,,,,,,,,,,,
england,premier-league,2023-08-19,Tottenham,Manchester Utd,2,0,Pinnacle,2.97,3.41,2.35,3.07,3.87,2.28,,,,,3.67,3.76,1.28,1.31,2.94,3.04,1.40,1.43,2.56,2.67,1.51,1.54,2.15,2.29,1.70,1.70,1.80,1.93,2.03,2.00,1.60,1.71,2.34,2.27,1.44,1.54,2.81,2.66,1.27,1.37,3.70,3.36,1.23,1.31,4.14,3.77,,,,,,,,,,,,,,,,,,,,,,,,,,,,,,,,,,,,,,,,,,,,,,,,,,,,,,,,,,,,,,,,,,,,,,,,
england,premier-league,2023-08-19,Manchester City,Newcastle,1,0,Pinnacle,1.41,4.69,6.98,1.87,3.84,4.37,,,,,1.51,2.12,2.57,1.81,1.40,1.87,2.90,2.06,1.27,1.63,3.71,2.44,1.17,1.39,5.11,3.27,1.22,1.31,4.67,3.78,1.26,1.26,4.23,4.31,,,,,,,,,,,,,2.58,4.20,1.50,1.27,2.20,3.38,1.68,1.36,1.94,2.99,1.88,1.44,1.66,2.60,2.22,1.56,,,,,,,,,,,,,,,,,,,,,,,,,,,,,,,,,,,,,,,,,,,,,,,,,,,,,,,,
england,premier-league,2023-08-19,Liverpool,Bournemouth,3,1,Pinnacle,1.20,7.08,11.01,1.20,8.25,13.00,,,,,,,,,,,,,,,,,,,,,,,,,,,,,,,,,,,,,,,,,1.74,1.66,2.08,2.36,1.59,1.53,2.34,2.60,1.42,1.40,2.80,3.12,1.26,1.26,3.72,4.17,,,,,,,,,,,,,,,,,,,,,,,,,,,,,,,,,1.97,1.85,1.83,2.08,2.96,2.69,1.38,1.51,2.51,2.33,1.52,1.66,2.24,2.07,1.64,1.81,3.80,3.26,1.26,1.36,3.62,3.61,1.32,1.32
england,premier-league,2023-08-19,Fulham,Brentford,0,3,Pinnacle,2.37,3.30,3.02,2.87,3.22,2.75,,,,,2.85,3.57,1.42,1.34,2.36,2.86,1.59,1.48,2.04,2.43,1.79,1.63,1.69,2.00,2.17,1.92,1.50,1.68,2.59,2.33,1.38,1.52,2.99,2.74,1.26,1.36,3.78,3.39,1.19,1.22,4.85,4.87,,,,,,,,,,,,,,,,,3.83,5.21,1.26,1.20,,,,,,,,,,,,,,,,,,,,,,,,,,,,,,,,,,,,,,,,,,,,,,,,,,,,,,,,
england,premier-league,2023-08-20,West Ham,Chelsea,3,1,Pinnacle,4.06,3.52,1.89,3.25,3.65,2.27,,,,,4.62,4.07,1.23,1.28,4.01,3.21,1.24,1.39,3.51,2.80,1.30,1.50,3.01,2.37,1.39,1.66,2.27,1.95,1.64,1.97,1.93,1.72,1.89,2.26,1.68,1.54,2.18,2.67,1.45,1.35,2.74,3.45,1.35,1.29,3.14,3.90,,,,,,,,,,,,,,,,,,,,,,,,,,,,,,,,,,,,,,,,,,,,,,,,,,,,,,,,,,,,,,,,,,,,,,,,
england,premier-league,2023-08-20,Aston Villa,Everton,4,0,Pinnacle,1.76,3.62,4.48,1.85,3.92,4.38,,,,,2.02,2.09,1.81,1.83,1.75,1.85,2.04,2.09,1.53,1.61,2.46,2.47,1.30,1.39,3.36,3.29,1.24,1.31,3.90,3.80,1.25,1.26,4.35,4.32,,,,,,,,,,,,,,,,,3.18,3.30,1.33,1.38,2.82,2.92,1.41,1.46,2.44,2.54,1.54,1.58,,,,,,,,,,,,,,,,,,,,,,,,,,,,,,,,,,,,,,,,,,,,,,,,,,,,,,,,
england,premier-league,2023-08-21,Crystal Palace,Arsenal,0,1,Pinnacle,6.02,4.07,1.54,4.51,3.53,1.93,,,,,,,,,4.71,4.43,1.22,1.24,5.02,3.84,1.20,1.30,4.67,3.26,1.19,1.39,3.14,2.38,1.36,1.65,2.50,2.00,1.53,1.93,2.19,1.75,1.68,2.22,1.88,1.50,1.94,2.78,1.64,1.39,2.26,3.20,,,,,,,,,,,,,,,,,1.50,1.32,2.58,3.63,,,,,,,,,,,,,,,,,,,,,,,,,,,,,,,,,,,,,,,,,,,,,,,,,,,,
england,premier-league,2023-08-25,Chelsea,Luton,3,0,Pinnacle,1.19,6.80,12.25,1.27,6.25,12.50,,,,,1.25,1.32,3.82,3.65,1.27,1.27,4.02,4.13,,,,,,,,,,,,,,,,,,,,,,,,,,,,,1.76,2.10,2.04,1.81,1.60,1.86,2.31,2.07,1.43,1.63,2.77,2.42,1.26,1.40,3.73,3.18,,,,,,,,,,,,,,,,,,,,,,,,,,,,,,,,,2.03,2.55,1.79,1.57,3.11,3.97,1.35,1.28,2.61,3.29,1.48,1.37,2.32,2.91,1.60,1.45,,,,,,,,
england,premier-league,2023-08-26,Arsenal,Fulham,2,2,Pinnacle,1.26,6.29,11.33,1.29,6.29,10.32,,,,,1.30,1.33,3.87,3.57,1.30,1.28,3.45,3.94,,,,,,,,,,,,,,,,,,,,,,,,,,,,,1.88,2.08,1.92,1.85,1.74,1.83,2.22,2.06,1.55,1.61,2.63,2.46,1.36,1.41,3.41,3.07,,,,,,,,,,,,,,,,,,,,,,,,,,,,,,,,,2.24,2.45,1.73,1.63,3.46,3.85,1.35,1.29,2.86,3.05,1.47,1.41,2.56,2.80,1.58,1.49,,,,,,,,
england,premier-league,2023-08-26,Bournemouth,Tottenham,0,2,Pinnacle,3.89,3.72,1.97,3.47,3.89,2.09,,,,,4.15,4.26,1.24,1.26,3.83,3.43,1.30,1.36,3.37,3.01,1.37,1.43,2.91,2.58,1.47,1.56,2.27,2.10,1.71,1.83,1.90,1.85,1.92,2.09,1.73,1.65,2.24,2.40,1.51,1.45,2.76,2.93,1.41,1.38,3.13,3.31,,,,,,,,,,,,,,,,,1.34,1.32,3.52,3.68,,,,,,,,,,,,,,,,,,,,,,,,,,,,,,,,,,,,,,,,,,,,,,,,,,,,
england,premier-league,2023-08-26,Brentford,Crystal Palace,1,1,Pinnacle,1.93,3.49,4.30,2.16,3.37,3.81,,,,,2.22,2.56,1.74,1.58,1.88,2.15,1.93,1.79,1.67,1.85,2.35,2.09,1.41,1.53,3.15,2.70,1.32,1.40,3.69,3.25,1.26,1.31,4.24,3.76,1.21,1.21,4.92,5.02,,,,,,,,,,,,,,,,,3.20,3.89,1.40,1.30,2.79,3.38,1.50,1.36,,,,,,,,,,,,,,,,,,,,,,,,,,,,,,,,,,,,,,,,,,,,,,,,,,,,,,,,
england,premier-league,2023-08-26,Manchester Utd,Nottingham,3,2,Pinnacle,1.26,6.29,11.33,1.38,5.30,8.51,,,,,1.30,1.45,3.87,2.93,1.27,1.37,3.76,3.30,1.26,1.26,4.14,4.16,,,,,,,,,,,,,,,,,,,,,,,,,1.88,2.35,1.92,1.66,1.74,2.06,2.22,1.88,1.55,1.81,2.63,2.11,1.36,1.57,3.41,2.56,,,,,,,,,,,,,,,,,,,,,,,,,,,,,,,,,2.24,2.89,1.73,1.47,,,,,2.86,3.63,1.47,1.32,2.56,3.26,1.58,1.38,,,,,,,,
england,premier-league,2023-08-26,Everton,Wolves,0,1,Pinnacle,2.13,3.32,3.78,2.45,3.38,3.14,,,,,2.51,2.96,1.60,1.47,2.12,2.44,1.81,1.64,1.78,2.10,2.05,1.84,1.52,1.74,2.72,2.23,1.40,1.52,3.24,2.68,1.31,1.41,3.73,3.11,1.21,1.29,4.95,3.96,,,,,,,,,,,,,,,,,3.73,4.53,1.31,1.24,3.25,4.02,1.39,1.29,,,,,,,,,,,,,,,,,,,,,,,,,,,,,,,,,,,,,,,,,,,,,,,,,,,,,,,,
england,premier-league,2023-08-26,Brighton,West Ham,1,3,Pinnacle,1.40,4.88,6.83,1.50,4.95,6.25,,,,,1.49,1.62,2.63,2.44,1.39,1.50,2.95,2.73,1.27,1.36,3.74,3.39,1.18,1.22,4.87,4.68,,,,,,,,,,,,,,,,,,,,,2.47,2.69,1.54,1.53,2.13,2.30,1.72,1.69,1.88,2.10,1.93,1.87,1.63,1.79,2.28,2.14,,,,,,,,,,,,,,,,,,,,,,,,,,,,,,,,,3.08,3.39,1.36,1.36,,,,,,,,,3.46,3.90,1.30,1.29,,,,,,,,
england,premier-league,2023-08-27,Sheffield Utd,Manchester City,1,2,Pinnacle,13.32,6.93,1.18,16.00,7.40,1.20,,,,,,,,,,,,,,,,,,,,,,,,,,,,,4.51,4.50,1.22,1.23,3.87,3.95,1.25,1.28,2.81,2.87,1.42,1.46,,,,,,,,,,,,,,,,,2.32,2.35,1.60,1.65,2.05,2.08,1.76,1.84,1.79,1.78,2.03,2.13,1.60,1.60,2.32,2.45,1.48,1.49,2.63,2.74,1.35,1.36,3.14,3.32,,,,,,,,,,,,,,,,,,,,,,,,,,,,,,,,
england,premier-league,2023-08-27,Newcastle,Liverpool,1,2,Pinnacle,2.19,3.74,3.22,2.24,3.93,3.11,,,,,2.53,2.61,1.59,1.56,2.18,2.23,1.77,1.74,1.87,1.96,1.95,1.96,1.64,1.68,2.42,2.33,1.50,1.52,2.81,2.71,1.40,1.42,3.19,3.07,1.29,1.30,3.98,3.82,,,,,,,,,,,,,,,,,3.56,3.70,1.34,1.32,3.16,3.29,1.40,1.38,,,,,,,,,,,,,,,,,,,,,,,,,,,,,,,,,,,,,,,,,,,,,,,,,,,,,,,,
england,premier-league,2023-08-27,Burnley,Aston Villa,1,3,Pinnacle,4.14,3.69,1.83,3.24,3.60,2.29,,,,,4.22,4.08,1.23,1.28,4.08,3.21,1.23,1.39,3.60,2.79,1.28,1.50,3.12,2.36,1.37,1.66,2.35,1.94,1.60,1.98,1.99,1.70,1.83,2.28,1.75,1.53,2.08,2.71,1.52,1.34,2.54,3.51,1.40,1.29,2.90,3.96,,,,,,,,,,,,,,,,,,,,,,,,,,,,,,,,,,,,,,,,,,,,,,,,,,,,,,,,,,,,,,,,,,,,,,,,
england,premier-league,2023-09-01,Luton,West Ham,1,2,Pinnacle,4.68,3.55,1.78,4.67,4.09,1.76,,,,,,,,,,,,,4.04,4.09,1.24,1.28,3.47,3.55,1.30,1.34,2.49,2.64,1.53,1.55,2.06,2.20,1.77,1.76,1.80,1.94,2.03,1.98,1.53,1.68,2.49,2.34,1.41,1.53,2.90,2.71,,,,,,,,,,,,,,,,,1.33,1.43,3.29,3.05,1.23,1.31,4.19,3.80,,,,,,,,,,,,,,,,,,,,,,,,,,,,,,,,,,,,,,,,,,,,,,,,
england,premier-league,2023-09-02,Sheffield Utd,Everton,2,2,Pinnacle,3.71,3.36,2.04,3.21,3.42,2.39,,,,,4.69,4.07,1.19,1.28,3.66,3.17,1.28,1.40,3.18,2.74,1.35,1.52,2.69,2.29,1.47,1.70,2.08,1.88,1.75,2.05,1.79,1.65,2.04,2.38,1.57,1.48,2.40,2.87,1.37,1.30,3.12,3.87,1.29,1.25,3.56,4.38,,,,,,,,,,,,,,,,,,,,,,,,,,,,,,,,,,,,,,,,,,,,,,,,,,,,,,,,,,,,,,,,,,,,,,,,
england,premier-league,2023-09-02,Manchester City,Fulham,5,1,Pinnacle,1.15,9.19,18.00,1.19,7.65,16.00,,,,,,,,,,,,,,,,,,,,,,,,,,,,,,,,,,,,,,,,,1.54,1.67,2.67,2.32,1.44,1.54,2.98,2.61,1.31,1.38,3.76,3.19,1.22,1.23,4.70,4.45,,,,,,,,,,,,,,,,,,,,,,,,,,,,,,,,,1.67,1.87,2.35,2.04,2.45,2.79,1.62,1.47,2.14,2.39,1.79,1.63,1.86,2.12,1.94,1.78,2.97,3.54,1.44,1.33,,,,
england,premier-league,2023-09-02,Chelsea,Nottingham,0,1,Pinnacle,1.51,4.47,6.71,1.41,5.01,8.45,,,,,1.62,1.49,2.46,2.80,1.49,1.40,2.78,3.18,1.34,1.26,3.52,4.17,,,,,,,,,,,,,,,,,,,,,,,,,2.84,2.57,1.49,1.57,2.39,2.18,1.65,1.76,2.05,1.93,1.78,2.00,1.81,1.64,2.12,2.40,,,,,,,,,,,,,,,,,,,,,,,,,,,,,,,,,3.69,3.28,1.32,1.38,,,,,,,,,4.14,3.71,1.27,1.31,,,,,,,,
england,premier-league,2023-09-02,Burnley,Tottenham,2,5,Pinnacle,3.81,3.57,1.94,3.71,3.79,2.04,,,,,,,,,3.77,3.67,1.27,1.32,3.30,3.21,1.33,1.39,2.84,2.76,1.43,1.51,2.19,2.18,1.68,1.77,1.88,1.88,1.94,2.04,1.65,1.68,2.23,2.34,1.44,1.47,2.79,2.89,1.35,1.40,3.17,3.19,,,,,,,,,,,,,,,,,1.29,1.34,3.56,3.55,,,,,,,,,,,,,,,,,,,,,,,,,,,,,,,,,,,,,,,,,,,,,,,,,,,,
england,premier-league,2023-09-02,Brighton,Newcastle,3,1,Pinnacle,2.22,3.64,3.02,2.64,3.87,2.59,,,,,2.60,3.14,1.50,1.41,2.21,2.63,1.67,1.55,1.93,2.30,1.88,1.69,1.65,1.98,2.25,1.94,1.49,1.72,2.63,2.26,1.38,1.57,2.99,2.58,1.27,1.42,3.72,3.07,1.24,1.28,4.06,4.02,,,,,,,,,,,,,,,,,3.30,4.16,1.33,1.27,,,,,,,,,,,,,,,,,,,,,,,,,,,,,,,,,,,,,,,,,,,,,,,,,,,,,,,,
england,premier-league,2023-09-02,Brentford,Bournemouth,2,2,Pinnacle,1.73,4.37,3.95,1.75,4.01,4.86,,,,,1.93,1.96,1.88,1.96,1.72,1.75,2.12,2.22,1.54,1.53,2.48,2.68,1.36,1.32,3.12,3.68,1.30,1.26,3.51,4.25,,,,,,,,,,,,,,,,,3.56,3.78,1.29,1.31,2.90,3.03,1.40,1.43,2.59,2.69,1.50,1.53,2.26,2.32,1.64,1.68,,,,,,,,,,,,,,,,,,,,,,,,,,,,,,,,,,,,,,,,,,,,,,,,,,,,,,,,
england,premier-league,2023-09-03,Arsenal,Manchester Utd,3,1,Pinnacle,1.94,3.88,3.81,1.76,4.20,4.49,,,,,2.20,1.96,1.76,1.96,1.89,1.76,1.93,2.19,1.70,1.56,2.29,2.61,1.47,1.35,2.90,3.45,1.37,1.29,3.32,3.94,,,,,,,,,,,,,,,,,3.70,3.48,1.27,1.35,3.36,2.87,1.37,1.47,3.00,2.58,1.44,1.57,2.65,2.27,1.54,1.71,,,,,,,,,,,,,,,,,,,,,,,,,,,,,,,,,,,,,,,,,,,,,,,,,,,,,,,,
england,premier-league,2023-09-03,Liverpool,Aston Villa,3,0,Pinnacle,1.60,4.49,5.35,1.65,4.67,5.02,,,,,1.72,1.79,2.25,2.13,1.59,1.64,2.53,2.39,1.42,1.47,3.07,2.95,1.26,1.30,4.22,3.97,,,,,,,,,,,,,,,,,,,,,2.96,2.96,1.45,1.42,2.50,2.59,1.60,1.56,2.22,2.31,1.74,1.68,1.90,2.04,1.92,1.88,,,,,,,,,,,,,,,,,,,,,,,,,,,,,,,,,3.83,3.97,1.30,1.28,,,,,,,,,,,,,,,,,,,,
england,premier-league,2023-09-03,Crystal Palace,Wolves,3,2,Pinnacle,1.81,3.55,4.48,1.90,3.61,4.54,,,,,2.06,2.18,1.76,1.77,1.81,1.90,2.03,2.03,1.56,1.64,2.43,2.42,1.33,1.38,3.33,3.31,1.25,1.30,3.87,3.89,1.21,1.24,4.41,4.47,,,,,,,,,,,,,,,,,3.34,3.54,1.32,1.34,2.94,3.12,1.40,1.41,2.55,2.71,1.52,1.53,,,,,,,,,,,,,,,,,,,,,,,,,,,,,,,,,,,,,,,,,,,,,,,,,,,,,,,,
england,premier-league,2023-09-16,Wolves,Liverpool,1,3,Pinnacle,4.97,4.35,1.58,4.58,4.46,1.71,,,,,,,,,,,,,4.32,4.04,1.24,1.28,3.93,3.56,1.25,1.33,2.88,2.71,1.41,1.52,2.39,2.27,1.58,1.70,2.11,2.03,1.73,1.90,1.84,1.75,1.98,2.20,1.64,1.58,2.27,2.53,,,,,,,,,,,,,,,,,1.51,1.47,2.56,2.84,1.37,1.35,3.05,3.47,,,,,,,,,,,,,,,,,,,,,,,,,,,,,,,,,,,,,,,,,,,,,,,,
england,premier-league,2023-09-16,Aston Villa,Crystal Palace,3,1,Pinnacle,1.88,3.72,3.91,1.98,3.66,4.08,,,,,2.14,2.28,1.71,1.71,1.88,1.98,1.94,1.94,1.63,1.71,2.27,2.28,1.40,1.45,2.95,3.00,1.31,1.34,3.40,3.51,1.26,1.28,3.86,4.03,,,,,,,,,,,,,,,,,3.40,3.70,1.31,1.32,3.02,3.28,1.38,1.38,2.64,2.86,1.48,1.48,,,,,,,,,,,,,,,,,,,,,,,,,,,,,,,,,,,,,,,,,,,,,,,,,,,,,,,,
england,premier-league,2023-09-16,Fulham,Luton,1,0,Pinnacle,1.68,3.80,4.97,1.69,3.82,5.68,,,,,1.88,1.91,1.94,2.02,1.67,1.69,2.21,2.31,1.47,1.48,2.70,2.87,1.26,1.26,3.78,4.23,1.21,1.21,4.34,4.92,,,,,,,,,,,,,,,,,3.64,3.81,1.28,1.31,2.93,3.02,1.40,1.43,2.59,2.65,1.50,1.54,2.22,2.26,1.66,1.71,,,,,,,,,,,,,,,,,,,,,,,,,,,,,,,,,,,,,,,,,,,,,,,,,,,,,,,,
england,premier-league,2023-09-16,Tottenham,Sheffield Utd,2,1,Pinnacle,1.29,5.56,9.48,1.30,6.31,9.40,,,,,1.34,1.34,3.25,3.44,,,,,,,,,,,,,,,,,,,,,,,,,,,,,,,,,2.14,2.00,1.71,1.91,1.88,1.79,1.93,2.12,1.65,1.60,2.24,2.46,1.43,1.41,2.84,3.05,,,,,,,,,,,,,,,,,,,,,,,,,,,,,,,,,2.59,2.31,1.50,1.67,3.56,3.51,1.30,1.33,3.29,2.90,1.33,1.45,2.94,2.61,1.40,1.54,,,,,,,,
england,premier-league,2023-09-16,Newcastle,Brentford,1,0,Pinnacle,1.58,4.21,5.17,1.66,4.17,5.43,,,,,1.74,1.83,2.10,2.11,1.58,1.65,2.38,2.38,1.40,1.46,2.90,2.93,1.24,1.27,4.05,4.15,1.22,1.22,4.82,4.75,,,,,,,,,,,,,,,,,3.12,3.36,1.36,1.36,2.60,2.75,1.50,1.50,2.29,2.45,1.62,1.62,2.00,2.11,1.83,1.81,,,,,,,,,,,,,,,,,,,,,,,,,,,,,,,,,,,,,,,,,,,,,,,,,,,,,,,,
england,premier-league,2023-09-16,West Ham,Manchester City,1,3,Pinnacle,6.22,4.81,1.44,5.49,4.30,1.63,,,,,,,,,,,,,,,,,4.47,4.23,1.20,1.26,3.51,2.98,1.30,1.44,2.80,2.43,1.43,1.63,2.50,2.14,1.53,1.79,2.18,1.85,1.68,2.08,1.87,1.64,1.95,2.40,,,,,,,,,,,,,,,,,1.68,1.52,2.19,2.73,1.51,1.37,2.56,3.31,1.34,1.24,3.21,4.52,,,,,,,,,,,,,,,,,,,,,,,,,,,,,,,,,,,,,,,,,,,,
england,premier-league,2023-09-16,Manchester Utd,Brighton,1,3,Pinnacle,1.88,3.99,3.60,2.07,3.90,3.53,,,,,2.13,2.36,1.72,1.67,1.88,2.07,1.93,1.86,1.66,1.80,2.22,2.13,1.44,1.55,2.78,2.65,1.35,1.42,3.17,3.06,1.29,1.35,3.56,3.49,,,,,,,,,,,,,,,,,3.20,3.60,1.34,1.33,2.87,3.24,1.41,1.39,2.55,2.89,1.51,1.47,,,,,,,,,,,,,,,,,,,,,,,,,,,,,,,,,,,,,,,,,,,,,,,,,,,,,,,,
england,premier-league,2023-09-17,Everton,Arsenal,0,1,Pinnacle,4.84,4.00,1.72,6.00,4.30,1.59,,,,,,,,,,,,,,,,,3.70,4.68,1.32,1.23,2.73,3.17,1.52,1.40,2.26,2.55,1.72,1.58,1.95,2.24,1.87,1.72,1.73,1.94,2.24,1.98,1.57,1.70,2.58,2.28,,,,,,,,,,,,,,,,,1.46,1.56,2.90,2.59,1.33,1.41,3.57,3.12,1.24,1.26,4.11,4.21,,,,,,,,,,,,,,,,,,,,,,,,,,,,,,,,,,,,,,,,,,,,
england,premier-league,2023-09-17,Bournemouth,Chelsea,0,0,Pinnacle,3.97,3.83,1.83,4.34,3.97,1.83,,,,,,,,,3.92,4.21,1.25,1.26,3.47,3.79,1.30,1.31,3.03,3.28,1.38,1.38,2.33,2.48,1.60,1.61,1.99,2.09,1.83,1.83,1.76,1.85,2.07,2.08,1.54,1.60,2.49,2.49,1.42,1.48,2.83,2.87,,,,,,,,,,,,,,,,,1.35,1.40,3.17,3.19,1.27,1.28,3.70,4.04,,,,,,,,,,,,,,,,,,,,,,,,,,,,,,,,,,,,,,,,,,,,,,,,
england,premier-league,2023-09-18,Nottingham,Burnley,1,1,Pinnacle,2.37,3.44,2.92,2.14,3.51,3.69,,,,,2.87,2.50,1.42,1.58,2.36,2.13,1.59,1.79,2.05,1.85,1.78,2.09,1.72,1.54,2.12,2.66,1.53,1.40,2.52,3.15,1.41,1.33,2.89,3.64,1.28,1.22,3.65,4.77,,,,,,,,,,,,,,,,,4.36,3.69,1.21,1.31,3.88,3.23,1.25,1.38,,,,,,,,,,,,,,,,,,,,,,,,,,,,,,,,,,,,,,,,,,,,,,,,,,,,,,,,
england,premier-league,2023-09-23,Manchester City,Nottingham,2,0,Pinnacle,1.12,9.08,15.94,1.17,8.50,18.00,,,,,,,,,,,,,,,,,,,,,,,,,,,,,,,,,,,,,,,,,1.48,1.68,2.61,2.30,1.39,1.55,2.91,2.60,1.27,1.37,3.64,3.25,1.21,1.21,4.78,4.81,,,,,,,,,,,,,,,,,,,,,,,,,,,,,,,,,1.61,1.90,2.30,2.01,2.34,2.91,1.58,1.44,2.05,2.47,1.76,1.60,1.84,2.18,1.97,1.75,2.82,3.76,1.41,1.30,,,,
england,premier-league,2023-09-23,Luton,Wolves,1,1,Pinnacle,3.36,3.40,2.15,3.28,3.31,2.41,,,,,4.27,4.19,1.22,1.28,3.32,3.24,1.32,1.39,2.90,2.79,1.41,1.50,2.45,2.31,1.55,1.69,1.96,1.88,1.85,2.05,1.70,1.65,2.14,2.40,1.52,1.47,2.54,2.90,1.33,1.29,3.28,3.93,1.27,1.24,3.72,4.45,,,,,,,,,,,,,,,,,,,,,,,,,,,,,,,,,,,,,,,,,,,,,,,,,,,,,,,,,,,,,,,,,,,,,,,,
england,premier-league,2023-09-23,Crystal Palace,Fulham,0,0,Pinnacle,1.88,3.55,4.11,2.10,3.39,3.97,,,,,2.15,2.47,1.70,1.61,1.88,2.10,1.94,1.84,1.62,1.79,2.29,2.15,1.38,1.49,3.05,2.83,1.29,1.36,3.55,3.37,1.24,1.29,4.05,3.92,1.20,1.20,5.13,5.12,,,,,,,,,,,,,3.46,4.17,1.30,1.27,3.06,3.69,1.37,1.32,2.67,3.22,1.47,1.40,,,,,,,,,,,,,,,,,,,,,,,,,,,,,,,,,,,,,,,,,,,,,,,,,,,,,,,,
england,premier-league,2023-09-23,Burnley,Manchester Utd,0,1,Pinnacle,4.93,4.13,1.63,4.32,4.00,1.83,,,,,,,,,3.92,4.22,1.29,1.26,4.35,3.76,1.21,1.31,3.84,3.26,1.26,1.38,2.80,2.39,1.44,1.61,2.31,2.04,1.62,1.83,2.04,1.85,1.79,2.09,1.76,1.60,2.06,2.60,1.58,1.47,2.38,2.97,,,,,,,,,,,,,,,,,1.46,1.36,2.68,3.23,1.33,1.28,3.25,4.05,,,,,,,,,,,,,,,,,,,,,,,,,,,,,,,,,,,,,,,,,,,,,,,,
england,premier-league,2023-09-23,Brentford,Everton,1,3,Pinnacle,1.87,3.65,4.41,1.95,3.53,4.40,,,,,2.12,2.24,1.81,1.73,1.82,1.95,2.00,1.97,1.63,1.67,2.44,2.34,1.39,1.41,3.28,3.19,1.30,1.31,3.81,3.76,1.25,1.25,4.34,4.34,,,,,,,,,,,,,,,,,3.38,3.64,1.36,1.33,2.98,3.22,1.44,1.39,2.60,2.80,1.56,1.50,,,,,,,,,,,,,,,,,,,,,,,,,,,,,,,,,,,,,,,,,,,,,,,,,,,,,,,,
england,premier-league,2023-09-24,Arsenal,Tottenham,2,2,Pinnacle,1.49,4.71,5.64,1.65,4.39,5.11,,,,,1.59,1.81,2.36,2.11,1.47,1.65,2.64,2.38,1.33,1.46,3.26,2.88,1.24,1.28,4.03,3.96,1.28,1.25,3.61,4.39,,,,,,,,,,,,,,,,,2.67,3.19,1.47,1.39,2.28,2.66,1.63,1.53,2.03,2.36,1.80,1.66,1.76,2.08,2.06,1.85,,,,,,,,,,,,,,,,,,,,,,,,,,,,,,,,,3.37,4.26,1.32,1.26,,,,,,,,,,,,,,,,,,,,
england,premier-league,2023-09-24,Brighton,Bournemouth,3,1,Pinnacle,1.32,6.03,8.84,1.52,4.97,5.90,,,,,1.36,1.63,3.41,2.42,1.31,1.51,3.41,2.72,1.29,1.36,3.85,3.35,,,,,,,,,,,,,,,,,,,,,,,,,1.96,2.75,1.83,1.51,1.82,2.35,2.11,1.67,1.63,2.09,2.44,1.85,1.43,1.81,3.02,2.11,,,,,,,,,,,,,,,,,,,,,,,,,,,,,,,,,2.36,3.48,1.67,1.34,,,,,,,,,2.67,3.88,1.54,1.29,,,,,,,,
england,premier-league,2023-09-24,Chelsea,Aston Villa,0,1,Pinnacle,1.85,3.82,3.90,1.91,3.93,4.10,,,,,2.09,2.15,1.74,1.78,1.85,1.91,1.97,2.02,1.62,1.66,2.30,2.36,1.40,1.43,2.97,3.07,1.31,1.33,3.40,3.54,1.26,1.28,3.85,4.03,,,,,,,,,,,,,3.80,4.00,1.26,1.28,3.23,3.35,1.34,1.36,2.88,2.98,1.41,1.44,2.54,2.61,1.52,1.55,,,,,,,,,,,,,,,,,,,,,,,,,,,,,,,,,,,,,,,,,,,,,,,,,,,,,,,,
england,premier-league,2023-09-24,Sheffield Utd,Newcastle,0,8,Pinnacle,6.14,4.62,1.46,6.05,4.39,1.57,,,,,,,,,,,,,,,,,4.80,4.69,1.19,1.22,3.40,3.20,1.31,1.39,2.72,2.57,1.45,1.57,2.41,2.25,1.57,1.71,2.09,1.94,1.75,1.98,1.80,1.69,2.03,2.30,,,,,,,,,,,,,,,,,1.62,1.55,2.29,2.62,1.46,1.40,2.71,3.18,1.30,1.25,3.46,4.35,,,,,,,,,,,,,,,,,,,,,,,,,,,,,,,,,,,,,,,,,,,,
england,premier-league,2023-09-24,Liverpool,West Ham,3,1,Pinnacle,1.31,5.93,7.64,1.39,5.64,7.61,,,,,1.35,1.45,3.14,2.92,1.30,1.38,3.49,3.27,,,,,,,,,,,,,,,,,,,,,,,,,,,,,2.03,2.27,1.79,1.70,1.83,2.01,2.00,1.91,1.63,1.78,2.28,2.15,1.44,1.56,2.80,2.58,,,,,,,,,,,,,,,,,,,,,,,,,,,,,,,,,2.38,2.74,1.58,1.51,,,,,2.96,3.41,1.39,1.35,2.67,3.07,1.47,1.42,,,,,,,,
england,premier-league,2023-09-30,Bournemouth,Arsenal,0,4,Pinnacle,6.39,4.83,1.49,6.06,4.62,1.55,,,,,,,,,,,,,,,,,4.18,4.76,1.23,1.22,3.57,3.29,1.34,1.37,2.86,2.65,1.47,1.54,2.55,2.34,1.58,1.67,2.23,2.04,1.74,1.89,1.87,1.76,1.94,2.17,,,,,,,,,,,,,,,,,1.72,1.61,2.25,2.46,1.56,1.45,2.62,2.93,1.38,1.30,3.28,3.84,,,,,,,,,,,,,,,,,,,,,,,,,,,,,,,,,,,,,,,,,,,,
england,premier-league,2023-09-30,Everton,Luton,1,2,Pinnacle,1.58,3.94,5.63,1.67,3.93,5.70,,,,,1.75,1.87,2.08,2.06,1.58,1.67,2.38,2.35,1.39,1.46,2.96,2.92,1.21,1.26,4.33,4.27,1.19,1.21,5.25,4.94,,,,,,,,,,,,,,,,,3.34,3.63,1.32,1.32,2.73,2.91,1.46,1.45,2.39,2.56,1.58,1.57,2.05,2.19,1.79,1.75,,,,,,,,,,,,,,,,,,,,,,,,,,,,,,,,,,,,,,,,,,,,,,,,,,,,,,,,
england,premier-league,2023-09-30,Aston Villa,Brighton,6,1,Pinnacle,2.65,3.57,2.65,2.49,3.77,2.82,,,,,3.17,2.93,1.40,1.45,2.64,2.48,1.55,1.61,2.30,2.16,1.70,1.78,1.91,1.85,1.91,2.09,1.70,1.63,2.30,2.44,1.55,1.50,2.64,2.80,1.40,1.36,3.16,3.38,1.26,1.24,4.22,4.57,,,,,,,,,,,,,,,,,4.22,3.80,1.26,1.31,,,,,,,,,,,,,,,,,,,,,,,,,,,,,,,,,,,,,,,,,,,,,,,,,,,,,,,,
england,premier-league,2023-09-30,Newcastle,Burnley,2,0,Pinnacle,1.34,5.32,7.68,1.38,5.24,8.53,,,,,1.40,1.46,2.91,2.94,1.33,1.37,3.27,3.32,1.25,1.25,4.33,4.24,,,,,,,,,,,,,,,,,,,,,,,,,2.24,2.48,1.65,1.63,1.97,2.09,1.85,1.82,1.74,1.85,2.10,2.09,1.51,1.61,2.56,2.53,,,,,,,,,,,,,,,,,,,,,,,,,,,,,,,,,2.73,3.10,1.46,1.43,,,,,,,,,3.07,3.51,1.37,1.35,,,,,,,,
england,premier-league,2023-09-30,Tottenham,Liverpool,2,1,Pinnacle,2.95,3.85,2.30,2.96,4.01,2.30,,,,,3.56,3.56,1.34,1.34,2.92,2.93,1.45,1.45,2.59,2.59,1.57,1.57,2.23,2.23,1.74,1.74,1.85,1.90,1.96,2.02,1.70,1.70,2.28,2.29,1.54,1.54,2.66,2.66,1.37,1.38,3.31,3.29,1.32,1.32,3.69,3.67,,,,,,,,,,,,,,,,,,,,,,,,,,,,,,,,,,,,,,,,,,,,,,,,,,,,,,,,,,,,,,,,,,,,,,,,
england,premier-league,2023-09-30,Wolves,Manchester City,2,1,Pinnacle,6.97,4.89,1.45,8.61,5.19,1.39,,,,,,,,,,,,,,,,,,,,,3.79,4.29,1.31,1.25,2.99,3.27,1.44,1.38,2.66,2.89,1.54,1.47,2.32,2.48,1.68,1.60,1.92,2.05,1.90,1.88,,,,,,,,,,,,,,,,,1.76,1.79,2.19,2.13,1.58,1.60,2.55,2.48,1.40,1.41,3.18,3.11,1.33,1.34,3.58,3.51,,,,,,,,,,,,,,,,,,,,,,,,,,,,,,,,,,,,,,,,
england,premier-league,2023-09-30,Manchester Utd,Crystal Palace,0,1,Pinnacle,1.50,4.63,6.58,1.58,4.37,5.96,,,,,1.56,1.72,2.43,2.24,1.45,1.58,2.74,2.55,1.31,1.40,3.43,3.16,1.21,1.23,4.50,4.61,,,,,,,,,,,,,,,,,,,,,2.67,3.12,1.47,1.41,2.27,2.59,1.63,1.56,2.01,2.28,1.82,1.70,1.73,1.98,2.11,1.94,,,,,,,,,,,,,,,,,,,,,,,,,,,,,,,,,3.41,4.20,1.31,1.26,,,,,,,,,,,,,,,,,,,,
england,premier-league,2023-09-30,West Ham,Sheffield Utd,2,0,Pinnacle,1.49,4.43,5.97,1.48,4.79,7.00,,,,,1.61,1.58,2.32,2.53,1.49,1.47,2.63,2.87,1.33,1.32,3.27,3.65,,,,,,,,,,,,,,,,,,,,,,,,,2.83,2.77,1.42,1.50,2.39,2.33,1.58,1.67,2.10,2.06,1.74,1.87,1.82,1.76,2.01,2.18,,,,,,,,,,,,,,,,,,,,,,,,,,,,,,,,,3.70,3.59,1.27,1.33,,,,,,,,,3.82,4.04,1.27,1.28,,,,,,,,
england,premier-league,2023-10-01,Nottingham,Brentford,1,1,Pinnacle,3.13,3.31,2.42,2.62,3.27,2.99,,,,,3.93,3.20,1.29,1.40,3.10,2.61,1.42,1.56,2.68,2.22,1.53,1.74,2.24,1.84,1.73,2.10,1.81,1.59,2.02,2.54,1.64,1.45,2.41,2.98,1.47,1.31,2.91,3.75,1.29,1.18,3.91,5.56,,,,,,,,,,,,,,,,,5.23,4.53,1.17,1.24,,,,,,,,,,,,,,,,,,,,,,,,,,,,,,,,,,,,,,,,,,,,,,,,,,,,,,,,
england,premier-league,2023-10-02,Fulham,Chelsea,0,2,Pinnacle,3.19,3.48,2.31,3.52,3.49,2.22,,,,,3.99,4.52,1.28,1.24,3.16,3.47,1.40,1.35,2.75,3.01,1.51,1.44,2.33,2.53,1.68,1.59,1.88,2.02,1.94,1.91,1.70,1.75,2.30,2.21,1.52,1.56,2.73,2.61,1.34,1.36,3.54,3.40,1.28,1.30,3.99,3.86,,,,,,,,,,,,,,,,,,,,,,,,,,,,,,,,,,,,,,,,,,,,,,,,,,,,,,,,,,,,,,,,,,,,,,,,
england,premier-league,2023-10-03,Luton,Burnley,1,2,Pinnacle,3.01,3.15,2.47,2.95,3.22,2.69,,,,,3.78,3.70,1.26,1.32,2.98,2.93,1.39,1.46,2.56,2.49,1.51,1.60,2.12,2.06,1.72,1.88,1.75,1.71,2.10,2.27,1.55,1.54,2.46,2.68,1.39,1.37,3.01,3.31,1.23,1.22,4.15,4.78,,,,,,,,,,,,,,,,,5.54,5.53,1.15,1.18,,,,,,,,,,,,,,,,,,,,,,,,,,,,,,,,,,,,,,,,,,,,,,,,,,,,,,,,
england,premier-league,2023-10-07,Crystal Palace,Nottingham,0,0,Pinnacle,1.68,3.82,4.85,2.34,3.12,3.64,,,,,1.89,2.84,1.93,1.49,1.68,2.33,2.19,1.68,1.48,1.98,2.66,1.94,1.27,1.60,3.69,2.50,1.22,1.43,4.24,3.06,1.23,1.33,4.23,3.59,1.20,1.22,5.03,4.78,,,,,,,,,,,,,,,,,2.61,4.46,1.50,1.24,2.25,3.91,1.65,1.29,,,,,,,,,,,,,,,,,,,,,,,,,,,,,,,,,,,,,,,,,,,,,,,,,,,,,,,,
england,premier-league,2023-10-07,Manchester Utd,Brentford,2,1,Pinnacle,1.55,4.44,5.18,1.63,4.33,5.41,,,,,1.68,1.79,2.18,2.14,1.55,1.63,2.46,2.43,1.38,1.44,2.99,2.96,1.23,1.26,4.12,4.18,1.24,1.23,4.14,4.55,,,,,,,,,,,,,,,,,2.95,3.24,1.39,1.38,2.48,2.68,1.54,1.53,2.19,2.37,1.68,1.65,1.92,2.07,1.90,1.87,,,,,,,,,,,,,,,,,,,,,,,,,,,,,,,,,3.85,4.37,1.26,1.25,,,,,,,,,,,,,,,,,,,,
england,premier-league,2023-10-07,Luton,Tottenham,0,1,Pinnacle,6.46,4.78,1.43,6.80,5.15,1.45,,,,,,,,,,,,,,,,,,,,,3.58,3.72,1.29,1.31,2.84,2.96,1.42,1.44,2.53,2.64,1.52,1.54,2.19,2.29,1.68,1.69,1.88,1.96,1.94,1.96,,,,,,,,,,,,,,,,,1.68,1.75,2.19,2.20,1.51,1.57,2.57,2.56,1.34,1.39,3.23,3.20,1.28,1.33,3.61,3.60,,,,,,,,,,,,,,,,,,,,,,,,,,,,,,,,,,,,,,,,
england,premier-league,2023-10-07,Everton,Bournemouth,3,0,Pinnacle,1.69,4.01,4.57,1.93,3.78,4.18,,,,,1.88,2.19,1.93,1.76,1.68,1.93,2.18,2.00,1.49,1.67,2.62,2.35,1.29,1.42,3.52,3.10,1.24,1.33,4.02,3.61,1.25,1.27,3.88,4.12,,,,,,,,,,,,,,,,,2.85,3.50,1.42,1.35,2.54,3.10,1.52,1.41,2.20,2.71,1.67,1.53,,,,,,,,,,,,,,,,,,,,,,,,,,,,,,,,,,,,,,,,,,,,,,,,,,,,,,,,
england,premier-league,2023-10-07,Fulham,Sheffield Utd,3,1,Pinnacle,1.61,3.93,5.39,1.52,4.56,6.57,,,,,1.78,1.64,2.05,2.40,1.60,1.52,2.34,2.72,1.41,1.35,2.89,3.43,1.23,1.20,4.14,5.14,,,,,,,,,,,,,,,,,,,,,3.39,2.90,1.31,1.46,2.75,2.43,1.44,1.62,2.42,2.14,1.56,1.79,2.08,1.85,1.75,2.08,,,,,,,,,,,,,,,,,,,,,,,,,,,,,,,,,4.35,3.84,1.22,1.30,,,,,,,,,,,,,,,,,,,,
england,premier-league,2023-10-07,Burnley,Chelsea,1,4,Pinnacle,4.24,3.78,1.79,5.20,4.07,1.69,,,,,,,,,,,,,3.70,4.53,1.27,1.23,3.21,3.94,1.34,1.29,2.42,2.81,1.56,1.49,2.04,2.30,1.78,1.69,1.81,2.03,2.02,1.89,1.56,1.74,2.43,2.22,1.44,1.56,2.79,2.58,,,,,,,,,,,,,,,,,1.36,1.45,3.14,2.91,1.25,1.32,3.91,3.62,,,,,,,,,,,,,,,,,,,,,,,,,,,,,,,,,,,,,,,,,,,,,,,,
england,premier-league,2023-10-08,West Ham,Newcastle,2,2,Pinnacle,3.81,3.87,1.86,3.58,3.73,2.11,,,,,3.96,4.59,1.25,1.23,3.76,3.53,1.27,1.34,3.33,3.08,1.32,1.42,2.91,2.64,1.41,1.55,2.28,2.10,1.63,1.82,1.96,1.83,1.86,2.11,1.74,1.63,2.10,2.44,1.52,1.43,2.54,3.08,1.41,1.35,2.88,3.48,,,,,,,,,,,,,,,,,1.34,1.30,3.22,3.89,,,,,,,,,,,,,,,,,,,,,,,,,,,,,,,,,,,,,,,,,,,,,,,,,,,,
england,premier-league,2023-10-08,Wolves,Aston Villa,1,1,Pinnacle,2.81,3.39,2.62,3.70,3.68,2.08,,,,,,,,,2.79,3.65,1.50,1.32,2.41,3.18,1.64,1.40,1.97,2.71,1.84,1.52,1.72,2.14,2.25,1.80,1.56,1.85,2.60,2.08,1.40,1.64,3.15,2.41,1.26,1.43,4.29,3.05,1.25,1.35,3.92,3.47,,,,,,,,,,,,,,,,,1.27,1.30,3.78,3.89,,,,,,,,,,,,,,,,,,,,,,,,,,,,,,,,,,,,,,,,,,,,,,,,,,,,
england,premier-league,2023-10-08,Brighton,Liverpool,2,2,Pinnacle,2.47,3.90,2.54,3.26,4.19,2.10,,,,,2.88,3.97,1.41,1.29,2.46,3.22,1.55,1.39,2.17,2.87,1.69,1.48,1.88,2.50,1.93,1.60,1.66,2.08,2.23,1.85,1.52,1.83,2.52,2.09,1.39,1.65,2.97,2.38,1.26,1.47,3.79,2.86,1.29,1.39,3.63,3.21,,,,,,,,,,,,,,,,,1.34,1.34,3.50,3.52,,,,,,,,,,,,,,,,,,,,,,,,,,,,,,,,,,,,,,,,,,,,,,,,,,,,
england,premier-league,2023-10-08,Arsenal,Manchester City,1,0,Pinnacle,2.58,3.46,2.80,3.00,3.39,2.56,,,,,3.09,3.73,1.42,1.31,2.57,2.98,1.57,1.45,2.23,2.55,1.74,1.57,1.83,2.14,1.98,1.81,1.64,1.78,2.41,2.17,1.50,1.58,2.78,2.54,1.36,1.42,3.39,3.09,1.23,1.26,4.68,4.10,,,,,,,,,,,,,,,,,4.15,5.30,1.27,1.19,,,,,,,,,,,,,,,,,,,,,,,,,,,,,,,,,,,,,,,,,,,,,,,,,,,,,,,,
england,premier-league,2023-10-21,Bournemouth,Wolves,1,2,Pinnacle,2.24,3.47,3.33,2.31,3.46,3.32,,,,,2.63,2.74,1.55,1.52,2.23,2.30,1.74,1.69,1.89,1.99,1.93,1.93,1.63,1.65,2.43,2.38,1.48,1.49,2.87,2.85,1.38,1.38,3.29,3.28,1.26,1.26,4.20,4.21,,,,,,,,,,,,,,,,,3.85,4.06,1.30,1.28,3.40,3.59,1.36,1.33,,,,,,,,,,,,,,,,,,,,,,,,,,,,,,,,,,,,,,,,,,,,,,,,,,,,,,,,
england,premier-league,2023-10-21,Brentford,Burnley,3,0,Pinnacle,1.63,3.97,5.07,1.74,3.90,5.09,,,,,1.81,1.96,2.01,1.96,1.63,1.73,2.28,2.22,1.44,1.52,2.80,2.71,1.25,1.30,3.90,3.81,1.20,1.24,4.45,4.41,,,,,,,,,,,,,,,,,3.43,3.85,1.31,1.30,2.79,3.08,1.43,1.41,2.47,2.71,1.55,1.52,2.12,2.33,1.72,1.67,,,,,,,,,,,,,,,,,,,,,,,,,,,,,,,,,,,,,,,,,,,,,,,,,,,,,,,,
england,premier-league,2023-10-21,Chelsea,Arsenal,2,2,Pinnacle,2.99,3.50,2.41,3.35,3.44,2.31,,,,,3.68,4.26,1.32,1.26,2.96,3.31,1.45,1.37,2.58,2.87,1.57,1.48,2.19,2.40,1.76,1.65,1.80,1.94,2.03,1.98,1.65,1.69,2.40,2.30,1.48,1.51,2.87,2.75,1.31,1.33,3.75,3.63,1.26,1.27,4.21,4.11,,,,,,,,,,,,,,,,,,,,,,,,,,,,,,,,,,,,,,,,,,,,,,,,,,,,,,,,,,,,,,,,,,,,,,,,
england,premier-league,2023-10-21,Sheffield Utd,Manchester Utd,1,2,Pinnacle,5.59,4.45,1.52,7.80,5.60,1.38,,,,,,,,,,,,,,,,,,,,,,,,,2.56,3.23,1.51,1.38,2.26,2.87,1.64,1.47,1.97,2.54,1.85,1.58,1.71,2.13,2.13,1.79,,,,,,,,,,,,,,,,,1.57,1.90,2.41,2.03,1.41,1.69,2.85,2.29,1.27,1.50,3.71,2.77,1.27,1.41,3.81,3.10,1.31,1.35,3.69,3.44,,,,,,,,,,,,,,,,,,,,,,,,,,,,,,,,,,,,
england,premier-league,2023-10-21,Manchester City,Brighton,2,1,Pinnacle,1.47,4.98,6.36,1.36,5.69,7.74,,,,,1.56,1.44,2.60,2.95,1.46,1.35,2.91,3.32,,,,,,,,,,,,,,,,,,,,,,,,,,,,,2.54,2.29,1.59,1.69,2.19,2.03,1.76,1.90,1.91,1.79,1.91,2.14,1.71,1.56,2.28,2.59,,,,,,,,,,,,,,,,,,,,,,,,,,,,,,,,,3.13,2.75,1.41,1.51,,,,,3.44,3.41,1.31,1.35,3.50,3.08,1.35,1.41,,,,,,,,
england,premier-league,2023-10-21,Newcastle,Crystal Palace,4,0,Pinnacle,1.49,4.51,7.02,1.48,4.49,7.68,,,,,1.59,1.60,2.52,2.50,1.47,1.47,2.85,2.86,1.33,1.31,3.64,3.71,1.17,1.17,5.19,5.85,,,,,,,,,,,,,,,,,,,,,2.79,2.93,1.50,1.46,2.35,2.43,1.67,1.63,2.01,2.13,1.81,1.82,1.78,1.79,2.17,2.13,,,,,,,,,,,,,,,,,,,,,,,,,,,,,,,,,3.62,3.95,1.33,1.29,,,,,,,,,4.06,4.45,1.28,1.24,,,,,,,,
england,premier-league,2023-10-21,Nottingham,Luton,2,2,Pinnacle,1.78,3.63,4.53,1.76,3.65,5.39,,,,,2.02,2.00,1.81,1.93,1.77,1.75,2.05,2.19,1.54,1.52,2.48,2.71,1.31,1.29,3.38,3.94,1.25,1.23,3.93,4.62,,,,,,,,,,,,,,,,,4.05,4.05,1.24,1.28,3.21,3.19,1.34,1.40,2.84,2.81,1.43,1.50,2.46,2.41,1.55,1.64,,,,,,,,,,,,,,,,,,,,,,,,,,,,,,,,,,,,,,,,,,,,,,,,,,,,,,,,
england,premier-league,2023-10-21,Liverpool,Everton,2,0,Pinnacle,1.34,5.76,8.53,1.40,5.50,7.40,,,,,1.39,1.50,3.23,2.80,1.33,1.40,3.62,3.13,1.26,1.29,4.09,3.94,,,,,,,,,,,,,,,,,,,,,,,,,2.12,2.39,1.81,1.64,1.85,2.09,1.97,1.83,1.68,1.86,2.32,2.07,1.48,1.62,2.86,2.45,,,,,,,,,,,,,,,,,,,,,,,,,,,,,,,,,2.52,2.91,1.60,1.45,,,,,3.16,3.52,1.40,1.34,2.83,3.26,1.48,1.38,,,,,,,,
england,premier-league,2023-10-22,Aston Villa,West Ham,4,1,Pinnacle,1.77,3.97,4.60,1.79,4.02,4.54,,,,,1.92,2.02,1.90,1.91,1.76,1.78,2.19,2.14,1.55,1.57,2.63,2.56,1.34,1.35,3.50,3.43,1.28,1.29,4.02,3.95,1.26,1.26,3.85,4.22,,,,,,,,,,,,,3.70,3.80,1.32,1.30,2.99,3.07,1.44,1.42,2.67,2.73,1.54,1.51,2.32,2.38,1.68,1.65,,,,,,,,,,,,,,,,,,,,,,,,,,,,,,,,,,,,,,,,,,,,,,,,,,,,,,,,
england,premier-league,2023-10-23,Tottenham,Fulham,2,0,Pinnacle,1.57,4.41,5.81,1.52,4.72,6.13,,,,,1.69,1.64,2.30,2.43,1.56,1.52,2.60,2.71,1.39,1.36,3.21,3.36,1.24,1.21,4.56,4.87,,,,,,,,,,,,,,,,,,,,,2.96,2.81,1.45,1.48,2.50,2.39,1.60,1.66,2.20,2.11,1.75,1.81,1.87,1.85,1.94,2.09,,,,,,,,,,,,,,,,,,,,,,,,,,,,,,,,,3.88,3.55,1.30,1.33,,,,,,,,,3.82,3.96,1.27,1.28,,,,,,,,
england,premier-league,2023-10-27,Crystal Palace,Tottenham,1,2,Pinnacle,3.55,3.69,1.98,4.58,3.85,1.81,,,,,,,,,,,,,3.09,3.99,1.36,1.28,2.67,3.43,1.48,1.35,2.12,2.55,1.72,1.59,1.84,2.12,1.98,1.81,1.63,1.87,2.28,2.07,1.43,1.60,2.83,2.52,1.34,1.47,3.19,2.92,,,,,,,,,,,,,,,,,1.29,1.38,3.57,3.31,1.28,1.26,3.95,4.21,,,,,,,,,,,,,,,,,,,,,,,,,,,,,,,,,,,,,,,,,,,,,,,,
england,premier-league,2023-10-28,Wolves,Newcastle,2,2,Pinnacle,4.32,3.84,1.84,4.11,3.75,1.93,,,,,,,,,4.08,4.07,1.23,1.27,3.76,3.56,1.31,1.33,3.26,3.06,1.38,1.43,2.48,2.33,1.61,1.68,2.09,1.99,1.83,1.93,1.81,1.75,2.02,2.20,1.61,1.52,2.48,2.72,1.49,1.41,2.85,3.11,,,,,,,,,,,,,,,,,1.40,1.34,3.19,3.51,1.28,1.27,3.99,4.08,,,,,,,,,,,,,,,,,,,,,,,,,,,,,,,,,,,,,,,,,,,,,,,,
england,premier-league,2023-10-28,Chelsea,Brentford,0,2,Pinnacle,1.72,3.93,5.01,1.65,4.05,5.60,,,,,1.86,1.85,1.96,2.09,1.67,1.65,2.21,2.37,1.47,1.46,2.68,2.93,1.28,1.26,3.67,4.20,1.23,1.22,4.19,4.82,,,,,,,,,,,,,,,,,3.49,3.50,1.30,1.34,2.84,2.83,1.42,1.47,2.52,2.50,1.53,1.60,2.18,2.14,1.68,1.78,,,,,,,,,,,,,,,,,,,,,,,,,,,,,,,,,4.47,4.76,1.21,1.22,,,,,,,,,,,,,,,,,,,,
england,premier-league,2023-10-28,Bournemouth,Burnley,2,1,Pinnacle,2.22,3.45,3.18,2.13,3.65,3.51,,,,,2.62,2.49,1.49,1.60,2.21,2.13,1.67,1.78,1.92,1.88,1.90,2.08,1.61,1.56,2.32,2.59,1.45,1.45,2.75,3.05,1.35,1.35,3.15,3.49,1.24,1.25,3.99,4.50,,,,,,,,,,,,,,,,,3.82,3.61,1.26,1.32,3.39,3.17,1.31,1.40,,,,,,,,,,,,,,,,,,,,,,,,,,,,,,,,,,,,,,,,,,,,,,,,,,,,,,,,
england,premier-league,2023-10-28,Arsenal,Sheffield Utd,5,0,Pinnacle,1.17,7.34,12.88,1.13,9.50,21.00,3.42,3.50,1.34,1.33,,,,,,,,,,,,,,,,,,,,,,,,,,,,,,,,,,,,,1.67,1.48,2.16,2.77,1.53,1.40,2.44,3.11,1.37,1.30,2.96,3.75,,,,,,,,,,,,,,,,,,,,,,,,,,,,,,,,,,,,,1.89,1.60,1.89,2.45,2.87,2.34,1.39,1.65,2.44,2.07,1.53,1.85,2.16,1.83,1.67,2.07,3.68,2.83,1.26,1.47,3.46,3.16,1.30,1.39
england,premier-league,2023-10-29,Aston Villa,Luton,3,1,Pinnacle,1.38,4.92,7.42,1.34,5.85,8.55,,,,,1.46,1.40,2.73,3.13,1.37,1.34,3.07,3.53,,,,,,,,,,,,,,,,,,,,,,,,,,,,,2.43,2.23,1.56,1.73,2.09,1.97,1.74,1.94,1.85,1.74,1.97,2.22,1.59,1.51,2.36,2.75,,,,,,,,,,,,,,,,,,,,,,,,,,,,,,,,,3.04,2.69,1.37,1.53,,,,,3.37,3.37,1.32,1.36,3.42,3.02,1.31,1.43,,,,,,,,
england,premier-league,2023-10-29,Brighton,Fulham,1,1,Pinnacle,1.51,4.73,6.20,1.64,4.32,5.29,,,,,1.61,1.79,2.48,2.13,1.49,1.63,2.78,2.41,1.35,1.45,3.46,2.93,1.21,1.27,4.52,4.10,,,,,,,,,,,,,,,,,,,,,2.71,3.26,1.53,1.38,2.31,2.70,1.69,1.52,1.99,2.38,1.83,1.65,1.78,2.08,2.16,1.85,,,,,,,,,,,,,,,,,,,,,,,,,,,,,,,,,3.41,4.41,1.36,1.24,,,,,,,,,,,,,,,,,,,,
england,premier-league,2023-10-29,Manchester Utd,Manchester City,0,3,Pinnacle,3.42,3.72,2.02,5.60,4.30,1.61,,,,,,,,,,,,,,,,,2.57,4.30,1.51,1.25,2.07,3.02,1.76,1.43,1.81,2.46,2.02,1.61,1.61,2.16,2.31,1.77,1.42,1.88,2.87,2.05,1.34,1.66,3.22,2.35,,,,,,,,,,,,,,,,,1.29,1.53,3.59,2.67,1.30,1.39,3.56,3.22,1.22,1.25,4.63,4.35,,,,,,,,,,,,,,,,,,,,,,,,,,,,,,,,,,,,,,,,,,,,
england,premier-league,2023-10-29,Liverpool,Nottingham,3,0,Pinnacle,1.23,6.65,9.43,1.22,7.31,12.08,,,,,1.26,1.25,3.75,4.21,,,,,,,,,,,,,,,,,,,,,,,,,,,,,,,,,1.82,1.84,1.99,2.08,1.65,1.66,2.22,2.33,1.48,1.48,2.61,2.79,1.31,1.30,3.34,3.73,,,,,,,,,,,,,,,,,,,,,,,,,,,,,,,,,2.07,2.09,1.75,1.81,3.10,3.21,1.35,1.38,2.61,2.68,1.47,1.51,2.35,2.40,1.58,1.63,,,,,,,,
england,premier-league,2023-10-29,West Ham,Everton,0,1,Pinnacle,1.98,3.79,3.48,2.08,3.70,3.62,,,,,2.27,2.41,1.63,1.64,1.98,2.09,1.85,1.85,1.72,1.81,2.11,2.13,1.49,1.53,2.64,2.68,1.37,1.41,3.04,3.14,1.31,1.33,3.44,3.59,1.24,1.24,4.04,4.53,,,,,,,,,,,,,3.56,3.83,1.29,1.30,3.18,3.42,1.35,1.36,2.82,3.03,1.43,1.44,,,,,,,,,,,,,,,,,,,,,,,,,,,,,,,,,,,,,,,,,,,,,,,,,,,,,,,,
england,premier-league,2023-11-04,Sheffield Utd,Wolves,2,1,Pinnacle,3.20,3.43,2.22,4.35,3.76,1.87,,,,,,,,,3.16,4.32,1.35,1.25,2.76,3.79,1.45,1.31,2.33,3.26,1.60,1.39,1.90,2.43,1.92,1.63,1.67,2.05,2.21,1.88,1.49,1.79,2.62,2.14,1.31,1.55,3.41,2.64,1.26,1.43,3.84,3.03,,,,,,,,,,,,,,,,,1.27,1.35,3.80,3.44,,,,,,,,,,,,,,,,,,,,,,,,,,,,,,,,,,,,,,,,,,,,,,,,,,,,
england,premier-league,2023-11-04,Newcastle,Arsenal,1,0,Pinnacle,2.52,3.47,2.87,2.84,3.23,2.73,,,,,3.00,3.54,1.44,1.34,2.51,2.84,1.60,1.49,2.17,2.41,1.78,1.64,1.79,2.00,2.04,1.93,1.61,1.68,2.47,2.33,1.48,1.52,2.86,2.73,1.34,1.36,3.50,3.39,1.22,1.22,4.88,4.87,,,,,,,,,,,,,,,,,4.00,5.13,1.28,1.20,,,,,,,,,,,,,,,,,,,,,,,,,,,,,,,,,,,,,,,,,,,,,,,,,,,,,,,,
england,premier-league,2023-11-04,Manchester City,Bournemouth,6,1,Pinnacle,1.15,9.18,17.10,1.09,11.50,28.50,3.34,3.02,1.31,1.42,,,,,,,,,,,,,,,,,,,,,,,,,,,,,,,,,,,,,1.53,1.38,2.68,3.22,1.44,1.33,2.98,3.57,,,,,,,,,,,,,,,,,,,,,,,,,,,,,,,,,,,,,,,,,1.67,1.47,2.36,2.85,2.42,2.07,1.63,1.81,2.12,1.88,1.81,2.05,1.84,1.66,1.95,2.31,2.92,2.42,1.45,1.61,3.26,2.72,1.38,1.50
england,premier-league,2023-11-04,Fulham,Manchester Utd,0,1,Pinnacle,3.75,3.77,1.99,3.03,3.59,2.38,,,,,4.47,3.79,1.24,1.31,3.70,3.02,1.32,1.43,3.26,2.63,1.38,1.55,2.82,2.22,1.49,1.74,2.23,1.86,1.74,2.07,1.88,1.65,1.93,2.38,1.71,1.48,2.26,2.86,1.51,1.31,2.78,3.78,1.41,1.26,3.14,4.26,,,,,,,,,,,,,,,,,,,,,,,,,,,,,,,,,,,,,,,,,,,,,,,,,,,,,,,,,,,,,,,,,,,,,,,,
england,premier-league,2023-11-04,Everton,Brighton,1,1,Pinnacle,2.86,3.84,2.24,2.86,3.52,2.54,,,,,3.48,3.52,1.30,1.34,2.84,2.86,1.42,1.48,2.51,2.47,1.53,1.61,2.17,2.09,1.69,1.85,1.85,1.76,1.97,2.19,1.65,1.59,2.23,2.54,1.49,1.43,2.62,3.04,1.33,1.28,3.31,4.08,,,,,,,,,,,,,,,,,4.75,4.93,1.22,1.21,,,,,,,,,,,,,,,,,,,,,,,,,,,,,,,,,,,,,,,,,,,,,,,,,,,,,,,,
england,premier-league,2023-11-04,Burnley,Crystal Palace,0,2,Pinnacle,2.77,3.22,2.61,3.53,3.21,2.31,,,,,3.42,4.64,1.31,1.23,2.75,3.51,1.45,1.34,2.36,3.01,1.59,1.44,1.97,2.48,1.85,1.61,1.66,1.95,2.23,1.97,1.50,1.69,2.60,2.31,1.34,1.50,3.19,2.81,1.20,1.30,4.48,3.89,1.22,1.24,4.77,4.46,,,,,,,,,,,,,,,,,,,,,,,,,,,,,,,,,,,,,,,,,,,,,,,,,,,,,,,,,,,,,,,,,,,,,,,,
england,premier-league,2023-11-04,Brentford,West Ham,3,2,Pinnacle,1.95,3.65,4.00,2.16,3.71,3.39,,,,,2.24,2.52,1.73,1.59,1.90,2.16,1.91,1.78,1.70,1.88,2.29,2.04,1.45,1.60,2.98,2.51,1.35,1.46,3.46,2.95,1.29,1.37,3.95,3.37,1.24,1.26,3.99,4.30,,,,,,,,,,,,,,,,,3.15,3.60,1.40,1.33,2.76,3.18,1.51,1.40,,,,,,,,,,,,,,,,,,,,,,,,,,,,,,,,,,,,,,,,,,,,,,,,,,,,,,,,
england,premier-league,2023-11-05,Nottingham,Aston Villa,2,0,Pinnacle,3.14,3.45,2.35,3.93,3.81,1.95,,,,,,,,,3.10,3.89,1.41,1.29,2.70,3.42,1.53,1.35,2.28,2.95,1.70,1.45,1.84,2.28,1.97,1.70,1.68,1.96,2.34,1.96,1.50,1.73,2.78,2.23,1.33,1.51,3.64,2.75,1.27,1.40,4.10,3.13,,,,,,,,,,,,,,,,,1.28,1.35,3.66,3.43,,,,,,,,,,,,,,,,,,,,,,,,,,,,,,,,,,,,,,,,,,,,,,,,,,,,
england,premier-league,2023-11-05,Luton,Liverpool,1,1,Pinnacle,7.79,5.75,1.31,15.00,8.50,1.18,,,,,,,,,,,,,,,,,,,,,,,,,,,,,,,,,2.76,4.18,1.45,1.26,2.25,3.03,1.65,1.41,,,,,,,,,,,,,,,,,1.97,2.50,1.85,1.58,1.76,2.22,2.07,1.72,1.55,1.95,2.45,1.95,1.44,1.72,2.75,2.22,1.37,1.58,3.06,2.50,1.30,1.44,3.51,2.93,1.27,1.30,4.01,3.75,,,,,,,,,,,,,,,,,,,,,,,,,,,,
england,premier-league,2023-11-06,Tottenham,Chelsea,1,4,Pinnacle,2.29,3.64,2.91,2.37,3.65,3.00,,,,,2.69,2.83,1.47,1.49,2.28,2.37,1.63,1.66,1.99,2.07,1.83,1.86,1.69,1.75,2.17,2.21,1.52,1.56,2.53,2.61,1.41,1.44,2.88,2.99,1.29,1.32,3.55,3.72,,,,,,,,,,,,,,,,,3.87,4.13,1.26,1.27,3.46,3.68,1.30,1.32,,,,,,,,,,,,,,,,,,,,,,,,,,,,,,,,,,,,,,,,,,,,,,,,,,,,,,,,
england,premier-league,2023-11-11,Arsenal,Burnley,3,1,Pinnacle,1.24,6.50,12.06,1.19,7.49,16.59,,,,,1.25,1.23,3.95,4.48,,,,,,,,,,,,,,,,,,,,,,,,,,,,,,,,,1.82,1.78,1.99,2.14,1.65,1.61,2.24,2.43,1.47,1.43,2.67,2.97,1.30,1.26,3.50,4.20,,,,,,,,,,,,,,,,,,,,,,,,,,,,,,,,,2.09,2.06,1.74,1.85,3.21,3.22,1.34,1.38,2.67,2.68,1.47,1.52,2.39,2.36,1.58,1.64,3.79,4.29,1.26,1.25,,,,
england,premier-league,2023-11-11,Manchester Utd,Luton,1,0,Pinnacle,1.20,7.39,13.36,1.29,6.14,10.06,,,,,1.25,1.33,3.90,3.49,1.27,1.29,3.70,3.87,,,,,,,,,,,,,,,,,,,,,,,,,,,,,1.71,2.06,2.27,1.85,1.58,1.82,2.55,2.07,1.42,1.62,3.09,2.42,1.26,1.41,4.22,3.06,,,,,,,,,,,,,,,,,,,,,,,,,,,,,,,,,1.87,2.42,1.93,1.62,2.87,3.75,1.47,1.30,2.45,3.06,1.62,1.41,2.19,2.75,1.76,1.50,,,,,,,,
england,premier-league,2023-11-11,Crystal Palace,Everton,2,3,Pinnacle,2.09,3.34,3.80,2.71,3.12,2.96,,,,,2.46,3.39,1.62,1.38,2.04,2.71,1.79,1.54,1.80,2.29,2.13,1.70,1.51,1.84,2.76,2.10,1.38,1.60,3.26,2.56,1.31,1.44,3.77,2.96,1.21,1.30,4.45,3.77,1.15,1.16,5.53,5.78,,,,,,,,,,,,,,,,,3.19,5.00,1.41,1.22,,,,,,,,,,,,,,,,,,,,,,,,,,,,,,,,,,,,,,,,,,,,,,,,,,,,,,,,
england,premier-league,2023-11-11,Bournemouth,Newcastle,2,0,Pinnacle,4.92,4.18,1.67,3.90,3.76,1.97,,,,,,,,,4.18,3.86,1.26,1.29,4.19,3.38,1.23,1.36,3.71,2.91,1.27,1.47,2.76,2.25,1.45,1.71,2.29,1.94,1.62,1.98,2.04,1.71,1.79,2.27,1.77,1.49,2.05,2.81,1.59,1.39,2.35,3.20,,,,,,,,,,,,,,,,,1.47,1.33,2.64,3.60,,,,,,,,,,,,,,,,,,,,,,,,,,,,,,,,,,,,,,,,,,,,,,,,,,,,
england,premier-league,2023-11-11,Wolves,Tottenham,2,1,Pinnacle,3.80,3.75,1.95,3.13,3.62,2.31,,,,,4.35,3.92,1.24,1.29,3.78,3.11,1.31,1.41,3.32,2.71,1.37,1.52,2.88,2.30,1.48,1.69,2.26,1.91,1.71,2.01,1.91,1.68,1.91,2.31,1.74,1.51,2.24,2.74,1.52,1.33,2.73,3.58,1.42,1.28,3.10,4.03,,,,,,,,,,,,,,,,,,,,,,,,,,,,,,,,,,,,,,,,,,,,,,,,,,,,,,,,,,,,,,,,,,,,,,,,
england,premier-league,2023-11-12,Liverpool,Brentford,3,0,Pinnacle,1.48,4.87,6.16,1.40,5.51,7.48,,,,,1.58,1.47,2.55,2.86,1.47,1.39,2.85,3.22,,,,,,,,,,,,,,,,,,,,,,,,,,,,,2.59,2.37,1.57,1.65,2.23,2.08,1.74,1.85,1.93,1.83,1.88,2.09,1.74,1.59,2.23,2.51,,,,,,,,,,,,,,,,,,,,,,,,,,,,,,,,,3.21,2.89,1.39,1.47,,,,,3.62,3.60,1.32,1.33,3.59,3.24,1.33,1.38,,,,,,,,
england,premier-league,2023-11-12,Aston Villa,Fulham,3,1,Pinnacle,1.59,4.16,5.06,1.64,4.22,5.40,,,,,1.75,1.88,2.09,2.11,1.59,1.68,2.36,2.40,1.41,1.49,2.88,2.93,1.24,1.29,3.99,4.16,1.22,1.24,4.26,4.46,,,,,,,,,,,,,,,,,3.16,3.37,1.35,1.36,2.63,2.77,1.49,1.50,2.32,2.44,1.61,1.62,2.02,2.12,1.81,1.83,,,,,,,,,,,,,,,,,,,,,,,,,,,,,,,,,4.23,4.62,1.22,1.23,,,,,,,,,,,,,,,,,,,,
england,premier-league,2023-11-12,West Ham,Nottingham,3,2,Pinnacle,1.82,3.74,4.46,1.81,3.84,4.59,,,,,2.01,2.07,1.82,1.84,1.82,1.81,2.11,2.11,1.60,1.58,2.52,2.51,1.37,1.35,3.36,3.41,1.29,1.28,3.90,3.98,1.24,1.24,4.13,4.52,,,,,,,,,,,,,4.04,4.26,1.28,1.27,3.22,3.35,1.39,1.36,2.86,2.96,1.48,1.47,2.48,2.55,1.61,1.57,,,,,,,,,,,,,,,,,,,,,,,,,,,,,,,,,,,,,,,,,,,,,,,,,,,,,,,,
england,premier-league,2023-11-12,Chelsea,Manchester City,4,4,Pinnacle,3.78,3.64,2.00,4.80,4.00,1.76,,,,,,,,,,,,,3.18,4.20,1.35,1.26,2.74,3.63,1.45,1.33,2.16,2.65,1.70,1.54,1.87,2.19,1.95,1.75,1.65,1.93,2.24,1.99,1.45,1.65,2.77,2.37,1.35,1.51,3.14,2.75,,,,,,,,,,,,,,,,,1.30,1.41,3.51,3.11,1.27,1.29,3.77,3.90,,,,,,,,,,,,,,,,,,,,,,,,,,,,,,,,,,,,,,,,,,,,,,,,
england,premier-league,2023-11-12,Brighton,Sheffield Utd,1,1,Pinnacle,1.23,6.85,11.63,1.27,6.23,11.19,,,,,1.26,1.31,4.00,3.67,1.29,1.30,3.81,3.78,,,,,,,,,,,,,,,,,,,,,,,,,,,,,1.75,2.00,2.08,1.91,1.61,1.78,2.33,2.13,1.44,1.58,2.76,2.51,1.28,1.38,3.63,3.22,,,,,,,,,,,,,,,,,,,,,,,,,,,,,,,,,1.98,2.33,1.83,1.66,2.98,3.61,1.39,1.32,2.53,2.96,1.52,1.43,2.26,2.65,1.64,1.53,,,,,,,,
england,premier-league,2023-11-25,Sheffield Utd,Bournemouth,1,3,Pinnacle,2.68,3.40,2.68,3.57,3.50,2.16,,,,,3.26,4.62,1.38,1.23,2.68,3.55,1.53,1.34,2.32,3.09,1.68,1.43,1.96,2.60,1.96,1.56,1.68,2.06,2.32,1.87,1.53,1.78,2.68,2.16,1.38,1.58,3.26,2.55,1.24,1.38,4.45,3.28,1.23,1.31,4.19,3.74,,,,,,,,,,,,,,,,,,,,,,,,,,,,,,,,,,,,,,,,,,,,,,,,,,,,,,,,,,,,,,,,,,,,,,,,
england,premier-league,2023-11-25,Nottingham,Brighton,2,3,Pinnacle,3.29,3.61,2.18,3.69,3.63,2.07,,,,,4.13,4.59,1.27,1.23,3.27,3.67,1.38,1.32,2.87,3.19,1.48,1.40,2.46,2.72,1.62,1.52,1.96,2.14,1.85,1.80,1.77,1.85,2.18,2.08,1.58,1.63,2.54,2.42,1.39,1.43,3.21,3.10,1.33,1.34,3.62,3.52,,,,,,,,,,,,,,,,,1.28,1.29,3.69,3.96,,,,,,,,,,,,,,,,,,,,,,,,,,,,,,,,,,,,,,,,,,,,,,,,,,,,
england,premier-league,2023-11-25,Newcastle,Chelsea,4,1,Pinnacle,1.84,3.75,4.33,2.60,3.55,2.76,,,,,2.08,3.15,1.83,1.40,1.80,2.60,2.03,1.56,1.61,2.25,2.47,1.72,1.39,1.90,3.29,2.02,1.31,1.65,3.79,2.39,1.26,1.51,4.30,2.76,1.21,1.36,4.43,3.38,1.18,1.23,4.88,4.69,,,,,,,,,,,,,,,,,2.52,4.29,1.59,1.26,,,,,,,,,,,,,,,,,,,,,,,,,,,,,,,,,,,,,,,,,,,,,,,,,,,,,,,,
england,premier-league,2023-11-25,Manchester City,Liverpool,1,1,Pinnacle,1.58,4.56,5.18,1.70,4.42,4.61,,,,,1.72,1.88,2.26,2.04,1.58,1.70,2.54,2.28,1.42,1.52,3.06,2.72,1.27,1.33,4.15,3.59,1.24,1.27,4.03,4.08,,,,,,,,,,,,,,,,,2.89,3.30,1.46,1.37,2.46,2.74,1.62,1.50,2.19,2.45,1.76,1.61,1.88,2.15,1.93,1.78,,,,,,,,,,,,,,,,,,,,,,,,,,,,,,,,,,,,,,,,,,,,,,,,,,,,,,,,
england,premier-league,2023-11-25,Burnley,West Ham,1,2,Pinnacle,2.61,3.38,2.78,3.48,3.43,2.23,,,,,3.16,4.50,1.40,1.24,2.61,3.46,1.56,1.35,2.25,3.00,1.72,1.45,1.85,2.51,1.97,1.60,1.65,2.00,2.40,1.92,1.51,1.74,2.78,2.23,1.36,1.55,3.40,2.65,1.23,1.35,4.73,3.47,1.22,1.29,4.23,3.94,,,,,,,,,,,,,,,,,,,,,,,,,,,,,,,,,,,,,,,,,,,,,,,,,,,,,,,,,,,,,,,,,,,,,,,,
england,premier-league,2023-11-25,Brentford,Arsenal,0,1,Pinnacle,3.88,3.67,1.96,5.80,4.05,1.65,,,,,,,,,,,,,3.27,4.94,1.33,1.21,2.83,4.30,1.43,1.25,2.21,2.97,1.67,1.45,1.90,2.39,1.92,1.64,1.68,2.11,2.18,1.83,1.47,1.79,2.68,2.13,1.37,1.60,3.04,2.49,,,,,,,,,,,,,,,,,1.31,1.47,3.41,2.83,1.26,1.34,4.15,3.51,1.21,1.23,4.87,4.85,,,,,,,,,,,,,,,,,,,,,,,,,,,,,,,,,,,,,,,,,,,,
england,premier-league,2023-11-25,Luton,Crystal Palace,2,1,Pinnacle,3.35,3.27,2.30,4.12,3.42,2.03,,,,,,,,,3.33,4.09,1.37,1.28,2.88,3.53,1.48,1.34,2.40,2.97,1.65,1.45,1.89,2.23,1.93,1.74,1.69,1.89,2.30,2.04,1.51,1.65,2.76,2.38,1.32,1.42,3.68,3.11,1.27,1.33,4.18,3.58,,,,,,,,,,,,,,,,,1.26,1.28,3.92,4.06,,,,,,,,,,,,,,,,,,,,,,,,,,,,,,,,,,,,,,,,,,,,,,,,,,,,
england,premier-league,2023-11-26,Tottenham,Aston Villa,1,2,Pinnacle,1.93,3.89,3.79,2.70,3.70,2.58,,,,,2.18,3.26,1.77,1.38,1.88,2.70,1.93,1.52,1.69,2.35,2.30,1.66,1.47,2.01,2.91,1.92,1.37,1.72,3.33,2.24,1.31,1.56,3.76,2.57,1.25,1.42,4.01,3.08,1.24,1.28,4.45,4.06,,,,,,,,,,,,,,,,,2.62,4.39,1.56,1.25,,,,,,,,,,,,,,,,,,,,,,,,,,,,,,,,,,,,,,,,,,,,,,,,,,,,,,,,
england,premier-league,2023-11-26,Everton,Manchester Utd,0,3,Pinnacle,3.63,3.68,2.03,2.68,3.45,2.75,,,,,4.04,3.27,1.24,1.38,3.61,2.68,1.33,1.53,3.17,2.30,1.40,1.69,2.73,1.93,1.52,1.99,2.17,1.66,1.77,2.36,1.84,1.51,1.98,2.75,1.68,1.36,2.33,3.37,1.47,1.22,2.89,4.74,,,,,,,,,,,,,,,,,4.72,4.52,1.19,1.24,,,,,,,,,,,,,,,,,,,,,,,,,,,,,,,,,,,,,,,,,,,,,,,,,,,,,,,,
england,premier-league,2023-11-27,Fulham,Wolves,3,2,Pinnacle,2.04,3.48,3.80,2.43,3.30,3.19,,,,,2.37,2.96,1.66,1.46,1.99,2.43,1.83,1.63,1.77,2.08,2.18,1.85,1.50,1.71,2.80,2.26,1.38,1.52,3.28,2.73,1.31,1.40,3.77,3.17,1.20,1.28,4.55,4.08,,,,,,,,,,,,,,,,,3.42,4.59,1.36,1.23,3.01,4.06,1.44,1.28,,,,,,,,,,,,,,,,,,,,,,,,,,,,,,,,,,,,,,,,,,,,,,,,,,,,,,,,
england,premier-league,2023-12-02,Arsenal,Wolves,2,1,Pinnacle,1.24,6.50,13.00,1.24,6.50,13.00,,,,,,1.27,,4.06,,,,,,,,,,,,,,,,,,,,,,,,,,,,,,,,,,1.95,,1.95,,1.74,,2.20,,1.53,,2.63,,1.33,,3.54,,,,,,,,,,,,,,,,,,,,,,,,,,,,,,,,,,2.28,,1.69,,3.60,,1.32,,2.94,,1.44,,2.62,,1.54,,,,,,,,
england,premier-league,2023-12-02,Burnley,Sheffield Utd,5,0,Pinnacle,1.74,3.81,5.19,1.74,3.81,5.19,,,,,,1.97,,1.95,,1.74,,2.22,,1.52,,2.72,,1.29,,3.87,,1.24,,4.50,,,,,,,,,,,,,,,,,,3.95,,1.28,,3.12,,1.40,,2.75,,1.51,,2.36,,1.66,,,,,,,,,,,,,,,,,,,,,,,,,,,,,,,,,,,,,,,,,,,,,,,,,,,,,,,,
england,premier-league,2023-12-02,Nottingham,Everton,0,1,Pinnacle,2.88,3.16,2.76,2.88,3.16,2.76,,,,,,3.63,,1.33,,2.88,,1.48,,2.44,,1.63,,2.01,,1.92,,1.68,,2.33,,1.51,,2.76,,1.35,,3.44,,1.21,,5.04,,,,,,,,,,,,,,,,,,5.41,,1.19,,,,,,,,,,,,,,,,,,,,,,,,,,,,,,,,,,,,,,,,,,,,,,,,,,,,,,,,
england,premier-league,2023-12-02,Brentford,Luton,3,1,Pinnacle,1.54,4.43,6.38,1.54,4.43,6.38,,,,,,1.67,,2.33,,1.54,,2.66,,1.37,,3.34,,1.21,,4.98,,,,,,,,,,,,,,,,,,,,,,3.02,,1.43,,2.52,,1.59,,2.21,,1.74,,1.91,,2.02,,,,,,,,,,,,,,,,,,,,,,,,,,,,,,,,,,4.04,,1.28,,,,,,,,,,,,,,,,,,,,
england,premier-league,2023-12-02,Newcastle,Manchester Utd,1,0,Pinnacle,2.00,3.78,3.79,2.00,3.78,3.79,,,,,,2.30,,1.69,,2.01,,1.92,,1.74,,2.22,,1.49,,2.84,,1.38,,3.30,,1.31,,3.77,,,,,,,,,,,,,,,,,,3.62,,1.33,,3.23,,1.39,,2.84,,1.49,,,,,,,,,,,,,,,,,,,,,,,,,,,,,,,,,,,,,,,,,,,,,,,,,,,,,,,,
england,premier-league,2023-12-03,West Ham,Crystal Palace,1,1,Pinnacle,1.94,3.58,4.26,1.94,3.58,4.26,,,,,,2.26,,1.72,,1.95,,1.97,,1.68,,2.33,,1.42,,3.13,,1.32,,3.67,,1.26,,4.22,,,,,,,,,,,,,,,,,,3.76,,1.31,,3.31,,1.38,,2.87,,1.48,,,,,,,,,,,,,,,,,,,,,,,,,,,,,,,,,,,,,,,,,,,,,,,,,,,,,,,,
england,premier-league,2023-12-03,Manchester City,Tottenham,3,3,Pinnacle,1.23,7.60,10.75,1.23,7.60,10.75,,,,,,1.28,,3.89,,,,,,,,,,,,,,,,,,,,,,,,,,,,,,,,,,1.83,,2.08,,1.67,,2.32,,1.50,,2.73,,1.34,,3.48,,,,,,,,,,,,,,,,,,,,,,,,,,,,,,,,,,2.07,,1.82,,3.09,,1.40,,2.62,,1.53,,2.35,,1.65,,3.94,,1.28,,,,
england,premier-league,2023-12-03,Liverpool,Fulham,4,3,Pinnacle,1.23,7.04,11.81,1.23,7.04,11.81,,,,,,1.27,,4.07,,,,,,,,,,,,,,,,,,,,,,,,,,,,,,,,,,1.87,,2.04,,1.68,,2.28,,1.51,,2.72,,1.32,,3.60,,,,,,,,,,,,,,,,,,,,,,,,,,,,,,,,,,2.14,,1.78,,3.27,,1.37,,2.73,,1.49,,2.44,,1.61,,,,,,,,
england,premier-league,2023-12-03,Chelsea,Brighton,3,2,Pinnacle,1.60,4.45,5.50,1.60,4.45,5.50,,,,,,1.75,,2.20,,1.60,,2.49,,1.42,,3.05,,1.25,,4.30,,1.24,,4.48,,,,,,,,,,,,,,,,,,3.12,,1.41,,2.60,,1.56,,2.30,,1.69,,2.00,,1.92,,,,,,,,,,,,,,,,,,,,,,,,,,,,,,,,,,4.17,,1.26,,,,,,,,,,,,,,,,,,,,
england,premier-league,2023-12-03,Bournemouth,Aston Villa,2,2,Pinnacle,3.12,3.98,2.19,3.12,3.98,2.19,,,,,,3.85,,1.30,,3.11,,1.41,,2.75,,1.51,,2.37,,1.66,,1.99,,1.93,,1.76,,2.19,,1.58,,2.54,,1.40,,3.17,,1.34,,3.55,,,,,,,,,,,,,,,,,,,,,,,,,,,,,,,,,,,,,,,,,,,,,,,,,,,,,,,,,,,,,,,,,,,,,,,,
england,premier-league,2023-12-05,Wolves,Burnley,1,0,Pinnacle,1.95,3.65,4.13,1.95,3.65,4.13,,,,,,2.25,,1.72,,1.96,,1.96,,1.69,,2.31,,1.43,,3.06,,1.33,,3.57,,1.27,,4.10,,,,,,,,,,,,,,,,,,3.61,,1.33,,3.20,,1.40,,2.80,,1.50,,,,,,,,,,,,,,,,,,,,,,,,,,,,,,,,,,,,,,,,,,,,,,,,,,,,,,,,
england,premier-league,2023-12-05,Luton,Arsenal,3,4,Pinnacle,15.50,7.25,1.20,15.50,7.25,1.20,,,,,,,,,,,,,,,,,,,,,,,,,,,,,,4.56,,1.22,,4.01,,1.26,,2.89,,1.45,,,,,,,,,,,,,,,,,,2.38,,1.64,,2.11,,1.82,,1.81,,2.09,,1.61,,2.42,,1.48,,2.73,,1.35,,3.31,,1.23,,4.44,,,,,,,,,,,,,,,,,,,,,,,,,,,,
england,premier-league,2023-12-06,Sheffield Utd,Liverpool,0,2,Pinnacle,14.00,8.50,1.18,14.00,8.50,1.18,,,,,,,,,,,,,,,,,,,,,,,,,,,,,,,,,,4.34,,1.24,,3.24,,1.37,,,,,,,,,,,,,,,,,,2.66,,1.51,,2.39,,1.63,,2.09,,1.81,,1.83,,2.09,,1.67,,2.31,,1.52,,2.69,,1.36,,3.34,,1.31,,3.70,,,,,,,,,,,,,,,,,,,,,,,,
england,premier-league,2023-12-06,Manchester Utd,Chelsea,2,1,Pinnacle,2.86,3.61,2.49,2.86,3.61,2.49,,,,,,3.52,,1.34,,2.86,,1.48,,2.48,,1.61,,2.11,,1.83,,1.78,,2.16,,1.61,,2.49,,1.44,,2.97,,1.29,,3.93,,,,,,,,,,,,,,,,,,4.93,,1.21,,,,,,,,,,,,,,,,,,,,,,,,,,,,,,,,,,,,,,,,,,,,,,,,,,,,,,,,
england,premier-league,2023-12-06,Fulham,Nottingham,5,0,Pinnacle,2.06,3.46,3.94,2.06,3.46,3.94,,,,,,2.42,,1.64,,2.07,,1.86,,1.77,,2.18,,1.48,,2.84,,1.36,,3.38,,1.29,,3.91,,,,,,,,,,,,,,,,,,4.05,,1.28,,3.59,,1.33,,3.12,,1.41,,,,,,,,,,,,,,,,,,,,,,,,,,,,,,,,,,,,,,,,,,,,,,,,,,,,,,,,
england,premier-league,2023-12-06,Crystal Palace,Bournemouth,0,2,Pinnacle,2.36,3.43,3.20,2.36,3.43,3.20,,,,,,2.84,,1.49,,2.36,,1.67,,2.04,,1.89,,1.69,,2.30,,1.51,,2.75,,1.40,,3.18,,1.27,,4.08,,,,,,,,,,,,,,,,,,4.32,,1.26,,3.82,,1.30,,,,,,,,,,,,,,,,,,,,,,,,,,,,,,,,,,,,,,,,,,,,,,,,,,,,,,,,
england,premier-league,2023-12-06,Brighton,Brentford,2,1,Pinnacle,1.76,4.10,4.57,1.76,4.10,4.57,,,,,,1.98,,1.94,,1.76,,2.18,,1.55,,2.61,,1.34,,3.49,,1.28,,4.01,,,,,,,,,,,,,,,,,,3.69,,1.32,,2.99,,1.43,,2.66,,1.53,,2.32,,1.68,,,,,,,,,,,,,,,,,,,,,,,,,,,,,,,,,,,,,,,,,,,,,,,,,,,,,,,,
england,premier-league,2023-12-06,Aston Villa,Manchester City,1,0,Pinnacle,5.12,4.33,1.64,5.12,4.33,1.64,,,,,,,,,,,,,,4.52,,1.24,,4.09,,1.28,,2.93,,1.45,,2.41,,1.65,,2.11,,1.83,,1.85,,2.10,,1.64,,2.42,,,,,,,,,,,,,,,,,,1.50,,2.73,,1.37,,3.32,,1.24,,4.42,,,,,,,,,,,,,,,,,,,,,,,,,,,,,,,,,,,,,,,,,,,,
england,premier-league,2023-12-07,Everton,Newcastle,3,0,Pinnacle,3.28,3.45,2.31,3.28,3.45,2.31,,,,,,4.19,,1.27,,3.26,,1.38,,2.77,,1.49,,2.37,,1.66,,1.93,,2.00,,1.69,,2.31,,1.51,,2.76,,1.33,,3.64,,1.27,,4.12,,,,,,,,,,,,,,,,,,,,,,,,,,,,,,,,,,,,,,,,,,,,,,,,,,,,,,,,,,,,,,,,,,,,,,,,
england,premier-league,2023-12-07,Tottenham,West Ham,1,2,Pinnacle,1.67,4.40,4.90,1.67,4.40,4.90,,,,,,1.85,,2.09,,1.66,,2.35,,1.48,,2.84,,1.30,,3.85,,1.25,,4.37,,,,,,,,,,,,,,,,,,3.30,,1.37,,2.73,,1.51,,2.43,,1.63,,2.11,,1.81,,,,,,,,,,,,,,,,,,,,,,,,,,,,,,,,,,,,,,,,,,,,,,,,,,,,,,,,
england,premier-league,2023-12-09,Aston Villa,Arsenal,1,0,Pinnacle,3.65,3.87,2.02,3.65,3.87,2.02,,,,,,,,,,3.63,,1.33,,3.18,,1.40,,2.75,,1.51,,2.19,,1.76,,1.90,,2.03,,1.68,,2.33,,1.47,,2.92,,1.37,,3.31,,,,,,,,,,,,,,,,,,1.32,,3.72,,,,,,,,,,,,,,,,,,,,,,,,,,,,,,,,,,,,,,,,,,,,,,,,,,,,
england,premier-league,2023-12-09,Brighton,Burnley,1,1,Pinnacle,1.54,4.53,6.19,1.54,4.53,6.19,,,,,,1.68,,2.33,,1.54,,2.66,,1.37,,3.31,,1.21,,4.86,,,,,,,,,,,,,,,,,,,,,,3.05,,1.42,,2.54,,1.58,,2.23,,1.73,,1.92,,2.01,,,,,,,,,,,,,,,,,,,,,,,,,,,,,,,,,,4.06,,1.27,,,,,,,,,,,,,,,,,,,,
england,premier-league,2023-12-09,Crystal Palace,Liverpool,1,2,Pinnacle,6.65,4.70,1.50,6.65,4.70,1.50,,,,,,,,,,,,,,,,,,5.21,,1.19,,3.50,,1.34,,2.78,,1.50,,2.43,,1.63,,2.10,,1.84,,1.79,,2.14,,,,,,,,,,,,,,,,,,1.62,,2.45,,1.45,,2.92,,1.30,,3.86,,,,,,,,,,,,,,,,,,,,,,,,,,,,,,,,,,,,,,,,,,,,
england,premier-league,2023-12-09,Manchester Utd,Bournemouth,0,3,Pinnacle,1.67,4.48,4.78,1.67,4.48,4.78,,,,,,1.85,,2.09,,1.67,,2.34,,1.49,,2.81,,1.31,,3.75,,1.26,,4.24,,,,,,,,,,,,,,,,,,3.27,,1.38,,2.72,,1.51,,2.42,,1.63,,2.11,,1.81,,,,,,,,,,,,,,,,,,,,,,,,,,,,,,,,,,4.25,,1.26,,,,,,,,,,,,,,,,,,,,
england,premier-league,2023-12-09,Sheffield Utd,Brentford,1,0,Pinnacle,4.71,3.91,1.78,4.71,3.91,1.78,,,,,,,,,,,,,,4.10,,1.27,,3.54,,1.34,,2.60,,1.56,,2.16,,1.78,,1.91,,2.02,,1.63,,2.41,,1.50,,2.80,,,,,,,,,,,,,,,,,,1.40,,3.16,,1.28,,3.97,,,,,,,,,,,,,,,,,,,,,,,,,,,,,,,,,,,,,,,,,,,,,,,,
england,premier-league,2023-12-09,Wolves,Nottingham,1,1,Pinnacle,1.99,3.34,4.42,1.99,3.34,4.42,,,,,,2.33,,1.67,,2.00,,1.93,,1.69,,2.29,,1.41,,3.16,,1.31,,3.76,,1.25,,4.37,,,,,,,,,,,,,,,,,,4.02,,1.28,,3.53,,1.34,,3.05,,1.43,,,,,,,,,,,,,,,,,,,,,,,,,,,,,,,,,,,,,,,,,,,,,,,,,,,,,,,,
