Country,League,Year,Date,Home,Away,FTHG,FTAG,bookmaker,HO_Open,DO_Open,AO_Open,HO_Close,DO_Close,AO_Close,-4_AH_H_Open,-4_AH_H_Close,+4_AH_A_Open,+4_AH_A_Close,-3.75_AH_H_Open,-3.75_AH_H_Close,+3.75_AH_A_Open,+3.75_AH_A_Close,-3.5_AH_H_Open,-3.5_AH_H_Close,+3.5_AH_A_Open,+3.5_AH_A_Close,-3.25_AH_H_Open,-3.25_AH_H_Close,+3.25_AH_A_Open,+3.25_AH_A_Close,-3_AH_H_Open,-3_AH_H_Close,+3_AH_A_Open,+3_AH_A_Close,-2.75_AH_H_Open,-2.75_AH_H_Close,+2.75_AH_A_Open,+2.75_AH_A_Close,-2.5_AH_H_Open,-2.5_AH_H_Close,+2.5_AH_A_Open,+2.5_AH_A_Close,-2.25_AH_H_Open,-2.25_AH_H_Close,+2.25_AH_A_Open,+2.25_AH_A_Close,-2_AH_H_Open,-2_AH_H_Close,+2_AH_A_Open,+2_AH_A_Close,-1.75_AH_H_Open,-1.75_AH_H_Close,+1.75_AH_A_Open,+1.75_AH_A_Close,-1.5_AH_H_Open,-1.5_AH_H_Close,+1.5_AH_A_Open,+1.5_AH_A_Close,-1.25_AH_H_Open,-1.25_AH_H_Close,+1.25_AH_A_Open,+1.25_AH_A_Close,-1_AH_H_Open,-1_AH_H_Close,+1_AH_A_Open,+1_AH_A_Close,-0.75_AH_H_Open,-0.75_AH_H_Close,+0.75_AH_A_Open,+0.75_AH_A_Close,-0.5_AH_H_Open,-0.5_AH_H_Close,+0.5_AH_A_Open,+0.5_AH_A_Close,-0.25_AH_H_Open,-0.25_AH_H_Close,+0.25_AH_A_Open,+0.25_AH_A_Close,+0_AH_H_Open,+0_AH_H_Close,-0_AH_A_Open,-0_AH_A_Close,+0.25_AH_H_Open,+0.25_AH_H_Close,-0.25_AH_A_Open,-0.25_AH_A_Close,+0.5_AH_H_Open,+0.5_AH_H_Close,-0.5_AH_A_Open,-0.5_AH_A_Close,+0.75_AH_H_Open,+0.75_AH_H_Close,-0.75_AH_A_Open,-0.75_AH_A_Close,+1_AH_H_Open,+1_AH_H_Close,-1_AH_A_Open,-1_AH_A_Close,+1.25_AH_H_Open,+1.25_AH_H_Close,-1.25_AH_A_Open,-1.25_AH_A_Close,+1.5_AH_H_Open,+1.5_AH_H_Close,-1.5_AH_A_Open,-1.5_AH_A_Close,+1.75_AH_H_Open,+1.75_AH_H_Close,-1.75_AH_A_Open,-1.75_AH_A_Close,+2_AH_H_Open,+2_AH_H_Close,-2_AH_A_Open,-2_AH_A_Close,+2.25_AH_H_Open,+2.25_AH_H_Close,-2.25_AH_A_Open,-2.25_AH_A_Close,+2.5_AH_H_Open,+2.5_AH_H_Close,-2.5_AH_A_Open,-2.5_AH_A_Close,+2.75_AH_H_Open,+2.75_AH_H_Close,-2.75_AH_A_Open,-2.75_AH_A_Close,+3_AH_H_Open,+3_AH_H_Close,-3_AH_A_Open,-3_AH_A_Close
estonia,meistriliiga,2023,2023-03-03,Flora,Harju JK Laagri,4,0,Pinnacle,1.07,12.44,26.77,1.03,19.35,50.25,2.49,2.40,1.51,1.56,2.43,2.10,1.52,1.75,2.49,1.91,1.49,1.94,2.27,1.71,1.61,2.16,2.04,1.52,1.78,2.52,,,,,,,,,,,,,,,,,,,,,,,,,,,,,,,,,,,,,,,,,,,,,,,,,,,,,,,,,,,,,,,,,,,,,,,,,,,,,,,,,,,,,,,,,,,,,,,,
estonia,meistriliiga,2023,2023-03-04,Tallinna Kalev,Kalju,0,0,Pinnacle,6.23,4.80,1.36,9.80,5.16,1.29,,,,,,,,,,,,,,,,,,,,,,,,,,,,,,,,,,,,,,,,,,,,,,,,,,,,,,,,,,,,,,,,,,,,,,,,,,,,,2.46,2.74,1.53,1.45,2.32,2.77,1.52,1.42,1.99,2.25,1.74,1.64,1.81,1.96,1.97,1.85,1.61,1.74,2.19,2.08,1.43,1.52,2.58,2.46,,,,,,,,,,,,,,,,
estonia,meistriliiga,2023,2023-03-05,Levadia,Parnu JK Vaprus,0,0,Pinnacle,1.09,9.31,17.49,1.09,9.97,35.29,,,,,,,,,,,,,,,,,2.23,2.56,1.57,1.50,1.95,2.31,1.77,1.61,1.79,2.05,1.99,1.79,1.60,1.83,2.21,2.03,1.41,1.58,2.64,2.41,1.47,1.45,2.64,2.73,,,,,,,,,,,,,,,,,,,,,,,,,,,,,,,,,,,,,,,,,,,,,,,,,,,,,,,,,,,,,,,,,,,,,,,,,,,,
estonia,meistriliiga,2023,2023-03-05,Paide,Narva,2,1,Pinnacle,1.55,4.02,4.81,1.91,3.47,4.08,,,,,,,,,,,,,,,,,,,,,,,,,,,,,,,,,,,,,,,,,,,,,,,,,1.93,2.65,1.85,1.47,1.67,2.17,2.08,1.71,1.53,1.91,2.31,1.94,1.44,1.65,2.71,2.27,1.47,1.39,2.63,2.96,,,,,,,,,,,,,,,,,,,,,,,,,,,,,,,,,,,,,,,,,,,,,,,,
estonia,meistriliiga,2023,2023-03-07,Kuressaare,Harju JK Laagri,1,1,Pinnacle,1.42,4.48,6.14,1.41,4.86,7.16,,,,,,,,,,,,,,,,,,,,,,,,,,,,,,,,,,,,,2.54,2.48,1.46,1.53,2.21,2.17,1.63,1.71,1.96,1.92,1.82,1.93,1.67,1.64,2.12,2.29,1.50,1.48,2.43,2.62,,,,,,,,,,,,,,,,,,,,,,,,,,,,,,,,,,,,,,,,,,,,,,,,,,,,,,,,,,,,
estonia,meistriliiga,2023,2023-03-14,Flora,Narva,5,0,Pinnacle,1.24,6.17,10.81,1.16,8.01,16.63,,,,,,,,,,,,,,,,,,,,,2.64,2.60,1.48,1.49,2.56,2.26,1.49,1.65,2.48,2.03,1.52,1.83,2.21,1.76,1.67,2.09,1.91,1.57,1.93,2.37,1.71,1.50,2.14,2.58,,,,,,,,,,,,,,,,,,,,,,,,,,,,,,,,,,,,,,,,,,,,,,,,,,,,,,,,,,,,,,,,,,,,,,,,
estonia,meistriliiga,2023,2023-03-15,Levadia,Tammeka,3,0,Pinnacle,1.37,4.49,6.69,1.44,4.91,6.27,,,,,,,,,,,,,,,,,,,,,,,,,,,,,,,,,,,,,2.55,2.63,1.46,1.48,2.21,2.27,1.62,1.65,1.94,2.01,1.83,1.85,1.63,1.71,2.19,2.16,1.46,1.53,2.54,2.49,,,,,,,,,,,,,,,,,,,,,,,,,,,,,,,,,,,,,,,,,,,,,,,,,,,,,,,,,,,,
estonia,meistriliiga,2023,2023-03-15,Harju JK Laagri,Tallinna Kalev,0,2,Pinnacle,2.42,3.85,2.55,2.40,3.64,2.73,,,,,,,,,,,,,,,,,,,,,,,,,,,,,,,,,,,,,,,,,,,,,,,,,,,,,,,,,2.37,2.35,1.56,1.58,2.13,2.09,1.72,1.76,1.87,1.81,1.97,2.06,1.65,1.60,2.24,2.37,1.52,1.47,2.50,2.66,,,,,,,,,,,,,,,,,,,,,,,,,,,,,,,,,,,,,,,,
estonia,meistriliiga,2023,2023-03-15,Paide,Kuressaare,0,1,Pinnacle,1.28,5.35,7.68,2.00,3.81,3.39,,,,,,,,,,,,,,,,,,,,,,,,,,,,,,,,,,,,,,,,,,,,,,,,,1.39,2.82,2.71,1.42,1.45,2.29,2.70,1.64,1.52,2.00,2.48,1.86,1.44,1.75,2.73,2.10,1.54,1.51,2.46,2.55,,,,,,,,,,,,,,,,,,,,,,,,,,,,,,,,,,,,,,,,,,,,,,,,
estonia,meistriliiga,2023,2023-03-16,Parnu JK Vaprus,Kalju,1,1,Pinnacle,8.44,5.48,1.25,7.66,4.69,1.40,,,,,,,,,,,,,,,,,,,,,,,,,,,,,,,,,,,,,,,,,,,,,,,,,,,,,,,,,,,,,,,,,,,,,,,,,,,,,2.90,2.61,1.40,1.49,2.89,2.25,1.40,1.66,2.28,1.88,1.54,1.97,1.99,1.66,1.74,2.25,1.81,1.49,1.97,2.60,,,,,,,,,,,,,,,,,,,,
estonia,meistriliiga,2023,2023-03-18,Tallinna Kalev,Flora,0,2,Pinnacle,16.23,9.22,1.10,16.75,9.28,1.13,,,,,,,,,,,,,,,,,,,,,,,,,,,,,,,,,,,,,,,,,,,,,,,,,,,,,,,,,,,,,,,,,,,,,,,,,,,,,,,,,,,,,,,,,,,,,2.62,2.40,1.44,1.56,2.34,2.13,1.56,1.73,2.00,1.86,1.79,1.99,1.77,1.68,1.98,2.21,1.59,1.51,2.22,2.54,,,,
estonia,meistriliiga,2023,2023-03-18,Narva,Levadia,0,2,Pinnacle,4.95,3.78,1.57,5.16,4.46,1.56,,,,,,,,,,,,,,,,,,,,,,,,,,,,,,,,,,,,,,,,,,,,,,,,,,,,,,,,,,,,,,,,,,,,,,,,,2.26,2.45,1.55,1.54,2.02,2.18,1.71,1.70,1.79,1.89,2.00,1.96,1.58,1.66,2.25,2.25,1.45,1.51,2.51,2.53,,,,,,,,,,,,,,,,,,,,,,,,
estonia,meistriliiga,2023,2023-03-19,Harju JK Laagri,Kalju,1,2,Pinnacle,18.33,9.49,1.13,13.36,6.02,1.23,,,,,,,,,,,,,,,,,,,,,,,,,,,,,,,,,,,,,,,,,,,,,,,,,,,,,,,,,,,,,,,,,,,,,,,,,,,,,,,,,,,,,2.69,2.58,1.46,1.50,2.53,2.20,1.51,1.69,2.51,1.98,1.52,1.87,2.22,1.74,1.68,2.12,1.92,1.57,1.93,2.38,1.71,1.51,2.16,2.54,,,,,,,,
estonia,meistriliiga,2023,2023-03-19,Tammeka,Paide,0,0,Pinnacle,4.61,3.90,1.58,4.62,3.82,1.72,,,,,,,,,,,,,,,,,,,,,,,,,,,,,,,,,,,,,,,,,,,,,,,,,,,,,,,,,,,,,,,,,,,,,2.74,2.56,1.44,1.50,2.27,2.16,1.57,1.71,2.04,1.93,1.73,1.93,1.79,1.66,1.98,2.24,1.60,1.51,2.25,2.54,,,,,,,,,,,,,,,,,,,,,,,,,,,,
estonia,meistriliiga,2023,2023-03-19,Kuressaare,Parnu JK Vaprus,1,2,Pinnacle,1.43,4.34,5.84,1.42,4.39,7.98,,,,,,,,,,,,,,,,,,,,,,,,,,,,,,,,,,,,,2.63,2.58,1.41,1.50,2.27,2.22,1.57,1.68,2.03,1.96,1.76,1.89,1.71,1.67,2.02,2.23,1.52,1.50,2.33,2.56,,,,,,,,,,,,,,,,,,,,,,,,,,,,,,,,,,,,,,,,,,,,,,,,,,,,,,,,,,,,
estonia,meistriliiga,2023,2023-04-01,Kalju,Narva,2,0,Pinnacle,1.44,4.23,6.14,1.59,4.13,5.34,,,,,,,,,,,,,,,,,,,,,,,,,,,,,,,,,,,,,,,,,2.38,2.76,1.52,1.44,2.09,2.43,1.69,1.57,1.79,2.09,2.00,1.79,1.56,1.75,2.34,2.09,1.43,1.57,2.65,2.38,1.42,1.41,2.81,2.86,,,,,,,,,,,,,,,,,,,,,,,,,,,,,,,,,,,,,,,,,,,,,,,,,,,,
estonia,meistriliiga,2023,2023-04-01,Flora,Tammeka,1,1,Pinnacle,1.11,7.76,17.64,1.13,6.69,26.00,,,,,,,,,,,,,,,,,,,,,2.45,2.45,1.47,1.50,2.15,2.15,1.63,1.67,1.97,1.95,1.81,1.84,1.71,1.71,2.02,2.08,1.55,1.56,2.26,2.31,,,,,,,,,,,,,,,,,,,,,,,,,,,,,,,,,,,,,,,,,,,,,,,,,,,,,,,,,,,,,,,,,,,,,,,,,,,,
estonia,meistriliiga,2023,2023-04-01,Paide,Harju JK Laagri,1,0,Pinnacle,1.14,8.11,19.69,1.18,7.17,15.84,,,,,,,,,,,,,,,,,,,,,2.61,2.59,1.49,1.49,2.28,2.44,1.62,1.55,2.06,2.20,1.78,1.68,1.83,1.96,2.04,1.89,1.64,1.73,2.29,2.13,1.51,1.51,2.54,2.55,1.45,1.45,2.71,2.71,,,,,,,,,,,,,,,,,,,,,,,,,,,,,,,,,,,,,,,,,,,,,,,,,,,,,,,,,,,,,,,,,,,,
estonia,meistriliiga,2023,2023-04-02,Parnu JK Vaprus,Tallinna Kalev,0,2,Pinnacle,2.45,3.25,2.59,2.21,3.37,3.24,,,,,,,,,,,,,,,,,,,,,,,,,,,,,,,,,,,,,,,,,,,,,,,,,,,,,2.58,2.55,1.48,1.51,2.40,2.19,1.49,1.69,2.12,1.92,1.65,1.93,1.83,1.60,1.94,2.36,1.58,1.44,2.24,2.75,,,,,,,,,,,,,,,,,,,,,,,,,,,,,,,,,,,,,,,,,,,,
estonia,meistriliiga,2023,2023-04-02,Levadia,Kuressaare,4,1,Pinnacle,1.40,4.51,6.45,1.47,4.69,6.07,,,,,,,,,,,,,,,,,,,,,,,,,,,,,,,,,,,,,2.43,2.70,1.50,1.46,2.11,2.32,1.68,1.63,1.88,2.06,1.88,1.81,1.63,1.76,2.21,2.09,1.47,1.56,2.50,2.40,,,,,,,,,,,,,,,,,,,,,,,,,,,,,,,,,,,,,,,,,,,,,,,,,,,,,,,,,,,,
estonia,meistriliiga,2023,2023-04-08,Harju JK Laagri,Narva,1,2,Pinnacle,3.02,3.77,2.02,3.16,3.56,2.17,,,,,,,,,,,,,,,,,,,,,,,,,,,,,,,,,,,,,,,,,,,,,,,,,,,,,,,,,,,,,2.63,2.70,1.43,1.46,2.34,2.34,1.56,1.61,1.98,1.95,1.79,1.90,1.75,1.71,2.00,2.15,1.56,1.53,2.28,2.49,1.42,1.43,2.79,2.81,,,,,,,,,,,,,,,,,,,,,,,,,,,,,,,,
estonia,meistriliiga,2023,2023-04-08,Parnu JK Vaprus,Tammeka,1,0,Pinnacle,3.88,3.60,1.79,3.40,3.43,2.12,,,,,,,,,,,,,,,,,,,,,,,,,,,,,,,,,,,,,,,,,,,,,,,,,,,,,,,,,,,,,2.83,2.89,1.41,1.41,2.94,2.49,1.35,1.55,2.30,2.02,1.57,1.84,1.98,1.75,1.79,2.10,1.75,1.55,2.01,2.44,1.52,1.40,2.39,2.93,,,,,,,,,,,,,,,,,,,,,,,,,,,,,,,,
estonia,meistriliiga,2023,2023-04-08,Kuressaare,Flora,1,4,Pinnacle,6.93,5.00,1.34,8.05,5.28,1.35,,,,,,,,,,,,,,,,,,,,,,,,,,,,,,,,,,,,,,,,,,,,,,,,,,,,,,,,,,,,,,,,,,,,,,,,,,,,,,,,,2.45,2.58,1.49,1.50,2.05,2.14,1.72,1.72,1.83,1.90,1.94,1.95,1.63,1.69,2.19,2.19,1.44,1.48,2.61,2.62,,,,,,,,,,,,,,,,
estonia,meistriliiga,2023,2023-04-09,Kalju,Paide,1,1,Pinnacle,2.44,3.09,2.72,2.79,3.24,2.57,,,,,,,,,,,,,,,,,,,,,,,,,,,,,,,,,,,,,,,,,,,,,,,,,,,,,,,,,2.39,2.72,1.50,1.45,2.09,2.37,1.67,1.60,1.79,2.01,2.00,1.85,1.54,1.69,2.33,2.19,1.41,1.52,2.65,2.51,,,,,,,,,,,,,,,,,,,,,,,,,,,,,,,,,,,,,,,,
estonia,meistriliiga,2023,2023-04-09,Tallinna Kalev,Levadia,0,2,Pinnacle,10.42,6.40,1.18,6.56,5.03,1.42,,,,,,,,,,,,,,,,,,,,,,,,,,,,,,,,,,,,,,,,,,,,,,,,,,,,,,,,,,,,,,,,,,,,,,,,,,,,,2.76,2.61,1.43,1.49,2.40,2.31,1.57,1.63,2.49,1.98,1.52,1.88,2.22,1.75,1.57,2.10,2.01,1.57,1.72,2.38,,,,,,,,,,,,,,,,,,,,
estonia,meistriliiga,2023,2023-04-15,Paide,Tallinna Kalev,0,1,Pinnacle,1.19,6.33,11.39,1.46,4.67,6.32,,,,,,,,,,,,,,,,,,,,,,,,,,,,,,,,,,,,,1.75,2.70,2.01,1.46,1.60,2.32,2.21,1.62,1.44,2.06,2.59,1.81,1.40,1.75,2.75,2.10,1.41,1.55,2.85,2.42,1.44,1.48,2.72,2.64,,,,,,,,,,,,,,,,,,,,,,,,,,,,,,,,,,,,,,,,,,,,,,,,,,,,,,,,
estonia,meistriliiga,2023,2023-04-15,Levadia,Harju JK Laagri,6,1,Pinnacle,1.17,6.82,10.61,1.13,8.87,18.81,,,,,,,,,,,,,,,,,2.58,2.63,1.49,1.45,2.42,2.45,1.54,1.54,2.31,2.16,1.53,1.71,2.10,1.93,1.67,1.92,1.88,1.68,1.89,2.21,1.65,1.53,2.11,2.49,,,,,,,,,,,,,,,,,,,,,,,,,,,,,,,,,,,,,,,,,,,,,,,,,,,,,,,,,,,,,,,,,,,,,,,,,,,,
estonia,meistriliiga,2023,2023-04-16,Tammeka,Kalju,0,2,Pinnacle,3.79,3.41,1.83,5.23,3.55,1.71,,,,,,,,,,,,,,,,,,,,,,,,,,,,,,,,,,,,,,,,,,,,,,,,,,,,,,,,,,,,,,,,,,,,,2.21,2.65,1.60,1.47,1.93,2.18,1.85,1.70,1.68,1.92,2.07,1.93,1.46,1.61,2.50,2.33,1.42,1.46,2.66,2.70,,,,,,,,,,,,,,,,,,,,,,,,,,,,
estonia,meistriliiga,2023,2023-04-16,Narva,Kuressaare,0,1,Pinnacle,2.65,3.47,2.35,2.54,3.50,2.64,,,,,,,,,,,,,,,,,,,,,,,,,,,,,,,,,,,,,,,,,,,,,,,,,,,,,,,,,2.59,2.49,1.44,1.53,2.31,2.20,1.57,1.69,2.01,1.89,1.78,1.96,1.72,1.64,2.05,2.28,1.55,1.50,2.30,2.58,,,,,,,,,,,,,,,,,,,,,,,,,,,,,,,,,,,,,,,,
estonia,meistriliiga,2023,2023-04-16,Flora,Parnu JK Vaprus,4,0,Pinnacle,1.07,10.74,23.87,1.12,8.14,21.63,,,,,,,,,,,,,,,,,,,,,1.80,2.56,1.98,1.48,1.64,2.29,2.17,1.59,1.48,2.05,2.48,1.76,1.51,1.79,2.52,2.04,1.78,1.60,1.95,2.33,1.61,1.47,2.17,2.60,,,,,,,,,,,,,,,,,,,,,,,,,,,,,,,,,,,,,,,,,,,,,,,,,,,,,,,,,,,,,,,,,,,,,,,,
estonia,meistriliiga,2023,2023-04-18,Paide,Levadia,1,1,Pinnacle,2.45,3.10,2.77,3.93,3.39,1.97,,,,,,,,,,,,,,,,,,,,,,,,,,,,,,,,,,,,,,,,,,,,,,,,,,,,,,,,,,,,,,,,,1.78,2.83,2.01,1.42,1.55,2.19,2.37,1.69,1.41,1.88,2.70,1.97,1.86,1.66,1.91,2.25,1.62,1.43,2.21,2.78,,,,,,,,,,,,,,,,,,,,,,,,,,,,,,,,
estonia,meistriliiga,2023,2023-04-19,Tammeka,Tallinna Kalev,1,2,Pinnacle,1.69,3.84,4.18,2.49,3.32,2.82,,,,,,,,,,,,,,,,,,,,,,,,,,,,,,,,,,,,,,,,,,,,,,,,,,,,,,,,,1.68,2.44,2.12,1.55,1.48,2.13,2.47,1.73,1.43,1.81,2.76,2.06,1.61,1.58,2.27,2.41,1.48,1.44,2.55,2.75,,,,,,,,,,,,,,,,,,,,,,,,,,,,,,,,,,,,,,,,
estonia,meistriliiga,2023,2023-04-19,Parnu JK Vaprus,Narva,1,0,Pinnacle,3.62,3.64,1.85,2.94,3.57,2.29,,,,,,,,,,,,,,,,,,,,,,,,,,,,,,,,,,,,,,,,,,,,,,,,,,,,,,,,,,,,,2.70,2.51,1.41,1.52,2.75,2.18,1.40,1.70,2.21,1.85,1.62,2.00,1.93,1.65,1.85,2.27,1.71,1.47,2.07,2.66,,,,,,,,,,,,,,,,,,,,,,,,,,,,,,,,,,,,
estonia,meistriliiga,2023,2023-04-19,Kalju,Flora,2,2,Pinnacle,4.61,3.72,1.65,3.93,3.29,2.00,,,,,,,,,,,,,,,,,,,,,,,,,,,,,,,,,,,,,,,,,,,,,,,,,,,,,,,,,,,,,,,,,3.25,2.80,1.33,1.43,2.60,2.16,1.44,1.71,2.18,1.85,1.64,2.00,1.94,1.63,1.83,2.31,1.68,1.40,2.11,2.90,,,,,,,,,,,,,,,,,,,,,,,,,,,,,,,,
estonia,meistriliiga,2023,2023-04-22,Narva,Tallinna Kalev,2,1,Pinnacle,1.73,3.62,4.03,2.57,3.52,2.61,,,,,,,,,,,,,,,,,,,,,,,,,,,,,,,,,,,,,,,,,,,,,,,,,,,,,,,,,1.72,2.51,2.02,1.52,1.51,2.22,2.36,1.68,1.43,1.91,2.63,1.94,1.40,1.66,2.74,2.25,1.41,1.51,2.68,2.55,,,,,,,,,,,,,,,,,,,,,,,,,,,,,,,,,,,,,,,,
estonia,meistriliiga,2023,2023-04-23,Kuressaare,Kalju,2,0,Pinnacle,4.50,3.66,1.68,4.99,3.70,1.70,,,,,,,,,,,,,,,,,,,,,,,,,,,,,,,,,,,,,,,,,,,,,,,,,,,,,,,,,,,,,,,,,,,,,2.53,2.64,1.46,1.48,2.14,2.19,1.66,1.69,1.90,1.94,1.87,1.91,1.64,1.66,2.18,2.25,1.48,1.50,2.48,2.58,,,,,,,,,,,,,,,,,,,,,,,,,,,,
estonia,meistriliiga,2023,2023-04-23,Harju JK Laagri,Tammeka,2,3,Pinnacle,3.19,3.30,2.10,4.88,4.33,1.61,,,,,,,,,,,,,,,,,,,,,,,,,,,,,,,,,,,,,,,,,,,,,,,,,,,,,,,,,,,,,,,,,,,,,1.94,2.66,1.83,1.47,1.69,2.35,2.08,1.59,1.51,2.10,2.40,1.75,1.38,1.84,2.84,2.02,1.45,1.63,2.62,2.30,1.48,1.50,2.64,2.56,,,,,,,,,,,,,,,,,,,,,,,,
estonia,meistriliiga,2023,2023-04-23,Flora,Levadia,0,2,Pinnacle,2.15,3.38,3.00,2.17,3.44,3.23,,,,,,,,,,,,,,,,,,,,,,,,,,,,,,,,,,,,,,,,,,,,,,,,,,,,,2.47,2.53,1.42,1.51,2.12,2.15,1.63,1.72,1.86,1.87,1.86,1.94,1.56,1.60,2.22,2.38,1.41,1.44,2.49,2.75,,,,,,,,,,,,,,,,,,,,,,,,,,,,,,,,,,,,,,,,,,,,
estonia,meistriliiga,2023,2023-04-23,Parnu JK Vaprus,Paide,2,2,Pinnacle,6.36,4.61,1.37,6.28,4.02,1.54,,,,,,,,,,,,,,,,,,,,,,,,,,,,,,,,,,,,,,,,,,,,,,,,,,,,,,,,,,,,,,,,,,,,,,,,,2.59,2.51,1.48,1.52,2.59,2.24,1.44,1.66,2.31,1.95,1.57,1.90,1.97,1.70,1.81,2.18,1.75,1.55,2.00,2.44,1.57,1.45,2.27,2.71,,,,,,,,,,,,,,,,,,,,
estonia,meistriliiga,2023,2023-04-28,Tammeka,Narva,1,1,Pinnacle,2.29,3.16,2.89,2.69,3.27,2.63,,,,,,,,,,,,,,,,,,,,,,,,,,,,,,,,,,,,,,,,,,,,,,,,,,,,,,,,,2.26,2.62,1.57,1.48,2.00,2.30,1.78,1.64,1.66,1.94,2.11,1.91,1.47,1.66,2.46,2.25,1.44,1.50,2.74,2.57,,,,,,,,,,,,,,,,,,,,,,,,,,,,,,,,,,,,,,,,
estonia,meistriliiga,2023,2023-04-28,Harju JK Laagri,Parnu JK Vaprus,1,2,Pinnacle,2.77,3.14,2.29,3.35,3.59,2.08,,,,,,,,,,,,,,,,,,,,,,,,,,,,,,,,,,,,,,,,,,,,,,,,,,,,,,,,,,,,,2.43,2.68,1.40,1.46,2.06,2.49,1.58,1.55,1.81,2.04,1.90,1.82,1.60,1.78,2.11,2.06,1.50,1.57,2.27,2.38,1.43,1.40,2.46,2.93,,,,,,,,,,,,,,,,,,,,,,,,,,,,,,,,
estonia,meistriliiga,2023,2023-04-29,Tallinna Kalev,Kuressaare,0,3,Pinnacle,3.17,3.41,2.03,3.18,3.36,2.25,,,,,,,,,,,,,,,,,,,,,,,,,,,,,,,,,,,,,,,,,,,,,,,,,,,,,,,,,,,,,2.73,2.69,1.39,1.46,2.39,2.31,1.52,1.63,1.99,1.91,1.79,1.94,1.72,1.67,2.01,2.22,1.53,1.49,2.30,2.60,,,,,,,,,,,,,,,,,,,,,,,,,,,,,,,,,,,,
estonia,meistriliiga,2023,2023-04-29,Paide,Flora,1,3,Pinnacle,3.95,3.46,1.79,5.91,4.07,1.56,,,,,,,,,,,,,,,,,,,,,,,,,,,,,,,,,,,,,,,,,,,,,,,,,,,,,,,,,,,,,,,,,,,,,,,,,1.98,2.47,1.80,1.53,1.72,2.19,2.01,1.69,1.49,1.89,2.40,1.96,1.44,1.65,2.73,2.27,1.48,1.50,2.60,2.56,,,,,,,,,,,,,,,,,,,,,,,,
estonia,meistriliiga,2023,2023-04-29,Kalju,Levadia,0,1,Pinnacle,3.05,3.09,2.23,4.08,3.57,1.88,,,,,,,,,,,,,,,,,,,,,,,,,,,,,,,,,,,,,,,,,,,,,,,,,,,,,,,,,,,,,,,,,2.21,2.99,1.60,1.38,1.83,2.31,1.93,1.63,1.60,1.97,2.20,1.88,1.43,1.73,2.59,2.13,1.42,1.49,2.79,2.61,,,,,,,,,,,,,,,,,,,,,,,,,,,,,,,,
estonia,meistriliiga,2023,2023-05-02,Kalju,Tallinna Kalev,1,2,Pinnacle,1.55,4.03,5.04,1.41,4.69,7.54,,,,,,,,,,,,,,,,,,,,,,,,,,,,,,,,,,,,,2.56,2.52,1.45,1.52,2.54,2.18,1.46,1.70,2.26,1.93,1.59,1.93,1.96,1.64,1.81,2.28,1.69,1.48,2.09,2.62,,,,,,,,,,,,,,,,,,,,,,,,,,,,,,,,,,,,,,,,,,,,,,,,,,,,,,,,,,,,
estonia,meistriliiga,2023,2023-05-02,Narva,Harju JK Laagri,2,0,Pinnacle,1.63,4.12,4.76,1.57,4.12,5.67,,,,,,,,,,,,,,,,,,,,,,,,,,,,,,,,,,,,,,,,,2.60,2.46,1.48,1.54,2.32,2.20,1.59,1.68,2.04,1.93,1.78,1.92,1.79,1.69,2.06,2.19,1.62,1.55,2.30,2.44,,,,,,,,,,,,,,,,,,,,,,,,,,,,,,,,,,,,,,,,,,,,,,,,,,,,,,,,
estonia,meistriliiga,2023,2023-05-03,Levadia,Paide,2,0,Pinnacle,1.70,3.80,4.49,1.65,3.99,4.94,,,,,,,,,,,,,,,,,,,,,,,,,,,,,,,,,,,,,,,,,,,,,2.66,2.57,1.44,1.50,2.31,2.21,1.60,1.68,1.93,1.85,1.90,2.00,1.68,1.64,2.14,2.28,1.48,1.45,2.53,2.73,,,,,,,,,,,,,,,,,,,,,,,,,,,,,,,,,,,,,,,,,,,,,,,,,,,,
estonia,meistriliiga,2023,2023-05-03,Tammeka,Flora,0,3,Pinnacle,8.43,5.22,1.31,11.55,5.93,1.25,,,,,,,,,,,,,,,,,,,,,,,,,,,,,,,,,,,,,,,,,,,,,,,,,,,,,,,,,,,,,,,,,,,,,,,,,,,,,,,,,,,,,2.20,2.50,1.65,1.52,1.96,2.16,1.88,1.71,1.73,1.93,2.07,1.92,1.52,1.68,2.43,2.20,1.49,1.53,2.58,2.48,,,,,,,,,,,,
estonia,meistriliiga,2023,2023-05-03,Parnu JK Vaprus,Kuressaare,1,2,Pinnacle,3.23,3.44,2.16,3.98,3.32,1.98,,,,,,,,,,,,,,,,,,,,,,,,,,,,,,,,,,,,,,,,,,,,,,,,,,,,,,,,,,,,,,,,,2.38,2.84,1.58,1.42,1.96,2.18,1.88,1.70,1.71,1.88,2.14,1.98,1.53,1.65,2.47,2.26,1.39,1.43,2.92,2.78,,,,,,,,,,,,,,,,,,,,,,,,,,,,,,,,
estonia,meistriliiga,2023,2023-05-06,Harju JK Laagri,Levadia,2,1,Pinnacle,14.38,7.54,1.13,20.41,8.71,1.13,,,,,,,,,,,,,,,,,,,,,,,,,,,,,,,,,,,,,,,,,,,,,,,,,,,,,,,,,,,,,,,,,,,,,,,,,,,,,,,,,,,,,,,,,,,,,2.49,2.55,1.46,1.51,2.24,2.25,1.58,1.66,1.96,1.93,1.81,1.92,1.74,1.72,1.99,2.15,1.57,1.54,2.23,2.45,,,,
estonia,meistriliiga,2023,2023-05-07,Narva,Parnu JK Vaprus,0,2,Pinnacle,1.83,3.70,3.61,1.79,3.57,4.59,,,,,,,,,,,,,,,,,,,,,,,,,,,,,,,,,,,,,,,,,,,,,2.76,2.88,1.43,1.41,2.53,2.50,1.47,1.54,2.08,2.04,1.70,1.82,1.83,1.78,1.93,2.07,1.61,1.54,2.22,2.46,1.40,1.32,2.75,3.34,,,,,,,,,,,,,,,,,,,,,,,,,,,,,,,,,,,,,,,,,,,,,,,,
estonia,meistriliiga,2023,2023-05-07,Kuressaare,Paide,1,4,Pinnacle,3.14,3.48,2.02,2.97,3.29,2.40,,,,,,,,,,,,,,,,,,,,,,,,,,,,,,,,,,,,,,,,,,,,,,,,,,,,,,,,,,,,,2.71,2.51,1.39,1.52,2.38,2.14,1.52,1.72,1.99,1.80,1.79,2.07,1.72,1.60,2.00,2.37,1.53,1.42,2.30,2.82,,,,,,,,,,,,,,,,,,,,,,,,,,,,,,,,,,,,
estonia,meistriliiga,2023,2023-05-07,Flora,Kalju,3,1,Pinnacle,1.45,4.09,5.86,1.37,5.06,7.76,,,,,,,,,,,,,,,,,,,,,,,,,,,,,,,,,2.68,2.81,1.46,1.43,2.60,2.32,1.48,1.62,2.25,2.04,1.56,1.82,2.01,1.79,1.72,2.04,1.77,1.55,2.02,2.44,1.56,1.43,2.29,2.81,,,,,,,,,,,,,,,,,,,,,,,,,,,,,,,,,,,,,,,,,,,,,,,,,,,,,,,,,,,,
estonia,meistriliiga,2023,2023-05-07,Tallinna Kalev,Tammeka,1,1,Pinnacle,2.49,3.24,2.63,2.41,3.43,2.85,,,,,,,,,,,,,,,,,,,,,,,,,,,,,,,,,,,,,,,,,,,,,,,,,,,,,2.69,2.81,1.43,1.43,2.43,2.38,1.50,1.59,2.14,2.09,1.66,1.78,1.83,1.76,1.94,2.09,1.59,1.55,2.27,2.43,,,,,,,,,,,,,,,,,,,,,,,,,,,,,,,,,,,,,,,,,,,,
estonia,meistriliiga,2023,2023-05-12,Kalju,Harju JK Laagri,1,1,Pinnacle,1.23,5.78,10.07,1.37,5.12,7.70,,,,,,,,,,,,,,,,,,,,,,,,,,,,,,,,,,,,,1.93,2.37,1.85,1.58,1.72,2.09,2.04,1.76,1.52,1.85,2.38,2.01,1.51,1.57,2.50,2.43,1.41,1.43,2.83,2.79,,,,,,,,,,,,,,,,,,,,,,,,,,,,,,,,,,,,,,,,,,,,,,,,,,,,,,,,,,,,
estonia,meistriliiga,2023,2023-05-13,Parnu JK Vaprus,Tallinna Kalev,0,2,Pinnacle,2.61,3.27,2.48,2.29,3.62,2.90,,,,,,,,,,,,,,,,,,,,,,,,,,,,,,,,,,,,,,,,,,,,,,,,,,,,,2.57,2.67,1.49,1.47,2.55,2.27,1.46,1.65,2.25,2.01,1.60,1.85,1.93,1.71,1.84,2.17,1.66,1.53,2.14,2.49,,,,,,,,,,,,,,,,,,,,,,,,,,,,,,,,,,,,,,,,,,,,
estonia,meistriliiga,2023,2023-05-13,Paide,Tammeka,0,0,Pinnacle,1.51,4.29,5.07,1.38,5.27,7.10,,,,,,,,,,,,,,,,,,,,,,,,,,,,,,,,,2.90,2.77,1.40,1.44,2.58,2.45,1.49,1.54,2.45,2.12,1.49,1.74,2.17,1.88,1.64,1.98,1.88,1.59,1.88,2.38,1.64,1.45,2.18,2.74,,,,,,,,,,,,,,,,,,,,,,,,,,,,,,,,,,,,,,,,,,,,,,,,,,,,,,,,,,,,
estonia,meistriliiga,2023,2023-05-14,Kuressaare,Flora,0,3,Pinnacle,8.23,5.07,1.28,10.73,6.01,1.26,,,,,,,,,,,,,,,,,,,,,,,,,,,,,,,,,,,,,,,,,,,,,,,,,,,,,,,,,,,,,,,,,,,,,,,,,,,,,,,,,,,,,2.22,2.47,1.60,1.53,1.97,2.13,1.81,1.73,1.74,1.92,1.99,1.93,1.53,1.67,2.31,2.23,1.50,1.52,2.58,2.50,,,,,,,,,,,,
estonia,meistriliiga,2023,2023-05-14,Narva,Levadia,0,1,Pinnacle,6.58,4.15,1.41,7.21,4.39,1.45,,,,,,,,,,,,,,,,,,,,,,,,,,,,,,,,,,,,,,,,,,,,,,,,,,,,,,,,,,,,,,,,,,,,,,,,,2.52,2.66,1.51,1.47,2.40,2.47,1.49,1.53,2.11,2.15,1.65,1.71,1.83,1.85,1.93,2.01,1.63,1.65,2.15,2.27,1.46,1.47,2.48,2.65,,,,,,,,,,,,,,,,,,,,
estonia,meistriliiga,2023,2023-05-19,Harju JK Laagri,Flora,0,1,Pinnacle,14.10,8.88,1.10,23.21,11.47,1.09,,,,,,,,,,,,,,,,,,,,,,,,,,,,,,,,,,,,,,,,,,,,,,,,,,,,,,,,,,,,,,,,,,,,,,,,,,,,,,,,,,,,,,,,,,,,,,,,,2.30,2.55,1.57,1.51,1.98,2.14,1.80,1.72,1.76,1.91,1.99,1.94,1.58,1.70,2.24,2.17,1.50,1.51,2.54,2.55
estonia,meistriliiga,2023,2023-05-20,Narva,Kalju,0,2,Pinnacle,3.34,3.22,2.03,3.66,3.07,2.18,,,,,,,,,,,,,,,,,,,,,,,,,,,,,,,,,,,,,,,,,,,,,,,,,,,,,,,,,,,,,2.89,3.00,1.36,1.38,2.49,2.56,1.50,1.52,2.00,2.00,1.78,1.86,1.73,1.71,2.03,2.16,1.53,1.51,2.35,2.54,1.38,1.37,2.95,3.06,,,,,,,,,,,,,,,,,,,,,,,,,,,,,,,,
estonia,meistriliiga,2023,2023-05-20,Kuressaare,Tallinna Kalev,1,2,Pinnacle,1.85,3.52,3.59,1.99,3.46,3.76,,,,,,,,,,,,,,,,,,,,,,,,,,,,,,,,,,,,,,,,,,,,,,,,,2.49,2.75,1.46,1.44,2.09,2.26,1.67,1.65,1.87,1.99,1.90,1.87,1.62,1.71,2.17,2.15,1.39,1.45,2.71,2.74,1.43,1.42,2.75,2.84,,,,,,,,,,,,,,,,,,,,,,,,,,,,,,,,,,,,,,,,,,,,
estonia,meistriliiga,2023,2023-05-21,Tammeka,Levadia,2,2,Pinnacle,6.89,4.55,1.36,8.34,5.07,1.35,,,,,,,,,,,,,,,,,,,,,,,,,,,,,,,,,,,,,,,,,,,,,,,,,,,,,,,,,,,,,,,,,,,,,,,,,,,,,,,,,2.30,2.48,1.56,1.53,1.95,2.05,1.82,1.79,1.71,1.82,2.03,2.05,1.53,1.62,2.31,2.33,1.41,1.42,2.71,2.83,,,,,,,,,,,,,,,,
estonia,meistriliiga,2023,2023-05-21,Paide,Parnu JK Vaprus,0,1,Pinnacle,1.43,4.61,5.64,1.38,5.00,7.74,,,,,,,,,,,,,,,,,,,,,,,,,,,,,,,,,,,,,2.44,2.43,1.50,1.55,2.14,2.11,1.66,1.74,1.92,1.87,1.85,1.99,1.67,1.59,2.13,2.39,1.51,1.44,2.40,2.75,,,,,,,,,,,,,,,,,,,,,,,,,,,,,,,,,,,,,,,,,,,,,,,,,,,,,,,,,,,,
estonia,meistriliiga,2023,2023-05-23,Harju JK Laagri,Kuressaare,1,1,Pinnacle,3.86,3.64,1.76,4.36,3.76,1.78,,,,,,,,,,,,,,,,,,,,,,,,,,,,,,,,,,,,,,,,,,,,,,,,,,,,,,,,,,,,,,,,,2.94,3.09,1.39,1.36,2.29,2.45,1.54,1.54,1.98,2.08,1.75,1.76,1.79,1.85,1.99,2.00,1.55,1.60,2.32,2.37,1.42,1.45,2.60,2.71,,,,,,,,,,,,,,,,,,,,,,,,,,,,
estonia,meistriliiga,2023,2023-05-23,Narva,Flora,0,1,Pinnacle,9.33,5.42,1.25,17.37,7.10,1.17,,,,,,,,,,,,,,,,,,,,,,,,,,,,,,,,,,,,,,,,,,,,,,,,,,,,,,,,,,,,,,,,,,,,,,,,,,,,,,,,,,,,,,,,,2.00,2.44,1.78,1.55,1.77,2.19,1.98,1.69,1.54,1.92,2.32,1.93,1.47,1.68,2.62,2.20,1.47,1.54,2.65,2.46,,,,,,,,
estonia,meistriliiga,2023,2023-05-24,Kalju,Tammeka,1,2,Pinnacle,1.71,3.57,4.23,1.72,3.70,4.80,,,,,,,,,,,,,,,,,,,,,,,,,,,,,,,,,,,,,,,,,,,,,2.55,2.61,1.44,1.49,2.25,2.29,1.58,1.64,1.93,1.93,1.84,1.92,1.69,1.71,2.05,2.16,1.49,1.50,2.41,2.58,,,,,,,,,,,,,,,,,,,,,,,,,,,,,,,,,,,,,,,,,,,,,,,,,,,,
estonia,meistriliiga,2023,2023-05-24,Tallinna Kalev,Paide,1,1,Pinnacle,4.67,4.05,1.56,4.35,3.73,1.79,,,,,,,,,,,,,,,,,,,,,,,,,,,,,,,,,,,,,,,,,,,,,,,,,,,,,,,,,,,,,,,,,3.06,3.03,1.36,1.38,2.56,2.43,1.45,1.55,2.29,2.07,1.54,1.78,2.07,1.85,1.68,2.01,1.84,1.60,1.93,2.37,1.62,1.47,2.17,2.68,,,,,,,,,,,,,,,,,,,,,,,,,,,,
estonia,meistriliiga,2023,2023-05-24,Parnu JK Vaprus,Levadia,0,0,Pinnacle,9.48,5.66,1.22,10.64,5.78,1.27,,,,,,,,,,,,,,,,,,,,,,,,,,,,,,,,,,,,,,,,,,,,,,,,,,,,,,,,,,,,,,,,,,,,,,,,,,,,,,,,,2.85,2.99,1.37,1.38,2.42,2.35,1.49,1.58,2.08,2.03,1.68,1.80,1.88,1.82,1.88,2.05,1.63,1.57,2.15,2.42,1.49,1.45,2.41,2.73,,,,,,,,,,,,
estonia,meistriliiga,2023,2023-05-27,Tammeka,Kuressaare,0,0,Pinnacle,2.80,3.23,2.36,2.66,3.37,2.60,,,,,,,,,,,,,,,,,,,,,,,,,,,,,,,,,,,,,,,,,,,,,,,,,,,,,,,,,2.77,2.60,1.43,1.49,2.39,2.28,1.52,1.64,2.05,1.95,1.72,1.90,1.75,1.67,2.05,2.23,1.56,1.51,2.33,2.54,,,,,,,,,,,,,,,,,,,,,,,,,,,,,,,,,,,,,,,,
estonia,meistriliiga,2023,2023-05-27,Flora,Tallinna Kalev,3,0,Pinnacle,1.11,8.32,13.41,1.11,10.16,21.42,,,,,,,,,,,,,,,,,2.70,2.77,1.45,1.44,2.27,2.30,1.57,1.63,2.02,2.04,1.74,1.83,1.83,1.80,1.95,2.04,1.60,1.56,2.26,2.40,,,,,,,,,,,,,,,,,,,,,,,,,,,,,,,,,,,,,,,,,,,,,,,,,,,,,,,,,,,,,,,,,,,,,,,,,,,,,,,,
estonia,meistriliiga,2023,2023-05-28,Parnu JK Vaprus,Harju JK Laagri,0,1,Pinnacle,2.20,3.16,3.11,2.10,3.71,3.20,,,,,,,,,,,,,,,,,,,,,,,,,,,,,,,,,,,,,,,,,,,,,,,,,2.31,2.95,1.55,1.39,2.55,2.40,1.46,1.56,2.18,2.08,1.64,1.76,1.90,1.85,1.87,2.01,1.59,1.58,2.27,2.41,1.43,1.42,2.64,2.85,,,,,,,,,,,,,,,,,,,,,,,,,,,,,,,,,,,,,,,,,,,,
estonia,meistriliiga,2023,2023-05-28,Paide,Narva,1,2,Pinnacle,1.57,3.79,5.17,1.65,3.91,5.08,,,,,,,,,,,,,,,,,,,,,,,,,,,,,,,,,,,,,,,,,,,,,2.30,2.45,1.57,1.54,2.01,2.13,1.78,1.73,1.72,1.83,2.05,2.03,1.56,1.64,2.30,2.28,1.41,1.44,2.85,2.75,,,,,,,,,,,,,,,,,,,,,,,,,,,,,,,,,,,,,,,,,,,,,,,,,,,,
estonia,meistriliiga,2023,2023-05-28,Levadia,Kalju,2,1,Pinnacle,1.68,3.49,4.58,1.56,4.33,5.47,,,,,,,,,,,,,,,,,,,,,,,,,,,,,,,,,,,,,,,,,2.52,2.52,1.51,1.52,2.53,2.24,1.45,1.67,2.22,1.94,1.60,1.91,1.89,1.68,1.88,2.20,1.66,1.53,2.10,2.47,,,,,,,,,,,,,,,,,,,,,,,,,,,,,,,,,,,,,,,,,,,,,,,,,,,,,,,,
estonia,meistriliiga,2023,2023-06-06,Kuressaare,Levadia,0,2,Pinnacle,5.59,4.04,1.48,5.85,3.97,1.57,,,,,,,,,,,,,,,,,,,,,,,,,,,,,,,,,,,,,,,,,,,,,,,,,,,,,,,,,,,,,,,,,,,,,,,,,2.51,2.42,1.47,1.55,2.24,2.16,1.60,1.71,1.96,1.88,1.81,1.97,1.70,1.65,2.08,2.27,1.54,1.51,2.33,2.54,,,,,,,,,,,,,,,,,,,,,,,,
estonia,meistriliiga,2023,2023-06-06,Kalju,Parnu JK Vaprus,1,0,Pinnacle,1.49,4.23,5.44,1.60,4.21,5.18,,,,,,,,,,,,,,,,,,,,,,,,,,,,,,,,,,,,,,,,,2.29,2.62,1.56,1.48,2.05,2.33,1.72,1.62,1.80,2.03,1.98,1.83,1.60,1.74,2.26,2.11,1.47,1.57,2.51,2.38,1.43,1.46,2.64,2.70,,,,,,,,,,,,,,,,,,,,,,,,,,,,,,,,,,,,,,,,,,,,,,,,,,,,
estonia,meistriliiga,2023,2023-06-07,Tammeka,Harju JK Laagri,2,0,Pinnacle,1.75,3.51,4.09,1.81,3.57,4.44,,,,,,,,,,,,,,,,,,,,,,,,,,,,,,,,,,,,,,,,,,,,,2.64,2.79,1.41,1.43,2.34,2.46,1.54,1.56,1.99,2.05,1.79,1.81,1.74,1.79,1.99,2.04,1.52,1.56,2.34,2.41,,,,,,,,,,,,,,,,,,,,,,,,,,,,,,,,,,,,,,,,,,,,,,,,,,,,
estonia,meistriliiga,2023,2023-06-07,Tallinna Kalev,Narva,0,1,Pinnacle,2.94,3.20,2.23,2.93,3.27,2.43,,,,,,,,,,,,,,,,,,,,,,,,,,,,,,,,,,,,,,,,,,,,,,,,,,,,,,,,,2.56,2.84,1.45,1.42,2.51,2.48,1.45,1.53,2.16,2.11,1.63,1.75,1.82,1.78,1.95,2.10,1.60,1.58,2.21,2.41,1.43,1.41,2.58,2.89,,,,,,,,,,,,,,,,,,,,,,,,,,,,,,,,,,,,
estonia,meistriliiga,2023,2023-06-07,Flora,Paide,0,0,Pinnacle,1.36,4.56,7.39,1.55,4.17,5.84,,,,,,,,,,,,,,,,,,,,,,,,,,,,,,,,,,,,,,,,,2.05,2.61,1.72,1.49,1.82,2.30,1.95,1.63,1.56,1.97,2.33,1.88,1.42,1.69,2.66,2.20,1.47,1.53,2.61,2.49,1.42,1.43,2.81,2.78,,,,,,,,,,,,,,,,,,,,,,,,,,,,,,,,,,,,,,,,,,,,,,,,,,,,
estonia,meistriliiga,2023,2023-06-10,Parnu JK Vaprus,Flora,1,5,Pinnacle,13.98,8.30,1.11,15.41,7.64,1.17,,,,,,,,,,,,,,,,,,,,,,,,,,,,,,,,,,,,,,,,,,,,,,,,,,,,,,,,,,,,,,,,,,,,,,,,,,,,,,,,,,,,,,,,,2.58,2.44,1.49,1.55,2.41,2.19,1.49,1.69,2.15,1.93,1.63,1.93,1.88,1.69,1.88,2.19,1.68,1.54,2.08,2.44,,,,,,,,
estonia,meistriliiga,2023,2023-06-10,Kalju,Kuressaare,2,0,Pinnacle,1.83,3.59,3.74,1.95,3.31,4.13,,,,,,,,,,,,,,,,,,,,,,,,,,,,,,,,,,,,,,,,,,,,,,,,,2.46,2.75,1.49,1.44,2.06,2.23,1.71,1.67,1.83,1.95,1.94,1.90,1.60,1.67,2.24,2.23,1.38,1.39,2.83,2.95,,,,,,,,,,,,,,,,,,,,,,,,,,,,,,,,,,,,,,,,,,,,,,,,
estonia,meistriliiga,2023,2023-06-11,Narva,Tammeka,2,0,Pinnacle,2.45,3.13,2.75,2.13,3.31,3.49,,,,,,,,,,,,,,,,,,,,,,,,,,,,,,,,,,,,,,,,,,,,,,,,,,,,,2.68,2.47,1.42,1.53,2.40,2.11,1.51,1.74,2.10,1.84,1.69,2.02,1.78,1.53,2.01,2.52,1.55,1.39,2.36,2.94,,,,,,,,,,,,,,,,,,,,,,,,,,,,,,,,,,,,,,,,,,,,
estonia,meistriliiga,2023,2023-06-11,Levadia,Tallinna Kalev,2,1,Pinnacle,1.19,6.30,10.51,1.27,5.97,10.19,,,,,,,,,,,,,,,,,,,,,,,,,,,,,2.25,2.61,1.57,1.49,2.02,2.32,1.78,1.63,1.74,1.99,1.98,1.87,1.58,1.76,2.20,2.08,1.51,1.56,2.40,2.41,,,,,,,,,,,,,,,,,,,,,,,,,,,,,,,,,,,,,,,,,,,,,,,,,,,,,,,,,,,,,,,,,,,,
estonia,meistriliiga,2023,2023-06-11,Harju JK Laagri,Paide,0,1,Pinnacle,6.12,4.23,1.44,7.40,4.88,1.40,,,,,,,,,,,,,,,,,,,,,,,,,,,,,,,,,,,,,,,,,,,,,,,,,,,,,,,,,,,,,,,,,,,,,,,,,,,,,2.35,2.68,1.53,1.46,2.06,2.37,1.71,1.60,1.79,2.00,1.99,1.86,1.61,1.76,2.23,2.08,1.44,1.57,2.59,2.39,,,,,,,,,,,,,,,,,,,,
estonia,meistriliiga,2023,2023-06-27,Tammeka,Parnu JK Vaprus,2,3,Pinnacle,2.15,3.11,3.28,1.72,3.55,5.10,,,,,,,,,,,,,,,,,,,,,,,,,,,,,,,,,,,,,,,,,,,,,2.71,2.75,1.43,1.44,3.01,2.38,1.37,1.60,2.48,1.96,1.48,1.89,2.13,1.71,1.67,2.16,1.85,1.49,1.92,2.61,,,,,,,,,,,,,,,,,,,,,,,,,,,,,,,,,,,,,,,,,,,,,,,,,,,,
estonia,meistriliiga,2023,2023-06-27,Paide,Kalju,0,0,Pinnacle,2.19,3.07,3.11,2.10,3.25,3.67,,,,,,,,,,,,,,,,,,,,,,,,,,,,,,,,,,,,,,,,,,,,,,,,,3.00,3.06,1.38,1.37,2.54,2.41,1.44,1.56,2.17,2.08,1.62,1.77,1.88,1.80,1.85,2.07,1.57,1.50,2.26,2.63,1.41,1.36,2.64,3.08,,,,,,,,,,,,,,,,,,,,,,,,,,,,,,,,,,,,,,,,,,,,
estonia,meistriliiga,2023,2023-06-27,Kuressaare,Narva,3,0,Pinnacle,2.34,3.09,2.94,2.83,3.25,2.52,,,,,,,,,,,,,,,,,,,,,,,,,,,,,,,,,,,,,,,,,,,,,,,,,,,,,,,,,2.31,2.76,1.57,1.44,2.02,2.41,1.77,1.58,1.68,2.05,2.12,1.82,1.48,1.71,2.49,2.15,1.43,1.53,2.75,2.47,,,,,,,,,,,,,,,,,,,,,,,,,,,,,,,,,,,,,,,,
estonia,meistriliiga,2023,2023-06-28,Tallinna Kalev,Harju JK Laagri,1,1,Pinnacle,1.92,3.43,3.60,1.73,3.79,4.65,,,,,,,,,,,,,,,,,,,,,,,,,,,,,,,,,,,,,,,,,,,,,2.63,2.67,1.47,1.47,2.64,2.32,1.43,1.62,2.17,1.94,1.64,1.91,1.92,1.71,1.85,2.16,1.67,1.50,2.13,2.56,,,,,,,,,,,,,,,,,,,,,,,,,,,,,,,,,,,,,,,,,,,,,,,,,,,,
estonia,meistriliiga,2023,2023-06-28,Levadia,Flora,0,0,Pinnacle,3.41,3.13,2.09,3.30,3.28,2.22,,,,,,,,,,,,,,,,,,,,,,,,,,,,,,,,,,,,,,,,,,,,,,,,,,,,,,,,,,,,,2.89,2.78,1.36,1.43,2.48,2.38,1.50,1.60,1.98,1.93,1.80,1.92,1.71,1.68,2.07,2.20,1.51,1.50,2.41,2.58,,,,,,,,,,,,,,,,,,,,,,,,,,,,,,,,,,,,
estonia,meistriliiga,2023,2023-06-30,Parnu JK Vaprus,Paide,1,1,Pinnacle,5.81,4.09,1.45,8.66,4.09,1.44,,,,,,,,,,,,,,,,,,,,,,,,,,,,,,,,,,,,,,,,,,,,,,,,,,,,,,,,,,,,,,,,,,,,,,,,,,,,,2.28,2.49,1.54,1.53,1.94,2.16,1.74,1.71,1.75,1.84,2.01,2.02,1.58,1.64,2.25,2.29,1.42,1.46,2.61,2.69,,,,,,,,,,,,,,,,,,,,
estonia,meistriliiga,2023,2023-07-01,Levadia,Narva,3,0,Pinnacle,1.38,4.34,6.88,1.31,5.30,9.93,,,,,,,,,,,,,,,,,,,,,,,,,,,,,,,,,2.84,2.56,1.41,1.50,2.43,2.14,1.48,1.72,2.11,1.90,1.66,1.95,1.88,1.67,1.88,2.23,1.60,1.44,2.20,2.76,,,,,,,,,,,,,,,,,,,,,,,,,,,,,,,,,,,,,,,,,,,,,,,,,,,,,,,,,,,,,,,,
estonia,meistriliiga,2023,2023-07-01,Harju JK Laagri,Kuressaare,1,1,Pinnacle,4.03,3.52,1.79,3.92,3.86,1.84,,,,,,,,,,,,,,,,,,,,,,,,,,,,,,,,,,,,,,,,,,,,,,,,,,,,,,,,,,,,,,,,,3.02,2.95,1.34,1.39,2.33,2.34,1.56,1.61,2.00,2.02,1.79,1.84,1.76,1.78,2.00,2.07,1.52,1.53,2.38,2.47,1.44,1.44,2.75,2.75,,,,,,,,,,,,,,,,,,,,,,,,,,,,
estonia,meistriliiga,2023,2023-07-02,Kalju,Tallinna Kalev,1,2,Pinnacle,1.56,3.90,4.93,1.64,3.89,5.22,,,,,,,,,,,,,,,,,,,,,,,,,,,,,,,,,,,,,,,,,2.49,2.61,1.48,1.49,2.23,2.35,1.61,1.58,1.96,2.07,1.82,1.78,1.70,1.81,2.08,2.06,1.55,1.63,2.32,2.30,1.43,1.43,2.79,2.79,,,,,,,,,,,,,,,,,,,,,,,,,,,,,,,,,,,,,,,,,,,,,,,,,,,,
estonia,meistriliiga,2023,2023-07-02,Flora,Tammeka,3,0,Pinnacle,1.16,6.65,11.74,1.10,10.21,24.15,,,,,,,,,,,,,,,,,2.69,2.63,1.44,1.48,2.61,2.21,1.48,1.68,2.40,1.97,1.49,1.88,2.17,1.74,1.62,2.11,1.93,1.52,1.84,2.51,,,,,,,,,,,,,,,,,,,,,,,,,,,,,,,,,,,,,,,,,,,,,,,,,,,,,,,,,,,,,,,,,,,,,,,,,,,,,,,,
estonia,meistriliiga,2023,2023-07-07,Paide,Flora,0,0,Pinnacle,5.22,3.65,1.57,7.39,4.28,1.45,,,,,,,,,,,,,,,,,,,,,,,,,,,,,,,,,,,,,,,,,,,,,,,,,,,,,,,,,,,,,,,,,,,,,,,,,,,,,2.01,2.44,1.72,1.55,1.76,2.11,2.03,1.75,1.55,1.81,2.32,2.06,1.43,1.62,2.59,2.33,1.42,1.44,2.75,2.75,,,,,,,,,,,,,,,,,,,,
estonia,meistriliiga,2023,2023-07-08,Tallinna Kalev,Kuressaare,1,3,Pinnacle,2.83,3.21,2.30,2.77,3.68,2.34,,,,,,,,,,,,,,,,,,,,,,,,,,,,,,,,,,,,,,,,,,,,,,,,,,,,,,,,,2.76,2.63,1.43,1.48,2.44,2.39,1.50,1.57,2.10,2.09,1.69,1.76,1.78,1.80,2.01,2.04,1.58,1.63,2.30,2.31,1.41,1.45,2.70,2.71,,,,,,,,,,,,,,,,,,,,,,,,,,,,,,,,,,,,
estonia,meistriliiga,2023,2023-07-08,Narva,Parnu JK Vaprus,0,4,Pinnacle,2.01,3.37,3.37,1.85,3.36,4.56,,,,,,,,,,,,,,,,,,,,,,,,,,,,,,,,,,,,,,,,,,,,,,,,,2.87,2.55,1.37,1.50,2.31,2.10,1.57,1.75,2.01,1.85,1.78,2.01,1.74,1.59,2.02,2.39,1.48,1.33,2.49,3.27,,,,,,,,,,,,,,,,,,,,,,,,,,,,,,,,,,,,,,,,,,,,,,,,
estonia,meistriliiga,2023,2023-07-09,Levadia,Kalju,3,0,Pinnacle,1.56,3.72,5.24,1.37,4.77,8.68,,,,,,,,,,,,,,,,,,,,,,,,,,,,,,,,,2.75,2.87,1.44,1.41,2.61,2.34,1.47,1.56,2.56,2.09,1.45,1.76,2.29,1.85,1.58,2.06,1.99,1.57,1.79,2.43,1.71,1.43,2.06,2.78,,,,,,,,,,,,,,,,,,,,,,,,,,,,,,,,,,,,,,,,,,,,,,,,,,,,,,,,,,,,
estonia,meistriliiga,2023,2023-07-09,Harju JK Laagri,Tammeka,3,0,Pinnacle,3.16,3.22,2.11,2.83,3.42,2.43,,,,,,,,,,,,,,,,,,,,,,,,,,,,,,,,,,,,,,,,,,,,,,,,,,,,,,,,,2.64,2.76,1.47,1.44,2.70,2.43,1.39,1.57,2.33,2.09,1.54,1.79,1.93,1.76,1.85,2.09,1.67,1.57,2.09,2.38,1.48,1.45,2.42,2.73,,,,,,,,,,,,,,,,,,,,,,,,,,,,,,,,,,,,
estonia,meistriliiga,2023,2023-07-22,Tallinna Kalev,Parnu JK Vaprus,1,1,Pinnacle,2.11,3.26,3.11,2.32,3.39,3.01,,,,,,,,,,,,,,,,,,,,,,,,,,,,,,,,,,,,,,,,,,,,,,,,,,,,,2.42,2.70,1.48,1.46,2.10,2.30,1.67,1.63,1.85,2.01,1.92,1.85,1.55,1.69,2.30,2.20,1.40,1.50,2.66,2.56,,,,,,,,,,,,,,,,,,,,,,,,,,,,,,,,,,,,,,,,,,,,
estonia,meistriliiga,2023,2023-07-22,Kalju,Harju JK Laagri,1,0,Pinnacle,1.48,4.15,5.75,1.62,4.46,4.63,,,,,,,,,,,,,,,,,,,,,,,,,,,,,,,,,,,,,,,,,2.28,2.52,1.56,1.52,2.04,2.27,1.73,1.65,1.78,2.01,2.00,1.85,1.58,1.76,2.28,2.09,1.46,1.60,2.54,2.32,,,,,,,,,,,,,,,,,,,,,,,,,,,,,,,,,,,,,,,,,,,,,,,,,,,,,,,,
estonia,meistriliiga,2023,2023-07-23,Flora,Narva,1,4,Pinnacle,1.16,6.75,13.57,1.11,9.54,26.21,,,,,,,,,,,,,,,,,2.58,2.77,1.47,1.44,2.64,2.30,1.47,1.63,2.44,2.03,1.50,1.83,2.19,1.79,1.63,2.04,1.93,1.56,1.84,2.41,,,,,,,,,,,,,,,,,,,,,,,,,,,,,,,,,,,,,,,,,,,,,,,,,,,,,,,,,,,,,,,,,,,,,,,,,,,,,,,,
estonia,meistriliiga,2023,2023-07-23,Tammeka,Levadia,0,0,Pinnacle,9.32,5.26,1.25,15.55,6.53,1.19,,,,,,,,,,,,,,,,,,,,,,,,,,,,,,,,,,,,,,,,,,,,,,,,,,,,,,,,,,,,,,,,,,,,,,,,,,,,,,,,,,,,,2.26,2.73,1.57,1.45,1.98,2.28,1.80,1.64,1.73,2.03,2.00,1.83,1.51,1.74,2.36,2.11,1.47,1.56,2.63,2.41,,,,,,,,,,,,
estonia,meistriliiga,2023,2023-07-23,Kuressaare,Paide,0,4,Pinnacle,3.34,3.22,2.03,4.52,3.63,1.78,,,,,,,,,,,,,,,,,,,,,,,,,,,,,,,,,,,,,,,,,,,,,,,,,,,,,,,,,,,,,,,,,2.47,3.21,1.49,1.34,2.00,2.46,1.78,1.54,1.72,2.07,2.02,1.77,1.52,1.84,2.33,2.02,1.43,1.57,2.64,2.44,1.42,1.43,2.81,2.79,,,,,,,,,,,,,,,,,,,,,,,,,,,,
estonia,meistriliiga,2023,2023-07-28,Flora,Parnu JK Vaprus,1,1,Pinnacle,1.11,9.07,15.32,1.12,8.95,16.85,,,,,,,,,,,,,,,,,,,,,2.26,2.42,1.57,1.53,2.01,2.13,1.75,1.70,1.81,1.92,1.97,1.90,1.58,1.67,2.29,2.18,1.45,1.52,2.56,2.45,1.53,1.53,2.46,2.47,,,,,,,,,,,,,,,,,,,,,,,,,,,,,,,,,,,,,,,,,,,,,,,,,,,,,,,,,,,,,,,,,,,,,,,,
estonia,meistriliiga,2023,2023-07-31,Kuressaare,Tammeka,3,1,Pinnacle,2.40,3.31,2.62,2.25,3.53,3.04,,,,,,,,,,,,,,,,,,,,,,,,,,,,,,,,,,,,,,,,,,,,,,,,,,,,,2.68,2.59,1.42,1.49,2.35,2.22,1.51,1.67,2.08,1.96,1.68,1.89,1.80,1.66,1.98,2.25,1.57,1.49,2.27,2.60,,,,,,,,,,,,,,,,,,,,,,,,,,,,,,,,,,,,,,,,,,,,
estonia,meistriliiga,2023,2023-08-04,Flora,Kuressaare,4,0,Pinnacle,1.20,6.34,9.56,1.20,7.31,12.57,,,,,,,,,,,,,,,,,,,,,,,,,2.45,2.39,1.47,1.57,2.22,2.15,1.60,1.71,2.00,1.91,1.79,1.94,1.74,1.69,1.99,2.20,1.58,1.55,2.20,2.43,,,,,,,,,,,,,,,,,,,,,,,,,,,,,,,,,,,,,,,,,,,,,,,,,,,,,,,,,,,,,,,,,,,,,,,,
estonia,meistriliiga,2023,2023-08-05,Tallinna Kalev,Tammeka,1,1,Pinnacle,2.49,3.13,2.63,2.23,3.38,3.19,,,,,,,,,,,,,,,,,,,,,,,,,,,,,,,,,,,,,,,,,,,,,,,,,,,,,2.52,2.59,1.47,1.49,2.44,2.21,1.48,1.68,2.14,1.93,1.64,1.92,1.83,1.62,1.94,2.32,1.57,1.45,2.26,2.71,,,,,,,,,,,,,,,,,,,,,,,,,,,,,,,,,,,,,,,,,,,,
estonia,meistriliiga,2023,2023-08-05,Kalju,Narva,4,0,Pinnacle,1.80,3.47,4.02,2.01,3.34,3.85,,,,,,,,,,,,,,,,,,,,,,,,,,,,,,,,,,,,,,,,,,,,,,,,,2.43,2.84,1.50,1.42,2.02,2.30,1.74,1.63,1.80,2.01,1.98,1.85,1.57,1.72,2.31,2.14,1.34,1.44,3.00,2.76,1.37,1.37,3.07,3.07,,,,,,,,,,,,,,,,,,,,,,,,,,,,,,,,,,,,,,,,,,,,
estonia,meistriliiga,2023,2023-08-06,Parnu JK Vaprus,Levadia,0,3,Pinnacle,8.70,5.31,1.26,8.39,4.74,1.38,,,,,,,,,,,,,,,,,,,,,,,,,,,,,,,,,,,,,,,,,,,,,,,,,,,,,,,,,,,,,,,,,,,,,,,,,,,,,2.82,2.75,1.41,1.44,2.84,2.40,1.38,1.58,2.28,2.00,1.59,1.85,1.98,1.75,1.80,2.10,1.75,1.56,2.00,2.41,,,,,,,,,,,,,,,,,,,,
estonia,meistriliiga,2023,2023-08-06,Harju JK Laagri,Paide,0,1,Pinnacle,5.39,4.06,1.49,7.35,4.55,1.43,,,,,,,,,,,,,,,,,,,,,,,,,,,,,,,,,,,,,,,,,,,,,,,,,,,,,,,,,,,,,,,,,,,,,,,,,,,,,2.20,2.57,1.61,1.50,1.94,2.26,1.83,1.65,1.68,1.93,2.07,1.92,1.53,1.72,2.31,2.15,1.45,1.53,2.71,2.48,,,,,,,,,,,,,,,,,,,,
estonia,meistriliiga,2023,2023-08-12,Paide,Tallinna Kalev,1,1,Pinnacle,1.44,4.27,6.14,1.45,4.66,6.49,,,,,,,,,,,,,,,,,,,,,,,,,,,,,,,,,,,,,2.57,2.63,1.45,1.48,2.22,2.26,1.62,1.65,1.98,2.01,1.80,1.85,1.70,1.72,2.08,2.15,1.53,1.54,2.37,2.46,,,,,,,,,,,,,,,,,,,,,,,,,,,,,,,,,,,,,,,,,,,,,,,,,,,,,,,,,,,,
estonia,meistriliiga,2023,2023-08-12,Levadia,Harju JK Laagri,1,1,Pinnacle,1.10,8.80,16.58,1.11,9.36,24.88,,,,,,,,,,,,,,,,,2.60,2.70,1.48,1.46,2.33,2.37,1.52,1.58,2.06,2.09,1.69,1.76,1.86,1.87,1.91,1.99,1.60,1.61,2.21,2.34,1.46,1.47,2.49,2.64,,,,,,,,,,,,,,,,,,,,,,,,,,,,,,,,,,,,,,,,,,,,,,,,,,,,,,,,,,,,,,,,,,,,,,,,,,,,
estonia,meistriliiga,2023,2023-08-13,Narva,Kuressaare,2,0,Pinnacle,2.33,3.17,2.78,2.70,3.38,2.56,,,,,,,,,,,,,,,,,,,,,,,,,,,,,,,,,,,,,,,,,,,,,,,,,,,,,,,,,2.31,2.63,1.55,1.48,2.03,2.32,1.74,1.63,1.70,1.98,2.04,1.88,1.50,1.69,2.37,2.20,1.49,1.52,2.46,2.50,,,,,,,,,,,,,,,,,,,,,,,,,,,,,,,,,,,,,,,,
estonia,meistriliiga,2023,2023-08-13,Tammeka,Kalju,1,1,Pinnacle,3.71,3.37,1.87,4.25,3.84,1.78,,,,,,,,,,,,,,,,,,,,,,,,,,,,,,,,,,,,,,,,,,,,,,,,,,,,,,,,,,,,,,,,,2.76,2.95,1.38,1.39,2.16,2.44,1.63,1.55,1.88,2.08,1.88,1.76,1.65,1.85,2.12,2.01,1.43,1.59,2.57,2.39,1.42,1.45,2.74,2.72,,,,,,,,,,,,,,,,,,,,,,,,,,,,
estonia,meistriliiga,2023,2023-08-18,Harju JK Laagri,Narva,0,2,Pinnacle,3.17,3.28,2.08,4.04,3.46,1.92,,,,,,,,,,,,,,,,,,,,,,,,,,,,,,,,,,,,,,,,,,,,,,,,,,,,,,,,,,,,,,,,,2.36,2.93,1.53,1.40,1.95,2.25,1.83,1.66,1.69,1.93,2.06,1.92,1.50,1.70,2.38,2.18,1.46,1.47,2.66,2.67,,,,,,,,,,,,,,,,,,,,,,,,,,,,,,,,
estonia,meistriliiga,2023,2023-08-19,Parnu JK Vaprus,Kalju,3,3,Pinnacle,3.82,3.47,1.81,4.29,3.53,1.85,,,,,,,,,,,,,,,,,,,,,,,,,,,,,,,,,,,,,,,,,,,,,,,,,,,,,,,,,,,,,,,,,2.87,3.13,1.35,1.35,2.24,2.37,1.58,1.60,1.94,2.01,1.83,1.85,1.70,1.75,2.04,2.10,1.48,1.50,2.44,2.57,,,,,,,,,,,,,,,,,,,,,,,,,,,,,,,,
estonia,meistriliiga,2023,2023-08-19,Paide,Tammeka,6,3,Pinnacle,1.39,4.35,6.53,1.53,3.89,6.88,,,,,,,,,,,,,,,,,,,,,,,,,,,,,,,,,,,,,,,,,2.12,2.54,1.65,1.51,1.90,2.24,1.87,1.66,1.62,1.93,2.17,1.93,1.47,1.66,2.47,2.25,1.45,1.51,2.68,2.54,1.44,1.40,2.71,2.89,,,,,,,,,,,,,,,,,,,,,,,,,,,,,,,,,,,,,,,,,,,,,,,,,,,,
estonia,meistriliiga,2023,2023-08-20,Tallinna Kalev,Flora,1,1,Pinnacle,11.29,6.92,1.16,10.31,6.20,1.21,,,,,,,,,,,,,,,,,,,,,,,,,,,,,,,,,,,,,,,,,,,,,,,,,,,,,,,,,,,,,,,,,,,,,,,,,,,,,,,,,,,,,2.57,2.51,1.47,1.52,2.36,2.16,1.51,1.71,2.13,1.95,1.64,1.90,1.91,1.70,1.86,2.17,1.67,1.55,2.08,2.43,1.53,1.50,2.30,2.56,,,,,,,,
estonia,meistriliiga,2023,2023-08-20,Kuressaare,Levadia,2,1,Pinnacle,6.16,4.24,1.44,8.97,5.47,1.28,,,,,,,,,,,,,,,,,,,,,,,,,,,,,,,,,,,,,,,,,,,,,,,,,,,,,,,,,,,,,,,,,,,,,,,,,,,,,,,,,2.07,2.72,1.71,1.45,1.79,2.21,1.99,1.68,1.61,1.93,2.24,1.92,1.44,1.71,2.60,2.15,1.42,1.50,2.80,2.58,,,,,,,,,,,,,,,,
estonia,meistriliiga,2023,2023-08-25,Flora,Harju JK Laagri,2,0,Pinnacle,1.10,9.25,14.68,1.14,9.26,15.68,,,,,,,,,,,,,,,,,,,,,2.18,2.46,1.61,1.54,1.97,2.16,1.81,1.71,1.74,1.95,1.99,1.90,1.52,1.69,2.33,2.18,1.46,1.54,2.53,2.46,,,,,,,,,,,,,,,,,,,,,,,,,,,,,,,,,,,,,,,,,,,,,,,,,,,,,,,,,,,,,,,,,,,,,,,,,,,,
estonia,meistriliiga,2023,2023-08-26,Tammeka,Parnu JK Vaprus,0,0,Pinnacle,2.26,3.15,3.02,2.30,3.48,2.99,,,,,,,,,,,,,,,,,,,,,,,,,,,,,,,,,,,,,,,,,,,,,,,,,,,,,2.62,2.67,1.43,1.47,2.23,2.28,1.61,1.65,1.95,2.00,1.83,1.85,1.63,1.69,2.19,2.20,1.45,1.51,2.57,2.55,1.44,1.44,2.73,2.75,,,,,,,,,,,,,,,,,,,,,,,,,,,,,,,,,,,,,,,,
estonia,meistriliiga,2023,2023-08-26,Levadia,Tallinna Kalev,1,1,Pinnacle,1.22,5.71,9.46,1.29,5.35,9.39,,,,,,,,,,,,,,,,,,,,,,,,,,,,,2.46,2.66,1.49,1.47,2.19,2.40,1.63,1.54,1.90,2.05,1.87,1.76,1.70,1.84,2.08,1.99,1.51,1.62,2.42,2.27,1.39,1.41,2.93,2.81,,,,,,,,,,,,,,,,,,,,,,,,,,,,,,,,,,,,,,,,,,,,,,,,,,,,,,,,,,,,,,,,
estonia,meistriliiga,2023,2023-08-27,Narva,Paide,0,0,Pinnacle,3.86,3.42,1.81,3.66,3.47,2.02,,,,,,,,,,,,,,,,,,,,,,,,,,,,,,,,,,,,,,,,,,,,,,,,,,,,,,,,,,,,,,,,,2.89,2.66,1.35,1.47,2.25,2.12,1.58,1.74,1.94,1.85,1.83,2.02,1.70,1.63,2.04,2.32,1.47,1.40,2.46,2.89,,,,,,,,,,,,,,,,,,,,,,,,,,,,,,,,
estonia,meistriliiga,2023,2023-08-27,Kalju,Kuressaare,4,1,Pinnacle,1.86,3.58,3.63,1.80,3.71,4.30,,,,,,,,,,,,,,,,,,,,,,,,,,,,,,,,,,,,,,,,,,,,,2.67,2.70,1.46,1.46,2.50,2.39,1.47,1.59,2.09,2.03,1.69,1.83,1.86,1.79,1.91,2.05,1.63,1.56,2.19,2.41,1.40,1.36,2.74,3.12,,,,,,,,,,,,,,,,,,,,,,,,,,,,,,,,,,,,,,,,,,,,,,,,
estonia,meistriliiga,2023,2023-09-01,Narva,Tallinna Kalev,2,1,Pinnacle,2.03,3.28,3.28,2.34,3.16,3.19,,,,,,,,,,,,,,,,,,,,,,,,,,,,,,,,,,,,,,,,,,,,,,,,,,,,,2.32,2.72,1.53,1.45,2.02,2.31,1.72,1.63,1.79,2.00,2.00,1.85,1.50,1.65,2.44,2.26,1.37,1.46,2.80,2.68,,,,,,,,,,,,,,,,,,,,,,,,,,,,,,,,,,,,,,,,,,,,
estonia,meistriliiga,2023,2023-09-02,Kuressaare,Tammeka,1,1,Pinnacle,2.00,3.49,3.28,2.36,3.51,2.87,,,,,,,,,,,,,,,,,,,,,,,,,,,,,,,,,,,,,,,,,,,,,,,,,,,,,2.28,2.72,1.58,1.45,2.00,2.33,1.78,1.62,1.74,2.05,2.02,1.81,1.49,1.74,2.45,2.12,1.43,1.54,2.75,2.45,,,,,,,,,,,,,,,,,,,,,,,,,,,,,,,,,,,,,,,,,,,,
estonia,meistriliiga,2023,2023-09-02,Harju JK Laagri,Parnu JK Vaprus,0,4,Pinnacle,2.59,3.06,2.58,2.71,3.34,2.57,,,,,,,,,,,,,,,,,,,,,,,,,,,,,,,,,,,,,,,,,,,,,,,,,,,,,,,,,2.54,2.65,1.44,1.47,2.22,2.32,1.60,1.62,1.89,1.98,1.88,1.88,1.60,1.68,2.20,2.20,1.45,1.52,2.52,2.51,,,,,,,,,,,,,,,,,,,,,,,,,,,,,,,,,,,,,,,,
estonia,meistriliiga,2023,2023-09-03,Paide,Kalju,2,0,Pinnacle,1.95,3.31,3.48,2.58,3.02,2.95,,,,,,,,,,,,,,,,,,,,,,,,,,,,,,,,,,,,,,,,,,,,,,,,,,,,,,,,,1.97,2.52,1.81,1.52,1.69,2.17,2.06,1.70,1.43,1.81,2.57,2.07,1.36,1.55,2.89,2.48,1.43,1.41,2.78,2.87,,,,,,,,,,,,,,,,,,,,,,,,,,,,,,,,,,,,,,,,
estonia,meistriliiga,2023,2023-09-03,Flora,Levadia,2,2,Pinnacle,2.01,3.14,3.50,2.25,3.23,3.29,,,,,,,,,,,,,,,,,,,,,,,,,,,,,,,,,,,,,,,,,,,,,,,,,,,,,2.33,2.63,1.54,1.48,2.03,2.23,1.76,1.67,1.73,1.93,2.00,1.92,1.44,1.61,2.53,2.35,1.36,1.44,3.05,2.77,,,,,,,,,,,,,,,,,,,,,,,,,,,,,,,,,,,,,,,,,,,,
estonia,meistriliiga,2023,2023-09-15,Tammeka,Narva,3,0,Pinnacle,2.80,3.09,2.38,2.86,3.44,2.40,,,,,,,,,,,,,,,,,,,,,,,,,,,,,,,,,,,,,,,,,,,,,,,,,,,,,,,,,2.73,2.73,1.39,1.45,2.40,2.43,1.51,1.55,2.06,2.09,1.74,1.76,1.70,1.79,2.04,2.09,1.52,1.60,2.34,2.37,1.42,1.43,2.83,2.82,,,,,,,,,,,,,,,,,,,,,,,,,,,,,,,,,,,,
estonia,meistriliiga,2023,2023-09-16,Tallinna Kalev,Harju JK Laagri,2,1,Pinnacle,1.77,3.56,3.92,1.57,4.12,5.58,,,,,,,,,,,,,,,,,,,,,,,,,,,,,,,,,,,,,,,,,2.48,2.61,1.52,1.49,2.73,2.31,1.44,1.63,2.33,2.00,1.52,1.85,1.97,1.72,1.75,2.15,1.78,1.55,2.00,2.43,1.55,1.45,2.31,2.73,,,,,,,,,,,,,,,,,,,,,,,,,,,,,,,,,,,,,,,,,,,,,,,,,,,,
estonia,meistriliiga,2023,2023-09-16,Levadia,Paide,1,0,Pinnacle,1.71,3.43,4.38,1.72,3.55,5.10,,,,,,,,,,,,,,,,,,,,,,,,,,,,,,,,,,,,,,,,,,,,,2.62,2.62,1.42,1.48,2.30,2.29,1.56,1.64,1.95,1.93,1.83,1.92,1.70,1.71,2.04,2.16,1.49,1.49,2.42,2.61,,,,,,,,,,,,,,,,,,,,,,,,,,,,,,,,,,,,,,,,,,,,,,,,,,,,
estonia,meistriliiga,2023,2023-09-17,Parnu JK Vaprus,Kuressaare,3,1,Pinnacle,2.60,3.21,2.47,2.66,3.45,2.55,,,,,,,,,,,,,,,,,,,,,,,,,,,,,,,,,,,,,,,,,,,,,,,,,,,,,,,,,2.54,2.60,1.44,1.49,2.24,2.29,1.58,1.64,1.93,1.97,1.84,1.88,1.64,1.68,2.13,2.20,1.48,1.53,2.42,2.50,,,,,,,,,,,,,,,,,,,,,,,,,,,,,,,,,,,,,,,,
estonia,meistriliiga,2023,2023-09-17,Kalju,Flora,0,0,Pinnacle,5.28,4.00,1.53,4.35,3.80,1.77,,,,,,,,,,,,,,,,,,,,,,,,,,,,,,,,,,,,,,,,,,,,,,,,,,,,,,,,,,,,,,,,,3.02,3.06,1.37,1.37,2.75,2.46,1.43,1.54,2.40,2.09,1.51,1.76,2.15,1.87,1.65,1.99,1.88,1.61,1.88,2.34,1.65,1.47,2.16,2.65,,,,,,,,,,,,,,,,,,,,,,,,,,,,
estonia,meistriliiga,2023,2023-09-22,Flora,Tallinna Kalev,1,0,Pinnacle,1.20,6.07,10.12,1.16,7.43,17.53,,,,,,,,,,,,,,,,,,,,,2.56,2.60,1.49,1.48,2.33,2.35,1.57,1.57,2.30,2.10,1.55,1.74,2.04,1.83,1.71,2.01,1.80,1.62,1.96,2.30,1.63,1.49,2.18,2.57,,,,,,,,,,,,,,,,,,,,,,,,,,,,,,,,,,,,,,,,,,,,,,,,,,,,,,,,,,,,,,,,,,,,,,,,
estonia,meistriliiga,2023,2023-09-23,Kalju,Tammeka,4,1,Pinnacle,1.56,3.90,4.93,1.63,3.88,5.40,,,,,,,,,,,,,,,,,,,,,,,,,,,,,,,,,,,,,,,,,2.46,2.63,1.47,1.48,2.21,2.35,1.60,1.61,1.93,2.06,1.74,1.81,1.69,1.78,2.06,2.06,1.54,1.60,2.30,2.31,,,,,,,,,,,,,,,,,,,,,,,,,,,,,,,,,,,,,,,,,,,,,,,,,,,,,,,,
estonia,meistriliiga,2023,2023-09-23,Paide,Parnu JK Vaprus,3,0,Pinnacle,1.55,3.87,5.37,1.44,4.43,7.26,,,,,,,,,,,,,,,,,,,,,,,,,,,,,,,,,,,,,2.68,2.66,1.45,1.47,2.47,2.27,1.49,1.65,2.21,2.01,1.63,1.85,1.93,1.71,1.85,2.16,1.68,1.53,2.11,2.48,,,,,,,,,,,,,,,,,,,,,,,,,,,,,,,,,,,,,,,,,,,,,,,,,,,,,,,,,,,,
estonia,meistriliiga,2023,2023-09-23,Narva,Harju JK Laagri,1,3,Pinnacle,1.69,3.62,4.26,1.55,3.93,6.33,,,,,,,,,,,,,,,,,,,,,,,,,,,,,,,,,,,,,,,,,2.68,2.56,1.45,1.50,2.49,2.27,1.46,1.65,2.20,1.96,1.60,1.89,1.90,1.69,1.87,2.20,1.68,1.53,2.07,2.48,,,,,,,,,,,,,,,,,,,,,,,,,,,,,,,,,,,,,,,,,,,,,,,,,,,,,,,,
estonia,meistriliiga,2023,2023-09-23,Levadia,Kuressaare,4,0,Pinnacle,1.23,5.62,9.13,1.26,5.90,10.02,,,,,,,,,,,,,,,,,,,,,,,,,,,,,2.45,2.58,1.47,1.49,2.19,2.30,1.61,1.62,1.90,1.98,1.85,1.85,1.69,1.76,2.05,2.06,1.51,1.56,2.37,2.39,,,,,,,,,,,,,,,,,,,,,,,,,,,,,,,,,,,,,,,,,,,,,,,,,,,,,,,,,,,,,,,,,,,,
estonia,meistriliiga,2023,2023-09-26,Harju JK Laagri,Levadia,0,1,Pinnacle,11.17,6.62,1.17,17.00,7.57,1.16,,,,,,,,,,,,,,,,,,,,,,,,,,,,,,,,,,,,,,,,,,,,,,,,,,,,,,,,,,,,,,,,,,,,,,,,,,,,,,,,,,,,,,,,,2.32,2.50,1.53,1.51,2.10,2.24,1.68,1.65,1.86,1.95,1.89,1.88,1.65,1.70,2.14,2.16,1.52,1.54,2.36,2.42,,,,,,,,
estonia,meistriliiga,2023,2023-09-26,Kuressaare,Kalju,0,2,Pinnacle,3.87,3.67,1.75,5.77,4.40,1.52,,,,,,,,,,,,,,,,,,,,,,,,,,,,,,,,,,,,,,,,,,,,,,,,,,,,,,,,,,,,,,,,,,,,,,,,,1.99,2.56,1.74,1.50,1.80,2.29,1.98,1.64,1.56,2.00,2.29,1.85,1.43,1.74,2.57,2.12,1.52,1.57,2.39,2.38,,,,,,,,,,,,,,,,,,,,,,,,
estonia,meistriliiga,2023,2023-09-27,Tammeka,Flora,1,2,Pinnacle,8.57,5.51,1.24,12.17,6.02,1.23,,,,,,,,,,,,,,,,,,,,,,,,,,,,,,,,,,,,,,,,,,,,,,,,,,,,,,,,,,,,,,,,,,,,,,,,,,,,,,,,,,,,,2.31,2.52,1.53,1.51,2.01,2.15,1.72,1.70,1.82,1.93,1.93,1.91,1.59,1.66,2.23,2.22,1.46,1.51,2.49,2.51,,,,,,,,,,,,
estonia,meistriliiga,2023,2023-09-27,Tallinna Kalev,Paide,2,1,Pinnacle,4.23,3.63,1.69,4.73,3.64,1.75,,,,,,,,,,,,,,,,,,,,,,,,,,,,,,,,,,,,,,,,,,,,,,,,,,,,,,,,,,,,,,,,,,,,,2.43,2.53,1.48,1.51,2.07,2.12,1.68,1.74,1.86,1.89,1.91,1.96,1.60,1.63,2.21,2.30,1.46,1.49,2.50,2.61,,,,,,,,,,,,,,,,,,,,,,,,,,,,
estonia,meistriliiga,2023,2023-09-27,Parnu JK Vaprus,Narva,3,2,Pinnacle,2.70,3.17,2.47,2.96,3.33,2.39,,,,,,,,,,,,,,,,,,,,,,,,,,,,,,,,,,,,,,,,,,,,,,,,,,,,,,,,,,,,,2.32,2.50,1.56,1.52,1.98,2.14,1.80,1.72,1.68,1.81,2.12,2.07,1.51,1.60,2.42,2.36,1.42,1.43,2.82,2.79,,,,,,,,,,,,,,,,,,,,,,,,,,,,,,,,,,,,
estonia,meistriliiga,2023,2023-09-30,Tammeka,Paide,1,2,Pinnacle,4.58,3.76,1.62,4.49,3.73,1.76,,,,,,,,,,,,,,,,,,,,,,,,,,,,,,,,,,,,,,,,,,,,,,,,,,,,,,,,,,,,,,,,,3.05,3.13,1.37,1.35,2.61,2.48,1.42,1.53,2.20,2.10,1.61,1.75,1.98,1.88,1.79,1.97,1.69,1.63,2.05,2.32,1.52,1.48,2.32,2.62,,,,,,,,,,,,,,,,,,,,,,,,,,,,
estonia,meistriliiga,2023,2023-09-30,Harju JK Laagri,Kalju,1,0,Pinnacle,6.25,4.49,1.41,13.44,6.04,1.22,,,,,,,,,,,,,,,,,,,,,,,,,,,,,,,,,,,,,,,,,,,,,,,,,,,,,,,,,,,,,,,,,,,,,,,,,,,,,,,,,,,,,1.88,2.61,1.89,1.48,1.68,2.22,2.11,1.67,1.50,1.99,2.42,1.85,1.42,1.73,2.66,2.11,1.45,1.56,2.58,2.39,,,,,,,,,,,,
estonia,meistriliiga,2023,2023-10-01,Kuressaare,Tallinna Kalev,1,1,Pinnacle,2.59,3.24,2.46,3.27,3.73,2.07,,,,,,,,,,,,,,,,,,,,,,,,,,,,,,,,,,,,,,,,,,,,,,,,,,,,,,,,,,,,,2.24,2.81,1.58,1.43,1.93,2.47,1.84,1.56,1.65,2.05,2.13,1.82,1.49,1.79,2.41,2.05,1.45,1.60,2.56,2.33,1.41,1.42,2.85,2.83,,,,,,,,,,,,,,,,,,,,,,,,,,,,,,,,
estonia,meistriliiga,2023,2023-10-01,Parnu JK Vaprus,Flora,0,1,Pinnacle,10.00,6.11,1.20,11.37,6.77,1.21,,,,,,,,,,,,,,,,,,,,,,,,,,,,,,,,,,,,,,,,,,,,,,,,,,,,,,,,,,,,,,,,,,,,,,,,,,,,,,,,,,,,,2.56,2.63,1.43,1.47,2.19,2.30,1.61,1.60,1.98,2.08,1.78,1.75,1.72,1.85,2.01,1.99,1.55,1.65,2.26,2.25,1.52,1.52,2.48,2.48,,,,,,,,
estonia,meistriliiga,2023,2023-10-01,Levadia,Narva,3,0,Pinnacle,1.24,5.40,9.16,1.27,5.84,9.88,,,,,,,,,,,,,,,,,,,,,,,,,,,,,2.58,2.60,1.44,1.48,2.30,2.32,1.56,1.61,1.96,2.00,1.79,1.85,1.75,1.78,2.00,2.05,1.54,1.57,2.31,2.36,,,,,,,,,,,,,,,,,,,,,,,,,,,,,,,,,,,,,,,,,,,,,,,,,,,,,,,,,,,,,,,,,,,,
estonia,meistriliiga,2023,2023-10-07,Tallinna Kalev,Levadia,1,2,Pinnacle,7.64,5.09,1.29,9.25,5.67,1.30,,,,,,,,,,,,,,,,,,,,,,,,,,,,,,,,,,,,,,,,,,,,,,,,,,,,,,,,,,,,,,,,,,,,,,,,,,,,,,,,,2.59,2.85,1.43,1.42,2.14,2.30,1.64,1.63,1.90,2.01,1.87,1.85,1.68,1.78,2.08,2.07,1.47,1.54,2.45,2.45,,,,,,,,,,,,,,,,
estonia,meistriliiga,2023,2023-10-07,Narva,Tammeka,2,0,Pinnacle,2.31,3.40,2.75,2.21,3.49,3.14,,,,,,,,,,,,,,,,,,,,,,,,,,,,,,,,,,,,,,,,,,,,,,,,,,,,,2.68,2.55,1.42,1.51,2.29,2.19,1.58,1.69,2.02,1.93,1.76,1.93,1.72,1.63,2.05,2.31,1.53,1.47,2.36,2.67,,,,,,,,,,,,,,,,,,,,,,,,,,,,,,,,,,,,,,,,,,,,
estonia,meistriliiga,2023,2023-10-07,Kalju,Parnu JK Vaprus,1,1,Pinnacle,1.47,4.16,5.51,1.41,4.52,7.78,,,,,,,,,,,,,,,,,,,,,,,,,,,,,,,,,2.84,2.85,1.42,1.41,2.60,2.43,1.48,1.55,2.25,2.12,1.56,1.74,2.02,1.89,1.72,1.96,1.78,1.63,2.00,2.30,1.57,1.47,2.26,2.65,,,,,,,,,,,,,,,,,,,,,,,,,,,,,,,,,,,,,,,,,,,,,,,,,,,,,,,,,,,,
estonia,meistriliiga,2023,2023-10-07,Flora,Kuressaare,3,0,Pinnacle,1.16,6.91,11.47,1.16,7.64,15.25,,,,,,,,,,,,,,,,,,,,,,,,,2.29,2.35,1.54,1.57,2.07,2.12,1.68,1.72,1.84,1.87,1.92,1.97,1.63,1.66,2.15,2.23,1.50,1.52,2.38,2.48,,,,,,,,,,,,,,,,,,,,,,,,,,,,,,,,,,,,,,,,,,,,,,,,,,,,,,,,,,,,,,,,,,,,,,,,
estonia,meistriliiga,2023,2023-10-08,Paide,Harju JK Laagri,4,0,Pinnacle,1.30,4.99,7.66,1.33,5.17,8.95,,,,,,,,,,,,,,,,,,,,,,,,,,,,,,,,,2.51,2.59,1.45,1.49,2.11,2.18,1.65,1.70,1.89,1.93,1.88,1.92,1.66,1.70,2.11,2.17,1.44,1.48,2.55,2.64,,,,,,,,,,,,,,,,,,,,,,,,,,,,,,,,,,,,,,,,,,,,,,,,,,,,,,,,,,,,,,,,
estonia,meistriliiga,2023,2023-10-21,Tallinna Kalev,Parnu JK Vaprus,1,0,Pinnacle,2.12,3.29,3.07,2.04,3.33,3.73,,,,,,,,,,,,,,,,,,,,,,,,,,,,,,,,,,,,,,,,,,,,,,,,,2.69,2.92,1.45,1.40,2.43,2.35,1.48,1.61,2.10,2.04,1.66,1.83,1.86,1.75,1.91,2.10,1.56,1.47,2.28,2.68,,,,,,,,,,,,,,,,,,,,,,,,,,,,,,,,,,,,,,,,,,,,,,,,
estonia,meistriliiga,2023,2023-10-21,Narva,Kalju,2,1,Pinnacle,4.01,3.58,1.75,3.61,3.37,2.07,,,,,,,,,,,,,,,,,,,,,,,,,,,,,,,,,,,,,,,,,,,,,,,,,,,,,,,,,,,,,3.04,3.04,1.37,1.37,2.86,2.60,1.40,1.49,2.56,2.07,1.45,1.78,2.15,1.81,1.65,2.07,1.92,1.60,1.85,2.38,1.65,1.39,2.16,2.96,,,,,,,,,,,,,,,,,,,,,,,,,,,,,,,,
estonia,meistriliiga,2023,2023-10-21,Levadia,Tammeka,2,1,Pinnacle,1.20,5.95,10.07,1.24,5.91,11.46,,,,,,,,,,,,,,,,,,,,,,,,,,,,,2.32,2.53,1.52,1.50,2.07,2.25,1.68,1.65,1.82,1.95,1.94,1.88,1.63,1.74,2.15,2.10,1.45,1.53,2.51,2.45,,,,,,,,,,,,,,,,,,,,,,,,,,,,,,,,,,,,,,,,,,,,,,,,,,,,,,,,,,,,,,,,,,,,
estonia,meistriliiga,2023,2023-10-22,Harju JK Laagri,Flora,2,3,Pinnacle,14.76,8.68,1.10,12.33,7.12,1.19,,,,,,,,,,,,,,,,,,,,,,,,,,,,,,,,,,,,,,,,,,,,,,,,,,,,,,,,,,,,,,,,,,,,,,,,,,,,,,,,,,,,,2.67,2.67,1.44,1.46,2.53,2.23,1.49,1.66,2.52,2.00,1.45,1.84,2.25,1.73,1.57,2.11,1.95,1.56,1.81,2.38,1.73,1.50,2.00,2.54,,,,,,,,
estonia,meistriliiga,2023,2023-10-22,Paide,Kuressaare,1,0,Pinnacle,1.35,4.79,6.98,1.30,5.76,8.86,,,,,,,,,,,,,,,,,,,,,,,,,,,,,,,,,2.72,2.40,1.41,1.56,2.26,2.04,1.60,1.79,1.99,1.83,1.79,2.02,1.76,1.63,2.00,2.31,1.52,1.42,2.37,2.85,,,,,,,,,,,,,,,,,,,,,,,,,,,,,,,,,,,,,,,,,,,,,,,,,,,,,,,,,,,,,,,,
estonia,meistriliiga,2023,2023-10-27,Tammeka,Tallinna Kalev,2,7,Pinnacle,2.09,3.21,3.30,2.40,3.70,2.70,,,,,,,,,,,,,,,,,,,,,,,,,,,,,,,,,,,,,,,,,,,,,,,,,,,,,,,,,2.17,2.35,1.59,1.58,1.91,2.09,1.84,1.76,1.57,1.81,2.21,2.05,1.40,1.61,2.51,2.35,1.41,1.48,2.60,2.64,,,,,,,,,,,,,,,,,,,,,,,,,,,,,,,,,,,,,,,,
estonia,meistriliiga,2023,2023-10-27,Parnu JK Vaprus,Harju JK Laagri,0,0,Pinnacle,1.90,3.39,3.55,2.15,3.56,3.20,,,,,,,,,,,,,,,,,,,,,,,,,,,,,,,,,,,,,,,,,,,,,,,,,,,,,2.16,2.47,1.63,1.53,1.92,2.13,1.85,1.73,1.66,1.88,2.11,1.97,1.41,1.58,2.64,2.38,1.45,1.44,2.74,2.74,,,,,,,,,,,,,,,,,,,,,,,,,,,,,,,,,,,,,,,,,,,,
estonia,meistriliiga,2023,2023-10-28,Kuressaare,Narva,1,0,Pinnacle,2.68,3.25,2.38,2.64,3.53,2.52,,,,,,,,,,,,,,,,,,,,,,,,,,,,,,,,,,,,,,,,,,,,,,,,,,,,,,,,,2.62,2.58,1.42,1.49,2.32,2.29,1.55,1.64,2.01,1.97,1.78,1.88,1.69,1.70,2.06,2.18,1.52,1.53,2.33,2.47,,,,,,,,,,,,,,,,,,,,,,,,,,,,,,,,,,,,,,,,
estonia,meistriliiga,2023,2023-10-28,Kalju,Levadia,4,3,Pinnacle,3.11,3.57,2.04,4.02,3.82,1.83,,,,,,,,,,,,,,,,,,,,,,,,,,,,,,,,,,,,,,,,,,,,,,,,,,,,,,,,,,,,,,,,,2.37,3.02,1.54,1.38,1.98,2.37,1.80,1.60,1.74,2.04,2.02,1.83,1.54,1.78,2.32,2.06,1.38,1.53,2.82,2.49,1.44,1.44,2.74,2.74,,,,,,,,,,,,,,,,,,,,,,,,,,,,
estonia,meistriliiga,2023,2023-10-28,Flora,Paide,2,1,Pinnacle,1.53,3.95,5.17,1.75,3.43,5.14,,,,,,,,,,,,,,,,,,,,,,,,,,,,,,,,,,,,,,,,,,,,,2.15,2.68,1.63,1.46,1.90,2.35,1.87,1.61,1.65,1.97,2.12,1.88,1.51,1.74,2.36,2.12,1.43,1.50,2.74,2.57,,,,,,,,,,,,,,,,,,,,,,,,,,,,,,,,,,,,,,,,,,,,,,,,,,,,
estonia,meistriliiga,2023,2023-10-31,Kalju,Paide,3,3,Pinnacle,2.42,3.16,2.70,2.64,3.27,2.69,,,,,,,,,,,,,,,,,,,,,,,,,,,,,,,,,,,,,,,,,,,,,,,,,,,,,,,,,2.37,2.58,1.50,1.50,2.08,2.25,1.67,1.66,1.78,1.91,2.00,1.94,1.55,1.64,2.32,2.29,1.41,1.48,2.63,2.62,,,,,,,,,,,,,,,,,,,,,,,,,,,,,,,,,,,,,,,,
estonia,meistriliiga,2023,2023-10-31,Harju JK Laagri,Tallinna Kalev,0,2,Pinnacle,3.71,3.56,1.81,2.94,3.46,2.33,,,,,,,,,,,,,,,,,,,,,,,,,,,,,,,,,,,,,,,,,,,,,,,,,,,,,,,,,,,,,2.90,2.51,1.40,1.52,2.81,2.16,1.37,1.71,2.23,1.83,1.59,2.03,1.94,1.63,1.83,2.31,1.71,1.45,2.03,2.71,,,,,,,,,,,,,,,,,,,,,,,,,,,,,,,,,,,,
estonia,meistriliiga,2023,2023-11-01,Tammeka,Kuressaare,0,1,Pinnacle,2.08,3.45,3.12,2.31,3.71,2.81,,,,,,,,,,,,,,,,,,,,,,,,,,,,,,,,,,,,,,,,,,,,,,,,,,,,,2.36,2.66,1.53,1.47,2.06,2.29,1.71,1.64,1.83,2.03,1.95,1.83,1.56,1.74,2.35,2.12,1.42,1.55,2.68,2.42,,,,,,,,,,,,,,,,,,,,,,,,,,,,,,,,,,,,,,,,,,,,
estonia,meistriliiga,2023,2023-11-01,Narva,Flora,1,3,Pinnacle,8.41,5.40,1.26,9.25,5.63,1.30,,,,,,,,,,,,,,,,,,,,,,,,,,,,,,,,,,,,,,,,,,,,,,,,,,,,,,,,,,,,,,,,,,,,,,,,,,,,,,,,,2.81,2.81,1.37,1.43,2.27,2.26,1.57,1.65,2.00,1.97,1.78,1.88,1.76,1.75,1.96,2.11,1.54,1.52,2.29,2.50,,,,,,,,,,,,,,,,
estonia,meistriliiga,2023,2023-11-01,Levadia,Parnu JK Vaprus,0,0,Pinnacle,1.18,6.41,11.42,1.12,8.71,21.28,,,,,,,,,,,,,,,,,,,,,2.62,2.55,1.47,1.50,2.48,2.23,1.47,1.66,2.24,1.99,1.59,1.85,1.99,1.72,1.78,2.12,1.74,1.55,2.01,2.41,1.57,1.51,2.23,2.51,,,,,,,,,,,,,,,,,,,,,,,,,,,,,,,,,,,,,,,,,,,,,,,,,,,,,,,,,,,,,,,,,,,,,,,,
estonia,meistriliiga,2023,2023-11-04,Narva,Paide,1,3,Pinnacle,4.60,3.89,1.69,7.10,4.79,1.41,,,,,,,,,,,,,,,,,,,,,,,,,,,,,,,,,,,,,,,,,,,,,,,,,,,,,,,,,,,,,,,,,,,,,,,,,,,,,1.95,2.58,1.88,1.50,1.68,2.23,2.19,1.67,1.52,1.88,2.48,1.97,1.49,1.67,2.57,2.23,1.49,1.49,2.54,2.59,,,,,,,,,,,,,,,,,,,,
estonia,meistriliiga,2023,2023-11-04,Kuressaare,Harju JK Laagri,1,1,Pinnacle,1.97,3.74,3.44,2.17,3.86,2.96,,,,,,,,,,,,,,,,,,,,,,,,,,,,,,,,,,,,,,,,,,,,,,,,,2.70,2.86,1.45,1.41,2.24,2.48,1.65,1.53,1.97,2.15,1.86,1.72,1.72,1.92,2.12,1.93,1.48,1.65,2.58,2.26,1.45,1.50,2.73,2.56,,,,,,,,,,,,,,,,,,,,,,,,,,,,,,,,,,,,,,,,,,,,
estonia,meistriliiga,2023,2023-11-05,Tallinna Kalev,Kalju,1,1,Pinnacle,3.29,3.56,1.93,3.84,3.76,1.88,,,,,,,,,,,,,,,,,,,,,,,,,,,,,,,,,,,,,,,,,,,,,,,,,,,,,,,,,,,,,,,,,2.49,2.87,1.46,1.41,2.05,2.28,1.69,1.65,1.82,1.97,1.95,1.88,1.61,1.74,2.18,2.11,1.42,1.51,2.62,2.53,1.50,1.48,2.53,2.62,,,,,,,,,,,,,,,,,,,,,,,,,,,,
estonia,meistriliiga,2023,2023-11-05,Parnu JK Vaprus,Tammeka,2,0,Pinnacle,2.43,3.17,2.67,2.60,3.49,2.58,,,,,,,,,,,,,,,,,,,,,,,,,,,,,,,,,,,,,,,,,,,,,,,,,,,,,2.79,2.73,1.42,1.45,2.38,2.54,1.50,1.51,2.09,2.25,1.67,1.66,1.79,1.93,1.99,1.92,1.55,1.67,2.30,2.23,1.42,1.51,2.61,2.53,,,,,,,,,,,,,,,,,,,,,,,,,,,,,,,,,,,,,,,,
estonia,meistriliiga,2023,2023-11-05,Levadia,Flora,2,1,Pinnacle,2.50,3.02,2.71,2.25,3.38,3.15,,,,,,,,,,,,,,,,,,,,,,,,,,,,,,,,,,,,,,,,,,,,,,,,,,,,,2.80,2.61,1.43,1.48,2.45,2.23,1.48,1.67,2.13,1.95,1.64,1.90,1.81,1.64,1.97,2.29,1.55,1.47,2.31,2.67,1.41,1.44,2.64,2.74,,,,,,,,,,,,,,,,,,,,,,,,,,,,,,,,,,,,,,,,
estonia,meistriliiga,2023,2023-11-10,Tammeka,Harju JK Laagri,2,1,Pinnacle,1.99,3.38,3.28,2.09,3.67,3.27,,,,,,,,,,,,,,,,,,,,,,,,,,,,,,,,,,,,,,,,,,,,,,,,,2.79,2.86,1.37,1.41,2.28,2.37,1.56,1.57,2.01,2.07,1.78,1.78,1.74,1.83,1.99,2.03,1.48,1.56,2.44,2.45,1.39,1.42,2.91,2.82,,,,,,,,,,,,,,,,,,,,,,,,,,,,,,,,,,,,,,,,,,,,
estonia,meistriliiga,2023,2023-11-11,Tallinna Kalev,Narva,5,0,Pinnacle,2.11,3.35,3.03,1.61,4.31,4.93,,,,,,,,,,,,,,,,,,,,,,,,,,,,,,,,,,,,,,,,,2.56,2.64,1.45,1.47,2.29,2.35,1.58,1.61,2.46,2.05,1.49,1.82,2.44,1.76,1.50,2.09,2.11,1.58,1.68,2.35,1.86,1.48,1.91,2.62,,,,,,,,,,,,,,,,,,,,,,,,,,,,,,,,,,,,,,,,,,,,,,,,,,,,
estonia,meistriliiga,2023,2023-11-11,Paide,Levadia,2,2,Pinnacle,3.41,3.34,1.96,3.77,3.80,1.89,,,,,,,,,,,,,,,,,,,,,,,,,,,,,,,,,,,,,,,,,,,,,,,,,,,,,,,,,,,,,,,,,2.53,2.82,1.45,1.42,2.03,2.26,1.70,1.65,1.79,1.96,1.98,1.89,1.58,1.73,2.25,2.13,1.38,1.50,2.76,2.56,,,,,,,,,,,,,,,,,,,,,,,,,,,,,,,,
estonia,meistriliiga,2023,2023-11-11,Kuressaare,Parnu JK Vaprus,1,0,Pinnacle,2.27,3.27,2.81,2.14,3.56,3.23,,,,,,,,,,,,,,,,,,,,,,,,,,,,,,,,,,,,,,,,,,,,,,,,,,,,,2.62,2.44,1.42,1.55,2.25,2.12,1.58,1.74,2.00,1.87,1.78,1.99,1.67,1.58,2.08,2.40,1.49,1.44,2.41,2.76,,,,,,,,,,,,,,,,,,,,,,,,,,,,,,,,,,,,,,,,,,,,
estonia,meistriliiga,2023,2023-11-11,Flora,Kalju,0,0,Pinnacle,1.47,4.21,5.37,1.53,4.33,5.85,,,,,,,,,,,,,,,,,,,,,,,,,,,,,,,,,,,,,,,,,2.24,2.43,1.56,1.55,2.01,2.16,1.72,1.71,1.78,1.88,2.00,1.98,1.58,1.65,2.25,2.27,1.46,1.51,2.50,2.55,,,,,,,,,,,,,,,,,,,,,,,,,,,,,,,,,,,,,,,,,,,,,,,,,,,,,,,,
