Country,League,Date,Home,Away,FTHG,FTAG,bookmaker,HO_Open,DO_Open,AO_Open,HO_Close,DO_Close,AO_Close,-2_AH_H_Open,-2_AH_H_Close,+2_AH_A_Open,+2_AH_A_Close,-1.75_AH_H_Open,-1.75_AH_H_Close,+1.75_AH_A_Open,+1.75_AH_A_Close,-1.5_AH_H_Open,-1.5_AH_H_Close,+1.5_AH_A_Open,+1.5_AH_A_Close,-1.25_AH_H_Open,-1.25_AH_H_Close,+1.25_AH_A_Open,+1.25_AH_A_Close,-1_AH_H_Open,-1_AH_H_Close,+1_AH_A_Open,+1_AH_A_Close,-0.75_AH_H_Open,-0.75_AH_H_Close,+0.75_AH_A_Open,+0.75_AH_A_Close,-0.5_AH_H_Open,-0.5_AH_H_Close,+0.5_AH_A_Open,+0.5_AH_A_Close,-0.25_AH_H_Open,-0.25_AH_H_Close,+0.25_AH_A_Open,+0.25_AH_A_Close,+0_AH_H_Open,+0_AH_H_Close,-0_AH_A_Open,-0_AH_A_Close,+0.25_AH_H_Open,+0.25_AH_H_Close,-0.25_AH_A_Open,-0.25_AH_A_Close,+0.5_AH_H_Open,+0.5_AH_H_Close,-0.5_AH_A_Open,-0.5_AH_A_Close,+0.75_AH_H_Open,+0.75_AH_H_Close,-0.75_AH_A_Open,-0.75_AH_A_Close,+1_AH_H_Open,+1_AH_H_Close,-1_AH_A_Open,-1_AH_A_Close,+1.25_AH_H_Open,+1.25_AH_H_Close,-1.25_AH_A_Open,-1.25_AH_A_Close,+1.5_AH_H_Open,+1.5_AH_H_Close,-1.5_AH_A_Open,-1.5_AH_A_Close,+1.75_AH_H_Open,+1.75_AH_H_Close,-1.75_AH_A_Open,-1.75_AH_A_Close
hungary,merkantil-bank-liga,2023-07-30,Pecsi MFC,Mosonmagyarovari TE,1,0,Pinnacle,1.69,3.31,4.76,1.93,3.40,4.05,,,,,,,,,,,,,,,,,2.32,2.78,1.55,1.43,1.93,2.22,1.84,1.68,1.68,1.93,2.07,1.92,1.46,1.67,2.49,2.24,1.41,1.40,2.85,2.92,,,,,,,,,,,,,,,,,,,,,,,,,,,,
hungary,merkantil-bank-liga,2023-07-30,Vasas,Budafoki,0,1,Pinnacle,1.65,3.68,5.33,1.48,4.12,6.97,,,,,,,,,2.53,2.45,1.50,1.53,2.51,2.16,1.51,1.70,2.17,1.85,1.69,2.01,1.85,1.60,1.99,2.34,1.64,1.46,2.26,2.66,,,,,,,,,,,,,,,,,,,,,,,,,,,,,,,,,,,,
hungary,merkantil-bank-liga,2023-07-30,Ajka,Soroksar,1,1,Pinnacle,1.76,3.45,4.12,1.72,3.64,4.87,,,,,,,,,,,,,2.75,2.64,1.40,1.47,2.42,2.30,1.52,1.62,2.01,1.94,1.78,1.91,1.76,1.70,2.00,2.15,1.53,1.49,2.35,2.58,,,,,,,,,,,,,,,,,,,,,,,,,,,,,,,,
hungary,merkantil-bank-liga,2023-07-30,BVSC-Zuglo,Haladas,1,0,Pinnacle,3.18,3.49,2.16,2.96,3.62,2.26,,,,,,,,,,,,,,,,,,,,,,,,,,,,,2.72,2.54,1.44,1.51,2.36,2.21,1.59,1.68,1.95,1.88,1.88,1.98,1.71,1.67,2.13,2.24,1.52,1.49,2.47,2.61,,,,,,,,,,,,,,,,
hungary,merkantil-bank-liga,2023-07-30,Nyiregyhaza,Siofok,2,0,Pinnacle,2.09,3.11,3.32,1.78,3.72,4.41,,,,,,,,,,,,,2.90,2.77,1.40,1.44,2.65,2.42,1.46,1.57,2.42,2.01,1.48,1.85,2.07,1.76,1.68,2.08,1.82,1.54,1.95,2.45,,,,,,,,,,,,,,,,,,,,,,,,,,,,,,,,
hungary,merkantil-bank-liga,2023-07-30,Gyirmot,Gyor,2,3,Pinnacle,1.82,3.32,3.99,2.32,3.27,2.99,,,,,,,,,,,,,,,,,,,,,2.08,2.71,1.70,1.43,1.83,2.29,1.94,1.61,1.58,2.01,2.28,1.82,1.34,1.68,2.99,2.17,1.34,1.49,2.98,2.54,,,,,,,,,,,,,,,,,,,,,,,,
hungary,merkantil-bank-liga,2023-07-30,Kazincbarcikai,Szeged,0,1,Pinnacle,3.34,3.04,2.11,3.01,3.17,2.44,,,,,,,,,,,,,,,,,,,,,,,,,,,,,2.83,2.52,1.36,1.52,2.41,2.13,1.51,1.73,1.94,1.78,1.83,2.10,1.67,1.58,2.09,2.42,1.47,1.40,2.46,2.90,,,,,,,,,,,,,,,,
hungary,merkantil-bank-liga,2023-07-30,Kozarmisleny SE,Tiszakecske,1,2,Pinnacle,2.00,3.26,3.50,2.06,3.45,3.37,,,,,,,,,,,,,,,,,,,,,2.31,2.38,1.57,1.54,2.00,2.04,1.78,1.75,1.73,1.81,2.04,2.05,1.46,1.52,2.55,2.49,1.45,1.38,2.71,2.87,,,,,,,,,,,,,,,,,,,,,,,,
hungary,merkantil-bank-liga,2023-07-30,Csakvari,Honved,1,2,Pinnacle,3.41,3.47,2.03,3.50,3.49,2.06,,,,,,,,,,,,,,,,,,,,,,,,,,,,,,,,,2.51,2.56,1.49,1.50,2.03,2.06,1.76,1.78,1.79,1.81,2.03,2.06,1.58,1.60,2.34,2.37,1.38,1.39,2.91,2.97,,,,,,,,,,,,
hungary,merkantil-bank-liga,2023-08-05,Szeged,Vasas,4,3,Pinnacle,2.84,3.28,2.46,3.12,3.24,2.34,,,,,,,,,,,,,,,,,,,,,,,,,,,,,2.43,2.63,1.56,1.48,2.07,2.23,1.79,1.67,1.74,1.85,2.10,2.01,1.55,1.63,2.40,2.31,1.51,1.44,2.50,2.75,,,,,,,,,,,,,,,,
hungary,merkantil-bank-liga,2023-08-06,Tiszakecske,Nyiregyhaza,1,1,Pinnacle,2.73,3.01,2.48,2.61,3.20,2.76,,,,,,,,,,,,,,,,,,,,,,,,,2.67,2.55,1.40,1.50,2.33,2.22,1.54,1.67,1.99,1.88,1.79,1.98,1.65,1.61,2.11,2.35,1.48,1.46,2.43,2.69,,,,,,,,,,,,,,,,,,,,
hungary,merkantil-bank-liga,2023-08-06,Soroksar,Gyirmot,1,0,Pinnacle,2.42,3.22,2.72,2.65,3.33,2.63,,,,,,,,,,,,,,,,,,,,,,,,,2.37,2.59,1.52,1.49,2.08,2.27,1.70,1.65,1.78,1.93,2.01,1.92,1.56,1.66,2.35,2.25,1.42,1.50,2.66,2.57,,,,,,,,,,,,,,,,,,,,
hungary,merkantil-bank-liga,2023-08-06,Siofok,Pecsi MFC,0,1,Pinnacle,2.57,2.92,2.70,2.93,2.98,2.63,,,,,,,,,,,,,,,,,,,,,,,,,2.55,2.85,1.46,1.42,2.21,2.46,1.63,1.56,1.84,2.04,1.93,1.83,1.57,1.68,2.32,2.21,1.42,1.50,2.67,2.57,,,,,,,,,,,,,,,,,,,,
hungary,merkantil-bank-liga,2023-08-06,Mosonmagyarovari TE,Kazincbarcikai,0,3,Pinnacle,2.24,3.03,3.19,2.24,3.12,3.19,,,,,,,,,,,,,,,,,,,,,2.62,2.62,1.43,1.43,2.21,2.21,1.62,1.62,1.92,1.96,1.85,1.89,1.58,1.58,2.28,2.28,1.41,1.41,2.68,2.68,,,,,,,,,,,,,,,,,,,,,,,,
hungary,merkantil-bank-liga,2023-08-06,Honved,Kozarmisleny SE,1,2,Pinnacle,1.56,4.48,4.97,1.61,4.22,5.02,,,,,,,,,2.45,2.58,1.53,1.49,2.19,2.31,1.68,1.63,1.93,2.03,1.91,1.83,1.69,1.75,2.18,2.10,1.54,1.58,2.43,2.35,,,,,,,,,,,,,,,,,,,,,,,,,,,,,,,,,,,,
hungary,merkantil-bank-liga,2023-08-06,Gyor,BVSC-Zuglo,4,0,Pinnacle,1.62,4.15,4.87,1.60,4.13,5.25,,,,,,,,,2.60,2.61,1.48,1.49,2.33,2.33,1.61,1.62,2.04,2.03,1.81,1.83,1.76,1.75,2.06,2.11,1.60,1.58,2.31,2.37,,,,,,,,,,,,,,,,,,,,,,,,,,,,,,,,,,,,
hungary,merkantil-bank-liga,2023-08-06,Csakvari,Haladas,4,2,Pinnacle,2.19,3.23,3.00,2.57,3.51,2.61,,,,,,,,,,,,,,,,,,,,,,,,,2.17,2.51,1.62,1.52,1.92,2.22,1.85,1.68,1.60,1.91,2.21,1.94,1.43,1.65,2.56,2.26,1.50,1.51,2.42,2.55,,,,,,,,,,,,,,,,,,,,
hungary,merkantil-bank-liga,2023-08-06,Budafoki,Ajka,2,0,Pinnacle,2.88,2.92,2.43,2.34,3.31,3.10,,,,,,,,,,,,,,,,,,,,,2.73,2.74,1.38,1.45,2.84,2.31,1.37,1.63,2.47,2.02,1.50,1.84,2.07,1.68,1.73,2.24,1.70,1.48,2.08,2.62,,,,,,,,,,,,,,,,,,,,,,,,
hungary,merkantil-bank-liga,2023-08-13,Ajka,Szeged,0,0,Pinnacle,2.38,2.96,2.91,2.70,3.05,2.79,,,,,,,,,,,,,,,,,,,,,,,,,2.36,2.63,1.53,1.48,2.06,2.28,1.74,1.65,1.68,1.89,2.07,1.96,1.47,1.61,2.45,2.35,1.38,1.45,2.81,2.72,,,,,,,,,,,,,,,,,,,,
hungary,merkantil-bank-liga,2023-08-13,BVSC-Zuglo,Soroksar,1,2,Pinnacle,2.63,3.16,2.48,2.63,3.35,2.65,,,,,,,,,,,,,,,,,,,,,,,,,2.60,2.57,1.44,1.50,2.29,2.25,1.58,1.66,1.94,1.92,1.83,1.93,1.65,1.65,2.15,2.27,1.49,1.49,2.45,2.58,,,,,,,,,,,,,,,,,,,,
hungary,merkantil-bank-liga,2023-08-13,Csakvari,Gyor,1,2,Pinnacle,2.47,3.29,2.61,3.24,3.29,2.25,,,,,,,,,,,,,,,,,,,,,,,,,,,,,2.14,2.73,1.66,1.45,1.83,2.34,1.94,1.61,1.60,1.92,2.26,1.93,1.45,1.67,2.56,2.22,1.43,1.48,2.77,2.61,,,,,,,,,,,,,,,,
hungary,merkantil-bank-liga,2023-08-13,Gyirmot,Budafoki,1,1,Pinnacle,2.10,3.21,3.29,2.34,3.39,2.99,,,,,,,,,,,,,,,,,,,,,2.43,2.74,1.50,1.45,2.08,2.31,1.70,1.63,1.82,2.03,1.95,1.83,1.53,1.70,2.41,2.18,1.38,1.51,2.80,2.54,1.47,1.46,2.62,2.69,,,,,,,,,,,,,,,,,,,,
hungary,merkantil-bank-liga,2023-08-13,Kozarmisleny SE,Haladas,2,0,Pinnacle,2.26,3.43,2.80,2.27,3.46,3.04,,,,,,,,,,,,,,,,,,,,,2.62,2.64,1.43,1.48,2.24,2.25,1.61,1.66,1.98,1.98,1.79,1.88,1.69,1.67,2.10,2.23,1.51,1.49,2.41,2.59,,,,,,,,,,,,,,,,,,,,,,,,
hungary,merkantil-bank-liga,2023-08-13,Nyiregyhaza,Honved,0,0,Pinnacle,2.26,3.40,2.81,2.48,3.38,2.75,,,,,,,,,,,,,,,,,,,,,,,,,2.24,2.43,1.61,1.54,1.98,2.13,1.80,1.71,1.68,1.83,2.10,2.03,1.51,1.59,2.42,2.36,1.45,1.45,2.56,2.68,,,,,,,,,,,,,,,,,,,,
hungary,merkantil-bank-liga,2023-08-13,Siofok,Tiszakecske,1,1,Pinnacle,2.27,3.22,2.93,2.16,3.31,3.43,,,,,,,,,,,,,,,,,,,,,2.67,2.50,1.42,1.52,2.25,2.13,1.60,1.73,1.97,1.86,1.81,2.00,1.66,1.55,2.15,2.48,1.47,1.41,2.50,2.89,,,,,,,,,,,,,,,,,,,,,,,,
hungary,merkantil-bank-liga,2023-08-13,Vasas,Mosonmagyarovari TE,5,1,Pinnacle,1.49,3.94,5.73,1.52,4.08,6.25,,,,,,,,,2.38,2.47,1.50,1.52,2.12,2.19,1.65,1.68,1.85,1.90,1.93,1.95,1.61,1.65,2.20,2.25,1.47,1.50,2.47,2.53,,,,,,,,,,,,,,,,,,,,,,,,,,,,,,,,,,,,
hungary,merkantil-bank-liga,2023-08-13,Kazincbarcikai,Pecsi MFC,0,0,Pinnacle,2.95,2.93,2.38,2.79,2.92,2.80,,,,,,,,,,,,,,,,,,,,,,,,,2.88,2.72,1.40,1.45,2.48,2.34,1.46,1.61,2.08,1.93,1.67,1.93,1.75,1.61,2.06,2.34,1.53,1.45,2.35,2.73,,,,,,,,,,,,,,,,,,,,
hungary,merkantil-bank-liga,2023-08-16,Budafoki,BVSC-Zuglo,2,0,Pinnacle,1.58,3.94,5.60,1.67,3.79,5.15,,,,,,,,,,,,,2.33,2.53,1.61,1.51,2.02,2.20,1.83,1.69,1.73,1.87,2.11,1.99,1.56,1.66,2.38,2.25,1.41,1.45,2.83,2.72,,,,,,,,,,,,,,,,,,,,,,,,,,,,,,,,
hungary,merkantil-bank-liga,2023-08-16,Gyor,Kozarmisleny SE,2,1,Pinnacle,1.78,3.60,3.99,1.52,4.24,5.73,,,,,,,,,2.64,2.37,1.48,1.56,2.71,2.12,1.41,1.71,2.39,1.87,1.53,1.98,2.00,1.64,1.78,2.24,1.76,1.50,1.99,2.50,,,,,,,,,,,,,,,,,,,,,,,,,,,,,,,,,,,,
hungary,merkantil-bank-liga,2023-08-16,Haladas,Nyiregyhaza,1,1,Pinnacle,2.33,3.13,2.84,2.97,3.28,2.40,,,,,,,,,,,,,,,,,,,,,,,,,2.31,2.72,1.55,1.45,2.04,2.51,1.76,1.52,1.70,2.14,1.99,1.72,1.49,1.80,2.42,2.07,1.43,1.60,2.71,2.38,1.42,1.42,2.84,2.83,,,,,,,,,,,,,,,,
hungary,merkantil-bank-liga,2023-08-16,Honved,Tiszakecske,2,1,Pinnacle,1.80,3.73,4.16,1.93,3.61,3.77,,,,,,,,,,,,,,,,,2.42,2.76,1.56,1.44,2.03,2.22,1.81,1.68,1.79,1.93,2.03,1.92,1.56,1.68,2.38,2.20,1.40,1.43,2.88,2.78,,,,,,,,,,,,,,,,,,,,,,,,,,,,
hungary,merkantil-bank-liga,2023-08-16,Mosonmagyarovari TE,Ajka,0,2,Pinnacle,2.84,3.23,2.33,3.50,3.29,2.14,,,,,,,,,,,,,,,,,,,,,,,,,,,,,2.42,2.95,1.50,1.39,2.08,2.52,1.70,1.53,1.76,2.02,2.02,1.84,1.57,1.74,2.31,2.12,1.40,1.53,2.74,2.48,,,,,,,,,,,,,,,,
hungary,merkantil-bank-liga,2023-08-16,Pecsi MFC,Vasas,0,0,Pinnacle,3.12,3.27,2.28,3.44,3.25,2.18,,,,,,,,,,,,,,,,,,,,,,,,,,,,,2.64,2.90,1.47,1.40,2.26,2.47,1.65,1.56,1.87,1.98,1.97,1.87,1.64,1.71,2.26,2.15,1.46,1.51,2.65,2.53,,,,,,,,,,,,,,,,
hungary,merkantil-bank-liga,2023-08-16,Soroksar,Csakvari,2,0,Pinnacle,2.07,3.33,3.15,1.98,3.74,3.34,,,,,,,,,,,,,,,,,2.85,2.67,1.41,1.45,2.36,2.23,1.51,1.64,2.05,1.98,1.69,1.84,1.82,1.74,1.95,2.08,1.53,1.50,2.35,2.52,,,,,,,,,,,,,,,,,,,,,,,,,,,,
hungary,merkantil-bank-liga,2023-08-16,Szeged,Gyirmot,1,1,Pinnacle,2.01,3.22,3.41,2.14,3.21,3.59,,,,,,,,,,,,,,,,,,,,,2.33,2.48,1.54,1.53,2.03,2.12,1.76,1.74,1.74,1.84,1.99,2.02,1.46,1.52,2.49,2.56,1.41,1.38,2.82,3.01,,,,,,,,,,,,,,,,,,,,,,,,
hungary,merkantil-bank-liga,2023-08-16,Kazincbarcikai,Siofok,1,1,Pinnacle,2.34,2.98,2.96,2.18,3.22,3.46,,,,,,,,,,,,,,,,,2.93,3.02,1.39,1.37,2.77,2.55,1.38,1.51,2.32,2.16,1.55,1.71,2.03,1.88,1.76,1.98,1.66,1.56,2.11,2.47,1.46,1.40,2.49,2.91,,,,,,,,,,,,,,,,,,,,,,,,
hungary,merkantil-bank-liga,2023-08-19,Ajka,Pecsi MFC,0,2,Pinnacle,2.10,3.01,3.40,2.04,3.26,3.83,,,,,,,,,,,,,,,,,3.14,3.08,1.34,1.36,2.45,2.38,1.47,1.59,2.08,2.04,1.67,1.83,1.82,1.75,1.95,2.11,1.50,1.45,2.45,2.72,,,,,,,,,,,,,,,,,,,,,,,,,,,,
hungary,merkantil-bank-liga,2023-08-19,BVSC-Zuglo,Szeged,0,1,Pinnacle,2.85,3.34,2.27,3.22,3.38,2.22,,,,,,,,,,,,,,,,,,,,,,,,,,,,,2.44,2.73,1.50,1.45,2.11,2.34,1.68,1.61,1.80,1.93,1.98,1.92,1.60,1.69,2.25,2.19,1.43,1.49,2.65,2.58,,,,,,,,,,,,,,,,
hungary,merkantil-bank-liga,2023-08-19,Gyirmot,Mosonmagyarovari TE,2,2,Pinnacle,1.70,3.83,4.10,1.76,3.86,4.31,,,,,,,,,,,,,2.53,2.68,1.46,1.46,2.23,2.36,1.61,1.60,1.90,1.99,1.87,1.87,1.69,1.75,2.09,2.10,1.50,1.54,2.44,2.46,,,,,,,,,,,,,,,,,,,,,,,,,,,,,,,,
hungary,merkantil-bank-liga,2023-08-19,Csakvari,Budafoki,0,1,Pinnacle,2.69,3.20,2.45,2.48,3.29,2.86,,,,,,,,,,,,,,,,,,,,,,,,,2.63,2.42,1.43,1.55,2.32,2.12,1.57,1.74,1.98,1.79,1.80,2.08,1.68,1.56,2.11,2.45,1.51,1.43,2.40,2.79,,,,,,,,,,,,,,,,,,,,
hungary,merkantil-bank-liga,2023-08-19,Nyiregyhaza,Gyor,3,2,Pinnacle,2.29,3.17,2.94,2.72,3.35,2.56,,,,,,,,,,,,,,,,,,,,,,,,,2.27,2.65,1.59,1.47,1.99,2.33,1.79,1.62,1.66,1.99,2.14,1.87,1.47,1.69,2.50,2.19,1.42,1.52,2.67,2.50,,,,,,,,,,,,,,,,,,,,
hungary,merkantil-bank-liga,2023-08-19,Vasas,Kazincbarcikai,2,2,Pinnacle,1.51,4.20,6.12,1.65,3.88,5.16,,,,,,,,,2.45,2.60,1.53,1.49,2.17,2.48,1.69,1.53,1.87,2.15,1.97,1.72,1.63,1.84,2.28,2.02,1.49,1.64,2.57,2.29,1.44,1.44,2.76,2.76,,,,,,,,,,,,,,,,,,,,,,,,,,,,,,,,
hungary,merkantil-bank-liga,2023-08-19,Kozarmisleny SE,Soroksar,2,1,Pinnacle,2.22,3.30,2.88,2.28,3.36,3.12,,,,,,,,,,,,,,,,,,,,,2.56,2.65,1.43,1.47,2.20,2.26,1.61,1.65,1.95,1.97,1.82,1.88,1.64,1.65,2.14,2.26,1.47,1.48,2.47,2.64,,,,,,,,,,,,,,,,,,,,,,,,
hungary,merkantil-bank-liga,2023-08-19,Siofok,Honved,2,1,Pinnacle,3.27,3.49,2.11,2.95,3.49,2.31,,,,,,,,,,,,,,,,,,,,,,,,,,,,,2.80,2.52,1.42,1.52,2.43,2.17,1.56,1.70,2.00,1.84,1.85,2.02,1.74,1.64,2.09,2.29,1.54,1.46,2.43,2.70,,,,,,,,,,,,,,,,
hungary,merkantil-bank-liga,2023-08-19,Tiszakecske,Haladas,2,3,Pinnacle,2.12,3.22,3.12,2.36,3.28,3.05,,,,,,,,,,,,,,,,,,,,,2.45,2.77,1.47,1.44,2.10,2.33,1.66,1.62,1.86,2.03,1.91,1.83,1.55,1.69,2.30,2.19,1.40,1.50,2.67,2.57,,,,,,,,,,,,,,,,,,,,,,,,
hungary,merkantil-bank-liga,2023-08-27,Vasas,Siofok,4,0,Pinnacle,1.61,3.71,4.70,1.71,3.79,4.78,,,,,,,,,,,,,2.37,2.59,1.51,1.49,2.07,2.26,1.68,1.65,1.80,1.92,1.98,1.93,1.60,1.70,2.20,2.18,1.41,1.49,2.63,2.60,,,,,,,,,,,,,,,,,,,,,,,,,,,,,,,,
hungary,merkantil-bank-liga,2023-08-27,Szeged,Csakvari,0,2,Pinnacle,1.74,3.48,4.18,1.75,3.78,4.55,,,,,,,,,,,,,2.70,2.69,1.41,1.46,2.37,2.35,1.54,1.61,1.98,1.97,1.80,1.88,1.74,1.73,2.02,2.13,1.52,1.52,2.39,2.52,1.36,1.38,3.09,3.03,,,,,,,,,,,,,,,,,,,,,,,,,,,,
hungary,merkantil-bank-liga,2023-08-27,Soroksar,Nyiregyhaza,1,2,Pinnacle,2.39,3.16,2.72,2.84,3.35,2.46,,,,,,,,,,,,,,,,,,,,,,,,,2.35,2.77,1.51,1.44,2.06,2.44,1.69,1.57,1.77,2.08,2.02,1.79,1.53,1.75,2.35,2.11,1.40,1.56,2.66,2.40,1.46,1.41,2.65,2.86,,,,,,,,,,,,,,,,
hungary,merkantil-bank-liga,2023-08-27,Pecsi MFC,Gyirmot,0,0,Pinnacle,2.18,3.09,3.13,2.19,3.25,3.41,,,,,,,,,,,,,,,,,3.01,3.14,1.37,1.35,2.55,2.57,1.44,1.50,2.16,2.17,1.63,1.70,1.90,1.88,1.87,1.96,1.57,1.57,2.27,2.44,1.41,1.41,2.66,2.87,,,,,,,,,,,,,,,,,,,,,,,,
hungary,merkantil-bank-liga,2023-08-27,Mosonmagyarovari TE,BVSC-Zuglo,3,3,Pinnacle,2.33,3.16,2.90,2.64,3.44,2.58,,,,,,,,,,,,,,,,,,,,,,,,,2.30,2.57,1.57,1.50,2.01,2.27,1.78,1.65,1.68,1.94,2.10,1.91,1.49,1.67,2.46,2.23,1.43,1.51,2.75,2.53,,,,,,,,,,,,,,,,,,,,
hungary,merkantil-bank-liga,2023-08-27,Gyor,Tiszakecske,2,0,Pinnacle,1.59,3.82,4.95,1.58,4.03,5.65,,,,,,,,,2.53,2.60,1.50,1.49,2.33,2.31,1.54,1.63,2.03,2.01,1.74,1.85,1.76,1.72,2.03,2.14,1.58,1.56,2.29,2.41,,,,,,,,,,,,,,,,,,,,,,,,,,,,,,,,,,,,
hungary,merkantil-bank-liga,2023-08-27,Budafoki,Kozarmisleny SE,1,2,Pinnacle,1.99,3.24,3.45,2.28,3.10,3.37,,,,,,,,,,,,,,,,,,,,,2.32,2.69,1.57,1.46,2.00,2.26,1.78,1.65,1.73,1.95,2.04,1.90,1.45,1.60,2.56,2.37,1.43,1.43,2.76,2.81,,,,,,,,,,,,,,,,,,,,,,,,
hungary,merkantil-bank-liga,2023-08-27,Kazincbarcikai,Ajka,1,0,Pinnacle,2.81,2.98,2.50,2.26,3.02,3.01,,,,,,,,,,,,,,,,,,,,,2.76,2.68,1.42,1.40,2.74,2.24,1.40,1.58,2.39,1.95,1.53,1.79,2.01,1.62,1.78,2.17,1.67,1.44,2.12,2.55,,,,,,,,,,,,,,,,,,,,,,,,
hungary,merkantil-bank-liga,2023-08-28,Honved,Haladas,1,2,Pinnacle,1.95,3.70,3.23,2.06,3.67,3.32,,,,,,,,,,,,,,,,,,,,,2.22,2.34,1.61,1.59,1.95,2.05,1.82,1.79,1.72,1.81,2.05,2.06,1.49,1.55,2.46,2.50,1.47,1.42,2.62,2.85,,,,,,,,,,,,,,,,,,,,,,,,
hungary,merkantil-bank-liga,2023-09-03,Csakvari,Mosonmagyarovari TE,2,0,Pinnacle,1.89,3.48,3.50,1.93,3.57,3.86,,,,,,,,,,,,,,,,,2.60,2.69,1.42,1.46,2.15,2.19,1.63,1.69,1.91,1.93,1.86,1.93,1.65,1.67,2.11,2.23,1.41,1.42,2.63,2.84,,,,,,,,,,,,,,,,,,,,,,,,,,,,
hungary,merkantil-bank-liga,2023-09-03,Ajka,Vasas,1,2,Pinnacle,2.82,3.17,2.32,3.52,3.28,2.13,,,,,,,,,,,,,,,,,,,,,,,,,,,,,2.40,2.97,1.49,1.39,2.06,2.54,1.69,1.53,1.76,2.02,2.04,1.84,1.56,1.74,2.30,2.11,1.39,1.54,2.72,2.47,,,,,,,,,,,,,,,,
hungary,merkantil-bank-liga,2023-09-03,BVSC-Zuglo,Pecsi MFC,0,0,Pinnacle,2.98,3.09,2.27,2.79,3.29,2.54,,,,,,,,,,,,,,,,,,,,,,,,,2.79,2.72,1.42,1.45,2.53,2.38,1.45,1.59,2.15,2.02,1.63,1.84,1.80,1.70,1.98,2.17,1.58,1.53,2.25,2.48,,,,,,,,,,,,,,,,,,,,
hungary,merkantil-bank-liga,2023-09-03,Gyirmot,Kazincbarcikai,2,2,Pinnacle,1.94,3.36,3.46,2.07,3.38,3.54,,,,,,,,,,,,,,,,,,,,,2.22,2.36,1.60,1.57,1.96,2.05,1.82,1.78,1.68,1.80,2.06,2.07,1.43,1.50,2.57,2.59,1.39,1.37,2.94,3.00,,,,,,,,,,,,,,,,,,,,,,,,
hungary,merkantil-bank-liga,2023-09-03,Kozarmisleny SE,Szeged,1,1,Pinnacle,2.48,3.17,2.62,2.47,3.14,2.99,,,,,,,,,,,,,,,,,,,,,2.79,2.93,1.42,1.40,2.43,2.44,1.48,1.57,2.13,2.11,1.64,1.77,1.83,1.74,1.94,2.12,1.58,1.52,2.25,2.51,,,,,,,,,,,,,,,,,,,,,,,,
hungary,merkantil-bank-liga,2023-09-03,Nyiregyhaza,Budafoki,2,0,Pinnacle,2.13,3.16,3.17,2.20,3.26,3.37,,,,,,,,,,,,,,,,,,,,,2.47,2.56,1.47,1.50,2.11,2.18,1.65,1.70,1.86,1.89,1.91,1.96,1.55,1.57,2.32,2.42,1.40,1.42,2.70,2.84,,,,,,,,,,,,,,,,,,,,,,,,
hungary,merkantil-bank-liga,2023-09-03,Siofok,Haladas,1,1,Pinnacle,2.14,3.30,3.03,2.32,3.38,3.02,,,,,,,,,,,,,,,,,,,,,2.46,2.71,1.47,1.45,2.12,2.30,1.65,1.63,1.88,2.01,1.89,1.85,1.58,1.69,2.25,2.20,1.42,1.50,2.60,2.56,,,,,,,,,,,,,,,,,,,,,,,,
hungary,merkantil-bank-liga,2023-09-03,Tiszakecske,Soroksar,1,0,Pinnacle,2.38,3.21,2.71,2.56,3.14,2.87,,,,,,,,,,,,,,,,,,,,,,,,,2.36,2.50,1.53,1.52,2.07,2.17,1.70,1.70,1.77,1.82,2.02,2.05,1.55,1.57,2.36,2.44,1.42,1.43,2.68,2.80,,,,,,,,,,,,,,,,,,,,
hungary,merkantil-bank-liga,2023-09-03,Honved,Gyor,2,1,Pinnacle,2.23,3.38,2.89,3.12,3.56,2.19,,,,,,,,,,,,,,,,,,,,,,,,,,,,,1.95,2.67,1.83,1.47,1.65,2.32,2.15,1.63,1.48,1.93,2.48,1.92,1.47,1.70,2.63,2.17,1.47,1.52,2.66,2.52,,,,,,,,,,,,,,,,
hungary,merkantil-bank-liga,2023-09-24,Ajka,Siofok,0,2,Pinnacle,1.85,3.27,3.90,1.81,3.49,4.55,,,,,,,,,,,,,,,,,2.60,2.53,1.42,1.51,2.11,2.06,1.65,1.78,1.87,1.81,1.90,2.05,1.60,1.57,2.20,2.44,1.35,1.32,2.87,3.31,,,,,,,,,,,,,,,,,,,,,,,,,,,,
hungary,merkantil-bank-liga,2023-09-24,Budafoki,Tiszakecske,2,1,Pinnacle,1.86,3.25,3.88,1.95,3.27,4.16,,,,,,,,,,,,,,,,,2.63,2.88,1.41,1.41,2.13,2.26,1.65,1.65,1.88,1.95,1.89,1.89,1.61,1.67,2.19,2.23,1.36,1.39,2.85,2.96,,,,,,,,,,,,,,,,,,,,,,,,,,,,
hungary,merkantil-bank-liga,2023-09-24,Gyor,Haladas,1,1,Pinnacle,1.73,3.69,3.95,1.70,3.96,4.63,,,,,,,,,,,,,2.57,2.51,1.43,1.52,2.28,2.20,1.56,1.69,1.95,1.88,1.82,1.96,1.72,1.68,2.02,2.21,1.52,1.48,2.34,2.61,,,,,,,,,,,,,,,,,,,,,,,,,,,,,,,,
hungary,merkantil-bank-liga,2023-09-24,Kazincbarcikai,BVSC-Zuglo,2,2,Pinnacle,1.91,3.31,3.62,2.20,3.30,3.34,,,,,,,,,,,,,,,,,,,,,2.18,2.56,1.61,1.50,1.93,2.18,1.85,1.70,1.65,1.89,2.11,1.95,1.40,1.58,2.67,2.41,1.40,1.42,2.87,2.82,,,,,,,,,,,,,,,,,,,,,,,,
hungary,merkantil-bank-liga,2023-09-24,Pecsi MFC,Csakvari,0,1,Pinnacle,1.86,3.26,3.87,2.12,3.06,3.85,,,,,,,,,,,,,,,,,,,,,2.13,2.46,1.65,1.54,1.88,2.10,1.89,1.75,1.61,1.81,2.19,2.06,1.36,1.48,2.84,2.70,1.35,1.34,3.17,3.20,,,,,,,,,,,,,,,,,,,,,,,,
hungary,merkantil-bank-liga,2023-09-24,Soroksar,Honved,1,1,Pinnacle,2.59,3.22,2.54,2.73,3.31,2.57,,,,,,,,,,,,,,,,,,,,,,,,,2.53,2.66,1.47,1.47,2.23,2.33,1.61,1.62,1.90,1.99,1.87,1.87,1.63,1.68,2.19,2.20,1.48,1.52,2.48,2.51,,,,,,,,,,,,,,,,,,,,
hungary,merkantil-bank-liga,2023-09-24,Szeged,Nyiregyhaza,1,1,Pinnacle,2.07,3.18,3.40,2.47,3.23,2.92,,,,,,,,,,,,,,,,,,,,,,,,,2.05,2.41,1.72,1.56,1.79,2.10,1.99,1.75,1.50,1.78,2.49,2.10,1.36,1.55,2.89,2.49,1.41,1.42,2.83,2.84,,,,,,,,,,,,,,,,,,,,
hungary,merkantil-bank-liga,2023-09-24,Vasas,Gyirmot,2,0,Pinnacle,1.62,3.78,4.55,1.76,3.71,4.54,,,,,,,,,,,,,2.34,2.70,1.52,1.46,2.06,2.37,1.69,1.60,1.80,1.99,1.98,1.87,1.61,1.75,2.20,2.11,1.42,1.53,2.61,2.49,,,,,,,,,,,,,,,,,,,,,,,,,,,,,,,,
hungary,merkantil-bank-liga,2023-09-24,Mosonmagyarovari TE,Kozarmisleny SE,1,1,Pinnacle,2.61,3.15,2.49,3.61,3.29,2.10,,,,,,,,,,,,,,,,,,,,,,,,,,,,,2.25,3.04,1.58,1.37,1.93,2.60,1.84,1.51,1.64,2.06,2.14,1.81,1.48,1.76,2.44,2.08,1.39,1.56,2.78,2.42,1.41,1.38,2.82,3.01,,,,,,,,,,,,
hungary,merkantil-bank-liga,2023-09-27,Tiszakecske,Szeged,2,2,Pinnacle,2.80,3.01,2.43,3.13,3.09,2.41,,,,,,,,,,,,,,,,,,,,,,,,,2.73,2.90,1.39,1.40,2.39,2.62,1.52,1.48,2.04,2.20,1.76,1.69,1.68,1.81,2.07,2.06,1.50,1.59,2.38,2.39,1.42,1.41,2.85,2.87,,,,,,,,,,,,,,,,
hungary,merkantil-bank-liga,2023-09-27,Siofok,Gyor,2,4,Pinnacle,3.48,3.33,1.98,4.72,3.87,1.70,,,,,,,,,,,,,,,,,,,,,,,,,,,,,,,,,2.56,3.16,1.45,1.35,2.05,2.61,1.72,1.48,1.80,2.20,1.98,1.69,1.58,1.94,2.28,1.91,1.37,1.66,2.85,2.25,1.41,1.50,2.82,2.58,,,,,,,,
hungary,merkantil-bank-liga,2023-09-27,Kozarmisleny SE,Pecsi MFC,3,0,Pinnacle,2.29,2.99,3.03,2.28,3.36,3.12,,,,,,,,,,,,,,,,,,,,,2.70,2.68,1.40,1.46,2.26,2.25,1.57,1.66,1.98,1.97,1.80,1.88,1.62,1.65,2.17,2.26,1.44,1.47,2.56,2.64,,,,,,,,,,,,,,,,,,,,,,,,
hungary,merkantil-bank-liga,2023-09-27,Haladas,Soroksar,2,1,Pinnacle,2.06,3.41,3.10,2.05,3.43,3.59,,,,,,,,,,,,,,,,,2.82,2.96,1.41,1.39,2.34,2.37,1.52,1.60,2.04,2.05,1.70,1.81,1.82,1.77,1.95,2.08,1.54,1.49,2.33,2.60,,,,,,,,,,,,,,,,,,,,,,,,,,,,
hungary,merkantil-bank-liga,2023-09-27,Nyiregyhaza,Mosonmagyarovari TE,2,0,Pinnacle,1.56,3.85,5.02,1.51,4.14,6.52,,,,,,,,,2.52,2.42,1.45,1.56,2.25,2.15,1.58,1.72,1.96,1.86,1.72,2.00,1.69,1.63,2.05,2.31,1.53,1.49,2.30,2.59,,,,,,,,,,,,,,,,,,,,,,,,,,,,,,,,,,,,
hungary,merkantil-bank-liga,2023-09-27,BVSC-Zuglo,Vasas,0,2,Pinnacle,3.93,3.62,1.75,4.72,3.77,1.72,,,,,,,,,,,,,,,,,,,,,,,,,,,,,,,,,,,,,2.31,2.57,1.53,1.50,1.99,2.16,1.74,1.71,1.79,1.93,1.99,1.93,1.54,1.65,2.33,2.26,1.42,1.50,2.62,2.57,,,,,,,,
hungary,merkantil-bank-liga,2023-09-27,Csakvari,Kazincbarcikai,0,0,Pinnacle,2.15,3.20,3.09,2.40,3.19,3.06,,,,,,,,,,,,,,,,,,,,,2.49,2.84,1.46,1.42,2.13,2.38,1.65,1.60,1.88,2.06,1.88,1.81,1.57,1.70,2.27,2.17,1.41,1.50,2.64,2.57,,,,,,,,,,,,,,,,,,,,,,,,
hungary,merkantil-bank-liga,2023-09-27,Gyirmot,Ajka,2,1,Pinnacle,2.11,3.18,3.21,2.04,3.48,3.52,,,,,,,,,,,,,,,,,2.85,2.97,1.42,1.38,2.43,2.36,1.48,1.60,2.09,2.05,1.67,1.82,1.84,1.76,1.93,2.07,1.53,1.49,2.35,2.57,,,,,,,,,,,,,,,,,,,,,,,,,,,,
hungary,merkantil-bank-liga,2023-09-28,Honved,Budafoki,2,2,Pinnacle,2.13,3.20,3.14,2.18,3.32,3.30,,,,,,,,,,,,,,,,,,,,,2.46,2.53,1.47,1.50,2.11,2.16,1.66,1.70,1.86,1.89,1.91,1.96,1.55,1.58,2.31,2.39,1.40,1.42,2.68,2.79,,,,,,,,,,,,,,,,,,,,,,,,
hungary,merkantil-bank-liga,2023-10-01,Szeged,Honved,1,0,Pinnacle,2.03,3.23,3.34,2.19,3.32,3.33,,,,,,,,,,,,,,,,,,,,,2.33,2.55,1.52,1.51,2.02,2.17,1.72,1.70,1.78,1.89,2.01,1.96,1.49,1.58,2.47,2.41,1.36,1.43,2.85,2.82,,,,,,,,,,,,,,,,,,,,,,,,
hungary,merkantil-bank-liga,2023-10-01,Soroksar,Gyor,1,3,Pinnacle,2.91,3.35,2.18,3.88,3.56,1.93,,,,,,,,,,,,,,,,,,,,,,,,,,,,,,,,,2.17,2.85,1.62,1.42,1.85,2.23,1.93,1.67,1.63,1.93,2.16,1.93,1.45,1.69,2.50,2.19,1.40,1.46,2.88,2.68,,,,,,,,,,,,
hungary,merkantil-bank-liga,2023-10-01,Mosonmagyarovari TE,Tiszakecske,0,2,Pinnacle,2.52,3.07,2.65,3.10,3.05,2.46,,,,,,,,,,,,,,,,,,,,,,,,,2.46,2.75,1.47,1.44,2.15,2.58,1.63,1.50,1.83,2.16,1.94,1.71,1.57,1.78,2.27,2.10,1.43,1.57,2.59,2.44,1.44,1.40,2.73,2.94,,,,,,,,,,,,,,,,
hungary,merkantil-bank-liga,2023-10-01,Kazincbarcikai,Kozarmisleny SE,1,0,Pinnacle,2.34,3.15,2.81,2.51,3.04,3.03,,,,,,,,,,,,,,,,,,,,,2.74,2.96,1.38,1.39,2.32,2.46,1.55,1.54,2.05,2.12,1.75,1.74,1.69,1.76,2.05,2.13,1.50,1.53,2.39,2.55,1.39,1.39,2.95,2.94,,,,,,,,,,,,,,,,,,,,
hungary,merkantil-bank-liga,2023-10-01,Gyirmot,Siofok,1,0,Pinnacle,1.78,3.50,3.93,1.70,3.90,4.72,,,,,,,,,,,,,2.60,2.54,1.49,1.51,2.39,2.22,1.50,1.67,2.00,1.89,1.73,1.96,1.79,1.68,1.99,2.20,1.56,1.48,2.30,2.62,1.33,1.33,2.97,2.97,,,,,,,,,,,,,,,,,,,,,,,,,,,,
hungary,merkantil-bank-liga,2023-10-01,Budafoki,Haladas,0,1,Pinnacle,2.04,3.25,3.29,2.54,3.18,2.85,,,,,,,,,,,,,,,,,,,,,2.34,2.86,1.52,1.41,2.02,2.49,1.71,1.53,1.79,2.16,1.99,1.71,1.50,1.82,2.44,2.05,1.37,1.57,2.81,2.43,1.43,1.43,2.75,2.78,,,,,,,,,,,,,,,,,,,,
hungary,merkantil-bank-liga,2023-10-01,Ajka,BVSC-Zuglo,0,1,Pinnacle,1.72,3.50,4.28,1.83,3.49,4.41,,,,,,,,,,,,,,,,,2.31,2.55,1.55,1.51,1.95,2.08,1.82,1.76,1.70,1.83,2.03,2.03,1.49,1.58,2.40,2.40,1.34,1.34,3.16,3.21,,,,,,,,,,,,,,,,,,,,,,,,,,,,
hungary,merkantil-bank-liga,2023-10-01,Vasas,Csakvari,1,1,Pinnacle,1.45,4.23,5.96,1.51,4.20,6.36,,,,,,,,,2.28,2.44,1.58,1.55,2.03,2.16,1.76,1.71,1.74,1.87,2.02,1.99,1.55,1.63,2.32,2.30,1.48,1.49,2.60,2.59,,,,,,,,,,,,,,,,,,,,,,,,,,,,,,,,,,,,
hungary,merkantil-bank-liga,2023-10-02,Pecsi MFC,Nyiregyhaza,0,4,Pinnacle,2.53,2.90,2.77,3.18,2.81,2.59,,,,,,,,,,,,,,,,,,,,,,,,,2.48,3.09,1.46,1.36,2.14,2.64,1.63,1.50,1.80,2.15,1.98,1.75,1.53,1.72,2.35,2.15,1.39,1.51,2.70,2.53,,,,,,,,,,,,,,,,,,,,
hungary,merkantil-bank-liga,2023-10-08,BVSC-Zuglo,Gyirmot,0,3,Pinnacle,2.78,3.15,2.37,3.19,3.38,2.23,,,,,,,,,,,,,,,,,,,,,,,,,,,,,2.39,2.70,1.52,1.46,2.06,2.32,1.75,1.62,1.70,1.92,2.03,1.93,1.53,1.68,2.32,2.21,1.40,1.49,2.87,2.59,,,,,,,,,,,,,,,,
hungary,merkantil-bank-liga,2023-10-08,Gyor,Budafoki,4,1,Pinnacle,1.66,3.65,4.42,1.57,4.15,5.61,,,,,,,,,2.65,2.55,1.47,1.51,2.46,2.27,1.47,1.65,2.17,1.97,1.63,1.88,1.87,1.70,1.90,2.17,1.65,1.55,2.12,2.44,1.45,1.44,2.51,2.77,,,,,,,,,,,,,,,,,,,,,,,,,,,,,,,,
hungary,merkantil-bank-liga,2023-10-08,Haladas,Szeged,1,1,Pinnacle,2.35,3.12,2.83,2.37,3.21,3.09,,,,,,,,,,,,,,,,,,,,,2.75,2.79,1.38,1.43,2.32,2.34,1.54,1.61,2.05,2.04,1.75,1.83,1.69,1.68,2.05,2.20,1.49,1.49,2.40,2.60,,,,,,,,,,,,,,,,,,,,,,,,
hungary,merkantil-bank-liga,2023-10-08,Csakvari,Ajka,1,0,Pinnacle,2.43,3.01,2.80,2.69,2.98,2.85,,,,,,,,,,,,,,,,,,,,,2.83,2.99,1.38,1.38,2.38,2.63,1.50,1.48,2.07,2.26,1.68,1.65,1.76,1.87,2.04,1.99,1.52,1.58,2.39,2.40,1.39,1.43,2.73,2.78,,,,,,,,,,,,,,,,,,,,
hungary,merkantil-bank-liga,2023-10-08,Kozarmisleny SE,Vasas,4,3,Pinnacle,3.16,3.27,2.08,3.51,3.27,2.14,,,,,,,,,,,,,,,,,,,,,,,,,,,,,2.71,2.95,1.39,1.39,2.35,2.52,1.53,1.53,1.94,2.01,1.83,1.85,1.68,1.74,2.07,2.12,1.50,1.53,2.39,2.48,,,,,,,,,,,,,,,,
hungary,merkantil-bank-liga,2023-10-08,Tiszakecske,Pecsi MFC,0,0,Pinnacle,2.41,2.93,2.90,2.35,3.05,3.29,,,,,,,,,,,,,,,,,,,,,2.66,2.80,1.46,1.43,2.36,2.32,1.51,1.62,2.05,2.00,1.69,1.85,1.72,1.63,2.08,2.30,1.49,1.44,2.46,2.74,,,,,,,,,,,,,,,,,,,,,,,,
hungary,merkantil-bank-liga,2023-10-08,Nyiregyhaza,Kazincbarcikai,1,0,Pinnacle,1.71,3.50,4.34,1.85,3.39,4.51,,,,,,,,,,,,,2.61,2.81,1.42,1.43,2.29,2.60,1.56,1.49,1.94,2.11,1.83,1.75,1.69,1.85,2.05,2.01,1.48,1.59,2.42,2.39,1.37,1.34,3.06,3.24,,,,,,,,,,,,,,,,,,,,,,,,,,,,
hungary,merkantil-bank-liga,2023-10-08,Siofok,Soroksar,0,1,Pinnacle,2.20,3.25,2.94,2.33,3.34,3.04,,,,,,,,,,,,,,,,,,,,,2.55,2.72,1.44,1.45,2.18,2.31,1.61,1.63,1.93,2.02,1.83,1.84,1.62,1.68,2.17,2.20,1.45,1.50,2.52,2.57,,,,,,,,,,,,,,,,,,,,,,,,
hungary,merkantil-bank-liga,2023-10-08,Honved,Mosonmagyarovari TE,3,1,Pinnacle,1.57,3.90,4.82,1.52,4.19,6.22,,,,,,,,,2.52,2.47,1.45,1.53,2.26,2.19,1.57,1.69,2.00,1.89,1.79,1.96,1.71,1.65,2.03,2.27,1.55,1.50,2.27,2.56,,,,,,,,,,,,,,,,,,,,,,,,,,,,,,,,,,,,
hungary,merkantil-bank-liga,2023-10-22,Ajka,Kozarmisleny SE,0,3,Pinnacle,2.17,3.15,3.09,2.40,3.04,3.21,,,,,,,,,,,,,,,,,,,,,2.53,2.83,1.45,1.42,2.15,2.37,1.63,1.60,1.90,2.04,1.87,1.83,1.57,1.67,2.26,2.24,1.41,1.47,2.63,2.68,1.41,1.41,2.72,2.89,,,,,,,,,,,,,,,,,,,,
hungary,merkantil-bank-liga,2023-10-22,Budafoki,Soroksar,0,0,Pinnacle,2.01,3.29,3.35,2.14,3.38,3.39,,,,,,,,,,,,,,,,,,,,,2.31,2.47,1.55,1.53,2.03,2.12,1.77,1.74,1.74,1.85,1.99,2.00,1.47,1.56,2.47,2.47,1.40,1.41,2.89,2.87,,,,,,,,,,,,,,,,,,,,,,,,
hungary,merkantil-bank-liga,2023-10-22,BVSC-Zuglo,Siofok,2,0,Pinnacle,1.95,3.32,3.57,2.25,3.52,3.04,,,,,,,,,,,,,,,,,,,,,2.25,2.62,1.60,1.48,1.95,2.23,1.82,1.67,1.69,1.97,2.09,1.88,1.43,1.66,2.63,2.24,1.46,1.49,2.54,2.59,,,,,,,,,,,,,,,,,,,,,,,,
hungary,merkantil-bank-liga,2023-10-22,Gyirmot,Csakvari,2,1,Pinnacle,1.88,3.35,3.68,1.91,3.52,4.01,,,,,,,,,,,,,,,,,2.63,2.67,1.41,1.47,2.14,2.17,1.64,1.70,1.90,1.91,1.87,1.94,1.63,1.65,2.15,2.26,1.39,1.40,2.73,2.93,,,,,,,,,,,,,,,,,,,,,,,,,,,,
hungary,merkantil-bank-liga,2023-10-22,Mosonmagyarovari TE,Haladas,2,1,Pinnacle,3.13,3.21,2.13,4.14,3.54,1.88,,,,,,,,,,,,,,,,,,,,,,,,,,,,,,,,,2.31,3.03,1.55,1.38,1.91,2.32,1.86,1.62,1.66,1.98,2.11,1.88,1.47,1.73,2.45,2.13,1.44,1.49,2.71,2.61,,,,,,,,,,,,
hungary,merkantil-bank-liga,2023-10-22,Pecsi MFC,Honved,0,0,Pinnacle,2.58,2.98,2.65,2.62,3.04,2.88,,,,,,,,,,,,,,,,,,,,,,,,,2.52,2.56,1.45,1.50,2.20,2.21,1.61,1.68,1.86,1.83,1.91,2.03,1.57,1.57,2.25,2.43,1.43,1.43,2.59,2.81,,,,,,,,,,,,,,,,,,,,
hungary,merkantil-bank-liga,2023-10-22,Szeged,Gyor,1,1,Pinnacle,2.74,3.12,2.41,3.44,3.09,2.26,,,,,,,,,,,,,,,,,,,,,,,,,,,,,2.35,2.87,1.53,1.41,2.02,2.41,1.77,1.58,1.68,1.93,2.07,1.93,1.51,1.67,2.36,2.24,1.44,1.48,2.72,2.64,,,,,,,,,,,,,,,,
hungary,merkantil-bank-liga,2023-10-22,Vasas,Nyiregyhaza,3,0,Pinnacle,2.00,3.57,3.21,2.31,3.39,3.03,,,,,,,,,,,,,,,,,,,,,2.29,2.70,1.58,1.46,2.00,2.29,1.79,1.64,1.75,2.01,2.01,1.85,1.50,1.68,2.42,2.21,1.43,1.50,2.76,2.57,,,,,,,,,,,,,,,,,,,,,,,,
hungary,merkantil-bank-liga,2023-10-22,Kazincbarcikai,Tiszakecske,2,2,Pinnacle,2.11,3.12,3.25,2.23,3.14,3.45,,,,,,,,,,,,,,,,,,,,,2.45,2.61,1.47,1.49,2.09,2.20,1.67,1.68,1.84,1.90,1.93,1.95,1.52,1.57,2.37,2.44,1.38,1.41,2.76,2.89,,,,,,,,,,,,,,,,,,,,,,,,
hungary,merkantil-bank-liga,2023-10-28,Gyor,Mosonmagyarovari TE,4,0,Pinnacle,1.29,5.12,7.68,1.34,5.22,8.61,2.52,2.78,1.45,1.43,2.11,2.28,1.65,1.65,1.89,2.00,1.88,1.86,1.65,1.75,2.12,2.11,1.43,1.50,2.58,2.57,,,,,,,,,,,,,,,,,,,,,,,,,,,,,,,,,,,,,,,,,,,,
hungary,merkantil-bank-liga,2023-10-29,Haladas,Pecsi MFC,0,1,Pinnacle,1.96,3.19,3.59,2.12,3.14,3.73,,,,,,,,,,,,,,,,,2.85,3.18,1.36,1.35,2.27,2.48,1.57,1.53,1.98,2.10,1.80,1.75,1.69,1.81,2.06,2.05,1.42,1.50,2.62,2.64,1.36,1.36,3.12,3.12,,,,,,,,,,,,,,,,,,,,,,,,
hungary,merkantil-bank-liga,2023-10-29,Honved,Kazincbarcikai,0,1,Pinnacle,1.82,3.41,3.87,1.86,3.59,4.12,,,,,,,,,,,,,,,,,2.49,2.57,1.46,1.50,2.05,2.11,1.69,1.74,1.83,1.86,1.94,1.99,1.58,1.62,2.24,2.33,1.35,1.38,2.89,3.03,,,,,,,,,,,,,,,,,,,,,,,,,,,,
hungary,merkantil-bank-liga,2023-10-29,Csakvari,BVSC-Zuglo,0,1,Pinnacle,2.01,3.25,3.38,2.03,3.44,3.66,,,,,,,,,,,,,,,,,2.95,2.94,1.35,1.40,2.34,2.34,1.56,1.61,2.03,2.03,1.76,1.83,1.75,1.75,2.01,2.11,1.47,1.47,2.51,2.65,,,,,,,,,,,,,,,,,,,,,,,,,,,,
hungary,merkantil-bank-liga,2023-10-29,Nyiregyhaza,Ajka,2,1,Pinnacle,1.76,3.39,4.18,1.63,3.95,5.27,,,,,,,,,,,,,2.66,2.51,1.42,1.52,2.39,2.15,1.50,1.72,1.98,1.82,1.75,2.05,1.78,1.62,2.02,2.33,1.53,1.42,2.36,2.82,,,,,,,,,,,,,,,,,,,,,,,,,,,,,,,,
hungary,merkantil-bank-liga,2023-10-29,Siofok,Budafoki,3,1,Pinnacle,2.47,3.01,2.75,2.57,3.07,2.92,,,,,,,,,,,,,,,,,,,,,,,,,2.42,2.52,1.48,1.52,2.11,2.17,1.66,1.70,1.79,1.81,2.00,2.06,1.53,1.56,2.34,2.46,1.40,1.42,2.68,2.84,,,,,,,,,,,,,,,,,,,,
hungary,merkantil-bank-liga,2023-10-29,Soroksar,Szeged,1,1,Pinnacle,2.58,3.06,2.58,2.71,3.14,2.71,,,,,,,,,,,,,,,,,,,,,,,,,2.53,2.64,1.45,1.47,2.21,2.30,1.60,1.64,1.88,1.93,1.88,1.93,1.60,1.63,2.21,2.30,1.45,1.47,2.53,2.64,,,,,,,,,,,,,,,,,,,,
hungary,merkantil-bank-liga,2023-10-29,Tiszakecske,Vasas,1,2,Pinnacle,3.54,3.30,1.93,3.79,3.42,1.99,,,,,,,,,,,,,,,,,,,,,,,,,,,,,,,,,2.61,2.74,1.42,1.44,2.07,2.15,1.68,1.72,1.82,1.86,1.95,1.99,1.59,1.63,2.22,2.30,1.38,1.41,2.76,2.87,,,,,,,,,,,,
hungary,merkantil-bank-liga,2023-10-29,Kozarmisleny SE,Gyirmot,2,2,Pinnacle,2.32,3.23,2.77,2.60,3.01,2.94,,,,,,,,,,,,,,,,,,,,,2.71,2.89,1.39,1.40,2.30,2.54,1.56,1.51,2.04,2.19,1.76,1.69,1.70,1.81,2.04,2.06,1.50,1.56,2.37,2.47,1.40,1.41,2.90,2.86,,,,,,,,,,,,,,,,,,,,
hungary,merkantil-bank-liga,2023-11-05,Ajka,Tiszakecske,1,0,Pinnacle,2.06,3.16,3.45,2.06,3.23,3.82,,,,,,,,,,,,,,,,,3.11,3.11,1.36,1.36,2.37,2.41,1.52,1.58,2.04,2.06,1.72,1.81,1.78,1.76,2.00,2.09,1.49,1.46,2.52,2.70,1.36,1.41,2.93,2.87,,,,,,,,,,,,,,,,,,,,,,,,
hungary,merkantil-bank-liga,2023-11-05,BVSC-Zuglo,Kozarmisleny SE,0,1,Pinnacle,2.73,3.19,2.38,3.02,3.38,2.32,,,,,,,,,,,,,,,,,,,,,,,,,,,,,2.35,2.56,1.53,1.50,2.03,2.20,1.76,1.68,1.70,1.85,2.05,2.01,1.52,1.63,2.33,2.30,1.44,1.46,2.72,2.70,,,,,,,,,,,,,,,,
hungary,merkantil-bank-liga,2023-11-05,Csakvari,Siofok,1,0,Pinnacle,2.04,3.20,3.36,2.02,3.49,3.62,,,,,,,,,,,,,,,,,3.00,2.91,1.37,1.40,2.34,2.33,1.52,1.62,2.02,2.02,1.72,1.84,1.78,1.75,2.01,2.10,1.48,1.48,2.48,2.64,,,,,,,,,,,,,,,,,,,,,,,,,,,,
hungary,merkantil-bank-liga,2023-11-05,Szeged,Budafoki,1,0,Pinnacle,1.86,3.25,3.88,1.91,3.31,4.32,,,,,,,,,,,,,,,,,2.63,2.76,1.41,1.44,2.13,2.19,1.65,1.69,1.88,1.91,1.89,1.94,1.61,1.63,2.19,2.30,1.36,1.36,2.85,3.09,,,,,,,,,,,,,,,,,,,,,,,,,,,,
hungary,merkantil-bank-liga,2023-11-05,Kazincbarcikai,Haladas,2,2,Pinnacle,2.38,3.09,2.80,2.48,3.27,2.87,,,,,,,,,,,,,,,,,,,,,,,,,2.33,2.43,1.52,1.55,2.04,2.12,1.70,1.74,1.74,1.79,2.06,2.08,1.51,1.56,2.40,2.45,1.39,1.43,2.73,2.80,,,,,,,,,,,,,,,,,,,,
hungary,merkantil-bank-liga,2023-11-05,Mosonmagyarovari TE,Soroksar,0,2,Pinnacle,2.84,3.14,2.33,3.11,3.31,2.30,,,,,,,,,,,,,,,,,,,,,,,,,,,,,2.41,2.63,1.49,1.48,2.06,2.25,1.68,1.66,1.76,1.87,2.04,1.99,1.55,1.65,2.31,2.28,1.39,1.46,2.73,2.70,,,,,,,,,,,,,,,,
hungary,merkantil-bank-liga,2023-11-05,Gyirmot,Nyiregyhaza,2,4,Pinnacle,2.41,3.12,2.74,2.78,2.92,2.81,,,,,,,,,,,,,,,,,,,,,,,,,2.36,2.72,1.51,1.45,2.07,2.33,1.68,1.62,1.77,1.92,2.02,1.93,1.53,1.61,2.35,2.35,1.40,1.44,2.68,2.74,,,,,,,,,,,,,,,,,,,,
hungary,merkantil-bank-liga,2023-11-05,Pecsi MFC,Gyor,0,1,Pinnacle,3.69,3.26,1.91,4.37,3.47,1.85,,,,,,,,,,,,,,,,,,,,,,,,,,,,,,,,,2.71,3.17,1.39,1.35,2.12,2.37,1.65,1.60,1.85,2.01,1.93,1.85,1.61,1.75,2.19,2.11,1.39,1.48,2.71,2.62,,,,,,,,,,,,
hungary,merkantil-bank-liga,2023-11-06,Vasas,Honved,3,0,Pinnacle,1.75,3.58,4.13,1.79,3.74,4.34,,,,,,,,,,,,,2.66,2.74,1.42,1.44,2.35,2.41,1.55,1.58,1.97,2.02,1.81,1.84,1.74,1.78,2.02,2.07,1.52,1.55,2.37,2.43,,,,,,,,,,,,,,,,,,,,,,,,,,,,,,,,
hungary,merkantil-bank-liga,2023-11-12,Budafoki,Mosonmagyarovari TE,2,2,Pinnacle,1.67,3.53,4.57,1.79,3.58,4.57,,,,,,,,,,,,,2.53,2.81,1.45,1.43,2.21,2.46,1.60,1.56,1.88,2.03,1.88,1.83,1.66,1.78,2.11,2.07,1.45,1.54,2.52,2.46,,,,,,,,,,,,,,,,,,,,,,,,,,,,,,,,
hungary,merkantil-bank-liga,2023-11-12,Haladas,Vasas,3,3,Pinnacle,3.03,3.27,2.15,3.56,3.39,2.08,,,,,,,,,,,,,,,,,,,,,,,,,,,,,2.60,3.02,1.42,1.38,2.25,2.60,1.58,1.51,1.88,2.07,1.88,1.80,1.65,1.78,2.13,2.06,1.47,1.57,2.47,2.38,1.39,1.39,2.97,2.97,,,,,,,,,,,,
hungary,merkantil-bank-liga,2023-11-12,Honved,Ajka,1,0,Pinnacle,2.01,3.22,3.41,2.20,3.36,3.27,,,,,,,,,,,,,,,,,,,,,2.33,2.56,1.54,1.50,2.03,2.18,1.76,1.70,1.74,1.91,1.99,1.94,1.46,1.60,2.49,2.38,1.38,1.44,2.98,2.77,,,,,,,,,,,,,,,,,,,,,,,,
hungary,merkantil-bank-liga,2023-11-12,Gyor,Kazincbarcikai,2,0,Pinnacle,1.44,4.19,5.81,1.38,4.75,8.30,,,,,2.63,2.48,1.43,1.53,2.26,2.14,1.60,1.72,2.01,1.88,1.78,1.97,1.72,1.60,2.05,2.37,1.54,1.45,2.34,2.73,,,,,,,,,,,,,,,,,,,,,,,,,,,,,,,,,,,,,,,,
hungary,merkantil-bank-liga,2023-11-12,Nyiregyhaza,BVSC-Zuglo,2,0,Pinnacle,1.51,4.00,5.28,1.45,4.45,7.01,,,,,2.74,2.74,1.44,1.44,2.39,2.34,1.50,1.61,2.14,2.06,1.64,1.81,1.88,1.74,1.89,2.11,1.63,1.54,2.15,2.45,1.49,1.44,2.40,2.71,,,,,,,,,,,,,,,,,,,,,,,,,,,,,,,,,,,,
hungary,merkantil-bank-liga,2023-11-12,Siofok,Szeged,0,0,Pinnacle,2.89,2.99,2.35,3.45,3.23,2.18,,,,,,,,,,,,,,,,,,,,,,,,,,,,,2.44,2.90,1.48,1.40,2.07,2.47,1.68,1.56,1.74,1.98,2.03,1.88,1.54,1.71,2.33,2.16,1.37,1.51,2.78,2.55,,,,,,,,,,,,,,,,
hungary,merkantil-bank-liga,2023-11-12,Soroksar,Pecsi MFC,0,0,Pinnacle,2.17,3.04,3.20,2.65,2.81,3.08,,,,,,,,,,,,,,,,,,,,,,,,,2.15,2.59,1.63,1.49,1.88,2.20,1.88,1.68,1.55,1.79,2.31,2.08,1.39,1.52,2.71,2.56,1.42,1.38,2.82,2.99,,,,,,,,,,,,,,,,,,,,
hungary,merkantil-bank-liga,2023-11-12,Kozarmisleny SE,Csakvari,1,1,Pinnacle,1.96,3.33,3.42,2.02,3.33,3.83,,,,,,,,,,,,,,,,,2.79,2.90,1.37,1.40,2.25,2.32,1.58,1.62,1.98,2.02,1.80,1.84,1.70,1.73,2.04,2.13,1.44,1.45,2.53,2.74,,,,,,,,,,,,,,,,,,,,,,,,,,,,
hungary,merkantil-bank-liga,2023-11-12,Tiszakecske,Gyirmot,0,1,Pinnacle,2.63,3.10,2.51,2.71,3.20,2.67,,,,,,,,,,,,,,,,,,,,,,,,,2.57,2.64,1.43,1.47,2.26,2.30,1.57,1.63,1.93,1.94,1.84,1.91,1.63,1.65,2.16,2.27,1.47,1.49,2.46,2.60,,,,,,,,,,,,,,,,,,,,
hungary,merkantil-bank-liga,2023-11-26,BVSC-Zuglo,Tiszakecske,0,0,Pinnacle,2.46,3.00,2.77,2.59,3.00,2.95,,,,,,,,,,,,,,,,,,,,,,,,,2.41,2.53,1.49,1.51,2.10,2.18,1.66,1.70,1.78,1.81,2.01,2.06,1.53,1.55,2.36,2.48,1.39,1.41,2.70,2.88,,,,,,,,,,,,,,,,,,,,
hungary,merkantil-bank-liga,2023-11-26,Csakvari,Nyiregyhaza,1,7,Pinnacle,3.62,3.40,2.02,3.67,3.25,2.10,,,,,,,,,,,,,,,,,,,,,,,,,,,,,3.08,3.08,1.36,1.36,2.63,2.63,1.47,1.50,2.09,2.07,1.74,1.81,1.83,1.77,2.02,2.08,1.60,1.55,2.34,2.43,1.38,1.37,2.95,3.06,,,,,,,,,,,,
hungary,merkantil-bank-liga,2023-11-26,Ajka,Haladas,3,1,Pinnacle,2.35,3.21,2.97,2.01,3.43,3.72,,,,,,,,,,,,,,,,,2.78,2.93,1.42,1.40,2.76,2.32,1.41,1.62,2.32,2.01,1.59,1.85,2.04,1.73,1.81,2.13,1.68,1.46,2.14,2.69,,,,,,,,,,,,,,,,,,,,,,,,,,,,
hungary,merkantil-bank-liga,2023-11-26,Kozarmisleny SE,Siofok,7,0,Pinnacle,1.75,3.53,4.05,1.68,3.85,4.94,,,,,,,,,,,,,2.66,2.52,1.40,1.52,2.35,2.20,1.53,1.68,1.97,1.88,1.78,1.98,1.74,1.67,1.99,2.23,1.52,1.46,2.33,2.68,,,,,,,,,,,,,,,,,,,,,,,,,,,,,,,,
hungary,merkantil-bank-liga,2023-11-26,Mosonmagyarovari TE,Szeged,0,1,Pinnacle,3.83,3.22,1.88,5.03,3.62,1.71,,,,,,,,,,,,,,,,,,,,,,,,,,,,,,,,,,,,,2.16,2.62,1.63,1.48,1.87,2.17,1.90,1.70,1.63,1.91,2.16,1.94,1.40,1.62,2.69,2.33,1.44,1.46,2.76,2.69,,,,,,,,
hungary,merkantil-bank-liga,2023-11-26,Pecsi MFC,Budafoki,1,0,Pinnacle,2.16,2.96,3.32,2.21,3.02,3.66,,,,,,,,,,,,,,,,,,,,,2.53,2.60,1.44,1.49,2.14,2.18,1.64,1.69,1.86,1.88,1.91,1.98,1.52,1.53,2.37,2.54,1.37,1.37,2.80,3.03,,,,,,,,,,,,,,,,,,,,,,,,
hungary,merkantil-bank-liga,2023-11-26,Gyirmot,Honved,1,1,Pinnacle,2.40,3.24,2.86,2.48,3.26,2.88,,,,,,,,,,,,,,,,,,,,,,,,,2.38,2.42,1.56,1.56,2.10,2.11,1.77,1.74,1.74,1.79,2.07,2.09,1.52,1.56,2.42,2.46,1.42,1.43,2.81,2.81,,,,,,,,,,,,,,,,,,,,
hungary,merkantil-bank-liga,2023-11-26,Kazincbarcikai,Soroksar,3,1,Pinnacle,2.23,3.10,3.03,2.51,3.01,3.06,,,,,,,,,,,,,,,,,,,,,2.60,3.01,1.42,1.38,2.21,2.48,1.60,1.55,1.94,2.13,1.83,1.76,1.61,1.74,2.20,2.12,1.43,1.51,2.57,2.55,1.42,1.41,2.80,2.86,,,,,,,,,,,,,,,,,,,,
hungary,merkantil-bank-liga,2023-11-27,Vasas,Gyor,6,0,Pinnacle,2.32,3.25,2.77,2.40,3.37,2.91,,,,,,,,,,,,,,,,,,,,,2.70,2.81,1.40,1.43,2.30,2.37,1.56,1.60,2.04,2.08,1.76,1.79,1.70,1.74,2.04,2.12,1.51,1.53,2.37,2.47,,,,,,,,,,,,,,,,,,,,,,,,
hungary,merkantil-bank-liga,2023-12-03,Tiszakecske,Csakvari,1,1,Pinnacle,2.23,2.97,3.67,2.23,2.97,3.67,,,,,,,,,,,,,,,,,,,,,,2.63,,1.48,,2.21,,1.68,,1.89,,1.96,,1.53,,2.53,,1.37,,3.03,,,,,,,,,,,,,,,,,,,,,,,,
hungary,merkantil-bank-liga,2023-12-03,Szeged,Pecsi MFC,1,0,Pinnacle,1.89,3.03,5.04,1.89,3.03,5.04,,,,,,,,,,,,,,,,,,2.83,,1.42,,2.20,,1.69,,1.89,,1.96,,1.60,,2.38,,1.30,,3.46,,,,,,,,,,,,,,,,,,,,,,,,,,,,
hungary,merkantil-bank-liga,2023-12-03,Soroksar,Vasas,1,1,Pinnacle,4.52,3.79,1.75,4.52,3.79,1.75,,,,,,,,,,,,,,,,,,,,,,,,,,,,,,,,,,,,,,2.51,,1.52,,2.13,,1.74,,1.89,,1.96,,1.62,,2.33,,1.47,,2.65,,,,,,,,
hungary,merkantil-bank-liga,2023-12-03,Siofok,Mosonmagyarovari TE,1,3,Pinnacle,2.08,3.51,3.42,2.08,3.51,3.42,,,,,,,,,,,,,,,,,,,,,,2.39,,1.57,,2.06,,1.78,,1.81,,2.05,,1.53,,2.53,,1.40,,2.91,,,,,,,,,,,,,,,,,,,,,,,,
hungary,merkantil-bank-liga,2023-12-03,Honved,BVSC-Zuglo,1,1,Pinnacle,1.74,3.66,4.75,1.74,3.66,4.75,,,,,,,,,,,,,,2.72,,1.45,,2.37,,1.60,,1.97,,1.88,,1.73,,2.13,,1.51,,2.55,,,,,,,,,,,,,,,,,,,,,,,,,,,,,,,,
hungary,merkantil-bank-liga,2023-12-03,Haladas,Gyirmot,1,1,Pinnacle,2.52,3.47,2.68,2.52,3.47,2.68,,,,,,,,,,,,,,,,,,,,,,,,,,2.46,,1.54,,2.17,,1.70,,1.86,,1.99,,1.63,,2.32,,1.48,,2.62,,,,,,,,,,,,,,,,,,,,
hungary,merkantil-bank-liga,2023-12-03,Gyor,Ajka,1,0,Pinnacle,1.55,4.06,6.00,1.55,4.06,6.00,,,,,,,,,,2.60,,1.49,,2.30,,1.63,,1.97,,1.88,,1.69,,2.19,,1.53,,2.48,,,,,,,,,,,,,,,,,,,,,,,,,,,,,,,,,,,,
hungary,merkantil-bank-liga,2023-12-03,Budafoki,Kazincbarcikai,2,0,Pinnacle,2.65,2.93,2.95,2.65,2.93,2.95,,,,,,,,,,,,,,,,,,,,,,,,,,2.59,,1.49,,2.22,,1.68,,1.83,,2.04,,1.56,,2.47,,1.41,,2.88,,,,,,,,,,,,,,,,,,,,
hungary,merkantil-bank-liga,2023-12-04,Nyiregyhaza,Kozarmisleny SE,5,1,Pinnacle,1.98,3.50,3.73,1.98,3.50,3.73,,,,,,,,,,,,,,,,,,2.82,,1.43,,2.27,,1.65,,1.98,,1.87,,1.71,,2.15,,1.45,,2.72,,,,,,,,,,,,,,,,,,,,,,,,,,,,
hungary,merkantil-bank-liga,2023-12-10,Honved,Csakvari,2,2,Pinnacle,2.06,3.38,3.62,2.06,3.38,3.62,,,,,,,,,,,,,,,,,,3.04,,1.37,,2.39,,1.59,,2.06,,1.81,,1.77,,2.07,,1.49,,2.61,,,,,,,,,,,,,,,,,,,,,,,,,,,,
hungary,merkantil-bank-liga,2023-12-10,Mosonmagyarovari TE,Pecsi MFC,0,1,Pinnacle,4.23,3.19,1.97,4.23,3.19,1.97,,,,,,,,,,,,,,,,,,,,,,,,,,,,,,,,,,2.98,,1.39,,2.22,,1.68,,1.88,,1.97,,1.63,,2.30,,1.38,,2.99,,,,,,,,,,,,
hungary,merkantil-bank-liga,2023-12-10,Siofok,Nyiregyhaza,1,3,Pinnacle,8.39,4.93,1.36,8.39,4.93,1.36,,,,,,,,,,,,,,,,,,,,,,,,,,,,,,,,,,,,,,,,,,,,,,2.78,,1.43,,2.39,,1.59,,1.96,,1.89,,1.71,,2.16,,1.52,,2.51
hungary,merkantil-bank-liga,2023-12-10,Szeged,Kazincbarcikai,3,0,Pinnacle,1.70,3.48,5.54,1.70,3.48,5.54,,,,,,,,,,,,,,2.70,,1.46,,2.32,,1.62,,1.92,,1.93,,1.68,,2.20,,1.46,,2.70,,1.29,,3.51,,,,,,,,,,,,,,,,,,,,,,,,,,,,
