Country,League,Year,Date,Home,Away,bookmaker,HO_Open,DO_Open,AO_Open,HO_Close,DO_Close,AO_Close,-4_AH_H_Open,-4_AH_H_Close,+4_AH_A_Open,+4_AH_A_Close,-3.75_AH_H_Open,-3.75_AH_H_Close,+3.75_AH_A_Open,+3.75_AH_A_Close,-3.5_AH_H_Open,-3.5_AH_H_Close,+3.5_AH_A_Open,+3.5_AH_A_Close,-3.25_AH_H_Open,-3.25_AH_H_Close,+3.25_AH_A_Open,+3.25_AH_A_Close,-3_AH_H_Open,-3_AH_H_Close,+3_AH_A_Open,+3_AH_A_Close,-2.75_AH_H_Open,-2.75_AH_H_Close,+2.75_AH_A_Open,+2.75_AH_A_Close,-2.5_AH_H_Open,-2.5_AH_H_Close,+2.5_AH_A_Open,+2.5_AH_A_Close,-2.25_AH_H_Open,-2.25_AH_H_Close,+2.25_AH_A_Open,+2.25_AH_A_Close,-2_AH_H_Open,-2_AH_H_Close,+2_AH_A_Open,+2_AH_A_Close,-1.75_AH_H_Open,-1.75_AH_H_Close,+1.75_AH_A_Open,+1.75_AH_A_Close,-1.5_AH_H_Open,-1.5_AH_H_Close,+1.5_AH_A_Open,+1.5_AH_A_Close,-1.25_AH_H_Open,-1.25_AH_H_Close,+1.25_AH_A_Open,+1.25_AH_A_Close,-1_AH_H_Open,-1_AH_H_Close,+1_AH_A_Open,+1_AH_A_Close,-0.75_AH_H_Open,-0.75_AH_H_Close,+0.75_AH_A_Open,+0.75_AH_A_Close,-0.5_AH_H_Open,-0.5_AH_H_Close,+0.5_AH_A_Open,+0.5_AH_A_Close,-0.25_AH_H_Open,-0.25_AH_H_Close,+0.25_AH_A_Open,+0.25_AH_A_Close,+0_AH_H_Open,+0_AH_H_Close,-0_AH_A_Open,-0_AH_A_Close,+0.25_AH_H_Open,+0.25_AH_H_Close,-0.25_AH_A_Open,-0.25_AH_A_Close,+0.5_AH_H_Open,+0.5_AH_H_Close,-0.5_AH_A_Open,-0.5_AH_A_Close,+0.75_AH_H_Open,+0.75_AH_H_Close,-0.75_AH_A_Open,-0.75_AH_A_Close,+1_AH_H_Open,+1_AH_H_Close,-1_AH_A_Open,-1_AH_A_Close,+1.25_AH_H_Open,+1.25_AH_H_Close,-1.25_AH_A_Open,-1.25_AH_A_Close,+1.5_AH_H_Open,+1.5_AH_H_Close,-1.5_AH_A_Open,-1.5_AH_A_Close,+1.75_AH_H_Open,+1.75_AH_H_Close,-1.75_AH_A_Open,-1.75_AH_A_Close,+2_AH_H_Open,+2_AH_H_Close,-2_AH_A_Open,-2_AH_A_Close,+2.25_AH_H_Open,+2.25_AH_H_Close,-2.25_AH_A_Open,-2.25_AH_A_Close,+2.5_AH_H_Open,+2.5_AH_H_Close,-2.5_AH_A_Open,-2.5_AH_A_Close,+2.75_AH_H_Open,+2.75_AH_H_Close,-2.75_AH_A_Open,-2.75_AH_A_Close,+3_AH_H_Open,+3_AH_H_Close,-3_AH_A_Open,-3_AH_A_Close,+3.25_AH_H_Open,+3.25_AH_H_Close,-3.25_AH_A_Open,-3.25_AH_A_Close,+3.5_AH_H_Open,+3.5_AH_H_Close,-3.5_AH_A_Open,-3.5_AH_A_Close,+3.75_AH_H_Open,+3.75_AH_H_Close,-3.75_AH_A_Open,-3.75_AH_A_Close,FTR
ireland,premier-division,2023,2023-02-17,St. Patricks,Derry City,Pinnacle,2.87,3.36,2.42,3.28,3.28,2.36,,,,,,,,,,,,,,,,,,,,,,,,,,,,,,,,,,,,,,,,,,,,,,,,,,,,,3.59,4.26,1.28,1.25,2.85,3.25,1.41,1.37,2.47,2.79,1.53,1.48,2.08,2.32,1.75,1.66,1.74,1.88,2.08,2.01,1.56,1.65,2.41,2.35,1.39,1.46,2.93,2.88,1.23,1.27,4.05,4.03,1.19,1.22,4.82,4.60,,,,,,,,,,,,,,,,,,,,,,,,,,,,,,,,,,,,,,,,,1:1
ireland,premier-division,2023,2023-02-17,Cork City,Bohemians,Pinnacle,2.72,3.68,2.54,2.98,3.34,2.52,,,,,,,,,,,,,,,,,,,,,,,,,,,,,,,,,,,,,,,,,,,,,,,,,4.70,5.64,1.21,1.17,3.33,3.75,1.35,1.30,2.71,2.96,1.51,1.44,2.36,2.54,1.64,1.56,1.97,2.12,1.83,1.79,1.73,1.76,2.20,2.15,1.57,1.57,2.52,2.50,1.40,1.40,3.06,3.07,1.25,1.24,4.21,4.32,1.21,1.21,4.74,4.74,,,,,,,,,,,,,,,,,,,,,,,,,,,,,,,,,,,,,,,,,1:2
ireland,premier-division,2023,2023-02-17,Shelbourne,Drogheda,Pinnacle,1.45,4.42,6.59,1.62,4.01,5.86,,,,,,,,,,,,,,,,,,,,,,,,,,,,,,,,,3.57,4.89,1.28,1.20,2.75,3.45,1.44,1.34,2.31,2.80,1.60,1.48,2.03,2.45,1.79,1.60,1.74,2.10,2.08,1.81,1.55,1.79,2.42,2.11,1.44,1.61,2.74,2.42,1.29,1.42,3.48,3.01,1.19,1.23,4.66,4.46,,,,,,,,,,,,,,,,,,,,,,,,,,,,,,,,,,,,,,,,,,,,,,,,,,,,,,,,,,,,,0:0
ireland,premier-division,2023,2023-02-17,Dundalk,UC Dublin,Pinnacle,1.36,5.26,9.03,1.27,5.80,12.95,,,,,,,,,,,,,,,,,,,,,3.85,3.84,1.28,1.28,3.69,3.11,1.30,1.38,3.31,2.78,1.36,1.47,2.93,2.47,1.44,1.59,2.35,2.05,1.65,1.82,1.99,1.81,1.81,2.06,1.79,1.61,2.11,2.42,1.54,1.40,2.60,3.18,1.42,1.30,2.99,3.60,1.35,1.26,3.39,4.06,,,,,,,,,,,,,,,,,,,,,,,,,,,,,,,,,,,,,,,,,,,,,,,,,,,,,,,,,,,,,,,,,,,,,1:1
ireland,premier-division,2023,2023-02-18,Sligo Rovers,Shamrock Rovers,Pinnacle,4.34,3.57,1.81,5.66,3.78,1.68,,,,,,,,,,,,,,,,,,,,,,,,,,,,,,,,,,,,,,,,,,,,,,,,,,,,,,,,,,,,,3.77,4.89,1.26,1.20,3.25,4.22,1.33,1.25,2.40,2.86,1.56,1.46,2.01,2.30,1.81,1.67,1.75,2.00,2.05,1.88,1.51,1.69,2.53,2.26,1.39,1.52,2.92,2.66,1.32,1.41,3.31,3.05,1.23,1.28,4.29,3.86,,,,,,,,,,,,,,,,,,,,,,,,,,,,,,,,,1:1
ireland,premier-division,2023,2023-02-24,St. Patricks,Shelbourne,Pinnacle,1.78,3.76,4.83,2.06,3.30,4.08,,,,,,,,,,,,,,,,,,,,,,,,,,,,,,,,,,,,,,,,,3.63,4.36,1.31,1.24,3.15,3.86,1.40,1.29,2.63,3.33,1.53,1.37,2.01,2.45,1.80,1.60,1.77,2.06,2.13,1.84,1.54,1.75,2.59,2.16,1.32,1.45,3.59,2.90,1.25,1.34,4.18,3.46,1.22,1.27,4.14,4.02,,,,,,,,,,,,,,,,,,,,,,,,,,,,,,,,,,,,,,,,,,,,,,,,,,,,,1:0
ireland,premier-division,2023,2023-02-24,Bohemians,Dundalk,Pinnacle,2.83,3.42,2.58,2.35,3.25,3.33,,,,,,,,,,,,,,,,,,,,,,,,,,,,,,,,,,,,,,,,,,,,,4.89,4.52,1.20,1.23,5.07,3.97,1.19,1.27,3.50,2.86,1.33,1.46,2.81,2.34,1.47,1.65,2.42,2.00,1.61,1.88,1.99,1.65,1.82,2.34,1.72,1.47,2.21,2.83,1.55,1.36,2.57,3.29,1.39,1.24,3.14,4.28,,,,,,,,,,,,,,,,,,,,,,,,,,,,,,,,,,,,,,,,,,,,,,,,,2:1
ireland,premier-division,2023,2023-02-24,UC Dublin,Sligo Rovers,Pinnacle,4.00,3.44,1.92,6.09,4.01,1.60,,,,,,,,,,,,,,,,,,,,,,,,,,,,,,,,,,,,,,,,,,,,,,,,,,,,,,,,,,,,,3.45,5.21,1.30,1.18,2.95,4.62,1.39,1.22,2.22,3.07,1.65,1.40,1.88,2.45,1.92,1.60,1.65,2.13,2.21,1.77,1.43,1.81,2.80,2.09,1.33,1.60,3.21,2.46,1.27,1.47,3.62,2.83,1.25,1.33,4.04,3.51,1.19,1.19,5.10,5.04,,,,,,,,,,,,,,,,,,,,,,,,,,,,,2:3
ireland,premier-division,2023,2023-02-24,Drogheda,Shamrock Rovers,Pinnacle,7.12,4.63,1.47,7.11,4.83,1.45,,,,,,,,,,,,,,,,,,,,,,,,,,,,,,,,,,,,,,,,,,,,,,,,,,,,,,,,,,,,,,,,,,,,,3.65,3.73,1.31,1.30,2.85,2.92,1.45,1.44,2.52,2.59,1.57,1.54,2.18,2.24,1.74,1.70,1.82,1.91,1.98,1.97,1.67,1.70,2.30,2.23,1.50,1.53,2.71,2.63,1.33,1.35,3.49,3.39,1.28,1.29,3.91,3.82,,,,,,,,,,,,,,,,,,,,,,,,,1:1
ireland,premier-division,2023,2023-02-24,Derry City,Cork City,Pinnacle,1.34,5.15,10.27,1.40,4.77,8.79,,,,,,,,,,,,,,,,,,,,,,,,,,,,,3.42,3.80,1.34,1.29,3.01,3.36,1.42,1.35,2.38,2.61,1.63,1.54,2.01,2.21,1.80,1.72,1.79,1.93,2.11,1.95,1.53,1.64,2.64,2.36,1.40,1.49,3.07,2.76,1.33,1.39,3.50,3.15,1.23,1.25,4.04,4.17,,,,,,,,,,,,,,,,,,,,,,,,,,,,,,,,,,,,,,,,,,,,,,,,,,,,,,,,,,,,,,,,,2:0
ireland,premier-division,2023,2023-03-03,Shelbourne,Bohemians,Pinnacle,2.11,3.27,3.56,3.24,2.93,2.62,,,,,,,,,,,,,,,,,,,,,,,,,,,,,,,,,,,,,,,,,,,,,,,,,3.48,7.11,1.29,1.12,2.54,4.24,1.51,1.25,2.10,3.22,1.72,1.38,1.81,2.70,2.00,1.51,1.50,2.18,2.56,1.75,1.37,1.74,3.05,2.18,1.29,1.54,3.51,2.60,1.19,1.37,4.62,3.26,1.14,1.20,6.51,4.86,1.18,1.18,5.21,5.40,,,,,,,,,,,,,,,,,,,,,,,,,,,,,,,,,,,,,,,,,1:0
ireland,premier-division,2023,2023-03-03,Shamrock Rovers,Derry City,Pinnacle,2.53,3.21,2.84,2.68,3.21,2.87,,,,,,,,,,,,,,,,,,,,,,,,,,,,,,,,,,,,,,,,,,,,,,,,,4.52,4.97,1.19,1.20,3.12,3.34,1.35,1.35,2.51,2.67,1.52,1.52,2.15,2.27,1.69,1.68,1.79,1.88,2.02,2.01,1.55,1.61,2.42,2.43,1.42,1.46,2.83,2.86,1.28,1.31,3.55,3.61,1.15,1.17,5.25,5.45,,,,,,,,,,,,,,,,,,,,,,,,,,,,,,,,,,,,,,,,,,,,,1:2
ireland,premier-division,2023,2023-03-03,Dundalk,St. Patricks,Pinnacle,2.73,3.47,2.64,3.02,3.21,2.57,,,,,,,,,,,,,,,,,,,,,,,,,,,,,,,,,,,,,,,,,,,,,,,,,4.97,5.97,1.20,1.15,3.40,3.84,1.34,1.29,2.72,3.00,1.50,1.43,2.35,2.56,1.65,1.56,1.93,2.12,1.87,1.79,1.69,1.74,2.26,2.17,1.53,1.56,2.62,2.55,1.37,1.39,3.24,3.15,1.22,1.23,4.61,4.52,,,,,,,,,,,,,,,,,,,,,,,,,,,,,,,,,,,,,,,,,,,,,5:0
ireland,premier-division,2023,2023-03-03,Drogheda,Sligo Rovers,Pinnacle,2.84,3.38,2.42,2.93,3.37,2.54,,,,,,,,,,,,,,,,,,,,,,,,,,,,,,,,,,,,,,,,,,,,,,,,,5.22,5.54,1.16,1.17,3.55,3.68,1.28,1.30,2.83,2.91,1.42,1.45,2.45,2.50,1.54,1.58,2.07,2.09,1.76,1.81,1.74,1.75,2.08,2.17,1.56,1.57,2.41,2.52,1.39,1.40,2.93,3.09,1.23,1.24,4.04,4.36,,,,,,,,,,,,,,,,,,,,,,,,,,,,,,,,,,,,,,,,,,,,,1:0
ireland,premier-division,2023,2023-03-03,Cork City,UC Dublin,Pinnacle,1.93,3.36,4.02,1.48,4.57,6.99,,,,,,,,,,,,,,,,,,,,,,,,,,,,,4.15,4.15,1.26,1.26,4.65,3.69,1.22,1.30,3.45,2.80,1.30,1.48,3.75,2.34,1.26,1.65,3.32,2.07,1.32,1.83,2.89,1.77,1.41,2.13,2.25,1.58,1.63,2.48,1.93,1.47,1.86,2.81,1.66,1.32,2.20,3.59,1.40,1.18,2.93,5.28,,,,,,,,,,,,,,,,,,,,,,,,,,,,,,,,,,,,,,,,,,,,,,,,,,,,,,,,,,,,,4:0
ireland,premier-division,2023,2023-03-06,Sligo Rovers,St. Patricks,Pinnacle,2.98,3.38,2.43,2.77,3.32,2.70,,,,,,,,,,,,,,,,,,,,,,,,,,,,,,,,,,,,,,,,,,,,,,,,,5.69,5.09,1.16,1.19,3.74,3.45,1.30,1.34,2.95,2.75,1.43,1.49,2.56,2.36,1.55,1.64,2.16,1.97,1.75,1.92,1.78,1.67,2.05,2.30,1.61,1.51,2.42,2.68,1.44,1.36,2.94,3.33,1.27,1.21,4.03,4.79,,,,,,,,,,,,,,,,,,,,,,,,,,,,,,,,,,,,,,,,,,,,,2:1
ireland,premier-division,2023,2023-03-06,Shamrock Rovers,Cork City,Pinnacle,1.37,4.82,9.13,1.45,4.62,7.48,,,,,,,,,,,,,,,,,,,,,,,,,,,,,4.07,4.10,1.26,1.26,3.62,3.68,1.31,1.30,2.79,2.85,1.48,1.47,2.34,2.40,1.65,1.62,1.95,2.09,1.84,1.82,1.64,1.76,2.35,2.15,1.47,1.56,2.85,2.53,1.36,1.44,3.32,2.90,1.23,1.30,4.40,3.75,,,,,,,,,,,,,,,,,,,,,,,,,,,,,,,,,,,,,,,,,,,,,,,,,,,,,,,,,,,,,,,,,4:4
ireland,premier-division,2023,2023-03-06,Dundalk,Shelbourne,Pinnacle,1.96,3.50,4.02,2.39,3.08,3.44,,,,,,,,,,,,,,,,,,,,,,,,,,,,,,,,,,,,,,,,,,,,,3.56,4.91,1.32,1.20,3.05,4.28,1.42,1.24,2.31,2.96,1.67,1.44,1.92,2.38,1.88,1.63,1.69,2.02,2.26,1.87,1.44,1.64,2.96,2.37,1.33,1.45,3.46,2.90,1.27,1.34,3.96,3.40,1.19,1.23,4.59,4.51,,,,,,,,,,,,,,,,,,,,,,,,,,,,,,,,,,,,,,,,,,,,,,,,,2:1
ireland,premier-division,2023,2023-03-06,Bohemians,Drogheda,Pinnacle,1.70,3.92,4.92,1.68,4.04,5.22,,,,,,,,,,,,,,,,,,,,,,,,,,,,,,,,,,,,,3.96,3.62,1.27,1.31,3.15,2.91,1.39,1.44,2.75,2.57,1.49,1.55,2.33,2.20,1.65,1.72,1.88,1.87,1.92,2.03,1.69,1.67,2.26,2.30,1.50,1.47,2.74,2.82,1.30,1.27,3.76,3.97,1.24,1.22,4.30,4.55,,,,,,,,,,,,,,,,,,,,,,,,,,,,,,,,,,,,,,,,,,,,,,,,,,,,,,,,,3:1
ireland,premier-division,2023,2023-03-06,UC Dublin,Derry City,Pinnacle,12.70,5.58,1.25,9.51,5.14,1.35,,,,,,,,,,,,,,,,,,,,,,,,,,,,,,,,,,,,,,,,,,,,,,,,,,,,,,,,,,,,,,,,,,,,,,,,,3.68,3.40,1.26,1.34,3.88,2.99,1.28,1.42,3.43,2.59,1.34,1.54,2.64,2.10,1.53,1.79,2.23,1.85,1.71,2.05,1.93,1.64,1.85,2.36,1.73,1.44,2.19,2.94,1.57,1.36,2.51,3.31,1.47,1.30,2.81,3.70,,,,,,,,,,,,,,,,,,,,,0:4
ireland,premier-division,2023,2023-03-10,Derry City,Dundalk,Pinnacle,1.57,4.13,5.92,1.69,3.72,5.60,,,,,,,,,,,,,,,,,,,,,,,,,,,,,,,,,,,,,3.54,4.00,1.32,1.27,2.87,3.16,1.46,1.38,2.47,2.76,1.59,1.49,2.03,2.33,1.79,1.65,1.74,1.92,2.17,1.97,1.56,1.69,2.53,2.26,1.39,1.47,3.14,2.82,1.22,1.26,4.59,4.15,1.19,1.21,4.60,4.83,,,,,,,,,,,,,,,,,,,,,,,,,,,,,,,,,,,,,,,,,,,,,,,,,,,,,,,,,0:0
ireland,premier-division,2023,2023-03-10,UC Dublin,Drogheda,Pinnacle,3.01,3.29,2.45,4.35,3.66,1.88,,,,,,,,,,,,,,,,,,,,,,,,,,,,,,,,,,,,,,,,,,,,,,,,,,,,,,,,,2.98,4.29,1.42,1.24,2.58,3.75,1.55,1.30,2.16,3.22,1.75,1.38,1.76,2.39,2.06,1.63,1.60,2.01,2.44,1.88,1.44,1.76,2.96,2.15,1.27,1.52,3.98,2.67,1.23,1.40,4.48,3.07,1.34,1.33,3.33,3.48,,,,,,,,,,,,,,,,,,,,,,,,,,,,,,,,,,,,,0:1
ireland,premier-division,2023,2023-03-10,St. Patricks,Bohemians,Pinnacle,1.81,3.67,4.53,2.43,3.25,3.19,,,,,,,,,,,,,,,,,,,,,,,,,,,,,,,,,,,,,,,,,,,,,2.86,4.46,1.46,1.23,2.48,3.96,1.59,1.27,2.00,2.93,1.81,1.44,1.80,2.42,2.09,1.61,1.57,2.07,2.51,1.83,1.35,1.70,3.39,2.24,1.28,1.50,3.93,2.71,1.21,1.39,4.27,3.15,1.24,1.26,4.18,4.06,,,,,,,,,,,,,,,,,,,,,,,,,,,,,,,,,,,,,,,,,,,,,,,,,0:2
ireland,premier-division,2023,2023-03-10,Shelbourne,Shamrock Rovers,Pinnacle,4.03,3.20,2.07,4.24,3.18,2.07,,,,,,,,,,,,,,,,,,,,,,,,,,,,,,,,,,,,,,,,,,,,,,,,,,,,,,,,,3.98,4.18,1.27,1.25,3.42,3.57,1.34,1.32,2.87,2.97,1.46,1.43,2.15,2.17,1.76,1.75,1.83,1.83,2.07,2.07,1.60,1.60,2.44,2.45,1.38,1.37,3.21,3.29,1.30,1.29,3.68,3.79,1.25,1.24,4.16,4.31,,,,,,,,,,,,,,,,,,,,,,,,,,,,,,,,,,,,,0:0
ireland,premier-division,2023,2023-03-11,Sligo Rovers,Cork City,Pinnacle,1.64,3.99,5.41,2.32,3.31,3.34,,,,,,,,,,,,,,,,,,,,,,,,,,,,,,,,,,,,,,,,,,,,,2.63,4.35,1.53,1.24,2.21,3.82,1.72,1.29,1.80,2.80,2.01,1.48,1.63,2.31,2.38,1.67,1.44,1.98,2.93,1.91,1.26,1.64,4.15,2.36,1.21,1.47,4.74,2.84,1.21,1.36,4.27,3.30,1.22,1.24,4.67,4.29,,,,,,,,,,,,,,,,,,,,,,,,,,,,,,,,,,,,,,,,,,,,,,,,,2:2
ireland,premier-division,2023,2023-03-16,Drogheda,Dundalk,Pinnacle,4.22,3.62,1.88,3.12,3.42,2.38,,,,,,,,,,,,,,,,,,,,,,,,,,,,,,,,,,,,,,,,,,,,,,,,,,,,,4.20,3.96,1.22,1.27,4.16,3.08,1.26,1.40,3.65,2.67,1.31,1.52,3.15,2.24,1.40,1.70,2.37,1.85,1.63,2.05,1.96,1.63,1.84,2.37,1.76,1.46,2.14,2.87,1.53,1.28,2.63,3.88,1.41,1.24,3.01,4.39,,,,,,,,,,,,,,,,,,,,,,,,,,,,,,,,,,,,,,,,,0:1
ireland,premier-division,2023,2023-03-17,Bohemians,UC Dublin,Pinnacle,1.42,4.77,7.48,1.25,5.99,12.82,,,,,,,,,,,,,,,,,,,,,3.43,3.65,1.32,1.30,3.44,3.02,1.30,1.40,3.96,2.71,1.27,1.48,3.53,2.40,1.32,1.61,2.75,2.04,1.49,1.82,2.32,1.83,1.66,2.05,1.97,1.60,1.83,2.42,1.70,1.37,2.25,3.22,1.52,1.29,2.66,3.71,1.41,1.24,3.05,4.21,,,,,,,,,,,,,,,,,,,,,,,,,,,,,,,,,,,,,,,,,,,,,,,,,,,,,,,,,,,,,,,,,,,,,2:1
ireland,premier-division,2023,2023-03-17,Shamrock Rovers,St. Patricks,Pinnacle,1.76,3.77,4.32,1.64,3.99,5.68,,,,,,,,,,,,,,,,,,,,,,,,,,,,,,,,,,,,,4.09,3.60,1.23,1.31,3.24,2.88,1.33,1.45,2.86,2.52,1.41,1.57,2.46,2.15,1.54,1.76,2.01,1.83,1.81,2.08,1.75,1.63,2.06,2.38,1.54,1.44,2.46,2.96,1.32,1.24,3.28,4.31,1.26,1.20,3.78,4.95,,,,,,,,,,,,,,,,,,,,,,,,,,,,,,,,,,,,,,,,,,,,,,,,,,,,,,,,,2:2
ireland,premier-division,2023,2023-03-17,Derry City,Sligo Rovers,Pinnacle,1.47,4.38,7.34,1.58,4.04,6.42,,,,,,,,,,,,,,,,,,,,,,,,,,,,,,,,,3.69,4.84,1.30,1.20,2.81,3.43,1.47,1.34,2.35,2.78,1.64,1.48,2.06,2.41,1.83,1.61,1.76,2.05,2.15,1.85,1.57,1.74,2.51,2.18,1.45,1.57,2.86,2.52,1.30,1.38,3.68,3.18,1.18,1.20,4.83,4.88,,,,,,,,,,,,,,,,,,,,,,,,,,,,,,,,,,,,,,,,,,,,,,,,,,,,,,,,,,,,,1:1
ireland,premier-division,2023,2023-03-17,Cork City,Shelbourne,Pinnacle,2.01,3.50,3.83,2.98,3.10,2.67,,,,,,,,,,,,,,,,,,,,,,,,,,,,,,,,,,,,,,,,,,,,,,,,,3.04,6.07,1.37,1.15,2.31,3.82,1.60,1.29,1.96,2.96,1.84,1.44,1.69,2.51,2.14,1.57,1.44,2.06,2.75,1.84,1.33,1.70,3.21,2.25,1.27,1.52,3.67,2.66,1.24,1.35,3.90,3.35,1.14,1.19,5.48,5.04,1.18,1.20,5.38,5.00,,,,,,,,,,,,,,,,,,,,,,,,,,,,,,,,,,,,,,,,,0:2
ireland,premier-division,2023,2023-03-31,St. Patricks,UC Dublin,Pinnacle,1.29,5.51,11.00,1.31,5.72,10.07,,,,,,,,,,,,,,,,,,,,,,,,,3.59,3.36,1.32,1.35,3.22,3.02,1.37,1.41,2.86,2.70,1.46,1.51,2.32,2.24,1.66,1.70,1.98,1.98,1.82,1.91,1.74,1.72,2.18,2.21,1.46,1.47,2.86,2.82,1.35,1.36,3.37,3.27,1.28,1.30,3.89,3.73,,,,,,,,,,,,,,,,,,,,,,,,,,,,,,,,,,,,,,,,,,,,,,,,,,,,,,,,,,,,,,,,,,,,,3:0
ireland,premier-division,2023,2023-03-31,Shelbourne,Derry City,Pinnacle,3.65,3.20,2.19,3.74,3.06,2.28,,,,,,,,,,,,,,,,,,,,,,,,,,,,,,,,,,,,,,,,,,,,,,,,,,,,,4.77,4.98,1.21,1.20,3.61,3.69,1.31,1.30,3.12,3.14,1.40,1.40,2.59,2.57,1.54,1.55,1.98,1.97,1.83,1.92,1.74,1.69,2.18,2.27,1.54,1.49,2.60,2.76,1.34,1.29,3.45,3.84,1.27,1.23,3.95,4.40,,,,,,,,,,,,,,,,,,,,,,,,,,,,,,,,,,,,,,,,,0:1
ireland,premier-division,2023,2023-03-31,Dundalk,Shamrock Rovers,Pinnacle,3.01,3.38,2.41,4.74,3.95,1.75,,,,,,,,,,,,,,,,,,,,,,,,,,,,,,,,,,,,,,,,,,,,,,,,,,,,,,,,,,,,,2.59,4.13,1.54,1.26,2.18,3.58,1.74,1.32,1.79,2.63,2.03,1.53,1.62,2.18,2.39,1.74,1.45,1.91,2.91,1.98,1.27,1.63,3.97,2.39,1.23,1.48,4.49,2.79,1.27,1.38,3.86,3.16,1.24,1.27,4.37,4.01,,,,,,,,,,,,,,,,,,,,,,,,,,,,,,,,,0:4
ireland,premier-division,2023,2023-03-31,Cork City,Drogheda,Pinnacle,1.85,3.75,4.21,2.23,3.52,3.34,,,,,,,,,,,,,,,,,,,,,,,,,,,,,,,,,,,,,,,,,,,,,3.02,4.13,1.37,1.26,2.60,3.60,1.49,1.31,2.07,2.67,1.74,1.52,1.81,2.22,2.00,1.71,1.58,1.92,2.36,1.96,1.36,1.61,3.09,2.42,1.28,1.46,3.55,2.87,1.23,1.36,4.01,3.30,1.24,1.24,4.17,4.27,,,,,,,,,,,,,,,,,,,,,,,,,,,,,,,,,,,,,,,,,,,,,,,,,1:1
ireland,premier-division,2023,2023-04-01,Sligo Rovers,Bohemians,Pinnacle,2.59,3.41,2.75,2.99,3.18,2.61,,,,,,,,,,,,,,,,,,,,,,,,,,,,,,,,,,,,,,,,,,,,,,,,,4.31,5.82,1.21,1.16,3.08,3.79,1.36,1.29,2.51,2.97,1.52,1.43,2.18,2.53,1.67,1.56,1.84,2.09,1.96,1.82,1.60,1.72,2.32,2.20,1.47,1.54,2.67,2.59,1.32,1.37,3.29,3.21,1.19,1.22,4.66,4.64,,,,,,,,,,,,,,,,,,,,,,,,,,,,,,,,,,,,,,,,,,,,,0:1
ireland,premier-division,2023,2023-04-07,St. Patricks,Cork City,Pinnacle,1.78,3.87,4.44,1.68,4.00,5.20,,,,,,,,,,,,,,,,,,,,,,,,,,,,,,,,,4.98,4.96,1.20,1.20,3.97,3.65,1.24,1.31,3.16,2.91,1.34,1.44,2.79,2.57,1.43,1.55,2.40,2.21,1.56,1.72,1.98,1.88,1.83,2.01,1.74,1.68,2.08,2.29,1.53,1.48,2.48,2.80,1.32,1.28,3.28,3.94,1.26,1.23,3.76,4.53,,,,,,,,,,,,,,,,,,,,,,,,,,,,,,,,,,,,,,,,,,,,,,,,,,,,,,,,,4:0
ireland,premier-division,2023,2023-04-07,Dundalk,Sligo Rovers,Pinnacle,1.97,3.43,4.09,2.39,3.34,3.17,,,,,,,,,,,,,,,,,,,,,,,,,,,,,,,,,,,,,,,,,,,,,3.29,4.43,1.36,1.23,2.87,3.91,1.46,1.28,2.27,2.88,1.68,1.46,1.93,2.38,1.88,1.63,1.69,2.04,2.26,1.85,1.43,1.69,2.99,2.26,1.33,1.51,3.51,2.71,1.27,1.39,4.03,3.14,1.22,1.27,4.20,4.04,,,,,,,,,,,,,,,,,,,,,,,,,,,,,,,,,,,,,,,,,,,,,,,,,1:2
ireland,premier-division,2023,2023-04-07,Derry City,Drogheda,Pinnacle,1.36,4.93,7.25,1.35,5.23,9.62,,,,,,,,,,,,,,,,,,,,,,,,,3.02,3.69,1.41,1.30,2.69,3.30,1.51,1.36,2.35,2.92,1.64,1.45,1.94,2.34,1.85,1.65,1.78,2.03,2.12,1.86,1.57,1.78,2.51,2.13,1.37,1.53,3.26,2.64,1.30,1.41,3.72,3.04,1.32,1.34,3.25,3.45,1.23,1.23,3.94,4.44,,,,,,,,,,,,,,,,,,,,,,,,,,,,,,,,,,,,,,,,,,,,,,,,,,,,,,,,,,,,,,,,,0:1
ireland,premier-division,2023,2023-04-07,Bohemians,Shamrock Rovers,Pinnacle,3.61,3.48,2.09,4.13,3.54,1.96,,,,,,,,,,,,,,,,,,,,,,,,,,,,,,,,,,,,,,,,,,,,,,,,,,,,,4.33,4.83,1.21,1.20,3.56,4.08,1.32,1.26,3.10,3.54,1.40,1.32,2.65,3.02,1.52,1.42,2.09,2.27,1.80,1.68,1.78,1.93,2.04,1.96,1.60,1.68,2.45,2.27,1.39,1.45,3.17,2.91,1.31,1.35,3.61,3.35,1.26,1.29,4.06,3.80,,,,,,,,,,,,,,,,,,,,,,,,,,,,,,,,,,,,,0:2
ireland,premier-division,2023,2023-04-07,UC Dublin,Shelbourne,Pinnacle,5.47,3.65,1.69,7.94,4.05,1.50,,,,,,,,,,,,,,,,,,,,,,,,,,,,,,,,,,,,,,,,,,,,,,,,,,,,,,,,,,,,,,,,,4.08,6.04,1.26,1.15,2.81,3.57,1.48,1.32,2.26,2.73,1.69,1.50,1.94,2.37,1.86,1.63,1.69,2.02,2.26,1.87,1.52,1.72,2.65,2.20,1.41,1.56,3.01,2.54,1.29,1.40,3.78,3.09,1.21,1.24,4.60,4.30,,,,,,,,,,,,,,,,,,,,,,,,,,,,,0:0
ireland,premier-division,2023,2023-04-10,Cork City,Dundalk,Pinnacle,3.17,3.24,2.29,2.30,3.22,3.48,,,,,,,,,,,,,,,,,,,,,,,,,,,,,,,,,,,,,,,,,,,,,4.97,4.47,1.20,1.23,6.05,3.90,1.15,1.28,4.05,2.79,1.23,1.48,3.13,2.28,1.35,1.68,2.71,1.95,1.45,1.93,2.26,1.60,1.63,2.44,1.84,1.44,1.96,2.95,1.62,1.34,2.28,3.44,1.44,1.23,2.77,4.52,1.26,1.16,3.79,5.83,,,,,,,,,,,,,,,,,,,,,,,,,,,,,,,,,,,,,,,,,,,,,1:0
ireland,premier-division,2023,2023-04-10,Shelbourne,Sligo Rovers,Pinnacle,2.09,3.26,3.85,2.42,3.03,3.46,,,,,,,,,,,,,,,,,,,,,,,,,,,,,,,,,,,,,,,,,,,,,3.96,5.18,1.24,1.19,3.42,4.50,1.31,1.23,2.47,3.02,1.53,1.42,2.05,2.41,1.78,1.62,1.75,2.03,2.06,1.86,1.46,1.64,2.69,2.36,1.34,1.45,3.19,2.90,1.27,1.34,3.69,3.42,1.22,1.22,4.35,4.54,,,,,,,,,,,,,,,,,,,,,,,,,,,,,,,,,,,,,,,,,,,,,,,,,2:1
ireland,premier-division,2023,2023-04-10,Drogheda,St. Patricks,Pinnacle,3.46,3.65,2.00,3.46,3.59,2.15,,,,,,,,,,,,,,,,,,,,,,,,,,,,,,,,,,,,,,,,,,,,,,,,,,,,,4.35,4.41,1.21,1.23,3.42,3.41,1.30,1.34,3.00,2.99,1.37,1.43,2.59,2.53,1.49,1.56,2.07,2.04,1.74,1.86,1.81,1.77,2.00,2.14,1.60,1.57,2.32,2.52,1.40,1.37,2.94,3.27,1.32,1.30,3.33,3.72,,,,,,,,,,,,,,,,,,,,,,,,,,,,,,,,,,,,,,,,,1:3
ireland,premier-division,2023,2023-04-10,Derry City,Bohemians,Pinnacle,1.62,4.07,5.45,1.64,3.86,6.00,,,,,,,,,,,,,,,,,,,,,,,,,,,,,,,,,,,,,3.64,3.75,1.31,1.30,2.93,2.99,1.43,1.42,2.55,2.60,1.56,1.54,2.15,2.19,1.76,1.73,1.77,1.83,2.05,2.07,1.61,1.63,2.42,2.38,1.43,1.43,2.98,2.99,1.25,1.23,4.21,4.50,1.21,1.19,4.79,5.19,,,,,,,,,,,,,,,,,,,,,,,,,,,,,,,,,,,,,,,,,,,,,,,,,,,,,,,,,0:1
ireland,premier-division,2023,2023-04-14,Bohemians,St. Patricks,Pinnacle,2.24,3.42,3.11,2.34,3.39,3.21,,,,,,,,,,,,,,,,,,,,,,,,,,,,,,,,,,,,,,,,,,,,,4.07,4.40,1.23,1.23,3.59,3.87,1.28,1.28,2.68,2.83,1.46,1.47,2.23,2.33,1.65,1.65,1.93,2.01,1.87,1.88,1.62,1.67,2.27,2.30,1.46,1.49,2.69,2.75,1.36,1.38,3.08,3.17,1.24,1.26,3.91,4.08,,,,,,,,,,,,,,,,,,,,,,,,,,,,,,,,,,,,,,,,,,,,,,,,,2:3
ireland,premier-division,2023,2023-04-14,UC Dublin,Cork City,Pinnacle,4.27,3.72,1.84,5.19,4.02,1.68,,,,,,,,,,,,,,,,,,,,,,,,,,,,,,,,,,,,,,,,,,,,,,,,,,,,,,,,,,,,,3.71,4.53,1.30,1.23,3.22,3.95,1.38,1.27,2.43,2.81,1.61,1.47,2.01,2.29,1.80,1.67,1.81,2.02,2.08,1.87,1.57,1.74,2.52,2.19,1.44,1.56,2.88,2.54,1.37,1.45,3.26,2.87,1.26,1.32,3.80,3.56,,,,,,,,,,,,,,,,,,,,,,,,,,,,,,,,,1:0
ireland,premier-division,2023,2023-04-14,Shamrock Rovers,Shelbourne,Pinnacle,1.52,4.12,6.81,1.45,4.28,8.56,,,,,,,,,,,,,,,,,,,,,,,,,,,,,4.36,4.36,1.24,1.24,5.07,3.90,1.19,1.28,3.57,2.95,1.32,1.44,2.89,2.45,1.45,1.60,2.45,2.13,1.60,1.79,1.97,1.78,1.83,2.12,1.68,1.57,2.27,2.52,1.51,1.44,2.68,2.90,1.34,1.29,3.41,3.84,1.18,1.14,5.27,6.23,,,,,,,,,,,,,,,,,,,,,,,,,,,,,,,,,,,,,,,,,,,,,,,,,,,,,,,,,,,,,2:2
ireland,premier-division,2023,2023-04-15,Sligo Rovers,Drogheda,Pinnacle,1.81,3.78,4.34,1.85,3.63,4.53,,,,,,,,,,,,,,,,,,,,,,,,,,,,,,,,,,,,,4.41,4.21,1.23,1.25,3.45,3.65,1.34,1.31,3.03,3.19,1.42,1.38,2.59,2.73,1.54,1.50,2.03,2.14,1.78,1.76,1.81,1.85,2.08,2.04,1.59,1.60,2.47,2.44,1.36,1.36,3.27,3.35,1.29,1.28,3.78,3.90,1.22,1.23,4.14,4.46,,,,,,,,,,,,,,,,,,,,,,,,,,,,,,,,,,,,,,,,,,,,,,,,,,,,,1:1
ireland,premier-division,2023,2023-04-16,Dundalk,Derry City,Pinnacle,4.06,3.66,1.83,4.33,3.38,1.97,,,,,,,,,,,,,,,,,,,,,,,,,,,,,,,,,,,,,,,,,,,,,,,,,,,,,,,,,4.00,4.27,1.24,1.25,3.53,3.69,1.29,1.30,3.06,3.11,1.37,1.40,2.32,2.28,1.60,1.68,1.97,1.92,1.83,1.97,1.74,1.68,2.08,2.29,1.51,1.44,2.54,2.94,1.40,1.34,2.90,3.39,1.33,1.28,3.26,3.85,,,,,,,,,,,,,,,,,,,,,,,,,,,,,,,,,,,,,2:2
ireland,premier-division,2023,2023-04-21,St. Patricks,Shamrock Rovers,Pinnacle,3.81,3.50,1.94,3.85,3.70,1.98,,,,,,,,,,,,,,,,,,,,,,,,,,,,,,,,,,,,,,,,,,,,,,,,,,,,,,,,,3.76,3.80,1.26,1.29,3.29,3.33,1.32,1.35,2.82,2.86,1.42,1.46,2.17,2.22,1.68,1.71,1.86,1.91,1.94,1.98,1.65,1.68,2.22,2.27,1.44,1.47,2.74,2.83,1.35,1.37,3.10,3.22,1.30,1.31,3.46,3.61,,,,,,,,,,,,,,,,,,,,,,,,,,,,,,,,,,,,,0:2
ireland,premier-division,2023,2023-04-21,Shelbourne,Dundalk,Pinnacle,2.26,3.06,3.64,2.19,3.11,3.90,,,,,,,,,,,,,,,,,,,,,,,,,,,,,,,,,,,,,,,,,4.38,4.55,1.24,1.22,4.10,4.23,1.23,1.25,3.60,3.66,1.28,1.31,2.66,2.65,1.47,1.52,2.20,2.18,1.66,1.74,1.88,1.85,1.93,2.04,1.53,1.51,2.47,2.70,1.38,1.37,3.00,3.29,1.29,1.29,3.49,3.85,1.19,1.18,4.60,5.23,,,,,,,,,,,,,,,,,,,,,,,,,,,,,,,,,,,,,,,,,,,,,,,,,1:1
ireland,premier-division,2023,2023-04-21,Drogheda,Bohemians,Pinnacle,3.32,3.73,2.03,3.05,3.21,2.54,,,,,,,,,,,,,,,,,,,,,,,,,,,,,,,,,,,,,,,,,,,,,,,,,5.80,5.95,1.16,1.15,4.25,3.87,1.21,1.28,3.28,3.03,1.32,1.42,2.89,2.58,1.40,1.55,2.51,2.14,1.52,1.78,2.03,1.76,1.77,2.15,1.79,1.56,2.03,2.53,1.59,1.40,2.33,3.08,1.40,1.25,2.90,4.27,1.33,1.23,3.25,4.43,,,,,,,,,,,,,,,,,,,,,,,,,,,,,,,,,,,,,,,,,0:2
ireland,premier-division,2023,2023-04-21,Cork City,Derry City,Pinnacle,4.32,3.50,1.89,4.75,3.42,1.88,,,,,,,,,,,,,,,,,,,,,,,,,,,,,,,,,,,,,,,,,,,,,,,,,,,,,,,,,4.11,4.68,1.23,1.22,3.61,4.05,1.28,1.26,3.10,3.43,1.36,1.35,2.31,2.43,1.60,1.61,1.95,2.01,1.85,1.88,1.71,1.75,2.12,2.17,1.48,1.49,2.64,2.76,1.37,1.38,3.02,3.21,1.30,1.31,3.41,3.67,,,,,,,,,,,,,,,,,,,,,,,,,,,,,,,,,,,,,1:3
ireland,premier-division,2023,2023-04-22,Sligo Rovers,UC Dublin,Pinnacle,1.40,4.77,8.21,1.31,5.40,11.23,,,,,,,,,,,,,,,,,,,,,,,,,3.76,3.53,1.28,1.32,3.59,3.12,1.32,1.39,3.18,2.73,1.38,1.50,2.51,2.20,1.57,1.73,2.15,1.92,1.76,1.97,1.85,1.68,1.95,2.27,1.62,1.46,2.41,2.88,1.48,1.36,2.79,3.30,1.38,1.30,3.16,3.72,1.26,1.23,4.13,4.42,,,,,,,,,,,,,,,,,,,,,,,,,,,,,,,,,,,,,,,,,,,,,,,,,,,,,,,,,,,,,,,,,3:1
ireland,premier-division,2023,2023-04-28,Derry City,St. Patricks,Pinnacle,1.69,3.76,5.26,1.83,3.66,4.62,,,,,,,,,,,,,,,,,,,,,,,,,,,,,,,,,,,,,3.71,4.25,1.30,1.25,2.97,3.32,1.42,1.36,2.62,2.93,1.53,1.43,2.25,2.54,1.70,1.56,1.86,2.08,1.94,1.81,1.69,1.83,2.27,2.07,1.48,1.58,2.79,2.48,1.27,1.35,3.96,3.42,1.22,1.27,4.57,3.98,1.22,1.22,4.57,4.55,,,,,,,,,,,,,,,,,,,,,,,,,,,,,,,,,,,,,,,,,,,,,,,,,,,,,2:0
ireland,premier-division,2023,2023-04-28,Dundalk,Drogheda,Pinnacle,1.87,3.94,3.63,2.15,3.48,3.56,,,,,,,,,,,,,,,,,,,,,,,,,,,,,,,,,,,,,,,,,,,,,3.14,3.88,1.35,1.28,2.73,3.38,1.45,1.35,2.16,2.55,1.68,1.56,1.87,2.14,1.93,1.76,1.65,1.85,2.23,2.04,1.43,1.55,2.80,2.58,1.34,1.41,3.19,3.06,1.28,1.33,3.59,3.52,1.22,1.22,4.64,4.60,,,,,,,,,,,,,,,,,,,,,,,,,,,,,,,,,,,,,,,,,,,,,,,,,3:2
ireland,premier-division,2023,2023-04-28,Shamrock Rovers,Sligo Rovers,Pinnacle,1.40,4.74,7.96,1.46,4.50,7.71,,,,,,,,,,,,,,,,,,,,,,,,,,,,,4.07,4.21,1.26,1.25,3.63,3.76,1.31,1.29,2.80,2.86,1.48,1.46,2.36,2.39,1.64,1.62,1.99,2.09,1.82,1.82,1.69,1.76,2.26,2.14,1.51,1.57,2.70,2.52,1.39,1.44,3.11,2.88,1.27,1.30,4.04,3.75,1.15,1.16,5.42,5.71,,,,,,,,,,,,,,,,,,,,,,,,,,,,,,,,,,,,,,,,,,,,,,,,,,,,,,,,,,,,,2:1
ireland,premier-division,2023,2023-04-28,UC Dublin,Bohemians,Pinnacle,5.54,4.10,1.61,8.64,4.55,1.42,,,,,,,,,,,,,,,,,,,,,,,,,,,,,,,,,,,,,,,,,,,,,,,,,,,,,,,,,,,,,,,,,,,,,2.93,4.01,1.39,1.27,2.39,3.03,1.56,1.41,2.11,2.65,1.72,1.52,1.83,2.26,1.98,1.69,1.61,1.89,2.28,2.00,1.49,1.68,2.59,2.28,1.35,1.50,3.12,2.73,1.22,1.32,4.18,3.58,1.22,1.26,4.35,4.05,,,,,,,,,,,,,,,,,,,,,,,,,1:1
ireland,premier-division,2023,2023-04-28,Shelbourne,Cork City,Pinnacle,2.05,3.17,4.15,2.17,3.05,4.07,,,,,,,,,,,,,,,,,,,,,,,,,,,,,,,,,,,,,,,,,4.15,4.37,1.26,1.24,3.66,4.01,1.31,1.27,3.19,3.49,1.39,1.33,2.42,2.60,1.61,1.54,2.00,2.16,1.81,1.75,1.74,1.83,2.18,2.07,1.44,1.48,2.94,2.79,1.33,1.35,3.51,3.42,1.26,1.27,4.09,4.01,1.16,1.17,5.44,5.52,,,,,,,,,,,,,,,,,,,,,,,,,,,,,,,,,,,,,,,,,,,,,,,,,2:1
ireland,premier-division,2023,2023-05-01,UC Dublin,Dundalk,Pinnacle,4.43,3.84,1.82,5.76,4.01,1.63,,,,,,,,,,,,,,,,,,,,,,,,,,,,,,,,,,,,,,,,,,,,,,,,,,,,,,,,,,,,,3.72,5.01,1.26,1.19,3.22,4.37,1.33,1.24,2.42,2.99,1.55,1.43,2.03,2.40,1.78,1.62,1.79,2.11,2.02,1.81,1.55,1.79,2.43,2.10,1.43,1.60,2.80,2.45,1.35,1.47,3.14,2.78,1.24,1.34,3.93,3.45,1.23,1.21,4.31,4.68,,,,,,,,,,,,,,,,,,,,,,,,,,,,,0:2
ireland,premier-division,2023,2023-05-01,St. Patricks,Sligo Rovers,Pinnacle,2.02,3.43,3.87,2.30,3.43,3.27,,,,,,,,,,,,,,,,,,,,,,,,,,,,,,,,,,,,,,,,,,,,,3.40,4.09,1.34,1.26,2.98,3.61,1.43,1.31,2.35,2.73,1.65,1.50,1.97,2.29,1.83,1.68,1.74,1.97,2.18,1.91,1.47,1.65,2.83,2.35,1.36,1.48,3.32,2.80,1.29,1.37,3.82,3.23,1.23,1.26,4.50,4.14,1.18,1.18,5.27,5.23,,,,,,,,,,,,,,,,,,,,,,,,,,,,,,,,,,,,,,,,,,,,,0:1
ireland,premier-division,2023,2023-05-01,Drogheda,Shelbourne,Pinnacle,3.02,3.36,2.32,2.82,3.06,2.85,,,,,,,,,,,,,,,,,,,,,,,,,,,,,,,,,,,,,,,,,,,,,,,,,5.81,5.57,1.13,1.17,3.85,3.59,1.25,1.32,2.99,2.81,1.38,1.48,2.60,2.37,1.49,1.63,2.19,1.93,1.67,1.95,1.81,1.63,2.00,2.39,1.60,1.47,2.31,2.83,1.44,1.32,2.76,3.54,1.27,1.19,3.63,5.19,,,,,,,,,,,,,,,,,,,,,,,,,,,,,,,,,,,,,,,,,,,,,1:1
ireland,premier-division,2023,2023-05-01,Derry City,Shamrock Rovers,Pinnacle,2.19,3.30,3.53,2.47,3.16,3.20,,,,,,,,,,,,,,,,,,,,,,,,,,,,,,,,,,,,,,,,,,,,,3.86,4.71,1.28,1.21,3.39,4.17,1.35,1.25,2.59,3.01,1.54,1.42,2.18,2.46,1.74,1.59,1.83,2.10,1.96,1.81,1.56,1.71,2.53,2.22,1.42,1.51,3.02,2.71,1.33,1.38,3.48,3.16,1.22,1.26,4.54,4.10,1.18,1.15,4.78,6.04,,,,,,,,,,,,,,,,,,,,,,,,,,,,,,,,,,,,,,,,,,,,,0:2
ireland,premier-division,2023,2023-05-01,Bohemians,Cork City,Pinnacle,1.79,3.65,4.72,1.72,3.71,5.42,,,,,,,,,,,,,,,,,,,,,,,,,,,,,,,,,,,,,4.04,3.98,1.27,1.27,3.20,3.13,1.38,1.39,2.83,2.75,1.47,1.49,2.44,2.34,1.60,1.65,1.97,1.94,1.83,1.94,1.78,1.71,2.12,2.23,1.55,1.49,2.56,2.76,1.33,1.27,3.52,4.01,1.26,1.22,4.09,4.67,,,,,,,,,,,,,,,,,,,,,,,,,,,,,,,,,,,,,,,,,,,,,,,,,,,,,,,,,5:0
ireland,premier-division,2023,2023-05-05,Drogheda,Derry City,Pinnacle,5.57,4.06,1.61,4.18,3.40,2.00,,,,,,,,,,,,,,,,,,,,,,,,,,,,,,,,,,,,,,,,,,,,,,,,,,,,,,,,,4.26,4.12,1.21,1.26,4.31,3.56,1.21,1.32,4.15,3.01,1.22,1.43,2.93,2.24,1.39,1.70,2.38,1.89,1.57,2.00,2.10,1.66,1.72,2.31,1.81,1.44,2.00,2.94,1.60,1.35,2.31,3.37,1.48,1.29,2.62,3.80,,,,,,,,,,,,,,,,,,,,,,,,,,,,,,,,,,,,,0:1
ireland,premier-division,2023,2023-05-05,Cork City,St. Patricks,Pinnacle,2.73,3.39,2.62,3.08,3.50,2.36,,,,,,,,,,,,,,,,,,,,,,,,,,,,,,,,,,,,,,,,,,,,,,,,,,,,,3.38,3.89,1.35,1.28,2.72,3.05,1.50,1.41,2.35,2.65,1.65,1.52,1.93,2.23,1.86,1.70,1.69,1.85,2.25,2.04,1.54,1.65,2.61,2.35,1.38,1.47,3.21,2.83,1.22,1.29,4.55,3.79,1.20,1.24,4.41,4.29,,,,,,,,,,,,,,,,,,,,,,,,,,,,,,,,,,,,,,,,,2:3
ireland,premier-division,2023,2023-05-05,Shelbourne,UC Dublin,Pinnacle,1.30,5.21,11.69,1.33,5.04,11.15,,,,,,,,,,,,,,,,,,,,,,,,,3.57,3.84,1.32,1.29,3.17,3.41,1.38,1.34,2.78,3.00,1.48,1.43,2.24,2.36,1.70,1.64,1.91,2.03,1.89,1.86,1.70,1.77,2.25,2.14,1.45,1.51,2.89,2.68,1.35,1.40,3.35,3.11,1.29,1.32,3.82,3.54,1.20,1.22,4.41,4.55,,,,,,,,,,,,,,,,,,,,,,,,,,,,,,,,,,,,,,,,,,,,,,,,,,,,,,,,,,,,,,,,,1:0
ireland,premier-division,2023,2023-05-05,Shamrock Rovers,Bohemians,Pinnacle,1.58,4.07,5.96,1.78,3.69,4.95,,,,,,,,,,,,,,,,,,,,,,,,,,,,,,,,,,,,,3.19,3.95,1.38,1.27,2.63,3.12,1.53,1.39,2.31,2.77,1.66,1.49,1.94,2.40,1.86,1.62,1.72,2.00,2.20,1.88,1.57,1.77,2.52,2.14,1.39,1.54,3.13,2.60,1.22,1.31,4.60,3.66,1.23,1.25,4.26,4.27,,,,,,,,,,,,,,,,,,,,,,,,,,,,,,,,,,,,,,,,,,,,,,,,,,,,,,,,,2:0
ireland,premier-division,2023,2023-05-06,Sligo Rovers,Dundalk,Pinnacle,2.32,3.20,3.34,1.81,3.63,4.81,,,,,,,,,,,,,,,,,,,,,,,,,,,,,,,,,,,,,4.47,4.45,1.23,1.24,4.39,3.49,1.24,1.33,4.40,3.06,1.23,1.41,3.86,2.60,1.28,1.54,2.81,2.08,1.48,1.82,2.31,1.80,1.67,2.09,1.93,1.56,1.87,2.53,1.64,1.32,2.36,3.53,1.47,1.26,2.84,4.14,,,,,,,,,,,,,,,,,,,,,,,,,,,,,,,,,,,,,,,,,,,,,,,,,,,,,,,,,0:1
ireland,premier-division,2023,2023-05-12,UC Dublin,Shamrock Rovers,Pinnacle,14.01,7.39,1.19,15.82,7.09,1.19,,,,,,,,,,,,,,,,,,,,,,,,,,,,,,,,,,,,,,,,,,,,,,,,,,,,,,,,,,,,,,,,,,,,,,,,,,,,,4.20,4.52,1.21,1.22,4.01,3.96,1.23,1.27,2.94,2.84,1.38,1.46,2.43,2.32,1.54,1.65,2.16,2.06,1.67,1.83,1.89,1.77,1.89,2.11,1.68,1.59,2.16,2.44,1.54,1.47,2.43,2.74,1.40,1.35,2.85,3.33,1.27,1.23,3.64,4.31,,,,,,,,,,,,,0:3
ireland,premier-division,2023,2023-05-12,St. Patricks,Drogheda,Pinnacle,1.68,4.16,4.35,1.93,3.90,3.84,,,,,,,,,,,,,,,,,,,,,,,,,,,,,,,,,,,,,,,,,2.99,3.59,1.38,1.32,2.64,3.18,1.48,1.38,2.26,2.77,1.63,1.49,1.88,2.22,1.92,1.71,1.67,1.93,2.18,1.95,1.49,1.68,2.60,2.27,1.30,1.45,3.40,2.90,1.25,1.35,3.85,3.34,1.25,1.29,3.87,3.79,,,,,,,,,,,,,,,,,,,,,,,,,,,,,,,,,,,,,,,,,,,,,,,,,,,,,3:0
ireland,premier-division,2023,2023-05-12,Dundalk,Cork City,Pinnacle,2.01,3.36,3.99,1.87,3.66,4.40,,,,,,,,,,,,,,,,,,,,,,,,,,,,,,,,,,,,,3.83,4.36,1.27,1.24,3.87,3.56,1.28,1.32,3.43,3.13,1.34,1.39,3.00,2.70,1.43,1.51,2.34,2.15,1.65,1.76,1.96,1.87,1.83,2.03,1.72,1.62,2.20,2.41,1.45,1.37,2.90,3.26,1.34,1.29,3.41,3.80,1.28,1.24,3.94,4.34,,,,,,,,,,,,,,,,,,,,,,,,,,,,,,,,,,,,,,,,,,,,,,,,,,,,,2:1
ireland,premier-division,2023,2023-05-12,Bohemians,Derry City,Pinnacle,3.41,3.25,2.26,3.23,3.08,2.51,,,,,,,,,,,,,,,,,,,,,,,,,,,,,,,,,,,,,,,,,,,,,,,,,,,,,4.22,4.18,1.22,1.25,3.28,3.19,1.32,1.38,2.84,2.72,1.42,1.50,2.38,2.22,1.57,1.71,1.91,1.79,1.89,2.12,1.66,1.58,2.20,2.50,1.48,1.40,2.63,3.11,1.29,1.23,3.47,4.48,1.24,1.19,3.93,5.09,,,,,,,,,,,,,,,,,,,,,,,,,,,,,,,,,,,,,,,,,0:1
ireland,premier-division,2023,2023-05-13,Sligo Rovers,Shelbourne,Pinnacle,2.05,3.20,3.84,2.36,2.96,3.68,,,,,,,,,,,,,,,,,,,,,,,,,,,,,,,,,,,,,,,,,,,,,3.69,4.66,1.27,1.22,3.22,4.08,1.34,1.26,2.42,2.89,1.55,1.45,2.05,2.35,1.78,1.65,1.74,1.98,2.08,1.91,1.44,1.58,2.74,2.48,1.32,1.41,3.27,3.08,1.26,1.31,3.79,3.63,1.17,1.20,4.89,4.87,,,,,,,,,,,,,,,,,,,,,,,,,,,,,,,,,,,,,,,,,,,,,,,,,0:3
ireland,premier-division,2023,2023-05-15,Shamrock Rovers,St. Patricks,Pinnacle,1.61,4.13,5.41,1.58,4.29,5.86,,,,,,,,,,,,,,,,,,,,,,,,,,,,,,,,,4.83,4.57,1.21,1.22,3.54,3.32,1.32,1.36,2.86,2.72,1.45,1.50,2.50,2.37,1.58,1.63,2.12,2.02,1.78,1.87,1.75,1.73,2.07,2.19,1.61,1.57,2.43,2.52,1.43,1.39,2.99,3.12,1.25,1.22,4.19,4.54,,,,,,,,,,,,,,,,,,,,,,,,,,,,,,,,,,,,,,,,,,,,,,,,,,,,,,,,,,,,,3:2
ireland,premier-division,2023,2023-05-15,Derry City,Dundalk,Pinnacle,1.49,4.26,6.19,1.55,4.12,6.73,,,,,,,,,,,,,,,,,,,,,,,,,,,,,,,,,3.89,4.47,1.25,1.23,2.92,3.20,1.39,1.38,2.43,2.62,1.55,1.53,2.13,2.28,1.70,1.68,1.83,1.95,1.97,1.93,1.61,1.69,2.30,2.26,1.48,1.54,2.62,2.60,1.32,1.36,3.29,3.31,1.17,1.19,4.89,5.15,,,,,,,,,,,,,,,,,,,,,,,,,,,,,,,,,,,,,,,,,,,,,,,,,,,,,,,,,,,,,3:0
ireland,premier-division,2023,2023-05-19,Cork City,Sligo Rovers,Pinnacle,3.02,3.27,2.36,3.37,3.61,2.17,,,,,,,,,,,,,,,,,,,,,,,,,,,,,,,,,,,,,,,,,,,,,,,,,,,,,3.78,4.29,1.26,1.24,2.99,3.33,1.38,1.35,2.59,2.91,1.49,1.45,2.16,2.47,1.68,1.59,1.79,2.01,2.03,1.88,1.58,1.75,2.35,2.16,1.43,1.56,2.79,2.53,1.28,1.38,3.62,3.20,1.23,1.31,4.02,3.61,,,,,,,,,,,,,,,,,,,,,,,,,,,,,,,,,,,,,,,,,1:0
ireland,premier-division,2023,2023-05-19,Derry City,UC Dublin,Pinnacle,1.11,9.36,16.21,1.10,11.44,27.60,,,,,,,,,3.60,3.60,1.31,1.31,3.48,3.24,1.29,1.36,3.12,2.88,1.34,1.44,2.52,2.34,1.50,1.63,2.17,2.05,1.66,1.83,1.93,1.81,1.85,2.06,1.68,1.57,2.14,2.48,1.53,1.45,2.46,2.83,1.43,1.37,2.75,3.19,1.28,1.25,3.50,4.10,,,,,,,,,,,,,,,,,,,,,,,,,,,,,,,,,,,,,,,,,,,,,,,,,,,,,,,,,,,,,,,,,,,,,,,,,,,,,,,,,4:1
ireland,premier-division,2023,2023-05-19,Dundalk,Bohemians,Pinnacle,2.84,3.29,2.47,2.96,3.24,2.58,,,,,,,,,,,,,,,,,,,,,,,,,,,,,,,,,,,,,,,,,,,,,,,,,5.04,5.51,1.16,1.17,3.51,3.71,1.29,1.30,2.82,2.95,1.42,1.44,2.43,2.52,1.55,1.57,2.04,2.09,1.78,1.82,1.71,1.73,2.12,2.19,1.54,1.55,2.46,2.57,1.39,1.40,2.94,3.10,1.25,1.25,3.87,4.20,,,,,,,,,,,,,,,,,,,,,,,,,,,,,,,,,,,,,,,,,,,,,2:2
ireland,premier-division,2023,2023-05-19,Shelbourne,St. Patricks,Pinnacle,2.73,3.00,2.92,2.73,3.27,2.77,,,,,,,,,,,,,,,,,,,,,,,,,,,,,,,,,,,,,,,,,,,,,,,,,4.76,4.87,1.18,1.20,3.29,3.37,1.32,1.35,2.65,2.72,1.47,1.50,2.24,2.32,1.64,1.66,1.83,1.93,1.97,1.96,1.56,1.64,2.40,2.35,1.42,1.49,2.83,2.75,1.28,1.34,3.56,3.43,1.15,1.20,5.27,4.98,,,,,,,,,,,,,,,,,,,,,,,,,,,,,,,,,,,,,,,,,,,,,0:1
ireland,premier-division,2023,2023-05-19,Shamrock Rovers,Drogheda,Pinnacle,1.30,5.55,9.87,1.29,5.89,10.73,,,,,,,,,,,,,,,,,,,,,3.84,3.84,1.29,1.29,3.18,3.25,1.34,1.37,2.84,2.89,1.41,1.44,2.51,2.55,1.52,1.56,2.09,2.11,1.73,1.78,1.85,1.88,1.95,2.02,1.63,1.65,2.26,2.35,1.42,1.43,2.85,3.01,1.33,1.34,3.25,3.45,1.27,1.28,3.65,3.89,,,,,,,,,,,,,,,,,,,,,,,,,,,,,,,,,,,,,,,,,,,,,,,,,,,,,,,,,,,,,,,,,,,,,1:2
ireland,premier-division,2023,2023-05-26,St. Patricks,Dundalk,Pinnacle,1.93,3.57,3.75,1.71,3.95,5.01,,,,,,,,,,,,,,,,,,,,,,,,,,,,,,,,,,,,,4.07,3.62,1.26,1.31,3.56,2.92,1.28,1.44,3.17,2.59,1.34,1.54,2.79,2.24,1.43,1.70,2.23,1.91,1.65,1.98,1.93,1.70,1.87,2.24,1.68,1.50,2.17,2.72,1.43,1.29,2.80,3.79,1.33,1.24,3.25,4.36,,,,,,,,,,,,,,,,,,,,,,,,,,,,,,,,,,,,,,,,,,,,,,,,,,,,,,,,,2:1
ireland,premier-division,2023,2023-05-26,Drogheda,UC Dublin,Pinnacle,1.48,4.37,6.14,1.41,4.97,7.74,,,,,,,,,,,,,,,,,,,,,,,,,3.78,3.59,1.29,1.32,4.04,3.61,1.25,1.31,3.68,3.20,1.27,1.38,2.81,2.53,1.42,1.56,2.36,2.16,1.58,1.75,2.08,1.91,1.74,1.98,1.79,1.64,2.02,2.36,1.59,1.50,2.33,2.73,1.47,1.40,2.65,3.08,1.32,1.27,3.32,3.98,,,,,,,,,,,,,,,,,,,,,,,,,,,,,,,,,,,,,,,,,,,,,,,,,,,,,,,,,,,,,,,,,3:1
ireland,premier-division,2023,2023-05-26,Cork City,Shamrock Rovers,Pinnacle,5.24,3.88,1.67,7.30,4.67,1.46,,,,,,,,,,,,,,,,,,,,,,,,,,,,,,,,,,,,,,,,,,,,,,,,,,,,,,,,,,,,,,,,,3.86,5.45,1.25,1.17,2.76,3.72,1.44,1.30,2.25,2.89,1.63,1.44,1.99,2.54,1.82,1.56,1.70,2.16,2.13,1.75,1.53,1.83,2.47,2.06,1.42,1.64,2.80,2.36,1.30,1.47,3.44,2.81,1.21,1.31,4.33,3.67,1.24,1.26,4.21,4.12,,,,,,,,,,,,,,,,,,,,,,,,,1:0
ireland,premier-division,2023,2023-05-26,Bohemians,Shelbourne,Pinnacle,2.12,3.12,3.99,2.30,3.04,3.71,,,,,,,,,,,,,,,,,,,,,,,,,,,,,,,,,,,,,,,,,,,,,3.85,4.47,1.28,1.23,3.34,3.90,1.35,1.28,2.51,2.80,1.57,1.48,2.11,2.29,1.79,1.68,1.76,1.93,2.06,1.95,1.48,1.56,2.80,2.54,1.35,1.40,3.39,3.12,1.28,1.31,3.93,3.67,1.18,1.20,5.32,4.93,,,,,,,,,,,,,,,,,,,,,,,,,,,,,,,,,,,,,,,,,,,,,,,,,0:0
ireland,premier-division,2023,2023-05-27,Sligo Rovers,Derry City,Pinnacle,3.86,3.28,2.08,4.61,3.37,1.92,,,,,,,,,,,,,,,,,,,,,,,,,,,,,,,,,,,,,,,,,,,,,,,,,,,,,,,,,3.81,4.54,1.29,1.22,3.29,3.92,1.36,1.28,2.77,3.31,1.49,1.37,2.12,2.36,1.78,1.64,1.78,1.97,2.03,1.92,1.60,1.71,2.44,2.23,1.39,1.46,3.18,2.87,1.31,1.35,3.64,3.33,1.26,1.29,4.10,3.80,,,,,,,,,,,,,,,,,,,,,,,,,,,,,,,,,,,,,1:0
ireland,premier-division,2023,2023-06-02,UC Dublin,St. Patricks,Pinnacle,5.75,4.19,1.57,14.03,6.12,1.24,,,,,,,,,,,,,,,,,,,,,,,,,,,,,,,,,,,,,,,,,,,,,,,,,,,,,,,,,,,,,,,,,,,,,,,,,2.52,3.83,1.57,1.28,2.22,3.94,1.71,1.27,1.88,3.47,1.92,1.32,1.68,2.65,2.27,1.51,1.55,2.22,2.58,1.70,1.40,1.98,3.10,1.89,1.26,1.72,4.15,2.19,1.28,1.56,3.58,2.51,1.33,1.45,3.41,2.81,1.29,1.33,3.81,3.41,,,,,,,,,,,,,,,,,1:3
ireland,premier-division,2023,2023-06-02,Shamrock Rovers,Dundalk,Pinnacle,1.44,4.56,7.40,1.54,4.38,6.21,,,,,,,,,,,,,,,,,,,,,,,,,,,,,3.75,4.00,1.26,1.27,3.35,4.21,1.31,1.25,2.61,3.11,1.48,1.40,2.21,2.58,1.65,1.55,1.95,2.25,1.85,1.69,1.67,1.93,2.19,1.96,1.51,1.68,2.54,2.28,1.40,1.53,2.87,2.61,1.27,1.36,3.67,3.27,1.19,1.20,5.13,4.84,,,,,,,,,,,,,,,,,,,,,,,,,,,,,,,,,,,,,,,,,,,,,,,,,,,,,,,,,,,,,2:0
ireland,premier-division,2023,2023-06-02,Drogheda,Cork City,Pinnacle,2.18,3.35,3.49,2.22,3.43,3.43,,,,,,,,,,,,,,,,,,,,,,,,,,,,,,,,,,,,,,,,,,,,,3.81,3.93,1.29,1.28,3.35,3.46,1.35,1.34,2.57,2.63,1.55,1.53,2.17,2.21,1.74,1.72,1.83,1.91,1.96,1.98,1.57,1.59,2.52,2.47,1.43,1.44,3.00,2.94,1.34,1.34,3.45,3.39,1.23,1.23,4.48,4.41,,,,,,,,,,,,,,,,,,,,,,,,,,,,,,,,,,,,,,,,,,,,,,,,,0:1
ireland,premier-division,2023,2023-06-02,Derry City,Shelbourne,Pinnacle,1.61,3.81,6.52,1.52,3.84,8.27,,,,,,,,,,,,,,,,,,,,,,,,,,,,,,,,,4.99,4.81,1.17,1.21,3.49,3.34,1.29,1.35,2.81,2.69,1.43,1.51,2.44,2.32,1.54,1.66,2.07,1.95,1.75,1.93,1.75,1.67,2.07,2.30,1.57,1.52,2.39,2.67,1.37,1.33,3.02,3.52,1.18,1.15,4.68,6.19,,,,,,,,,,,,,,,,,,,,,,,,,,,,,,,,,,,,,,,,,,,,,,,,,,,,,,,,,,,,,0:0
ireland,premier-division,2023,2023-06-02,Bohemians,Sligo Rovers,Pinnacle,2.06,3.46,3.83,2.11,3.32,3.85,,,,,,,,,,,,,,,,,,,,,,,,,,,,,,,,,,,,,,,,,4.00,4.19,1.27,1.25,3.55,3.76,1.32,1.29,3.11,3.27,1.40,1.36,2.41,2.50,1.61,1.58,2.01,2.11,1.79,1.79,1.77,1.81,2.13,2.10,1.49,1.50,2.77,2.74,1.36,1.37,3.27,3.28,1.29,1.29,3.78,3.80,1.19,1.19,4.61,5.06,,,,,,,,,,,,,,,,,,,,,,,,,,,,,,,,,,,,,,,,,,,,,,,,,2:0
ireland,premier-division,2023,2023-06-05,Cork City,Bohemians,Pinnacle,3.26,3.26,2.24,3.24,3.25,2.40,,,,,,,,,,,,,,,,,,,,,,,,,,,,,,,,,,,,,,,,,,,,,,,,,,,,,4.13,4.15,1.22,1.26,3.22,3.20,1.33,1.38,2.79,2.75,1.43,1.49,2.34,2.28,1.59,1.68,1.88,1.85,1.92,2.05,1.65,1.63,2.23,2.39,1.47,1.45,2.67,2.92,1.29,1.26,3.53,4.05,1.24,1.22,3.99,4.60,,,,,,,,,,,,,,,,,,,,,,,,,,,,,,,,,,,,,,,,,2:1
ireland,premier-division,2023,2023-06-05,Dundalk,UC Dublin,Pinnacle,1.33,5.21,9.81,1.24,6.27,12.45,,,,,,,,,,,,,,,,,,,,,3.97,3.69,1.27,1.29,3.54,2.99,1.32,1.41,3.16,2.68,1.38,1.50,2.79,2.34,1.48,1.63,2.26,1.99,1.69,1.88,1.93,1.78,1.87,2.11,1.73,1.56,2.20,2.51,1.49,1.35,2.76,3.32,1.38,1.28,3.17,3.81,1.32,1.25,3.59,4.21,,,,,,,,,,,,,,,,,,,,,,,,,,,,,,,,,,,,,,,,,,,,,,,,,,,,,,,,,,,,,,,,,,,,,4:1
ireland,premier-division,2023,2023-06-05,St. Patricks,Derry City,Pinnacle,3.19,3.25,2.37,3.14,3.39,2.38,,,,,,,,,,,,,,,,,,,,,,,,,,,,,,,,,,,,,,,,,,,,,,,,,,,,,4.03,3.97,1.27,1.25,3.15,3.10,1.39,1.37,2.73,2.68,1.50,1.51,2.27,2.24,1.68,1.70,1.82,1.85,1.98,2.05,1.64,1.68,2.36,2.37,1.47,1.46,2.85,2.87,1.29,1.28,3.83,3.90,1.24,1.23,4.33,4.41,,,,,,,,,,,,,,,,,,,,,,,,,,,,,,,,,,,,,,,,,4:1
ireland,premier-division,2023,2023-06-05,Sligo Rovers,Shamrock Rovers,Pinnacle,4.17,3.52,1.92,4.15,3.68,1.92,,,,,,,,,,,,,,,,,,,,,,,,,,,,,,,,,,,,,,,,,,,,,,,,,,,,,,,,,4.11,4.09,1.26,1.26,3.59,3.58,1.32,1.32,3.08,3.08,1.41,1.41,2.32,2.32,1.66,1.66,1.93,1.97,1.88,1.92,1.73,1.72,2.20,2.20,1.50,1.48,2.73,2.78,1.39,1.38,3.13,3.20,1.32,1.31,3.54,3.64,,,,,,,,,,,,,,,,,,,,,,,,,,,,,,,,,,,,,0:3
ireland,premier-division,2023,2023-06-05,Shelbourne,Drogheda,Pinnacle,1.90,3.50,3.98,2.22,3.30,3.58,,,,,,,,,,,,,,,,,,,,,,,,,,,,,,,,,,,,,,,,,3.57,4.16,1.28,1.25,3.16,3.98,1.34,1.27,2.76,3.49,1.44,1.33,2.19,2.64,1.67,1.53,1.90,2.21,1.90,1.72,1.64,1.89,2.24,1.99,1.39,1.56,2.95,2.53,1.30,1.42,3.44,3.05,1.24,1.32,3.92,3.53,1.20,1.22,4.90,4.65,,,,,,,,,,,,,,,,,,,,,,,,,,,,,,,,,,,,,,,,,,,,,,,,,3:2
ireland,premier-division,2023,2023-06-09,Shelbourne,Sligo Rovers,Pinnacle,2.54,3.07,2.93,2.40,3.17,3.33,,,,,,,,,,,,,,,,,,,,,,,,,,,,,,,,,,,,,,,,,,,,,4.04,4.64,1.23,1.22,4.47,4.08,1.20,1.26,3.13,2.92,1.35,1.44,2.53,2.39,1.51,1.63,2.15,2.03,1.69,1.86,1.77,1.66,2.05,2.31,1.53,1.47,2.49,2.81,1.40,1.36,2.92,3.29,1.27,1.24,3.71,4.32,,,,,,,,,,,,,,,,,,,,,,,,,,,,,,,,,,,,,,,,,,,,,,,,,1:1
ireland,premier-division,2023,2023-06-09,Shamrock Rovers,UC Dublin,Pinnacle,1.06,15.32,32.48,1.06,16.88,33.19,3.62,3.74,1.26,1.28,3.08,2.96,1.36,1.41,2.61,2.53,1.48,1.54,2.35,2.27,1.58,1.66,2.08,2.02,1.74,1.84,1.81,1.78,1.96,2.08,1.66,1.64,2.20,2.32,1.49,1.47,2.60,2.73,1.32,1.31,3.32,3.53,,,,,,,,,,,,,,,,,,,,,,,,,,,,,,,,,,,,,,,,,,,,,,,,,,,,,,,,,,,,,,,,,,,,,,,,,,,,,,,,,,,,,,,,,,,,,4:0
ireland,premier-division,2023,2023-06-09,Drogheda,St. Patricks,Pinnacle,3.19,3.45,2.28,3.34,3.58,2.19,,,,,,,,,,,,,,,,,,,,,,,,,,,,,,,,,,,,,,,,,,,,,,,,,,,,,3.86,4.21,1.25,1.25,3.07,3.31,1.36,1.36,2.68,2.89,1.46,1.45,2.27,2.45,1.62,1.60,1.88,1.99,1.93,1.90,1.65,1.74,2.21,2.18,1.48,1.55,2.62,2.57,1.31,1.36,3.38,3.30,1.25,1.30,3.80,3.74,,,,,,,,,,,,,,,,,,,,,,,,,,,,,,,,,,,,,,,,,2:1
ireland,premier-division,2023,2023-06-09,Derry City,Bohemians,Pinnacle,1.72,3.64,5.28,1.96,3.28,4.56,,,,,,,,,,,,,,,,,,,,,,,,,,,,,,,,,,,,,,,,,3.08,3.90,1.40,1.28,2.71,3.43,1.50,1.34,2.32,2.96,1.66,1.44,1.89,2.29,1.91,1.68,1.71,1.96,2.23,1.93,1.50,1.66,2.74,2.31,1.28,1.38,3.93,3.24,1.22,1.28,4.56,3.86,1.22,1.23,4.61,4.49,,,,,,,,,,,,,,,,,,,,,,,,,,,,,,,,,,,,,,,,,,,,,,,,,,,,,0:0
ireland,premier-division,2023,2023-06-09,Cork City,Dundalk,Pinnacle,2.64,3.17,2.88,2.74,3.14,2.86,,,,,,,,,,,,,,,,,,,,,,,,,,,,,,,,,,,,,,,,,,,,,,,,,4.53,4.99,1.22,1.20,3.22,3.40,1.37,1.34,2.62,2.72,1.53,1.50,2.24,2.31,1.70,1.66,1.82,1.90,1.98,1.99,1.60,1.61,2.45,2.42,1.46,1.46,2.86,2.85,1.32,1.32,3.57,3.58,1.19,1.18,5.19,5.29,,,,,,,,,,,,,,,,,,,,,,,,,,,,,,,,,,,,,,,,,,,,,1:2
ireland,premier-division,2023,2023-06-23,UC Dublin,Sligo Rovers,Pinnacle,6.11,3.98,1.58,7.82,4.45,1.46,,,,,,,,,,,,,,,,,,,,,,,,,,,,,,,,,,,,,,,,,,,,,,,,,,,,,,,,,,,,,,,,,4.68,6.05,1.21,1.15,3.13,3.76,1.39,1.30,2.50,2.89,1.57,1.45,2.19,2.50,1.74,1.57,1.83,2.12,1.96,1.79,1.65,1.78,2.35,2.12,1.51,1.60,2.68,2.45,1.36,1.43,3.27,2.95,1.23,1.27,4.52,3.98,1.25,1.23,4.11,4.42,,,,,,,,,,,,,,,,,,,,,,,,,2:1
ireland,premier-division,2023,2023-06-23,St. Patricks,Shelbourne,Pinnacle,1.80,3.63,4.69,1.89,3.37,4.77,,,,,,,,,,,,,,,,,,,,,,,,,,,,,,,,,,,,,,,,,3.15,3.69,1.34,1.30,2.79,3.23,1.43,1.37,2.41,2.78,1.56,1.48,1.99,2.18,1.81,1.74,1.75,1.89,2.06,2.00,1.53,1.61,2.48,2.42,1.31,1.35,3.38,3.43,1.24,1.26,3.92,4.06,1.22,1.21,4.42,4.70,,,,,,,,,,,,,,,,,,,,,,,,,,,,,,,,,,,,,,,,,,,,,,,,,,,,,1:0
ireland,premier-division,2023,2023-06-23,Drogheda,Dundalk,Pinnacle,2.47,3.25,3.01,2.63,3.70,2.62,,,,,,,,,,,,,,,,,,,,,,,,,,,,,,,,,,,,,,,,,,,,,,,,,3.93,4.37,1.24,1.24,2.92,3.18,1.40,1.38,2.41,2.61,1.56,1.53,2.08,2.28,1.75,1.68,1.72,1.94,2.10,1.94,1.52,1.68,2.52,2.27,1.39,1.54,2.91,2.60,1.27,1.38,3.65,3.16,1.23,1.24,4.28,4.35,,,,,,,,,,,,,,,,,,,,,,,,,,,,,,,,,,,,,,,,,,,,,1:2
ireland,premier-division,2023,2023-06-23,Derry City,Cork City,Pinnacle,1.36,4.79,9.80,1.51,4.22,7.21,,,,,,,,,,,,,,,,,,,,,,,,,,,,,,,,,3.04,4.41,1.36,1.23,2.40,3.16,1.56,1.38,2.05,2.59,1.76,1.54,1.80,2.24,2.02,1.70,1.53,1.90,2.49,1.99,1.40,1.65,2.90,2.35,1.32,1.50,3.29,2.71,1.20,1.33,4.38,3.48,1.15,1.17,6.11,5.56,,,,,,,,,,,,,,,,,,,,,,,,,,,,,,,,,,,,,,,,,,,,,,,,,,,,,,,,,,,,,2:0
ireland,premier-division,2023,2023-06-23,Bohemians,Shamrock Rovers,Pinnacle,3.41,3.25,2.26,3.58,3.28,2.22,,,,,,,,,,,,,,,,,,,,,,,,,,,,,,,,,,,,,,,,,,,,,,,,,,,,,4.22,4.67,1.22,1.22,3.28,3.54,1.32,1.32,2.84,3.05,1.42,1.42,2.38,2.53,1.57,1.56,1.91,1.99,1.89,1.90,1.66,1.72,2.20,2.21,1.48,1.52,2.63,2.66,1.29,1.32,3.47,3.57,1.24,1.26,3.93,4.08,,,,,,,,,,,,,,,,,,,,,,,,,,,,,,,,,,,,,,,,,2:2
ireland,premier-division,2023,2023-06-26,Shamrock Rovers,Derry City,Pinnacle,2.16,3.41,3.28,2.05,3.39,3.98,,,,,,,,,,,,,,,,,,,,,,,,,,,,,,,,,,,,,,,,,3.91,3.96,1.24,1.27,3.80,3.51,1.26,1.33,3.35,3.08,1.31,1.41,2.56,2.39,1.50,1.63,2.15,2.05,1.69,1.85,1.86,1.75,1.93,2.16,1.56,1.46,2.39,2.86,1.42,1.34,2.83,3.39,1.33,1.28,3.24,3.93,1.22,1.19,4.19,5.06,,,,,,,,,,,,,,,,,,,,,,,,,,,,,,,,,,,,,,,,,,,,,,,,,1:0
ireland,premier-division,2023,2023-06-26,Dundalk,St. Patricks,Pinnacle,2.92,3.35,2.39,2.74,3.54,2.59,,,,,,,,,,,,,,,,,,,,,,,,,,,,,,,,,,,,,,,,,,,,,,,,,4.17,4.60,1.24,1.22,3.61,3.34,1.28,1.36,2.89,2.73,1.40,1.50,2.51,2.36,1.52,1.64,2.11,2.00,1.72,1.89,1.76,1.70,2.06,2.23,1.57,1.55,2.38,2.58,1.42,1.40,2.82,3.07,1.27,1.27,3.65,4.02,,,,,,,,,,,,,,,,,,,,,,,,,,,,,,,,,,,,,,,,,,,,,1:1
ireland,premier-division,2023,2023-06-30,Dundalk,Shamrock Rovers,Pinnacle,4.01,3.62,1.93,3.44,3.53,2.18,,,,,,,,,,,,,,,,,,,,,,,,,,,,,,,,,,,,,,,,,,,,,,,,,,,,,4.58,4.39,1.22,1.24,3.82,3.40,1.25,1.34,3.37,2.96,1.31,1.43,2.91,2.50,1.40,1.57,2.24,2.01,1.64,1.88,1.92,1.75,1.88,2.17,1.69,1.56,2.15,2.55,1.47,1.36,2.65,3.27,1.37,1.30,3.02,3.71,1.31,1.28,3.39,3.91,,,,,,,,,,,,,,,,,,,,,,,,,,,,,,,,,,,,,2:0
ireland,premier-division,2023,2023-06-30,Cork City,Drogheda,Pinnacle,2.31,3.35,3.04,2.43,3.45,3.02,,,,,,,,,,,,,,,,,,,,,,,,,,,,,,,,,,,,,,,,,,,,,4.10,4.37,1.23,1.24,3.65,3.89,1.27,1.28,2.76,2.91,1.44,1.45,2.30,2.41,1.61,1.61,1.99,2.09,1.82,1.82,1.66,1.74,2.20,2.18,1.48,1.54,2.61,2.59,1.37,1.42,3.00,2.99,1.26,1.29,3.79,3.77,1.19,1.19,5.13,5.10,,,,,,,,,,,,,,,,,,,,,,,,,,,,,,,,,,,,,,,,,,,,,1:1
ireland,premier-division,2023,2023-06-30,Sligo Rovers,Bohemians,Pinnacle,2.62,3.04,3.02,2.87,3.10,2.77,,,,,,,,,,,,,,,,,,,,,,,,,,,,,,,,,,,,,,,,,,,,,,,,,4.46,5.41,1.20,1.18,3.14,3.60,1.35,1.31,2.54,2.85,1.51,1.46,2.16,2.41,1.68,1.61,1.78,1.98,2.05,1.91,1.53,1.65,2.49,2.33,1.40,1.49,2.93,2.75,1.27,1.34,3.70,3.45,1.14,1.19,5.52,5.11,1.20,1.21,4.68,4.82,,,,,,,,,,,,,,,,,,,,,,,,,,,,,,,,,,,,,,,,,3:1
ireland,premier-division,2023,2023-06-30,Shelbourne,Derry City,Pinnacle,4.32,3.23,1.92,3.63,3.01,2.35,,,,,,,,,,,,,,,,,,,,,,,,,,,,,,,,,,,,,,,,,,,,,,,,,,,,,4.82,4.83,1.19,1.20,4.26,3.59,1.21,1.32,3.69,3.04,1.27,1.42,3.11,2.47,1.36,1.59,2.26,1.92,1.63,1.97,1.88,1.65,1.92,2.34,1.64,1.46,2.23,2.85,1.40,1.27,2.90,3.96,1.31,1.23,3.35,4.51,,,,,,,,,,,,,,,,,,,,,,,,,,,,,,,,,,,,,,,,,1:1
ireland,premier-division,2023,2023-06-30,St. Patricks,UC Dublin,Pinnacle,1.17,7.98,15.78,1.13,9.60,19.78,,,,,,,,,,,,,3.67,3.22,1.27,1.36,3.31,2.89,1.32,1.43,2.66,2.40,1.47,1.61,2.28,2.11,1.62,1.78,2.02,1.88,1.78,1.99,1.76,1.64,2.04,2.33,1.59,1.51,2.33,2.66,1.47,1.42,2.61,2.96,1.33,1.29,3.23,3.75,,,,,,,,,,,,,,,,,,,,,,,,,,,,,,,,,,,,,,,,,,,,,,,,,,,,,,,,,,,,,,,,,,,,,,,,,,,,,,,,,7:0
ireland,premier-division,2023,2023-07-07,Bohemians,Dundalk,Pinnacle,2.08,3.51,3.39,2.23,3.44,3.40,,,,,,,,,,,,,,,,,,,,,,,,,,,,,,,,,,,,,,,,,,,,,3.55,3.91,1.28,1.28,3.12,3.44,1.35,1.34,2.43,2.64,1.55,1.53,2.07,2.22,1.75,1.71,1.80,1.92,2.01,1.97,1.52,1.60,2.50,2.45,1.40,1.45,2.94,2.92,1.31,1.35,3.35,3.36,1.21,1.24,4.34,4.36,,,,,,,,,,,,,,,,,,,,,,,,,,,,,,,,,,,,,,,,,,,,,,,,,3:2
ireland,premier-division,2023,2023-07-07,Derry City,Sligo Rovers,Pinnacle,1.63,3.75,5.35,1.71,3.64,5.62,,,,,,,,,,,,,,,,,,,,,,,,,,,,,,,,,,,,,3.55,4.12,1.28,1.26,2.86,3.23,1.41,1.37,2.51,2.82,1.52,1.47,2.15,2.38,1.69,1.63,1.82,1.94,1.99,1.94,1.63,1.70,2.27,2.24,1.43,1.48,2.81,2.79,1.23,1.26,4.06,4.14,1.19,1.21,4.67,4.83,,,,,,,,,,,,,,,,,,,,,,,,,,,,,,,,,,,,,,,,,,,,,,,,,,,,,,,,,2:1
ireland,premier-division,2023,2023-07-07,St. Patricks,Cork City,Pinnacle,1.64,3.99,5.34,1.43,4.77,7.66,,,,,,,,,,,,,,,,,,,,,,,,,,,,,4.21,3.88,1.25,1.28,4.40,3.46,1.20,1.33,3.38,2.69,1.35,1.51,2.76,2.28,1.48,1.68,2.44,2.00,1.60,1.89,2.10,1.70,1.79,2.24,1.78,1.53,2.04,2.62,1.63,1.42,2.37,2.99,1.45,1.28,2.91,3.86,,,,,,,,,,,,,,,,,,,,,,,,,,,,,,,,,,,,,,,,,,,,,,,,,,,,,,,,,,,,,,,,,1:1
ireland,premier-division,2023,2023-07-07,UC Dublin,Shelbourne,Pinnacle,6.45,4.15,1.49,11.06,5.11,1.33,,,,,,,,,,,,,,,,,,,,,,,,,,,,,,,,,,,,,,,,,,,,,,,,,,,,,,,,,,,,,,,,,,,,,3.32,4.73,1.32,1.21,2.62,3.57,1.48,1.32,2.29,3.13,1.61,1.39,1.96,2.69,1.85,1.51,1.68,2.14,2.16,1.76,1.53,1.86,2.47,2.03,1.38,1.63,2.98,2.37,1.23,1.41,4.01,3.05,1.23,1.33,4.33,3.50,1.26,1.27,4.05,3.95,,,,,,,,,,,,,,,,,,,,,0:4
ireland,premier-division,2023,2023-07-07,Drogheda,Shamrock Rovers,Pinnacle,5.12,4.07,1.65,4.17,3.64,1.92,,,,,,,,,,,,,,,,,,,,,,,,,,,,,,,,,,,,,,,,,,,,,,,,,,,,,,,,,4.28,4.12,1.24,1.26,4.50,3.59,1.23,1.32,3.95,3.08,1.27,1.41,2.86,2.32,1.46,1.66,2.35,1.97,1.65,1.92,2.03,1.74,1.78,2.18,1.79,1.52,2.10,2.66,1.61,1.41,2.43,3.01,1.49,1.35,2.74,3.38,,,,,,,,,,,,,,,,,,,,,,,,,,,,,,,,,,,,,0:0
ireland,premier-division,2023,2023-07-14,UC Dublin,Drogheda,Pinnacle,5.70,4.27,1.52,7.94,4.95,1.41,,,,,,,,,,,,,,,,,,,,,,,,,,,,,,,,,,,,,,,,,,,,,,,,,,,,,,,,,,,,,,,,,,,,,3.13,4.03,1.35,1.27,2.53,3.10,1.51,1.40,2.23,2.74,1.65,1.50,1.93,2.36,1.88,1.64,1.68,1.97,2.16,1.92,1.54,1.74,2.46,2.18,1.39,1.56,2.94,2.56,1.25,1.37,3.87,3.25,1.28,1.31,3.73,3.67,,,,,,,,,,,,,,,,,,,,,,,,,1:3
ireland,premier-division,2023,2023-07-14,Shelbourne,Bohemians,Pinnacle,2.82,2.91,2.90,2.76,2.89,3.08,,,,,,,,,,,,,,,,,,,,,,,,,,,,,,,,,,,,,,,,,,,,,,,,,5.33,5.24,1.18,1.18,3.54,3.47,1.32,1.33,2.81,2.75,1.48,1.49,2.36,2.29,1.64,1.68,1.88,1.84,1.93,2.06,1.61,1.55,2.42,2.56,1.45,1.41,2.88,3.07,1.31,1.28,3.66,3.94,1.17,1.15,5.55,6.14,,,,,,,,,,,,,,,,,,,,,,,,,,,,,,,,,,,,,,,,,,,,,1:1
ireland,premier-division,2023,2023-07-15,Sligo Rovers,Cork City,Pinnacle,1.97,3.55,4.09,2.06,3.41,3.93,,,,,,,,,,,,,,,,,,,,,,,,,,,,,,,,,,,,,,,,,3.61,3.98,1.28,1.27,3.20,3.53,1.34,1.32,2.80,3.10,1.43,1.41,2.22,2.40,1.65,1.62,1.93,2.06,1.88,1.84,1.66,1.76,2.21,2.15,1.40,1.47,2.91,2.83,1.30,1.35,3.41,3.35,1.24,1.28,3.90,3.88,,,,,,,,,,,,,,,,,,,,,,,,,,,,,,,,,,,,,,,,,,,,,,,,,,,,,3:0
ireland,premier-division,2023,2023-07-28,Bohemians,UC Dublin,Pinnacle,1.22,6.49,12.86,1.13,9.39,19.46,,,,,,,,,3.49,3.37,1.32,1.34,3.79,3.20,1.28,1.37,3.98,2.88,1.23,1.44,3.36,2.40,1.35,1.61,2.77,2.11,1.47,1.78,2.47,1.88,1.59,1.99,2.15,1.64,1.76,2.33,1.82,1.51,1.97,2.65,1.68,1.42,2.28,2.96,1.50,1.29,2.74,3.73,,,,,,,,,,,,,,,,,,,,,,,,,,,,,,,,,,,,,,,,,,,,,,,,,,,,,,,,,,,,,,,,,,,,,,,,,,,,,,,,,2:0
ireland,premier-division,2023,2023-07-28,Cork City,Shelbourne,Pinnacle,2.73,3.18,2.77,3.43,3.03,2.43,,,,,,,,,,,,,,,,,,,,,,,,,,,,,,,,,,,,,,,,,,,,,,,,,,,,,3.26,4.47,1.33,1.23,2.65,3.39,1.47,1.35,2.27,2.88,1.63,1.46,1.88,2.34,1.92,1.65,1.61,1.85,2.30,2.05,1.46,1.61,2.69,2.42,1.32,1.43,3.31,2.97,1.19,1.26,4.66,4.15,1.25,1.21,4.08,4.71,,,,,,,,,,,,,,,,,,,,,,,,,,,,,,,,,,,,,,,,,0:2
ireland,premier-division,2023,2023-07-28,Drogheda,Sligo Rovers,Pinnacle,2.24,3.37,3.32,2.59,3.34,2.88,,,,,,,,,,,,,,,,,,,,,,,,,,,,,,,,,,,,,,,,,,,,,,,,,3.38,4.36,1.31,1.24,2.59,3.14,1.49,1.39,2.18,2.57,1.67,1.55,1.89,2.20,1.91,1.72,1.58,1.84,2.35,2.06,1.43,1.59,2.79,2.46,1.34,1.46,3.20,2.87,1.23,1.32,4.08,3.58,1.19,1.18,4.89,5.22,,,,,,,,,,,,,,,,,,,,,,,,,,,,,,,,,,,,,,,,,,,,,2:2
ireland,premier-division,2023,2023-08-04,Sligo Rovers,St. Patricks,Pinnacle,3.03,3.35,2.42,3.29,3.53,2.24,,,,,,,,,,,,,,,,,,,,,,,,,,,,,,,,,,,,,,,,,,,,,,,,,,,,,3.76,4.15,1.29,1.26,3.00,3.26,1.42,1.37,2.60,2.84,1.54,1.47,2.18,2.40,1.74,1.62,1.78,1.95,2.03,1.93,1.62,1.71,2.41,2.23,1.45,1.52,2.90,2.65,1.28,1.33,3.86,3.46,1.24,1.28,4.34,3.93,1.28,1.29,3.88,3.84,,,,,,,,,,,,,,,,,,,,,,,,,,,,,,,,,,,,,0:2
ireland,premier-division,2023,2023-08-04,Bohemians,Drogheda,Pinnacle,1.79,3.69,4.65,1.63,4.07,5.62,,,,,,,,,,,,,,,,,,,,,,,,,,,,,,,,,4.69,4.54,1.20,1.22,3.99,3.48,1.27,1.33,3.17,2.82,1.38,1.46,2.81,2.48,1.47,1.58,2.43,2.12,1.61,1.78,1.97,1.81,1.83,2.10,1.78,1.62,2.12,2.39,1.56,1.43,2.55,2.97,1.33,1.24,3.47,4.29,1.27,1.20,4.03,4.91,,,,,,,,,,,,,,,,,,,,,,,,,,,,,,,,,,,,,,,,,,,,,,,,,,,,,,,,,4:2
ireland,premier-division,2023,2023-08-06,Shamrock Rovers,Cork City,Pinnacle,1.48,4.33,7.02,1.31,5.51,10.95,,,,,,,,,,,,,,,,,,,,,,,,,3.76,3.45,1.30,1.34,4.23,3.06,1.25,1.40,3.77,2.69,1.29,1.51,2.86,2.19,1.46,1.74,2.39,1.92,1.63,1.97,2.05,1.68,1.77,2.28,1.79,1.45,2.10,2.89,1.60,1.36,2.46,3.31,1.47,1.30,2.79,3.75,1.32,1.23,3.57,4.46,,,,,,,,,,,,,,,,,,,,,,,,,,,,,,,,,,,,,,,,,,,,,,,,,,,,,,,,,,,,,,,,,2:1
ireland,premier-division,2023,2023-08-06,Dundalk,Shelbourne,Pinnacle,2.38,3.06,3.37,2.68,3.08,2.98,,,,,,,,,,,,,,,,,,,,,,,,,,,,,,,,,,,,,,,,,,,,,,,,,3.87,4.82,1.25,1.21,2.82,3.32,1.42,1.36,2.32,2.67,1.60,1.52,1.97,2.26,1.83,1.69,1.61,1.85,2.29,2.05,1.43,1.57,2.78,2.51,1.33,1.43,3.24,2.97,1.22,1.30,4.20,3.76,1.16,1.17,5.57,5.65,,,,,,,,,,,,,,,,,,,,,,,,,,,,,,,,,,,,,,,,,,,,,1:1
ireland,premier-division,2023,2023-08-11,St. Patricks,Bohemians,Pinnacle,2.04,3.55,3.44,2.67,3.46,2.71,,,,,,,,,,,,,,,,,,,,,,,,,,,,,,,,,,,,,,,,,,,,,,,,,3.02,4.45,1.38,1.23,2.37,3.23,1.57,1.37,2.04,2.65,1.78,1.52,1.76,2.29,2.04,1.68,1.50,1.93,2.56,1.96,1.38,1.66,2.98,2.32,1.30,1.51,3.40,2.69,1.24,1.36,4.17,3.29,1.20,1.22,4.95,4.55,,,,,,,,,,,,,,,,,,,,,,,,,,,,,,,,,,,,,,,,,,,,,0:0
ireland,premier-division,2023,2023-08-11,Shelbourne,Shamrock Rovers,Pinnacle,4.86,3.67,1.70,3.81,3.12,2.22,,,,,,,,,,,,,,,,,,,,,,,,,,,,,,,,,,,,,,,,,,,,,,,,,,,,,5.01,5.04,1.18,1.19,4.12,3.76,1.22,1.29,4.23,3.22,1.22,1.38,3.66,2.64,1.27,1.53,2.61,2.02,1.48,1.88,2.14,1.72,1.69,2.21,1.88,1.51,1.93,2.68,1.59,1.30,2.34,3.68,1.45,1.25,2.74,4.24,,,,,,,,,,,,,,,,,,,,,,,,,,,,,,,,,,,,,,,,,1:1
ireland,premier-division,2023,2023-08-11,Dundalk,Sligo Rovers,Pinnacle,2.22,3.29,3.27,1.78,3.86,4.66,,,,,,,,,,,,,,,,,,,,,,,,,,,,,,,,,,,,,4.23,4.06,1.25,1.26,3.94,3.22,1.24,1.37,3.93,2.84,1.24,1.47,3.47,2.44,1.29,1.60,2.64,2.02,1.48,1.88,2.21,1.77,1.66,2.13,1.90,1.55,1.90,2.57,1.58,1.33,2.35,3.50,1.43,1.27,2.81,4.05,,,,,,,,,,,,,,,,,,,,,,,,,,,,,,,,,,,,,,,,,,,,,,,,,,,,,,,,,1:0
ireland,premier-division,2023,2023-08-11,Cork City,UC Dublin,Pinnacle,1.32,5.29,9.76,1.24,6.27,13.46,,,,,,,,,,,,,,,,,,,,,4.02,3.82,1.27,1.29,3.38,3.08,1.31,1.40,3.02,2.73,1.37,1.50,2.67,2.36,1.47,1.64,2.18,1.97,1.67,1.90,1.92,1.75,1.88,2.16,1.68,1.55,2.17,2.58,1.45,1.34,2.72,3.43,1.35,1.28,3.11,3.93,1.29,1.26,3.51,4.12,1.26,1.23,3.72,4.45,,,,,,,,,,,,,,,,,,,,,,,,,,,,,,,,,,,,,,,,,,,,,,,,,,,,,,,,,,,,,,,,,1:1
ireland,premier-division,2023,2023-08-13,Derry City,Drogheda,Pinnacle,1.46,4.49,6.25,1.50,4.53,6.74,,,,,,,,,,,,,,,,,,,,,,,,,,,,,,,,,3.57,3.86,1.28,1.28,2.75,2.89,1.44,1.44,2.32,2.42,1.60,1.61,2.04,2.12,1.78,1.78,1.75,1.82,2.06,2.08,1.56,1.61,2.39,2.42,1.45,1.49,2.70,2.76,1.30,1.33,3.40,3.49,1.17,1.18,4.91,5.30,,,,,,,,,,,,,,,,,,,,,,,,,,,,,,,,,,,,,,,,,,,,,,,,,,,,,,,,,,,,,3:0
ireland,premier-division,2023,2023-08-25,Bohemians,Derry City,Pinnacle,2.54,3.09,2.92,2.94,3.22,2.62,,,,,,,,,,,,,,,,,,,,,,,,,,,,,,,,,,,,,,,,,,,,,,,,,4.42,5.45,1.20,1.17,3.11,3.67,1.35,1.31,2.53,2.92,1.51,1.45,2.15,2.49,1.69,1.58,1.78,2.06,2.05,1.84,1.53,1.71,2.48,2.22,1.40,1.54,2.91,2.61,1.27,1.37,3.68,3.24,1.14,1.21,5.52,4.71,,,,,,,,,,,,,,,,,,,,,,,,,,,,,,,,,,,,,,,,,,,,,2:2
ireland,premier-division,2023,2023-08-25,Drogheda,Cork City,Pinnacle,1.79,3.65,4.72,2.07,3.48,3.79,,,,,,,,,,,,,,,,,,,,,,,,,,,,,,,,,,,,,,,,,3.20,3.82,1.38,1.29,2.83,3.42,1.47,1.34,2.44,3.02,1.60,1.42,1.97,2.40,1.83,1.62,1.78,2.07,2.12,1.83,1.55,1.78,2.56,2.12,1.33,1.49,3.52,2.75,1.26,1.37,4.09,3.24,1.25,1.30,3.87,3.74,,,,,,,,,,,,,,,,,,,,,,,,,,,,,,,,,,,,,,,,,,,,,,,,,,,,,3:1
ireland,premier-division,2023,2023-08-25,UC Dublin,St. Patricks,Pinnacle,18.96,8.73,1.14,11.17,7.01,1.23,,,,,,,,,,,,,,,,,,,,,,,,,,,,,,,,,,,,,,,,,,,,,,,,,,,,,,,,,,,,,,,,,,,,,,,,,,,,,4.08,4.01,1.25,1.26,4.44,3.55,1.23,1.31,3.62,2.72,1.31,1.49,2.86,2.28,1.45,1.67,2.55,2.04,1.56,1.84,2.22,1.79,1.71,2.09,1.86,1.62,1.93,2.38,1.71,1.50,2.22,2.65,1.55,1.38,2.58,3.16,1.38,1.27,3.20,3.89,,,,,,,,,,,,,0:1
ireland,premier-division,2023,2023-08-25,Shamrock Rovers,Dundalk,Pinnacle,1.65,3.86,5.56,1.54,4.27,6.45,,,,,,,,,,,,,,,,,,,,,,,,,,,,,,,,,4.88,4.42,1.20,1.23,3.50,3.20,1.33,1.38,2.83,2.63,1.46,1.53,2.49,2.29,1.58,1.68,2.14,1.95,1.77,1.93,1.79,1.68,2.02,2.27,1.64,1.53,2.36,2.61,1.44,1.36,2.93,3.29,1.25,1.20,4.22,4.99,,,,,,,,,,,,,,,,,,,,,,,,,,,,,,,,,,,,,,,,,,,,,,,,,,,,,,,,,,,,,1:0
ireland,premier-division,2023,2023-08-26,Sligo Rovers,Shelbourne,Pinnacle,2.66,3.07,2.79,3.08,3.17,2.55,,,,,,,,,,,,,,,,,,,,,,,,,,,,,,,,,,,,,,,,,,,,,,,,,4.72,6.01,1.18,1.15,3.28,3.91,1.32,1.28,2.64,3.06,1.47,1.41,2.25,2.60,1.63,1.54,1.85,2.15,1.95,1.78,1.57,1.76,2.37,2.15,1.43,1.56,2.78,2.53,1.29,1.39,3.49,3.13,1.16,1.23,5.12,4.49,1.19,1.20,5.06,4.95,,,,,,,,,,,,,,,,,,,,,,,,,,,,,,,,,,,,,,,,,0:1
ireland,premier-division,2023,2023-09-01,Shelbourne,St. Patricks,Pinnacle,2.74,3.14,2.66,2.51,3.08,3.23,,,,,,,,,,,,,,,,,,,,,,,,,,,,,,,,,,,,,,,,,,,,,4.75,4.80,1.21,1.21,4.84,4.26,1.18,1.25,3.38,3.06,1.31,1.41,2.72,2.49,1.45,1.58,2.33,2.12,1.60,1.80,1.93,1.71,1.87,2.22,1.63,1.50,2.26,2.72,1.47,1.38,2.64,3.20,1.33,1.26,3.26,4.12,,,,,,,,,,,,,,,,,,,,,,,,,,,,,,,,,,,,,,,,,,,,,,,,,2:1
ireland,premier-division,2023,2023-09-01,Shamrock Rovers,Bohemians,Pinnacle,1.64,4.00,5.32,1.94,3.55,4.20,,,,,,,,,,,,,,,,,,,,,,,,,,,,,,,,,,,,,,,,,2.75,3.56,1.48,1.32,2.44,3.16,1.60,1.38,2.10,2.77,1.79,1.49,1.78,2.23,2.04,1.71,1.64,1.94,2.37,1.94,1.45,1.67,2.91,2.29,1.26,1.41,4.09,3.07,1.22,1.32,4.66,3.60,1.24,1.26,4.35,4.14,,,,,,,,,,,,,,,,,,,,,,,,,,,,,,,,,,,,,,,,,,,,,,,,,,,,,3:0
ireland,premier-division,2023,2023-09-01,Dundalk,Derry City,Pinnacle,3.25,3.45,2.15,3.46,3.39,2.22,,,,,,,,,,,,,,,,,,,,,,,,,,,,,,,,,,,,,,,,,,,,,,,,,,,,,4.09,4.45,1.23,1.23,3.22,3.42,1.33,1.34,2.82,2.97,1.43,1.43,2.39,2.48,1.57,1.58,1.94,1.98,1.86,1.91,1.69,1.72,2.14,2.21,1.51,1.52,2.53,2.66,1.33,1.32,3.25,3.58,1.27,1.26,3.68,4.09,,,,,,,,,,,,,,,,,,,,,,,,,,,,,,,,,,,,,,,,,1:3
ireland,premier-division,2023,2023-09-01,Drogheda,UC Dublin,Pinnacle,1.24,5.93,12.32,1.32,5.75,9.31,,,,,,,,,,,,,,,,,,,,,,,,,2.84,3.22,1.46,1.37,2.53,2.90,1.56,1.43,2.21,2.60,1.72,1.54,1.86,2.19,1.93,1.74,1.71,1.94,2.23,1.94,1.52,1.71,2.66,2.23,1.33,1.48,3.52,2.80,1.27,1.37,4.01,3.21,1.29,1.31,3.74,3.63,1.24,1.24,4.35,4.28,,,,,,,,,,,,,,,,,,,,,,,,,,,,,,,,,,,,,,,,,,,,,,,,,,,,,,,,,,,,,,,,,3:0
ireland,premier-division,2023,2023-09-01,Cork City,Sligo Rovers,Pinnacle,2.71,3.17,2.71,2.65,3.11,2.99,,,,,,,,,,,,,,,,,,,,,,,,,,,,,,,,,,,,,,,,,,,,,,,,,4.61,4.65,1.22,1.22,3.31,3.26,1.36,1.37,2.70,2.64,1.51,1.53,2.32,2.23,1.66,1.70,1.90,1.83,1.90,2.07,1.66,1.57,2.32,2.52,1.51,1.43,2.70,2.97,1.36,1.30,3.30,3.74,1.22,1.17,4.60,5.55,,,,,,,,,,,,,,,,,,,,,,,,,,,,,,,,,,,,,,,,,,,,,3:0
ireland,premier-division,2023,2023-09-06,UC Dublin,Derry City,Pinnacle,14.20,7.19,1.19,19.29,9.01,1.14,,,,,,,,,,,,,,,,,,,,,,,,,,,,,,,,,,,,,,,,,,,,,,,,,,,,,,,,,,,,,,,,,,,,,,,,,,,,,,,,,,,,,2.93,3.53,1.39,1.32,2.42,2.80,1.55,1.46,2.15,2.50,1.69,1.56,1.88,2.18,1.91,1.72,1.67,1.88,2.19,1.99,1.53,1.69,2.47,2.23,1.39,1.53,2.91,2.60,1.26,1.36,3.74,3.24,1.29,1.31,3.77,3.61,,,,,,,,,0:5
ireland,premier-division,2023,2023-09-15,Derry City,Shamrock Rovers,Pinnacle,2.40,3.32,3.08,2.35,3.07,3.55,,,,,,,,,,,,,,,,,,,,,,,,,,,,,,,,,,,,,,,,,,,,,4.32,4.36,1.24,1.24,3.84,3.85,1.29,1.29,2.87,2.83,1.46,1.47,2.39,2.34,1.63,1.65,2.01,1.98,1.80,1.91,1.71,1.60,2.22,2.44,1.52,1.43,2.64,2.98,1.41,1.33,3.05,3.50,1.28,1.22,3.86,4.60,,,,,,,,,,,,,,,,,,,,,,,,,,,,,,,,,,,,,,,,,,,,,,,,,1:1
ireland,premier-division,2023,2023-09-16,Sligo Rovers,UC Dublin,Pinnacle,1.33,5.16,8.21,1.23,6.57,12.77,,,,,,,,,,,,,,,,,,,,,3.88,3.53,1.28,1.32,3.53,2.89,1.29,1.43,3.17,2.57,1.34,1.54,2.82,2.24,1.42,1.69,2.28,1.92,1.62,1.95,1.99,1.71,1.82,2.20,1.74,1.52,2.07,2.63,1.50,1.32,2.56,3.51,1.39,1.26,2.94,4.00,,,,,,,,,,,,,,,,,,,,,,,,,,,,,,,,,,,,,,,,,,,,,,,,,,,,,,,,,,,,,,,,,,,,,,,,,2:0
ireland,premier-division,2023,2023-09-22,St. Patricks,Dundalk,Pinnacle,1.75,3.74,4.42,2.00,3.76,3.74,,,,,,,,,,,,,,,,,,,,,,,,,,,,,,,,,,,,,,,,,3.10,3.65,1.35,1.31,2.75,3.25,1.44,1.37,2.38,2.86,1.57,1.46,1.98,2.29,1.83,1.67,1.74,2.00,2.07,1.89,1.53,1.73,2.49,2.19,1.31,1.48,3.35,2.79,1.25,1.37,3.86,3.24,1.25,1.30,3.86,3.69,,,,,,,,,,,,,,,,,,,,,,,,,,,,,,,,,,,,,,,,,,,,,,,,,,,,,3:1
ireland,premier-division,2023,2023-09-22,Sligo Rovers,Derry City,Pinnacle,3.46,3.39,2.09,5.20,3.78,1.72,,,,,,,,,,,,,,,,,,,,,,,,,,,,,,,,,,,,,,,,,,,,,,,,,,,,,,,,,3.42,4.65,1.30,1.22,2.99,4.50,1.38,1.23,2.53,3.87,1.51,1.32,2.01,2.72,1.81,1.56,1.74,2.21,2.08,1.72,1.54,1.94,2.45,1.94,1.35,1.65,3.14,2.33,1.28,1.50,3.56,2.72,1.30,1.40,3.59,3.09,1.24,1.25,4.30,3.90,,,,,,,,,,,,,,,,,,,,,,,,,,,,,,,,,1:0
ireland,premier-division,2023,2023-09-22,Shelbourne,Cork City,Pinnacle,1.57,4.00,6.19,1.69,3.78,5.52,,,,,,,,,,,,,,,,,,,,,,,,,,,,,,,,,,,,,3.24,3.84,1.37,1.29,2.66,3.05,1.52,1.41,2.32,2.67,1.66,1.52,1.94,2.28,1.85,1.68,1.72,1.90,2.21,1.99,1.56,1.68,2.53,2.27,1.38,1.47,3.17,2.82,1.21,1.26,4.75,4.12,1.20,1.21,4.39,4.77,,,,,,,,,,,,,,,,,,,,,,,,,,,,,,,,,,,,,,,,,,,,,,,,,,,,,,,,,2:1
ireland,premier-division,2023,2023-09-22,Drogheda,Bohemians,Pinnacle,3.13,3.54,2.26,4.72,4.17,1.71,,,,,,,,,,,,,,,,,,,,,,,,,,,,,,,,,,,,,,,,,,,,,,,,,,,,,,,,,,,,,2.65,4.14,1.47,1.26,2.26,3.63,1.63,1.31,1.88,2.70,1.93,1.51,1.66,2.24,2.20,1.70,1.49,1.98,2.59,1.91,1.32,1.70,3.30,2.24,1.27,1.54,3.71,2.59,1.31,1.43,3.55,2.93,1.26,1.31,4.09,3.60,,,,,,,,,,,,,,,,,,,,,,,,,,,,,,,,,0:0
ireland,premier-division,2023,2023-09-22,UC Dublin,Shamrock Rovers,Pinnacle,18.28,8.86,1.14,36.07,13.66,1.07,,,,,,,,,,,,,,,,,,,,,,,,,,,,,,,,,,,,,,,,,,,,,,,,,,,,,,,,,,,,,,,,,,,,,,,,,,,,,,,,,,,,,,,,,,,,,2.59,3.60,1.54,1.30,2.26,3.20,1.69,1.36,1.89,2.53,1.89,1.54,1.74,2.16,2.18,1.72,1.57,1.93,2.52,1.92,1.40,1.68,3.10,2.23,1.33,1.54,3.46,2.54,1.34,1.44,3.25,2.84,1.29,1.33,3.77,3.39,0:0
ireland,premier-division,2023,2023-09-25,St. Patricks,Drogheda,Pinnacle,1.65,4.17,4.51,1.53,4.56,6.04,,,,,,,,,,,,,,,,,,,,,,,,,,,,,,,,,4.41,3.87,1.23,1.28,3.31,2.94,1.32,1.43,2.72,2.47,1.44,1.59,2.43,2.17,1.55,1.74,2.11,1.88,1.71,2.01,1.83,1.66,1.98,2.32,1.65,1.52,2.23,2.64,1.47,1.36,2.67,3.28,1.29,1.21,3.53,4.76,,,,,,,,,,,,,,,,,,,,,,,,,,,,,,,,,,,,,,,,,,,,,,,,,,,,,,,,,,,,,1:2
ireland,premier-division,2023,2023-09-25,Dundalk,Cork City,Pinnacle,1.72,3.79,4.93,1.83,3.81,4.45,,,,,,,,,,,,,,,,,,,,,,,,,,,,,,,,,,,,,3.73,4.06,1.30,1.26,3.00,3.23,1.42,1.37,2.65,2.87,1.52,1.46,2.29,2.49,1.68,1.58,1.89,2.07,1.91,1.83,1.71,1.81,2.22,2.07,1.51,1.59,2.69,2.48,1.30,1.36,3.73,3.32,1.24,1.28,4.29,3.86,1.24,1.24,4.34,4.35,,,,,,,,,,,,,,,,,,,,,,,,,,,,,,,,,,,,,,,,,,,,,,,,,,,,,5:0
ireland,premier-division,2023,2023-09-25,Bohemians,Shelbourne,Pinnacle,2.02,3.21,4.18,2.16,3.42,3.59,,,,,,,,,,,,,,,,,,,,,,,,,,,,,,,,,,,,,,,,,,,,,3.56,3.85,1.32,1.28,3.09,3.37,1.41,1.35,2.37,2.56,1.63,1.56,1.97,2.15,1.83,1.76,1.72,1.85,2.21,2.04,1.43,1.55,2.98,2.58,1.32,1.41,3.55,3.08,1.26,1.32,4.12,3.55,1.20,1.22,5.00,4.67,,,,,,,,,,,,,,,,,,,,,,,,,,,,,,,,,,,,,,,,,,,,,,,,,1:1
ireland,premier-division,2023,2023-09-29,Bohemians,Sligo Rovers,Pinnacle,1.75,3.85,4.68,1.65,4.00,5.60,,,,,,,,,,,,,,,,,,,,,,,,,,,,,,,,,4.63,4.60,1.22,1.22,3.74,3.38,1.30,1.35,3.01,2.76,1.41,1.48,2.67,2.44,1.52,1.60,2.32,2.10,1.66,1.79,1.92,1.82,1.88,2.09,1.74,1.64,2.18,2.36,1.53,1.44,2.62,2.94,1.32,1.25,3.55,4.25,1.26,1.20,4.08,4.88,,,,,,,,,,,,,,,,,,,,,,,,,,,,,,,,,,,,,,,,,,,,,,,,,,,,,,,,,3:1
ireland,premier-division,2023,2023-09-29,Cork City,St. Patricks,Pinnacle,3.67,3.71,1.92,3.55,3.68,2.08,,,,,,,,,,,,,,,,,,,,,,,,,,,,,,,,,,,,,,,,,,,,,,,,,,,,,4.48,4.48,1.23,1.23,3.63,3.51,1.27,1.33,3.20,3.06,1.34,1.40,2.77,2.62,1.44,1.53,2.18,2.09,1.67,1.80,1.88,1.82,1.92,2.08,1.67,1.61,2.19,2.42,1.46,1.41,2.69,3.07,1.36,1.33,3.05,3.47,1.30,1.28,3.42,3.89,,,,,,,,,,,,,,,,,,,,,,,,,,,,,,,,,,,,,0:1
ireland,premier-division,2023,2023-09-29,Dundalk,Drogheda,Pinnacle,1.77,3.89,4.48,1.57,4.41,5.70,,,,,,,,,,,,,,,,,,,,,,,,,,,,,,,,,4.29,4.01,1.23,1.27,3.75,3.04,1.30,1.41,3.03,2.54,1.41,1.56,2.70,2.24,1.51,1.70,2.35,1.95,1.65,1.93,1.93,1.71,1.86,2.23,1.76,1.57,2.14,2.52,1.55,1.39,2.56,3.11,1.34,1.23,3.41,4.45,,,,,,,,,,,,,,,,,,,,,,,,,,,,,,,,,,,,,,,,,,,,,,,,,,,,,,,,,,,,,3:1
ireland,premier-division,2023,2023-09-29,Shamrock Rovers,Shelbourne,Pinnacle,1.65,3.77,5.69,1.70,3.75,5.45,,,,,,,,,,,,,,,,,,,,,,,,,,,,,,,,,,,,,3.60,3.95,1.31,1.27,2.89,3.12,1.44,1.39,2.54,2.73,1.56,1.50,2.17,2.32,1.75,1.66,1.80,1.93,2.01,1.96,1.65,1.70,2.35,2.25,1.44,1.48,2.93,2.78,1.24,1.26,4.29,4.05,1.20,1.21,4.94,4.70,,,,,,,,,,,,,,,,,,,,,,,,,,,,,,,,,,,,,,,,,,,,,,,,,,,,,,,,,1:0
ireland,premier-division,2023,2023-09-29,Derry City,UC Dublin,Pinnacle,1.06,15.88,35.38,1.04,22.62,40.93,3.83,3.37,1.27,1.33,3.21,2.72,1.38,1.47,2.70,2.36,1.50,1.62,2.42,2.11,1.61,1.76,2.14,1.86,1.77,1.99,1.82,1.67,1.95,2.25,1.70,1.55,2.24,2.51,1.52,1.39,2.66,3.03,1.34,1.25,3.44,4.09,,,,,,,,,,,,,,,,,,,,,,,,,,,,,,,,,,,,,,,,,,,,,,,,,,,,,,,,,,,,,,,,,,,,,,,,,,,,,,,,,,,,,,,,,,,,,6:0
ireland,premier-division,2023,2023-10-06,Shelbourne,Dundalk,Pinnacle,2.09,3.33,3.54,2.25,3.36,3.42,,,,,,,,,,,,,,,,,,,,,,,,,,,,,,,,,,,,,,,,,,,,,3.64,3.98,1.27,1.27,3.20,3.51,1.34,1.33,2.46,2.67,1.54,1.52,2.08,2.24,1.74,1.70,1.79,1.93,2.02,1.95,1.50,1.60,2.57,2.44,1.37,1.44,3.05,2.93,1.29,1.35,3.50,3.38,1.19,1.24,4.57,4.37,,,,,,,,,,,,,,,,,,,,,,,,,,,,,,,,,,,,,,,,,,,,,,,,,1:0
ireland,premier-division,2023,2023-10-06,Drogheda,Derry City,Pinnacle,4.79,3.92,1.66,8.51,5.27,1.37,,,,,,,,,,,,,,,,,,,,,,,,,,,,,,,,,,,,,,,,,,,,,,,,,,,,,,,,,,,,,,,,,,,,,2.69,4.34,1.46,1.24,2.22,3.32,1.65,1.36,1.95,2.93,1.85,1.44,1.68,2.53,2.17,1.56,1.52,2.07,2.52,1.83,1.41,1.81,2.84,2.08,1.29,1.62,3.49,2.41,1.21,1.42,4.72,2.99,1.26,1.35,4.08,3.39,1.31,1.30,3.67,3.76,,,,,,,,,,,,,,,,,,,,,0:0
ireland,premier-division,2023,2023-10-12,UC Dublin,Bohemians,Pinnacle,12.36,6.84,1.22,20.78,9.33,1.13,,,,,,,,,,,,,,,,,,,,,,,,,,,,,,,,,,,,,,,,,,,,,,,,,,,,,,,,,,,,,,,,,,,,,,,,,,,,,,,,,,,,,2.84,3.75,1.45,1.29,2.38,2.96,1.63,1.42,2.11,2.65,1.78,1.51,1.81,2.33,1.98,1.65,1.66,1.98,2.32,1.88,1.54,1.77,2.61,2.11,1.40,1.60,3.09,2.43,1.27,1.41,4.01,2.97,1.29,1.35,3.74,3.32,,,,,,,,,1:2
ireland,premier-division,2023,2023-10-20,Sligo Rovers,Dundalk,Pinnacle,2.89,3.22,2.59,2.38,3.44,3.10,,,,,,,,,,,,,,,,,,,,,,,,,,,,,,,,,,,,,,,,,,,,,4.49,4.31,1.23,1.24,5.15,3.82,1.19,1.29,3.57,2.85,1.32,1.46,2.87,2.37,1.46,1.63,2.46,2.05,1.59,1.85,2.01,1.70,1.80,2.23,1.72,1.52,2.21,2.66,1.55,1.40,2.57,3.07,1.39,1.28,3.14,3.87,,,,,,,,,,,,,,,,,,,,,,,,,,,,,,,,,,,,,,,,,,,,,,,,,0:2
ireland,premier-division,2023,2023-10-20,Derry City,Shelbourne,Pinnacle,1.45,4.05,7.48,1.66,3.71,6.05,,,,,,,,,,,,,,,,,,,,,,,,,,,,,,,,,,,,,3.02,3.72,1.37,1.30,2.48,2.96,1.53,1.43,2.15,2.59,1.69,1.54,1.81,2.21,2.00,1.72,1.57,1.85,2.37,2.04,1.45,1.65,2.74,2.33,1.28,1.44,3.56,2.94,1.13,1.23,5.84,4.48,1.17,1.18,5.29,5.21,,,,,,,,,,,,,,,,,,,,,,,,,,,,,,,,,,,,,,,,,,,,,,,,,,,,,,,,,0:0
ireland,premier-division,2023,2023-10-20,Bohemians,St. Patricks,Pinnacle,1.89,3.70,3.78,1.83,3.79,4.15,,,,,,,,,,,,,,,,,,,,,,,,,,,,,,,,,,,,,,,,,3.37,3.48,1.31,1.35,3.00,3.07,1.37,1.40,2.65,2.67,1.47,1.52,2.16,2.16,1.68,1.75,1.89,1.83,1.91,2.00,1.65,1.64,2.22,2.36,1.41,1.38,2.85,3.11,1.32,1.30,3.29,3.59,1.26,1.25,3.73,4.09,,,,,,,,,,,,,,,,,,,,,,,,,,,,,,,,,,,,,,,,,,,,,,,,,,,,,0:2
ireland,premier-division,2023,2023-10-22,UC Dublin,Cork City,Pinnacle,5.47,4.15,1.61,5.85,4.20,1.59,,,,,,,,,,,,,,,,,,,,,,,,,,,,,,,,,,,,,,,,,,,,,,,,,,,,,,,,,,,,,,,,,4.25,4.50,1.25,1.23,3.00,3.08,1.42,1.40,2.45,2.48,1.60,1.58,2.16,2.18,1.75,1.74,1.83,1.88,1.97,2.00,1.66,1.66,2.33,2.32,1.53,1.53,2.64,2.64,1.38,1.38,3.18,3.19,1.24,1.24,4.28,4.35,1.25,1.26,4.17,4.08,,,,,,,,,,,,,,,,,,,,,,,,,0:2
ireland,premier-division,2023,2023-10-22,Shamrock Rovers,Drogheda,Pinnacle,1.28,5.48,9.28,1.17,7.95,16.69,,,,,,,,,,,,,3.78,3.78,1.29,1.29,4.22,3.53,1.24,1.34,3.88,2.75,1.28,1.50,3.26,2.34,1.33,1.65,2.91,2.08,1.39,1.79,2.57,1.82,1.50,2.07,2.12,1.63,1.71,2.36,1.87,1.49,1.93,2.66,1.64,1.36,2.23,3.26,1.42,1.22,2.82,4.56,,,,,,,,,,,,,,,,,,,,,,,,,,,,,,,,,,,,,,,,,,,,,,,,,,,,,,,,,,,,,,,,,,,,,,,,,,,,,5:0
ireland,premier-division,2023,2023-10-23,St. Patricks,Sligo Rovers,Pinnacle,1.64,3.99,5.34,1.59,4.29,5.74,,,,,,,,,,,,,,,,,,,,,,,,,,,,,,,,,4.56,4.40,1.21,1.23,3.38,3.20,1.35,1.38,2.76,2.63,1.48,1.53,2.44,2.31,1.60,1.66,2.10,2.00,1.79,1.89,1.78,1.74,2.04,2.19,1.63,1.58,2.37,2.49,1.45,1.40,2.91,3.08,1.26,1.23,4.10,4.44,,,,,,,,,,,,,,,,,,,,,,,,,,,,,,,,,,,,,,,,,,,,,,,,,,,,,,,,,,,,,1:0
ireland,premier-division,2023,2023-10-27,Cork City,Derry City,Pinnacle,5.30,4.03,1.64,6.40,4.06,1.57,,,,,,,,,,,,,,,,,,,,,,,,,,,,,,,,,,,,,,,,,,,,,,,,,,,,,,,,,,,,,,,,,4.08,4.88,1.26,1.20,2.90,3.18,1.44,1.38,2.37,2.52,1.63,1.57,2.09,2.20,1.80,1.72,1.78,1.88,2.05,2.00,1.61,1.65,2.42,2.33,1.49,1.52,2.75,2.67,1.35,1.37,3.34,3.26,1.22,1.23,4.57,4.50,,,,,,,,,,,,,,,,,,,,,,,,,,,,,0:1
ireland,premier-division,2023,2023-10-27,St. Patricks,Shamrock Rovers,Pinnacle,3.29,3.50,2.20,5.00,3.84,1.74,,,,,,,,,,,,,,,,,,,,,,,,,,,,,,,,,,,,,,,,,,,,,,,,,,,,,,,,,,,,,2.78,4.34,1.43,1.24,2.36,3.75,1.58,1.30,1.93,2.68,1.87,1.51,1.69,2.20,2.14,1.73,1.52,1.93,2.52,1.95,1.33,1.65,3.21,2.33,1.28,1.50,3.61,2.72,1.28,1.40,3.92,3.08,1.26,1.29,4.13,3.84,,,,,,,,,,,,,,,,,,,,,,,,,,,,,,,,,0:2
ireland,premier-division,2023,2023-10-27,Shelbourne,UC Dublin,Pinnacle,1.16,7.95,18.13,1.16,8.42,16.16,,,,,,,,,3.56,3.52,1.31,1.32,3.60,3.84,1.29,1.28,3.59,3.60,1.32,1.31,2.80,2.82,1.47,1.45,2.39,2.40,1.63,1.61,2.11,2.13,1.79,1.76,1.79,1.85,2.00,2.02,1.64,1.65,2.37,2.31,1.52,1.53,2.68,2.60,1.35,1.36,3.34,3.22,1.20,1.21,4.88,4.63,,,,,,,,,,,,,,,,,,,,,,,,,,,,,,,,,,,,,,,,,,,,,,,,,,,,,,,,,,,,,,,,,,,,,,,,,,,,,3:2
ireland,premier-division,2023,2023-10-27,Dundalk,Bohemians,Pinnacle,2.84,3.36,2.44,3.29,3.91,2.11,,,,,,,,,,,,,,,,,,,,,,,,,,,,,,,,,,,,,,,,,,,,,,,,,,,,,3.48,4.10,1.29,1.26,2.83,3.25,1.42,1.37,2.45,2.88,1.54,1.46,2.06,2.48,1.76,1.58,1.73,2.05,2.09,1.85,1.55,1.79,2.43,2.10,1.40,1.60,2.91,2.44,1.25,1.40,3.87,3.06,1.21,1.33,4.24,3.47,,,,,,,,,,,,,,,,,,,,,,,,,,,,,,,,,,,,,,,,,2:0
ireland,premier-division,2023,2023-10-28,Sligo Rovers,Drogheda,Pinnacle,1.81,3.82,4.31,1.87,3.66,4.40,,,,,,,,,,,,,,,,,,,,,,,,,,,,,,,,,,,,,3.91,4.10,1.28,1.26,3.14,3.44,1.39,1.34,2.80,3.04,1.48,1.41,2.43,2.64,1.61,1.53,1.99,2.13,1.81,1.77,1.80,1.87,2.09,2.02,1.58,1.62,2.48,2.40,1.37,1.38,3.26,3.26,1.29,1.29,3.76,3.79,1.23,1.24,4.11,4.34,,,,,,,,,,,,,,,,,,,,,,,,,,,,,,,,,,,,,,,,,,,,,,,,,,,,,0:0
ireland,premier-division,2023,2023-10-30,Cork City,Shamrock Rovers,Pinnacle,5.09,3.85,1.64,4.76,4.11,1.71,,,,,,,,,,,,,,,,,,,,,,,,,,,,,,,,,,,,,,,,,,,,,,,,,,,,,,,,,,,,,4.46,4.17,1.20,1.25,3.90,3.64,1.24,1.31,2.77,2.69,1.44,1.51,2.26,2.23,1.63,1.70,1.99,1.98,1.82,1.91,1.70,1.70,2.13,2.24,1.53,1.54,2.47,2.59,1.42,1.44,2.80,2.91,1.30,1.32,3.45,3.60,,,,,,,,,,,,,,,,,,,,,,,,,,,,,,,,,0:0
ireland,premier-division,2023,2023-11-03,UC Dublin,Dundalk,Pinnacle,8.28,5.55,1.34,11.09,6.87,1.24,,,,,,,,,,,,,,,,,,,,,,,,,,,,,,,,,,,,,,,,,,,,,,,,,,,,,,,,,,,,,,,,,,,,,,,,,,,,,,,,,2.76,3.54,1.49,1.32,2.24,2.73,1.70,1.48,1.93,2.32,1.88,1.65,1.75,2.07,2.16,1.80,1.54,1.83,2.59,2.05,1.44,1.65,2.91,2.32,1.37,1.53,3.24,2.60,1.30,1.39,3.61,3.08,1.27,1.26,3.88,3.99,,,,,,,,,,,,,1:5
ireland,premier-division,2023,2023-11-03,Shamrock Rovers,Sligo Rovers,Pinnacle,1.33,5.38,8.87,1.25,6.24,11.65,,,,,,,,,,,,,,,,,,,,,3.90,3.68,1.28,1.30,3.39,3.00,1.34,1.41,3.03,2.68,1.41,1.50,2.69,2.34,1.51,1.64,2.21,1.98,1.72,1.88,1.91,1.76,1.89,2.12,1.71,1.56,2.22,2.51,1.49,1.36,2.75,3.27,1.39,1.29,3.13,3.73,1.32,1.26,3.53,4.13,,,,,,,,,,,,,,,,,,,,,,,,,,,,,,,,,,,,,,,,,,,,,,,,,,,,,,,,,,,,,,,,,,,,,4:2
ireland,premier-division,2023,2023-11-03,Drogheda,Shelbourne,Pinnacle,3.22,3.31,2.23,5.43,3.93,1.67,,,,,,,,,,,,,,,,,,,,,,,,,,,,,,,,,,,,,,,,,,,,,,,,,,,,,,,,,,,,,2.77,4.72,1.44,1.21,2.32,4.10,1.60,1.26,1.88,2.85,1.92,1.46,1.65,2.31,2.22,1.67,1.47,2.02,2.65,1.87,1.29,1.72,3.48,2.21,1.24,1.55,3.92,2.58,1.27,1.43,3.85,2.94,1.25,1.31,4.21,3.65,,,,,,,,,,,,,,,,,,,,,,,,,,,,,,,,,2:4
ireland,premier-division,2023,2023-11-03,Derry City,St. Patricks,Pinnacle,1.65,4.09,5.13,1.43,4.78,7.73,,,,,,,,,,,,,,,,,,,,,,,,,,,,,4.28,3.88,1.24,1.28,4.31,3.43,1.21,1.34,3.31,2.65,1.36,1.52,2.72,2.24,1.49,1.70,2.41,1.97,1.61,1.92,2.09,1.68,1.80,2.28,1.78,1.52,2.04,2.65,1.64,1.42,2.36,3.00,1.46,1.28,2.87,3.89,1.27,1.17,3.96,5.51,,,,,,,,,,,,,,,,,,,,,,,,,,,,,,,,,,,,,,,,,,,,,,,,,,,,,,,,,,,,,3:0
ireland,premier-division,2023,2023-11-03,Bohemians,Cork City,Pinnacle,1.44,4.68,7.08,1.19,6.94,12.08,,,,,,,,,,,,,,,,,3.88,3.45,1.22,1.30,3.80,2.73,1.29,1.44,3.66,2.35,1.31,1.58,3.73,2.11,1.30,1.72,3.32,1.87,1.36,1.93,2.61,1.68,1.53,2.17,2.23,1.56,1.71,2.42,1.93,1.40,1.88,2.89,1.69,1.25,2.25,3.84,,,,,,,,,,,,,,,,,,,,,,,,,,,,,,,,,,,,,,,,,,,,,,,,,,,,,,,,,,,,,,,,,,,,,,,,,,,,,4:0
