Country,League,Date,Home,Away,FTHG,FTAG,bookmaker,HO_Open,DO_Open,AO_Open,HO_Close,DO_Close,AO_Close,-4_AH_H_Open,-4_AH_H_Close,+4_AH_A_Open,+4_AH_A_Close,-3.75_AH_H_Open,-3.75_AH_H_Close,+3.75_AH_A_Open,+3.75_AH_A_Close,-3.5_AH_H_Open,-3.5_AH_H_Close,+3.5_AH_A_Open,+3.5_AH_A_Close,-3.25_AH_H_Open,-3.25_AH_H_Close,+3.25_AH_A_Open,+3.25_AH_A_Close,-3_AH_H_Open,-3_AH_H_Close,+3_AH_A_Open,+3_AH_A_Close,-2.75_AH_H_Open,-2.75_AH_H_Close,+2.75_AH_A_Open,+2.75_AH_A_Close,-2.5_AH_H_Open,-2.5_AH_H_Close,+2.5_AH_A_Open,+2.5_AH_A_Close,-2.25_AH_H_Open,-2.25_AH_H_Close,+2.25_AH_A_Open,+2.25_AH_A_Close,-2_AH_H_Open,-2_AH_H_Close,+2_AH_A_Open,+2_AH_A_Close,-1.75_AH_H_Open,-1.75_AH_H_Close,+1.75_AH_A_Open,+1.75_AH_A_Close,-1.5_AH_H_Open,-1.5_AH_H_Close,+1.5_AH_A_Open,+1.5_AH_A_Close,-1.25_AH_H_Open,-1.25_AH_H_Close,+1.25_AH_A_Open,+1.25_AH_A_Close,-1_AH_H_Open,-1_AH_H_Close,+1_AH_A_Open,+1_AH_A_Close,-0.75_AH_H_Open,-0.75_AH_H_Close,+0.75_AH_A_Open,+0.75_AH_A_Close,-0.5_AH_H_Open,-0.5_AH_H_Close,+0.5_AH_A_Open,+0.5_AH_A_Close,-0.25_AH_H_Open,-0.25_AH_H_Close,+0.25_AH_A_Open,+0.25_AH_A_Close,+0_AH_H_Open,+0_AH_H_Close,-0_AH_A_Open,-0_AH_A_Close,+0.25_AH_H_Open,+0.25_AH_H_Close,-0.25_AH_A_Open,-0.25_AH_A_Close,+0.5_AH_H_Open,+0.5_AH_H_Close,-0.5_AH_A_Open,-0.5_AH_A_Close,+0.75_AH_H_Open,+0.75_AH_H_Close,-0.75_AH_A_Open,-0.75_AH_A_Close,+1_AH_H_Open,+1_AH_H_Close,-1_AH_A_Open,-1_AH_A_Close,+1.25_AH_H_Open,+1.25_AH_H_Close,-1.25_AH_A_Open,-1.25_AH_A_Close,+1.5_AH_H_Open,+1.5_AH_H_Close,-1.5_AH_A_Open,-1.5_AH_A_Close,+1.75_AH_H_Open,+1.75_AH_H_Close,-1.75_AH_A_Open,-1.75_AH_A_Close,+2_AH_H_Open,+2_AH_H_Close,-2_AH_A_Open,-2_AH_A_Close,+2.25_AH_H_Open,+2.25_AH_H_Close,-2.25_AH_A_Open,-2.25_AH_A_Close,+2.5_AH_H_Open,+2.5_AH_H_Close,-2.5_AH_A_Open,-2.5_AH_A_Close,+2.75_AH_H_Open,+2.75_AH_H_Close,-2.75_AH_A_Open,-2.75_AH_A_Close,+3_AH_H_Open,+3_AH_H_Close,-3_AH_A_Open,-3_AH_A_Close,+3.25_AH_H_Open,+3.25_AH_H_Close,-3.25_AH_A_Open,-3.25_AH_A_Close,+3.5_AH_H_Open,+3.5_AH_H_Close,-3.5_AH_A_Open,-3.5_AH_A_Close,+3.75_AH_H_Open,+3.75_AH_H_Close,-3.75_AH_A_Open,-3.75_AH_A_Close
lithuania,i-lyga,2023-03-10,Babrungas,Garliava,3,2,Pinnacle,1.71,3.41,3.70,1.94,3.44,3.32,,,,,,,,,,,,,,,,,,,,,,,,,,,,,,,,,,,,,,,,,,,,,,,,,2.28,2.77,1.50,1.38,1.93,2.23,1.74,1.58,1.69,1.94,1.93,1.80,1.50,1.70,2.24,2.04,1.35,1.46,2.84,2.50,1.45,1.41,2.49,2.65,,,,,,,,,,,,,,,,,,,,,,,,,,,,,,,,,,,,,,,,,,,,,,,,,,,,,,,,
lithuania,i-lyga,2023-03-11,BE1 NFA,FK Minija,2,2,Pinnacle,1.34,4.21,6.26,1.52,4.67,4.27,,,,,,,,,,,,,,,,,,,,,,,,,,,,,,,,,,,,,2.28,2.30,1.50,1.53,2.00,2.30,1.67,1.53,1.79,2.08,1.88,1.68,1.54,1.84,2.22,1.90,1.41,1.63,2.50,2.15,1.51,1.50,2.37,2.38,,,,,,,,,,,,,,,,,,,,,,,,,,,,,,,,,,,,,,,,,,,,,,,,,,,,,,,,,,,,,,,,,,,,
lithuania,i-lyga,2023-03-11,Nevezis Kedainiai,Riteriai 2,1,0,Pinnacle,1.45,3.92,4.83,1.61,4.41,3.90,,,,,,,,,,,,,,,,,,,,,,,,,,,,,,,,,,,,,2.50,2.50,1.46,1.46,2.18,2.47,1.52,1.47,1.97,2.24,1.67,1.58,1.75,1.99,1.93,1.76,1.56,1.74,2.16,1.98,1.44,1.58,2.39,2.20,1.48,1.45,2.44,2.51,,,,,,,,,,,,,,,,,,,,,,,,,,,,,,,,,,,,,,,,,,,,,,,,,,,,,,,,,,,,,,,,
lithuania,i-lyga,2023-03-11,Neptunas,Transinvest,4,2,Pinnacle,1.96,3.44,3.18,2.27,3.25,2.80,,,,,,,,,,,,,,,,,,,,,,,,,,,,,,,,,,,,,,,,,,,,,,,,,,,,,2.20,2.58,1.58,1.42,1.98,2.25,1.78,1.58,1.71,1.98,1.99,1.77,1.47,1.68,2.40,2.08,1.38,1.49,2.74,2.40,1.46,1.41,2.49,2.63,,,,,,,,,,,,,,,,,,,,,,,,,,,,,,,,,,,,,,,,,,,,,,,,,,,,
lithuania,i-lyga,2023-03-11,BFA Vilnius,FK Panevezys 2,3,1,Pinnacle,2.29,3.25,2.49,1.88,3.83,3.22,,,,,,,,,,,,,,,,,,,,,,,,,,,,,,,,,,,,,,,,,,,,,,,,,2.25,2.45,1.58,1.47,2.61,2.09,1.41,1.67,2.25,1.88,1.49,1.86,2.00,1.66,1.65,2.10,1.75,1.45,1.92,2.50,,,,,,,,,,,,,,,,,,,,,,,,,,,,,,,,,,,,,,,,,,,,,,,,,,,,,,,,,,,,
lithuania,i-lyga,2023-03-12,Ekranas,Zalgiris 2,1,1,Pinnacle,2.17,3.27,2.63,1.89,3.60,3.34,,,,,,,,,,,,,,,,,,,,,,,,,,,,,,,,,,,,,,,,,,,,,,,,,2.67,2.52,1.40,1.45,2.47,2.12,1.41,1.65,2.15,1.89,1.56,1.85,1.93,1.66,1.75,2.10,1.65,1.44,2.01,2.55,,,,,,,,,,,,,,,,,,,,,,,,,,,,,,,,,,,,,,,,,,,,,,,,,,,,,,,,,,,,
lithuania,i-lyga,2023-03-12,Siauliai 2,Marijampole City,2,3,Pinnacle,2.68,3.19,2.17,3.22,3.96,1.85,,,,,,,,,,,,,,,,,,,,,,,,,,,,,,,,,,,,,,,,,,,,,,,,,,,,,,,,,,,,,,,,,2.02,2.53,1.63,1.45,1.75,2.13,1.93,1.65,1.56,1.89,2.16,1.85,1.40,1.68,2.49,2.06,1.40,1.48,2.54,2.44,,,,,,,,,,,,,,,,,,,,,,,,,,,,,,,,,,,,,,,,,,,,
lithuania,i-lyga,2023-03-17,FK Panevezys 2,Babrungas,2,4,Pinnacle,2.79,3.34,2.04,2.92,3.60,2.06,,,,,,,,,,,,,,,,,,,,,,,,,,,,,,,,,,,,,,,,,,,,,,,,,,,,,,,,,,,,,2.44,2.54,1.42,1.44,2.16,2.25,1.56,1.58,1.85,1.92,1.82,1.83,1.63,1.70,2.02,2.04,1.47,1.52,2.30,2.33,,,,,,,,,,,,,,,,,,,,,,,,,,,,,,,,,,,,,,,,,,,,,,,,
lithuania,i-lyga,2023-03-17,Riteriai 2,Neptunas,3,2,Pinnacle,4.38,3.63,1.55,4.04,4.06,1.60,,,,,,,,,,,,,,,,,,,,,,,,,,,,,,,,,,,,,,,,,,,,,,,,,,,,,,,,,,,,,,,,,,,,,2.25,2.54,1.56,1.42,2.17,2.19,1.53,1.58,1.96,1.97,1.68,1.75,1.75,1.71,1.93,2.00,1.56,1.53,2.15,2.26,1.44,1.54,2.37,2.25,,,,,,,,,,,,,,,,,,,,,,,,,,,,,,,,,,,,
lithuania,i-lyga,2023-03-18,Garliava,Marijampole City,0,2,Pinnacle,2.79,3.15,2.12,3.26,3.72,1.88,,,,,,,,,,,,,,,,,,,,,,,,,,,,,,,,,,,,,,,,,,,,,,,,,,,,,,,,,,,,,2.42,2.59,1.42,1.43,2.11,2.51,1.58,1.45,1.79,2.09,1.88,1.67,1.58,1.85,2.10,1.88,1.42,1.64,2.42,2.14,1.43,1.42,2.56,2.61,1.46,1.47,2.46,2.46,,,,,,,,,,,,,,,,,,,,,,,,,,,,,,,,,,,,,,,,
lithuania,i-lyga,2023-03-18,FK Minija,Nevezis Kedainiai,1,2,Pinnacle,4.52,3.54,1.55,3.12,3.45,1.88,,,,,,,,,,,,,,,,,,,,,,,,,,,,,,,,,,,,,,,,,,,,,,,,,,,,,,,,,,,,,,,,,2.66,2.40,1.40,1.43,2.58,1.99,1.42,1.66,2.17,1.80,1.53,1.93,1.95,1.57,1.68,2.12,1.73,1.38,1.93,2.54,,,,,,,,,,,,,,,,,,,,,,,,,,,,,,,,,,,,,,,,,,,,
lithuania,i-lyga,2023-03-18,BFA Vilnius,Zalgiris 2,0,0,Pinnacle,2.36,3.20,2.43,2.07,3.50,2.97,,,,,,,,,,,,,,,,,,,,,,,,,,,,,,,,,,,,,,,,,,,,,,,,,,,,,2.49,2.34,1.46,1.52,2.32,2.05,1.46,1.69,2.07,1.83,1.61,1.92,1.81,1.57,1.86,2.27,1.57,1.43,2.13,2.58,,,,,,,,,,,,,,,,,,,,,,,,,,,,,,,,,,,,,,,,,,,,,,,,,,,,,,,,
lithuania,i-lyga,2023-03-20,Siauliai 2,BE1 NFA,2,1,Pinnacle,4.51,3.36,1.57,3.63,4.07,1.71,,,,,,,,,,,,,,,,,,,,,,,,,,,,,,,,,,,,,,,,,,,,,,,,,,,,,,,,,,,,,,,,,,,,,2.58,2.33,1.39,1.52,2.15,2.05,1.57,1.70,1.93,1.85,1.75,1.89,1.67,1.61,2.00,2.18,1.51,1.48,2.26,2.44,1.49,1.49,2.38,2.42,,,,,,,,,,,,,,,,,,,,,,,,,,,,,,,,,,,,
lithuania,i-lyga,2023-03-20,Ekranas,Kauno Zalgiris 2,1,1,Pinnacle,1.75,3.57,3.69,1.74,3.77,3.75,,,,,,,,,,,,,,,,,,,,,,,,,,,,,,,,,,,,,,,,,,,,,2.58,2.54,1.42,1.44,2.27,2.27,1.52,1.57,1.94,1.94,1.74,1.80,1.76,1.73,1.98,2.00,1.54,1.53,2.26,2.30,,,,,,,,,,,,,,,,,,,,,,,,,,,,,,,,,,,,,,,,,,,,,,,,,,,,,,,,,,,,,,,,
lithuania,i-lyga,2023-03-23,Babrungas,Zalgiris 2,2,0,Pinnacle,1.83,3.41,3.23,1.79,3.62,3.69,,,,,,,,,,,,,,,,,,,,,,,,,,,,,,,,,,,,,,,,,,,,,2.42,2.64,1.41,1.41,2.42,2.39,1.42,1.50,2.05,2.01,1.61,1.72,1.85,1.79,1.82,1.95,1.62,1.58,2.05,2.25,1.40,1.36,2.49,2.82,,,,,,,,,,,,,,,,,,,,,,,,,,,,,,,,,,,,,,,,,,,,,,,,,,,,,,,,,,,,
lithuania,i-lyga,2023-03-24,Nevezis Kedainiai,Siauliai 2,1,0,Pinnacle,1.45,3.94,4.77,1.44,4.22,5.67,,,,,,,,,,,,,,,,,,,,,,,,,,,,,,,,,,,,,2.43,2.49,1.47,1.46,2.18,2.16,1.52,1.63,1.97,1.94,1.67,1.80,1.75,1.69,1.93,2.06,1.56,1.53,2.16,2.32,1.44,1.48,2.38,2.44,,,,,,,,,,,,,,,,,,,,,,,,,,,,,,,,,,,,,,,,,,,,,,,,,,,,,,,,,,,,,,,,,,,,
lithuania,i-lyga,2023-03-24,Neptunas,FK Minija,0,0,Pinnacle,1.33,4.38,5.92,1.38,4.47,6.22,,,,,,,,,,,,,,,,,,,,,,,,,,,,,,,,,2.52,2.67,1.40,1.40,2.15,2.35,1.54,1.51,1.92,2.07,1.70,1.68,1.74,1.83,1.94,1.88,1.50,1.59,2.26,2.22,1.39,1.45,2.54,2.52,,,,,,,,,,,,,,,,,,,,,,,,,,,,,,,,,,,,,,,,,,,,,,,,,,,,,,,,,,,,,,,,,,,,,,,,
lithuania,i-lyga,2023-03-25,Kauno Zalgiris 2,Transinvest,2,2,Pinnacle,2.06,3.28,3.11,3.15,3.42,2.02,,,,,,,,,,,,,,,,,,,,,,,,,,,,,,,,,,,,,,,,,,,,,,,,,,,,,,,,,,,,,1.81,2.72,1.93,1.39,1.53,2.39,2.33,1.52,1.39,1.98,2.67,1.78,1.46,1.73,2.49,2.00,1.43,1.54,2.58,2.29,,,,,,,,,,,,,,,,,,,,,,,,,,,,,,,,,,,,,,,,,,,,,,,,
lithuania,i-lyga,2023-03-25,Jonava,Riteriai 2,0,2,Pinnacle,1.85,3.49,3.52,2.61,3.20,2.44,,,,,,,,,,,,,,,,,,,,,,,,,,,,,,,,,,,,,,,,,,,,,,,,,,,,,2.07,2.52,1.67,1.45,1.85,2.55,1.88,1.44,1.62,2.25,2.15,1.57,1.39,1.93,2.67,1.81,1.44,1.65,2.55,2.11,1.39,1.50,2.73,2.39,1.56,1.39,2.28,2.72,1.35,1.35,2.86,2.86,,,,,,,,,,,,,,,,,,,,,,,,,,,,,,,,,,,,,,,,,,,,
lithuania,i-lyga,2023-03-26,BFA Vilnius,Ekranas,2,1,Pinnacle,2.30,3.29,2.45,2.63,3.43,2.31,,,,,,,,,,,,,,,,,,,,,,,,,,,,,,,,,,,,,,,,,,,,,,,,,,,,,,,,,2.26,2.57,1.49,1.43,2.02,2.30,1.63,1.56,1.78,2.00,1.89,1.76,1.56,1.71,2.15,2.02,1.43,1.55,2.40,2.27,,,,,,,,,,,,,,,,,,,,,,,,,,,,,,,,,,,,,,,,,,,,,,,,,,,,
lithuania,i-lyga,2023-03-26,BE1 NFA,Garliava,1,1,Pinnacle,1.34,4.11,6.17,1.67,3.69,4.23,,,,,,,,,,,,,,,,,,,,,,,,,,,,,,,,,,,,,,,,,2.11,2.49,1.58,1.46,1.88,2.47,1.79,1.47,1.58,2.18,2.11,1.62,1.42,1.86,2.43,1.88,1.39,1.66,2.70,2.10,1.37,1.47,2.57,2.47,1.38,1.35,2.77,2.90,,,,,,,,,,,,,,,,,,,,,,,,,,,,,,,,,,,,,,,,,,,,,,,,,,,,,,,,,,,,
lithuania,i-lyga,2023-03-26,Marijampole City,FK Panevezys 2,2,1,Pinnacle,1.56,3.88,4.16,1.57,4.02,4.48,,,,,,,,,,,,,,,,,,,,,,,,,,,,,,,,,,,,,2.29,2.38,1.49,1.50,2.35,2.35,1.47,1.51,2.13,2.14,1.59,1.64,1.90,1.91,1.77,1.83,1.68,1.69,1.99,2.05,1.54,1.56,2.19,2.26,,,,,,,,,,,,,,,,,,,,,,,,,,,,,,,,,,,,,,,,,,,,,,,,,,,,,,,,,,,,,,,,,,,,
lithuania,i-lyga,2023-04-01,Garliava,Nevezis Kedainiai,0,0,Pinnacle,4.18,3.38,1.63,2.70,2.96,2.53,,,,,,,,,,,,,,,,,,,,,,,,,,,,,,,,,,,,,,,,,,,,,,,,,,,,,,,,,2.64,2.64,1.41,1.41,2.51,2.30,1.44,1.56,2.88,1.93,1.34,1.81,2.43,1.63,1.42,2.15,2.05,1.47,1.61,2.47,,,,,,,,,,,,,,,,,,,,,,,,,,,,,,,,,,,,,,,,,,,,,,,,,,,,
lithuania,i-lyga,2023-04-01,FK Minija,Jonava,3,0,Pinnacle,1.43,4.20,5.76,1.45,4.32,4.27,,,,,,,,,,,,,,,,,,,,,,,,,,,,,,,,,,,,,2.50,2.42,1.45,1.42,2.17,2.11,1.61,1.58,1.94,1.92,1.79,1.74,1.68,1.69,2.06,1.94,1.51,1.53,2.33,2.16,1.45,1.50,2.48,2.22,1.41,1.44,2.61,2.37,,,,,,,,,,,,,,,,,,,,,,,,,,,,,,,,,,,,,,,,,,,,,,,,,,,,,,,,,,,,,,,,
lithuania,i-lyga,2023-04-01,Ekranas,Babrungas,1,1,Pinnacle,2.56,3.30,2.21,2.13,3.66,2.76,,,,,,,,,,,,,,,,,,,,,,,,,,,,,,,,,,,,,,,,,,,,,,,,,,,,,2.48,2.42,1.44,1.49,2.15,2.11,1.60,1.65,2.23,1.89,1.50,1.85,1.95,1.64,1.68,2.13,1.72,1.49,1.97,2.41,,,,,,,,,,,,,,,,,,,,,,,,,,,,,,,,,,,,,,,,,,,,,,,,,,,,,,,,
lithuania,i-lyga,2023-04-01,BFA Vilnius,Kauno Zalgiris 2,1,0,Pinnacle,1.66,3.73,3.95,2.06,3.87,2.77,,,,,,,,,,,,,,,,,,,,,,,,,,,,,,,,,,,,,,,,,,,,,2.36,2.28,1.48,1.54,2.10,2.44,1.63,1.48,1.85,2.31,1.88,1.53,1.65,2.04,2.07,1.70,1.46,1.84,2.40,1.90,1.47,1.61,2.46,2.18,1.51,1.48,2.35,2.44,,,,,,,,,,,,,,,,,,,,,,,,,,,,,,,,,,,,,,,,,,,,,,,,,,,,,,,,
lithuania,i-lyga,2023-04-02,Transinvest,Riteriai 2,2,1,Pinnacle,1.61,3.96,4.05,1.67,3.78,4.13,,,,,,,,,,,,,,,,,,,,,,,,,,,,,,,,,,,,,,,,,,,,,2.19,2.35,1.58,1.51,1.96,2.10,1.75,1.66,1.76,1.84,1.98,1.90,1.61,1.66,2.18,2.11,1.43,1.47,2.54,2.46,,,,,,,,,,,,,,,,,,,,,,,,,,,,,,,,,,,,,,,,,,,,,,,,,,,,,,,,,,,,,,,,
lithuania,i-lyga,2023-04-02,Siauliai 2,Neptunas,1,1,Pinnacle,4.54,3.77,1.50,5.10,4.28,1.48,,,,,,,,,,,,,,,,,,,,,,,,,,,,,,,,,,,,,,,,,,,,,,,,,,,,,,,,,,,,,,,,,,,,,2.57,2.47,1.43,1.47,2.26,2.49,1.49,1.46,2.05,2.25,1.61,1.58,1.84,1.98,1.83,1.77,1.63,1.72,2.04,2.01,1.49,1.57,2.25,2.23,,,,,,,,,,,,,,,,,,,,,,,,,,,,,,,,,,,,
lithuania,i-lyga,2023-04-02,Marijampole City,Zalgiris 2,1,3,Pinnacle,1.75,3.47,3.44,1.69,3.70,4.06,,,,,,,,,,,,,,,,,,,,,,,,,,,,,,,,,,,,,,,,,2.36,2.47,1.50,1.47,2.44,2.44,1.47,1.48,2.27,2.17,1.48,1.62,1.94,1.88,1.68,1.86,1.76,1.68,1.91,2.07,1.55,1.49,2.17,2.41,1.35,1.35,2.68,2.87,,,,,,,,,,,,,,,,,,,,,,,,,,,,,,,,,,,,,,,,,,,,,,,,,,,,,,,,,,,,
lithuania,i-lyga,2023-04-02,FK Panevezys 2,BE1 NFA,0,2,Pinnacle,4.05,3.58,1.60,4.66,3.80,1.59,,,,,,,,,,,,,,,,,,,,,,,,,,,,,,,,,,,,,,,,,,,,,,,,,,,,,,,,,,,,,,,,,,,,,2.49,2.53,1.42,1.45,2.12,2.24,1.60,1.58,1.91,2.01,1.76,1.75,1.66,1.73,2.01,2.00,1.51,1.55,2.26,2.28,1.45,1.49,2.48,2.41,,,,,,,,,,,,,,,,,,,,,,,,,,,,,,,,,,,,
lithuania,i-lyga,2023-04-07,Babrungas,BFA Vilnius,4,1,Pinnacle,1.75,3.51,3.45,1.81,3.57,3.67,,,,,,,,,,,,,,,,,,,,,,,,,,,,,,,,,,,,,,,,,,,,,,,,,2.25,2.36,1.49,1.51,1.93,2.01,1.70,1.72,1.76,1.81,1.92,1.93,1.54,1.59,2.18,2.23,1.34,1.37,2.69,2.79,,,,,,,,,,,,,,,,,,,,,,,,,,,,,,,,,,,,,,,,,,,,,,,,,,,,,,,,,,,,
lithuania,i-lyga,2023-04-07,Neptunas,Garliava,1,2,Pinnacle,1.34,4.35,5.66,1.43,4.24,5.82,,,,,,,,,,,,,,,,,,,,,,,,,,,,,,,,,,,,,2.19,2.59,1.52,1.43,1.94,2.23,1.69,1.58,1.76,1.99,1.91,1.76,1.53,1.70,2.21,2.04,1.40,1.52,2.47,2.33,1.50,1.59,2.37,2.23,1.41,1.41,2.63,2.63,,,,,,,,,,,,,,,,,,,,,,,,,,,,,,,,,,,,,,,,,,,,,,,,,,,,,,,,,,,,,,,,
lithuania,i-lyga,2023-04-07,Nevezis Kedainiai,FK Panevezys 2,0,0,Pinnacle,1.33,4.46,5.79,1.47,4.22,5.27,,,,,,,,,,,,,,,,,,,,,,,,,,,,,,,,,2.55,2.55,1.38,1.38,2.15,2.15,1.56,1.56,1.93,2.28,1.75,1.54,1.70,2.04,1.93,1.70,1.49,1.78,2.26,1.97,1.69,1.58,2.05,2.25,1.53,1.45,2.30,2.50,,,,,,,,,,,,,,,,,,,,,,,,,,,,,,,,,,,,,,,,,,,,,,,,,,,,,,,,,,,,,,,,,,,,
lithuania,i-lyga,2023-04-07,Jonava,Siauliai 2,0,2,Pinnacle,2.60,3.24,2.39,2.77,3.44,2.21,,,,,,,,,,,,,,,,,,,,,,,,,,,,,,,,,,,,,,,,,,,,,,,,,,,,,,,,,2.54,2.39,1.43,1.50,2.25,2.40,1.56,1.50,1.94,2.10,1.79,1.67,1.67,1.80,2.08,1.94,1.51,1.61,2.34,2.19,1.44,1.44,2.53,2.53,,,,,,,,,,,,,,,,,,,,,,,,,,,,,,,,,,,,,,,,,,,,,,,,
lithuania,i-lyga,2023-04-08,Transinvest,FK Minija,1,0,Pinnacle,2.21,3.32,2.73,1.67,3.64,4.32,,,,,,,,,,,,,,,,,,,,,,,,,,,,,,,,,,,,,,,,,,,,,2.24,2.38,1.58,1.50,2.43,2.12,1.47,1.65,2.51,1.84,1.43,1.90,2.19,1.66,1.58,2.11,1.96,1.46,1.78,2.49,,,,,,,,,,,,,,,,,,,,,,,,,,,,,,,,,,,,,,,,,,,,,,,,,,,,,,,,,,,,,,,,
lithuania,i-lyga,2023-04-08,Marijampole City,Ekranas,2,0,Pinnacle,1.75,3.50,3.44,2.74,3.24,2.32,,,,,,,,,,,,,,,,,,,,,,,,,,,,,,,,,,,,,,,,,,,,,,,,,,,,,,,,,1.76,2.63,1.92,1.41,1.55,2.35,2.17,1.51,1.34,2.03,2.68,1.71,1.48,1.74,2.40,2.02,1.50,1.56,2.38,2.30,1.39,1.39,2.71,2.72,,,,,,,,,,,,,,,,,,,,,,,,,,,,,,,,,,,,,,,,,,,,,,,,
lithuania,i-lyga,2023-04-10,Kauno Zalgiris 2,Riteriai 2,1,4,Pinnacle,2.23,3.15,2.82,2.56,2.97,2.36,,,,,,,,,,,,,,,,,,,,,,,,,,,,,,,,,,,,,,,,,,,,,,,,,,,,,2.57,2.69,1.41,1.40,2.21,2.51,1.57,1.40,1.96,2.22,1.78,1.52,1.64,1.90,2.09,1.75,1.46,1.62,2.42,2.04,1.62,1.46,2.18,2.32,1.45,1.40,2.53,2.51,1.48,1.31,2.44,2.64,,,,,,,,,,,,,,,,,,,,,,,,,,,,,,,,,,,,,,,,,,,,
lithuania,i-lyga,2023-04-10,BE1 NFA,Zalgiris 2,3,0,Pinnacle,1.47,3.76,4.79,1.85,3.51,3.57,,,,,,,,,,,,,,,,,,,,,,,,,,,,,,,,,,,,,,,,,,,,,,,,,1.82,2.47,1.85,1.47,1.60,2.07,2.11,1.68,1.46,1.85,2.36,1.89,1.40,1.62,2.67,2.17,1.45,1.39,2.52,2.71,,,,,,,,,,,,,,,,,,,,,,,,,,,,,,,,,,,,,,,,,,,,,,,,,,,,,,,,,,,,
lithuania,i-lyga,2023-04-14,Zalgiris 2,Nevezis Kedainiai,1,4,Pinnacle,3.40,3.32,1.81,3.04,3.19,2.16,,,,,,,,,,,,,,,,,,,,,,,,,,,,,,,,,,,,,,,,,,,,,,,,,,,,,,,,,2.38,2.59,1.50,1.43,2.52,2.60,1.44,1.42,2.61,2.24,1.36,1.58,2.10,1.86,1.58,1.88,1.85,1.64,1.82,2.14,1.63,1.45,2.03,2.51,,,,,,,,,,,,,,,,,,,,,,,,,,,,,,,,,,,,,,,,,,,,,,,,
lithuania,i-lyga,2023-04-14,Babrungas,Kauno Zalgiris 2,1,0,Pinnacle,1.49,3.96,5.00,1.46,4.88,4.61,,,,,,,,,,,,,,,,,,,,,,,,,,,,,,,,,,,,,2.56,2.47,1.43,1.47,2.34,2.16,1.49,1.63,2.10,1.95,1.63,1.80,1.85,1.70,1.88,2.04,1.61,1.54,2.13,2.28,1.47,1.46,2.38,2.48,,,,,,,,,,,,,,,,,,,,,,,,,,,,,,,,,,,,,,,,,,,,,,,,,,,,,,,,,,,,,,,,,,,,
lithuania,i-lyga,2023-04-14,Ekranas,BE1 NFA,2,1,Pinnacle,3.79,3.26,1.73,2.69,3.12,2.43,,,,,,,,,,,,,,,,,,,,,,,,,,,,,,,,,,,,,,,,,,,,,,,,,,,,,,,,,2.64,2.62,1.39,1.42,2.85,2.31,1.35,1.55,2.89,1.97,1.30,1.78,2.24,1.67,1.51,2.09,1.93,1.50,1.74,2.38,,,,,,,,,,,,,,,,,,,,,,,,,,,,,,,,,,,,,,,,,,,,,,,,,,,,
lithuania,i-lyga,2023-04-15,Garliava,Jonava,1,1,Pinnacle,1.81,3.43,3.58,1.43,4.65,4.89,,,,,,,,,,,,,,,,,,,,,,,,,,,,,,,,,2.55,2.61,1.38,1.36,2.37,2.45,1.44,1.45,2.39,2.13,1.50,1.62,2.47,1.92,1.47,1.79,2.50,1.67,1.45,2.06,2.07,1.51,1.67,2.32,1.83,1.46,1.90,2.33,1.60,1.43,2.19,2.36,1.37,1.44,2.75,2.55,,,,,,,,,,,,,,,,,,,,,,,,,,,,,,,,,,,,,,,,,,,,,,,,,,,,,,,,,,,,
lithuania,i-lyga,2023-04-15,BFA Vilnius,Marijampole City,0,2,Pinnacle,2.69,3.28,2.12,2.95,3.44,2.10,,,,,,,,,,,,,,,,,,,,,,,,,,,,,,,,,,,,,,,,,,,,,,,,,,,,,,,,,,,,,2.35,2.55,1.45,1.44,2.06,2.24,1.61,1.58,1.78,1.88,1.89,1.85,1.58,1.67,2.10,2.08,1.43,1.50,2.42,2.39,,,,,,,,,,,,,,,,,,,,,,,,,,,,,,,,,,,,,,,,,,,,,,,,
lithuania,i-lyga,2023-04-16,FK Minija,Riteriai 2,1,0,Pinnacle,2.09,3.14,2.85,2.72,3.00,2.48,,,,,,,,,,,,,,,,,,,,,,,,,,,,,,,,,,,,,,,,,,,,,,,,,,,,,,,,,2.07,2.58,1.60,1.43,1.85,2.32,1.82,1.54,1.56,1.96,2.15,1.79,1.41,1.65,2.47,2.12,1.49,1.48,2.37,2.43,1.41,1.38,2.65,2.77,,,,,,,,,,,,,,,,,,,,,,,,,,,,,,,,,,,,,,,,,,,,,,,,
lithuania,i-lyga,2023-04-16,Siauliai 2,Transinvest,0,3,Pinnacle,3.96,3.62,1.68,5.25,3.98,1.51,,,,,,,,,,,,,,,,,,,,,,,,,,,,,,,,,,,,,,,,,,,,,,,,,,,,,,,,,,,,,,,,,,,,,,,,,2.03,2.41,1.67,1.49,1.85,2.27,1.88,1.54,1.60,1.93,2.15,1.81,1.46,1.69,2.40,2.05,1.55,1.54,2.25,2.28,1.58,1.50,2.23,2.40,1.40,1.40,2.67,2.68,,,,,,,,,,,,,,,,,,,,,,,,,,,,
lithuania,i-lyga,2023-04-16,FK Panevezys 2,Neptunas,1,0,Pinnacle,4.62,3.90,1.48,5.86,4.69,1.38,,,,,,,,,,,,,,,,,,,,,,,,,,,,,,,,,,,,,,,,,,,,,,,,,,,,,,,,,,,,,,,,,,,,,,,,,,,,,2.12,2.42,1.58,1.48,1.91,2.27,1.76,1.55,1.67,1.97,1.97,1.75,1.53,1.79,2.17,1.95,1.45,1.61,2.48,2.19,1.41,1.43,2.61,2.57,,,,,,,,,,,,,,,,,,,,,,,,,,,,
lithuania,i-lyga,2023-04-20,BE1 NFA,BFA Vilnius,2,1,Pinnacle,1.67,3.43,4.00,1.75,3.58,3.95,,,,,,,,,,,,,,,,,,,,,,,,,,,,,,,,,,,,,,,,,,,,,2.43,2.56,1.44,1.44,2.16,2.28,1.57,1.56,1.86,1.95,1.81,1.80,1.66,1.73,2.02,2.00,1.46,1.52,2.36,2.33,1.33,1.34,2.81,2.93,,,,,,,,,,,,,,,,,,,,,,,,,,,,,,,,,,,,,,,,,,,,,,,,,,,,,,,,,,,,
lithuania,i-lyga,2023-04-21,Nevezis Kedainiai,Ekranas,1,0,Pinnacle,1.57,3.58,4.30,1.90,3.30,3.61,,,,,,,,,,,,,,,,,,,,,,,,,,,,,,,,,,,,,,,,,,,,,,,,,1.96,2.68,1.68,1.40,1.73,2.17,1.95,1.62,1.56,1.90,2.15,1.84,1.38,1.65,2.54,2.12,1.33,1.40,2.95,2.68,,,,,,,,,,,,,,,,,,,,,,,,,,,,,,,,,,,,,,,,,,,,,,,,,,,,,,,,,,,,
lithuania,i-lyga,2023-04-21,Neptunas,Zalgiris 2,2,0,Pinnacle,1.37,4.30,5.27,1.39,4.82,5.65,,,,,,,,,,,,,,,,,,,,,,,,,,,,,,,,,2.65,2.51,1.40,1.45,2.25,2.21,1.49,1.58,1.99,1.96,1.65,1.76,1.81,1.78,1.86,1.97,1.57,1.56,2.13,2.28,1.44,1.44,2.38,2.53,,,,,,,,,,,,,,,,,,,,,,,,,,,,,,,,,,,,,,,,,,,,,,,,,,,,,,,,,,,,,,,,,,,,,,,,
lithuania,i-lyga,2023-04-21,Kauno Zalgiris 2,FK Minija,5,0,Pinnacle,2.36,3.10,2.50,2.25,3.37,2.74,,,,,,,,,,,,,,,,,,,,,,,,,,,,,,,,,,,,,,,,,,,,,,,,,,,,,2.67,2.61,1.40,1.42,2.32,2.23,1.46,1.59,2.06,1.98,1.61,1.78,1.78,1.68,1.89,2.06,1.55,1.51,2.17,2.37,1.41,1.42,2.45,2.60,,,,,,,,,,,,,,,,,,,,,,,,,,,,,,,,,,,,,,,,,,,,,,,,,,,,
lithuania,i-lyga,2023-04-22,Transinvest,Garliava,3,3,Pinnacle,1.48,3.74,4.72,1.60,3.78,4.60,,,,,,,,,,,,,,,,,,,,,,,,,,,,,,,,,,,,,,,,,2.34,2.45,1.47,1.47,2.10,2.23,1.61,1.59,1.83,1.98,1.83,1.77,1.61,1.74,2.09,1.99,1.47,1.58,2.34,2.20,1.46,1.44,2.46,2.53,,,,,,,,,,,,,,,,,,,,,,,,,,,,,,,,,,,,,,,,,,,,,,,,,,,,,,,,,,,,,,,,
lithuania,i-lyga,2023-04-22,Jonava,FK Panevezys 2,1,2,Pinnacle,2.32,3.16,2.75,2.31,3.24,2.75,,,,,,,,,,,,,,,,,,,,,,,,,,,,,,,,,,,,,,,,,,,,,,,,,,,,,2.70,2.50,1.39,1.45,2.30,2.29,1.54,1.56,2.02,2.02,1.72,1.75,1.70,1.70,2.02,2.04,1.50,1.51,2.35,2.36,1.41,1.41,2.64,2.64,,,,,,,,,,,,,,,,,,,,,,,,,,,,,,,,,,,,,,,,,,,,,,,,,,,,
lithuania,i-lyga,2023-04-23,Riteriai 2,Siauliai 2,1,1,Pinnacle,1.74,3.42,3.55,1.65,4.05,3.98,,,,,,,,,,,,,,,,,,,,,,,,,,,,,,,,,,,,,,,,,,,,,2.62,2.36,1.41,1.51,2.30,2.09,1.47,1.67,1.94,1.82,1.69,1.93,1.75,1.63,1.93,2.15,1.53,1.46,2.20,2.48,,,,,,,,,,,,,,,,,,,,,,,,,,,,,,,,,,,,,,,,,,,,,,,,,,,,,,,,,,,,,,,,
lithuania,i-lyga,2023-04-23,Marijampole City,Babrungas,0,3,Pinnacle,2.14,3.22,2.71,2.13,3.21,3.10,,,,,,,,,,,,,,,,,,,,,,,,,,,,,,,,,,,,,,,,,,,,,,,,,,,,,2.44,2.43,1.42,1.48,2.12,2.11,1.57,1.66,1.90,1.85,1.77,1.89,1.61,1.56,2.06,2.29,1.45,1.41,2.35,2.65,1.45,1.42,2.51,2.61,,,,,,,,,,,,,,,,,,,,,,,,,,,,,,,,,,,,,,,,,,,,,,,,,,,,
lithuania,i-lyga,2023-04-28,Garliava,Riteriai 2,2,1,Pinnacle,2.34,3.06,2.61,2.22,3.51,2.71,,,,,,,,,,,,,,,,,,,,,,,,,,,,,,,,,,,,,,,,,,,,,,,,,2.69,2.78,1.39,1.36,2.64,2.57,1.40,1.43,2.29,2.20,1.49,1.61,2.02,1.96,1.65,1.79,1.74,1.68,1.94,2.06,1.52,1.51,2.26,2.35,1.40,1.45,2.55,2.52,,,,,,,,,,,,,,,,,,,,,,,,,,,,,,,,,,,,,,,,,,,,,,,,,,,,
lithuania,i-lyga,2023-04-29,Ekranas,Neptunas,0,1,Pinnacle,3.45,3.29,1.80,3.22,3.37,2.01,,,,,,,,,,,,,,,,,,,,,,,,,,,,,,,,,,,,,,,,,,,,,,,,,,,,,,,,,,,,,2.65,2.66,1.40,1.41,2.64,2.43,1.35,1.50,2.11,2.00,1.58,1.76,1.85,1.74,1.81,1.99,1.64,1.55,2.02,2.26,1.43,1.39,2.40,2.73,,,,,,,,,,,,,,,,,,,,,,,,,,,,,,,,,,,,,,,,,,,,
lithuania,i-lyga,2023-04-30,BFA Vilnius,Nevezis Kedainiai,0,2,Pinnacle,3.27,3.19,1.93,3.52,3.35,1.89,,,,,,,,,,,,,,,,,,,,,,,,,,,,,,,,,,,,,,,,,,,,,,,,,,,,,,,,,,,,,,,,,2.46,2.63,1.43,1.40,1.99,2.10,1.68,1.65,1.75,1.84,1.93,1.90,1.55,1.62,2.20,2.15,1.36,1.41,2.69,2.62,,,,,,,,,,,,,,,,,,,,,,,,,,,,,,,,,,,,,,,,,,,,
lithuania,i-lyga,2023-04-30,Babrungas,BE1 NFA,0,2,Pinnacle,2.49,3.08,2.38,1.93,3.31,3.52,,,,,,,,,,,,,,,,,,,,,,,,,,,,,,,,,,,,,,,,,,,,,,,,,2.39,2.74,1.49,1.38,2.56,2.21,1.43,1.60,2.44,1.93,1.42,1.82,2.16,1.67,1.55,2.09,1.88,1.42,1.79,2.62,,,,,,,,,,,,,,,,,,,,,,,,,,,,,,,,,,,,,,,,,,,,,,,,,,,,,,,,,,,,
lithuania,i-lyga,2023-04-30,Marijampole City,Kauno Zalgiris 2,2,0,Pinnacle,1.56,3.69,4.21,1.59,3.78,4.72,,,,,,,,,,,,,,,,,,,,,,,,,,,,,,,,,,,,,,,,,2.29,2.43,1.53,1.48,2.19,2.31,1.52,1.53,1.94,2.02,1.69,1.71,1.72,1.75,1.96,2.00,1.55,1.58,2.17,2.25,1.38,1.40,2.55,2.69,,,,,,,,,,,,,,,,,,,,,,,,,,,,,,,,,,,,,,,,,,,,,,,,,,,,,,,,,,,,,,,,
lithuania,i-lyga,2023-04-30,FK Panevezys 2,Transinvest,0,3,Pinnacle,3.81,3.58,1.65,5.42,3.93,1.50,,,,,,,,,,,,,,,,,,,,,,,,,,,,,,,,,,,,,,,,,,,,,,,,,,,,,,,,,,,,,,,,,,,,,2.34,2.56,1.45,1.43,2.02,2.43,1.64,1.48,1.84,2.20,1.83,1.60,1.61,1.95,2.07,1.79,1.47,1.71,2.31,2.03,1.47,1.56,2.46,2.24,1.48,1.44,2.43,2.53,,,,,,,,,,,,,,,,,,,,,,,,,,,,,,,,
lithuania,i-lyga,2023-04-30,Siauliai 2,FK Minija,0,1,Pinnacle,2.36,3.13,2.48,2.63,3.24,2.40,,,,,,,,,,,,,,,,,,,,,,,,,,,,,,,,,,,,,,,,,,,,,,,,,,,,,,,,,2.32,2.57,1.46,1.43,2.06,2.28,1.61,1.56,1.79,1.96,1.88,1.79,1.55,1.68,2.16,2.08,1.42,1.51,2.43,2.35,,,,,,,,,,,,,,,,,,,,,,,,,,,,,,,,,,,,,,,,,,,,,,,,,,,,
lithuania,i-lyga,2023-05-01,Zalgiris 2,Jonava,1,3,Pinnacle,1.62,3.62,3.92,1.89,4.03,3.03,,,,,,,,,,,,,,,,,,,,,,,,,,,,,,,,,,,,,,,,,,,,,2.28,2.50,1.48,1.46,2.03,2.50,1.63,1.45,1.79,2.12,1.88,1.65,1.61,1.89,2.07,1.85,1.43,1.69,2.41,2.05,1.54,1.49,2.30,2.40,,,,,,,,,,,,,,,,,,,,,,,,,,,,,,,,,,,,,,,,,,,,,,,,,,,,,,,,,,,,
lithuania,i-lyga,2023-05-12,Nevezis Kedainiai,Babrungas,1,1,Pinnacle,1.86,3.23,3.32,2.47,3.21,2.49,,,,,,,,,,,,,,,,,,,,,,,,,,,,,,,,,,,,,,,,,,,,,,,,,2.54,2.74,1.38,1.38,2.11,2.41,1.58,1.49,1.88,2.42,1.79,1.47,1.63,2.15,2.03,1.61,1.39,1.85,2.52,1.86,1.40,1.61,2.64,2.16,1.47,1.46,2.45,2.44,,,,,,,,,,,,,,,,,,,,,,,,,,,,,,,,,,,,,,,,,,,,,,,,,,,,
lithuania,i-lyga,2023-05-13,Transinvest,Zalgiris 2,3,0,Pinnacle,1.36,4.32,5.35,1.14,6.66,13.82,,,,,,,,,,,,,,,,,,,,,2.44,2.62,1.47,1.42,2.40,2.42,1.48,1.49,2.22,2.15,1.56,1.63,2.60,1.85,1.41,1.88,2.23,1.61,1.50,2.18,1.98,1.47,1.67,2.46,,,,,,,,,,,,,,,,,,,,,,,,,,,,,,,,,,,,,,,,,,,,,,,,,,,,,,,,,,,,,,,,,,,,,,,,,,,,,,,,,,,,
lithuania,i-lyga,2023-05-13,Neptunas,BFA Vilnius,1,0,Pinnacle,1.30,4.45,6.39,1.47,4.21,5.30,,,,,,,,,,,,,,,,,,,,,,,,,,,,,,,,,,,,,2.15,2.34,1.56,1.52,1.93,2.28,1.75,1.54,1.69,2.04,1.94,1.70,1.46,1.78,2.32,1.97,1.42,1.58,2.62,2.25,1.47,1.45,2.47,2.51,,,,,,,,,,,,,,,,,,,,,,,,,,,,,,,,,,,,,,,,,,,,,,,,,,,,,,,,,,,,,,,,,,,,
lithuania,i-lyga,2023-05-13,FK Minija,Garliava,1,1,Pinnacle,2.31,2.98,2.63,2.31,3.07,2.63,,,,,,,,,,,,,,,,,,,,,,,,,,,,,,,,,,,,,,,,,,,,,,,,,,,,,,,,,2.27,2.27,1.48,1.48,2.00,2.00,1.65,1.65,1.72,1.75,1.97,2.01,1.50,1.50,2.28,2.28,1.37,1.37,2.58,2.58,,,,,,,,,,,,,,,,,,,,,,,,,,,,,,,,,,,,,,,,,,,,,,,,,,,,
lithuania,i-lyga,2023-05-13,BE1 NFA,Marijampole City,1,2,Pinnacle,1.84,3.23,3.39,1.84,3.33,3.39,,,,,,,,,,,,,,,,,,,,,,,,,,,,,,,,,,,,,,,,,,,,,,,,,2.50,2.50,1.40,1.40,2.08,2.08,1.60,1.60,1.85,1.89,1.81,1.85,1.61,1.61,2.07,2.07,1.37,1.37,2.58,2.58,,,,,,,,,,,,,,,,,,,,,,,,,,,,,,,,,,,,,,,,,,,,,,,,,,,,,,,,,,,,
lithuania,i-lyga,2023-05-14,Riteriai 2,FK Panevezys 2,1,2,Pinnacle,1.71,3.50,3.61,1.68,3.79,4.03,,,,,,,,,,,,,,,,,,,,,,,,,,,,,,,,,,,,,,,,,,,,,2.47,2.42,1.41,1.49,2.21,2.15,1.53,1.63,1.92,1.86,1.76,1.88,1.69,1.67,1.93,2.09,1.50,1.48,2.23,2.43,1.37,1.51,2.75,2.39,1.38,1.38,2.71,2.71,,,,,,,,,,,,,,,,,,,,,,,,,,,,,,,,,,,,,,,,,,,,,,,,,,,,,,,,
lithuania,i-lyga,2023-05-14,Jonava,Ekranas,1,4,Pinnacle,3.12,3.26,1.92,3.82,3.99,1.68,,,,,,,,,,,,,,,,,,,,,,,,,,,,,,,,,,,,,,,,,,,,,,,,,,,,,,,,,,,,,,,,,2.37,2.52,1.44,1.45,1.95,2.24,1.68,1.56,1.74,1.97,1.93,1.75,1.54,1.76,2.18,1.95,1.36,1.55,2.63,2.30,1.52,1.43,2.28,2.57,,,,,,,,,,,,,,,,,,,,,,,,,,,,,,,,,,,,,,,,
lithuania,i-lyga,2023-05-15,Kauno Zalgiris 2,Siauliai 2,0,2,Pinnacle,1.96,3.26,3.10,1.91,3.44,3.45,,,,,,,,,,,,,,,,,,,,,,,,,,,,,,,,,,,,,,,,,,,,,,,,,2.73,2.57,1.38,1.43,2.21,2.15,1.53,1.63,1.94,1.91,1.71,1.83,1.72,1.67,1.95,2.10,1.48,1.43,2.37,2.59,1.36,1.47,2.69,2.47,,,,,,,,,,,,,,,,,,,,,,,,,,,,,,,,,,,,,,,,,,,,,,,,,,,,,,,,
lithuania,i-lyga,2023-05-19,Marijampole City,Nevezis Kedainiai,1,0,Pinnacle,2.51,2.97,2.43,2.36,3.45,2.55,,,,,,,,,,,,,,,,,,,,,,,,,,,,,,,,,,,,,,,,,,,,,,,,,,,,,,,,,2.46,2.31,1.41,1.53,2.17,2.06,1.55,1.68,1.87,1.80,1.80,1.95,1.59,1.59,2.10,2.23,1.44,1.46,2.38,2.50,,,,,,,,,,,,,,,,,,,,,,,,,,,,,,,,,,,,,,,,,,,,,,,,,,,,
lithuania,i-lyga,2023-05-19,Babrungas,Neptunas,2,2,Pinnacle,2.84,3.14,2.14,2.53,3.40,2.41,,,,,,,,,,,,,,,,,,,,,,,,,,,,,,,,,,,,,,,,,,,,,,,,,,,,,,,,,2.53,2.48,1.44,1.46,2.45,2.21,1.43,1.60,2.13,1.92,1.59,1.82,1.79,1.66,1.88,2.10,1.59,1.51,2.12,2.36,1.43,1.53,2.45,2.31,,,,,,,,,,,,,,,,,,,,,,,,,,,,,,,,,,,,,,,,,,,,,,,,
lithuania,i-lyga,2023-05-19,BE1 NFA,Kauno Zalgiris 2,0,1,Pinnacle,1.44,3.91,4.97,1.38,4.52,6.27,,,,,,,,,,,,,,,,,,,,,,,,,,,,,,,,,2.55,2.65,1.44,1.41,2.54,2.27,1.44,1.55,2.18,2.00,1.53,1.73,1.96,1.80,1.68,1.94,1.74,1.57,1.94,2.27,1.54,1.44,2.18,2.54,,,,,,,,,,,,,,,,,,,,,,,,,,,,,,,,,,,,,,,,,,,,,,,,,,,,,,,,,,,,,,,,,,,,,,,,
lithuania,i-lyga,2023-05-20,Garliava,Siauliai 2,3,0,Pinnacle,1.76,3.33,3.56,1.72,3.71,3.89,,,,,,,,,,,,,,,,,,,,,,,,,,,,,,,,,,,,,,,,,,,,,2.54,2.53,1.44,1.45,2.33,2.25,1.46,1.58,1.97,1.93,1.67,1.82,1.78,1.71,1.90,2.02,1.55,1.52,2.17,2.34,1.33,1.41,2.73,2.65,,,,,,,,,,,,,,,,,,,,,,,,,,,,,,,,,,,,,,,,,,,,,,,,,,,,,,,,,,,,
lithuania,i-lyga,2023-05-21,BFA Vilnius,Jonava,2,1,Pinnacle,1.64,3.59,3.84,1.47,4.35,5.10,,,,,,,,,,,,,,,,,,,,,,,,,,,,,,,,,,,,,2.30,2.56,1.53,1.44,2.04,2.22,1.70,1.59,2.34,2.00,1.47,1.76,2.09,1.74,1.61,1.99,1.82,1.56,1.85,2.25,1.64,1.46,2.05,2.49,,,,,,,,,,,,,,,,,,,,,,,,,,,,,,,,,,,,,,,,,,,,,,,,,,,,,,,,,,,,,,,,,,,,
lithuania,i-lyga,2023-05-21,Ekranas,Transinvest,1,3,Pinnacle,2.77,3.20,2.11,4.54,3.35,1.66,,,,,,,,,,,,,,,,,,,,,,,,,,,,,,,,,,,,,,,,,,,,,,,,,,,,,,,,,,,,,,,,,2.10,3.04,1.59,1.31,1.79,2.49,1.88,1.44,1.59,2.08,2.10,1.65,1.43,1.85,2.41,1.85,1.41,1.61,2.60,2.16,1.63,1.46,2.16,2.44,1.48,1.44,2.42,2.53,,,,,,,,,,,,,,,,,,,,,,,,,,,,,,,,,,,,
lithuania,i-lyga,2023-05-22,Zalgiris 2,Riteriai 2,0,3,Pinnacle,2.47,3.10,2.44,2.74,3.48,2.21,,,,,,,,,,,,,,,,,,,,,,,,,,,,,,,,,,,,,,,,,,,,,,,,,,,,,,,,,2.42,2.51,1.44,1.45,2.15,2.37,1.58,1.50,1.85,2.08,1.82,1.67,1.60,1.79,2.12,1.95,1.45,1.61,2.39,2.19,1.41,1.45,2.62,2.52,,,,,,,,,,,,,,,,,,,,,,,,,,,,,,,,,,,,,,,,,,,,,,,,
lithuania,i-lyga,2023-05-22,FK Panevezys 2,FK Minija,1,2,Pinnacle,2.85,3.07,2.17,2.36,3.35,2.61,,,,,,,,,,,,,,,,,,,,,,,,,,,,,,,,,,,,,,,,,,,,,,,,,,,,,2.62,2.62,1.41,1.42,2.43,2.31,1.44,1.53,2.45,2.05,1.43,1.69,2.12,1.78,1.60,1.97,1.78,1.56,1.89,2.27,1.58,1.44,2.15,2.55,,,,,,,,,,,,,,,,,,,,,,,,,,,,,,,,,,,,,,,,,,,,,,,,,,,,
lithuania,i-lyga,2023-05-26,Neptunas,Marijampole City,0,0,Pinnacle,1.58,3.57,4.26,2.06,3.41,3.07,,,,,,,,,,,,,,,,,,,,,,,,,,,,,,,,,,,,,,,,,,,,,,,,,,,,,1.75,2.33,1.93,1.52,1.57,2.04,2.13,1.70,1.39,1.81,2.52,1.93,1.43,1.54,2.57,2.32,1.41,1.41,2.64,2.65,,,,,,,,,,,,,,,,,,,,,,,,,,,,,,,,,,,,,,,,,,,,,,,,,,,,,,,,
lithuania,i-lyga,2023-05-27,Transinvest,BFA Vilnius,2,0,Pinnacle,1.27,4.87,6.67,1.19,6.06,10.19,,,,,,,,,,,,,,,,,,,,,,,,,,,,,2.33,2.37,1.52,1.50,2.29,2.12,1.49,1.65,1.97,1.85,1.69,1.88,1.78,1.67,1.88,2.09,1.59,1.47,2.13,2.46,,,,,,,,,,,,,,,,,,,,,,,,,,,,,,,,,,,,,,,,,,,,,,,,,,,,,,,,,,,,,,,,,,,,,,,,,,,,,,,,
lithuania,i-lyga,2023-05-27,Jonava,Babrungas,3,2,Pinnacle,3.89,3.54,1.64,4.86,4.85,1.44,,,,,,,,,,,,,,,,,,,,,,,,,,,,,,,,,,,,,,,,,,,,,,,,,,,,,,,,,,,,,,,,,,,,,,,,,2.03,2.47,1.63,1.47,1.84,2.33,1.83,1.52,1.59,2.07,2.09,1.68,1.45,1.81,2.34,1.93,1.45,1.63,2.48,2.15,1.46,1.47,2.45,2.46,1.42,1.40,2.58,2.61,,,,,,,,,,,,,,,,,,,,,,,,,,,,
lithuania,i-lyga,2023-05-27,FK Minija,Zalgiris 2,3,0,Pinnacle,2.07,3.20,2.84,1.67,4.17,3.76,,,,,,,,,,,,,,,,,,,,,,,,,,,,,,,,,,,,,,,,,,,,,2.32,2.37,1.52,1.51,2.61,2.11,1.41,1.66,2.35,1.84,1.45,1.90,2.05,1.65,1.61,2.11,1.83,1.49,1.83,2.42,1.55,1.41,2.16,2.64,,,,,,,,,,,,,,,,,,,,,,,,,,,,,,,,,,,,,,,,,,,,,,,,,,,,,,,,,,,,
lithuania,i-lyga,2023-05-29,Siauliai 2,FK Panevezys 2,3,3,Pinnacle,2.06,3.25,2.90,2.22,3.51,2.47,,,,,,,,,,,,,,,,,,,,,,,,,,,,,,,,,,,,,,,,,,,,,,,,,,,,,,,,,2.04,2.18,1.64,1.52,1.81,1.95,1.85,1.67,1.55,1.78,2.20,1.98,1.41,1.53,2.51,2.18,1.42,1.42,2.59,2.42,,,,,,,,,,,,,,,,,,,,,,,,,,,,,,,,,,,,,,,,,,,,,,,,,,,,
lithuania,i-lyga,2023-05-29,Riteriai 2,Ekranas,0,1,Pinnacle,2.38,3.07,2.55,2.36,3.59,2.48,,,,,,,,,,,,,,,,,,,,,,,,,,,,,,,,,,,,,,,,,,,,,,,,,,,,,,,,,2.34,2.32,1.47,1.53,2.07,2.08,1.63,1.68,1.77,1.83,1.90,1.92,1.55,1.61,2.21,2.18,1.41,1.48,2.50,2.43,,,,,,,,,,,,,,,,,,,,,,,,,,,,,,,,,,,,,,,,,,,,,,,,,,,,
lithuania,i-lyga,2023-05-29,Kauno Zalgiris 2,Garliava,2,2,Pinnacle,2.59,3.05,2.31,2.74,3.51,2.19,,,,,,,,,,,,,,,,,,,,,,,,,,,,,,,,,,,,,,,,,,,,,,,,,,,,,2.54,2.33,1.43,1.52,2.53,2.24,1.39,1.54,2.25,2.38,1.51,1.50,1.95,2.09,1.73,1.67,1.65,1.81,2.00,1.93,1.49,1.62,2.26,2.17,1.45,1.45,2.53,2.53,,,,,,,,,,,,,,,,,,,,,,,,,,,,,,,,,,,,,,,,,,,,,,,,
lithuania,i-lyga,2023-06-03,BE1 NFA,Neptunas,1,1,Pinnacle,2.57,2.98,2.36,3.10,3.17,2.12,,,,,,,,,,,,,,,,,,,,,,,,,,,,,,,,,,,,,,,,,,,,,,,,,,,,,,,,,,,,,2.23,2.65,1.52,1.40,1.92,2.29,1.75,1.55,1.62,1.89,2.04,1.85,1.46,1.65,2.32,2.10,1.41,1.47,2.62,2.43,,,,,,,,,,,,,,,,,,,,,,,,,,,,,,,,,,,,,,,,,,,,,,,,
lithuania,i-lyga,2023-06-03,Babrungas,Transinvest,0,3,Pinnacle,3.06,3.23,1.93,4.11,3.75,1.64,,,,,,,,,,,,,,,,,,,,,,,,,,,,,,,,,,,,,,,,,,,,,,,,,,,,,,,,,,,,,2.62,2.45,1.41,1.45,2.35,2.79,1.47,1.35,1.94,2.48,1.71,1.45,1.73,2.12,1.95,1.63,1.54,1.88,2.22,1.83,1.36,1.61,2.68,2.15,1.44,1.43,2.53,2.59,1.44,1.42,2.49,2.55,,,,,,,,,,,,,,,,,,,,,,,,,,,,,,,,,,,,
lithuania,i-lyga,2023-06-03,Nevezis Kedainiai,Kauno Zalgiris 2,2,1,Pinnacle,1.42,4.04,5.24,1.34,4.55,6.06,,,,,,,,,,,,,,,,,,,,,,,,,,,,,2.55,2.55,1.42,1.42,2.44,2.65,1.46,1.39,2.46,2.19,1.43,1.59,2.14,1.90,1.58,1.75,1.93,1.71,1.75,1.99,1.67,1.50,2.00,2.33,1.51,1.52,2.26,2.28,1.51,1.45,2.36,2.46,,,,,,,,,,,,,,,,,,,,,,,,,,,,,,,,,,,,,,,,,,,,,,,,,,,,,,,,,,,,,,,,,,,,
lithuania,i-lyga,2023-06-03,FK Minija,Ekranas,1,1,Pinnacle,2.45,2.99,2.45,2.61,3.15,2.40,,,,,,,,,,,,,,,,,,,,,,,,,,,,,,,,,,,,,,,,,,,,,,,,,,,,,,,,,2.43,2.55,1.44,1.42,2.14,2.26,1.58,1.55,1.83,1.94,1.83,1.78,1.58,1.65,2.14,2.07,1.44,1.50,2.43,2.35,1.40,1.40,2.63,2.61,,,,,,,,,,,,,,,,,,,,,,,,,,,,,,,,,,,,,,,,,,,,,,,,
lithuania,i-lyga,2023-06-04,FK Panevezys 2,Garliava,0,3,Pinnacle,2.61,3.16,2.24,3.20,3.43,1.99,,,,,,,,,,,,,,,,,,,,,,,,,,,,,,,,,,,,,,,,,,,,,,,,,,,,,,,,,,,,,2.26,2.63,1.49,1.40,1.97,2.41,1.67,1.49,1.71,1.99,1.98,1.74,1.53,1.76,2.21,1.99,1.38,1.57,2.57,2.27,1.39,1.38,2.70,2.76,,,,,,,,,,,,,,,,,,,,,,,,,,,,,,,,,,,,,,,,,,,,
lithuania,i-lyga,2023-06-04,BFA Vilnius,Riteriai 2,1,1,Pinnacle,2.42,3.07,2.45,2.81,3.19,2.29,,,,,,,,,,,,,,,,,,,,,,,,,,,,,,,,,,,,,,,,,,,,,,,,,,,,,,,,,2.37,2.62,1.44,1.42,2.10,2.41,1.58,1.49,1.82,2.07,1.85,1.68,1.57,1.76,2.13,2.00,1.43,1.57,2.40,2.27,1.40,1.40,2.70,2.67,,,,,,,,,,,,,,,,,,,,,,,,,,,,,,,,,,,,,,,,,,,,,,,,
lithuania,i-lyga,2023-06-04,Jonava,Marijampole City,0,2,Pinnacle,4.17,3.71,1.63,4.81,5.10,1.42,,,,,,,,,,,,,,,,,,,,,,,,,,,,,,,,,,,,,,,,,,,,,,,,,,,,,,,,,,,,,,,,,,,,,,,,,,,,,1.92,2.39,1.81,1.50,1.65,2.14,2.06,1.64,1.50,1.87,2.32,1.87,1.51,1.68,2.34,2.07,1.49,1.51,2.40,2.36,,,,,,,,,,,,,,,,,,,,,,,,,,,,,,,,
lithuania,i-lyga,2023-06-05,Zalgiris 2,Siauliai 2,3,0,Pinnacle,2.01,3.30,2.88,2.40,3.17,2.68,,,,,,,,,,,,,,,,,,,,,,,,,,,,,,,,,,,,,,,,,,,,,,,,,,,,,2.26,2.64,1.49,1.41,1.99,2.35,1.65,1.51,1.79,2.07,1.88,1.68,1.53,1.77,2.22,1.98,1.39,1.55,2.51,2.31,1.43,1.42,2.54,2.62,,,,,,,,,,,,,,,,,,,,,,,,,,,,,,,,,,,,,,,,,,,,,,,,,,,,
lithuania,i-lyga,2023-06-08,Kauno Zalgiris 2,FK Panevezys 2,1,4,Pinnacle,1.92,3.34,3.04,1.93,3.90,3.04,,,,,,,,,,,,,,,,,,,,,,,,,,,,,,,,,,,,,,,,,,,,,,,,,2.59,2.57,1.37,1.43,2.17,2.16,1.55,1.63,1.93,1.93,1.74,1.82,1.69,1.71,1.94,2.02,1.46,1.50,2.33,2.38,,,,,,,,,,,,,,,,,,,,,,,,,,,,,,,,,,,,,,,,,,,,,,,,,,,,,,,,,,,,
lithuania,i-lyga,2023-06-09,Neptunas,Nevezis Kedainiai,0,0,Pinnacle,1.95,3.12,3.17,1.83,3.38,3.82,,,,,,,,,,,,,,,,,,,,,,,,,,,,,,,,,,,,,,,,,,,,,,,,,2.66,2.58,1.40,1.43,2.22,2.08,1.51,1.67,1.94,1.83,1.69,1.92,1.72,1.59,1.96,2.23,1.45,1.35,2.39,2.86,,,,,,,,,,,,,,,,,,,,,,,,,,,,,,,,,,,,,,,,,,,,,,,,,,,,,,,,,,,,
lithuania,i-lyga,2023-06-09,Jonava,BE1 NFA,1,5,Pinnacle,4.80,3.80,1.47,4.25,4.30,1.56,,,,,,,,,,,,,,,,,,,,,,,,,,,,,,,,,,,,,,,,,,,,,,,,,,,,,,,,,,,,,,,,,,,,,,,,,2.33,2.28,1.46,1.55,2.10,2.05,1.58,1.69,1.87,1.81,1.80,1.93,1.63,1.61,2.03,2.18,1.49,1.49,2.26,2.42,,,,,,,,,,,,,,,,,,,,,,,,,,,,,,,,,,,,
lithuania,i-lyga,2023-06-10,Transinvest,Marijampole City,3,1,Pinnacle,1.45,3.89,4.92,1.53,4.14,4.65,,,,,,,,,,,,,,,,,,,,,,,,,,,,,,,,,,,,,,,,,2.19,2.42,1.52,1.48,1.97,2.17,1.67,1.62,1.75,1.88,1.93,1.83,1.55,1.66,2.16,2.11,1.43,1.51,2.40,2.36,1.56,1.45,2.26,2.45,1.35,1.35,2.86,2.81,,,,,,,,,,,,,,,,,,,,,,,,,,,,,,,,,,,,,,,,,,,,,,,,,,,,,,,,,,,,
lithuania,i-lyga,2023-06-10,Garliava,Zalgiris 2,1,0,Pinnacle,1.64,3.62,3.96,1.44,4.77,4.95,,,,,,,,,,,,,,,,,,,,,,,,,,,,,,,,,2.69,2.71,1.39,1.39,2.46,2.38,1.46,1.50,2.31,2.07,1.52,1.68,2.32,1.88,1.48,1.86,2.06,1.65,1.63,2.11,1.80,1.51,1.86,2.35,,,,,,,,,,,,,,,,,,,,,,,,,,,,,,,,,,,,,,,,,,,,,,,,,,,,,,,,,,,,,,,,,,,,,,,,
lithuania,i-lyga,2023-06-10,FK Minija,BFA Vilnius,1,1,Pinnacle,2.01,3.18,3.07,1.97,3.66,3.08,,,,,,,,,,,,,,,,,,,,,,,,,,,,,,,,,,,,,,,,,,,,,,,,,2.75,2.72,1.37,1.39,2.28,2.24,1.50,1.58,1.99,1.97,1.68,1.78,1.76,1.74,1.92,1.99,1.50,1.51,2.32,2.36,1.37,1.41,2.65,2.63,,,,,,,,,,,,,,,,,,,,,,,,,,,,,,,,,,,,,,,,,,,,,,,,,,,,,,,,
lithuania,i-lyga,2023-06-11,Siauliai 2,Ekranas,3,5,Pinnacle,3.06,3.27,1.97,3.49,3.77,1.81,,,,,,,,,,,,,,,,,,,,,,,,,,,,,,,,,,,,,,,,,,,,,,,,,,,,,,,,,,,,,,,,,2.34,2.71,1.49,1.39,1.94,2.21,1.74,1.60,1.70,1.94,1.96,1.81,1.52,1.72,2.23,2.00,1.41,1.52,2.62,2.34,,,,,,,,,,,,,,,,,,,,,,,,,,,,,,,,,,,,,,,,,,,,
lithuania,i-lyga,2023-06-11,Riteriai 2,Babrungas,1,1,Pinnacle,2.53,3.05,2.41,2.41,3.33,2.56,,,,,,,,,,,,,,,,,,,,,,,,,,,,,,,,,,,,,,,,,,,,,,,,,,,,,2.67,2.62,1.40,1.42,2.48,2.36,1.42,1.51,2.19,2.10,1.56,1.66,1.88,1.81,1.79,1.93,1.61,1.59,2.09,2.23,1.46,1.46,2.36,2.49,1.41,1.40,2.60,2.69,,,,,,,,,,,,,,,,,,,,,,,,,,,,,,,,,,,,,,,,,,,,,,,,
lithuania,i-lyga,2023-06-23,FK Panevezys 2,Zalgiris 2,2,2,Pinnacle,2.19,3.28,2.60,2.14,3.65,2.76,,,,,,,,,,,,,,,,,,,,,,,,,,,,,,,,,,,,,,,,,,,,,,,,,,,,,2.52,2.41,1.41,1.49,2.19,2.12,1.56,1.65,1.95,1.90,1.73,1.84,1.67,1.65,2.00,2.13,1.50,1.49,2.28,2.41,1.44,1.44,2.53,2.53,,,,,,,,,,,,,,,,,,,,,,,,,,,,,,,,,,,,,,,,,,,,,,,,,,,,
lithuania,i-lyga,2023-06-23,Nevezis Kedainiai,Jonava,5,0,Pinnacle,1.21,5.17,7.85,1.27,5.38,7.54,,,,,,,,,,,,,,,,,,,,,,,,,,,,,2.36,2.40,1.44,1.49,2.12,2.14,1.57,1.64,1.85,1.87,1.81,1.87,1.66,1.68,1.99,2.07,1.47,1.52,2.29,2.34,1.40,1.43,2.64,2.59,,,,,,,,,,,,,,,,,,,,,,,,,,,,,,,,,,,,,,,,,,,,,,,,,,,,,,,,,,,,,,,,,,,,,,,,,,,,
lithuania,i-lyga,2023-06-23,Neptunas,Kauno Zalgiris 2,5,0,Pinnacle,1.28,4.63,6.52,1.26,4.96,9.55,,,,,,,,,,,,,,,,,,,,,,,,,,,,,,,,,2.58,2.41,1.39,1.49,2.17,2.02,1.57,1.71,1.98,1.80,1.68,1.94,1.71,1.58,1.94,2.24,1.91,1.37,1.67,2.79,,,,,,,,,,,,,,,,,,,,,,,,,,,,,,,,,,,,,,,,,,,,,,,,,,,,,,,,,,,,,,,,,,,,,,,,,,,,
lithuania,i-lyga,2023-06-23,Babrungas,FK Minija,1,1,Pinnacle,1.85,3.25,3.42,1.73,3.57,4.04,,,,,,,,,,,,,,,,,,,,,,,,,,,,,,,,,,,,,,,,,,,,,2.57,2.55,1.43,1.44,2.51,2.27,1.41,1.57,2.09,1.93,1.61,1.81,1.85,1.71,1.81,2.02,1.62,1.51,2.08,2.36,,,,,,,,,,,,,,,,,,,,,,,,,,,,,,,,,,,,,,,,,,,,,,,,,,,,,,,,,,,,,,,,
lithuania,i-lyga,2023-06-24,BE1 NFA,Transinvest,0,5,Pinnacle,3.11,3.20,1.94,4.18,3.58,1.70,,,,,,,,,,,,,,,,,,,,,,,,,,,,,,,,,,,,,,,,,,,,,,,,,,,,,,,,,,,,,,,,,,,,,1.93,2.41,1.69,1.49,1.72,2.05,1.96,1.69,1.53,1.83,2.21,1.91,1.34,1.57,2.69,2.26,1.40,1.43,2.58,2.57,1.47,1.44,2.46,2.54,,,,,,,,,,,,,,,,,,,,,,,,,,,,,,,,,,,,
lithuania,i-lyga,2023-06-25,Ekranas,Garliava,1,0,Pinnacle,2.03,3.22,3.00,2.01,3.50,2.97,,,,,,,,,,,,,,,,,,,,,,,,,,,,,,,,,,,,,,,,,,,,,,,,,2.78,2.76,1.36,1.38,2.30,2.28,1.49,1.52,2.01,1.99,1.67,1.71,1.78,1.78,1.89,1.93,1.52,1.54,2.27,2.29,1.38,1.41,2.60,2.59,,,,,,,,,,,,,,,,,,,,,,,,,,,,,,,,,,,,,,,,,,,,,,,,,,,,,,,,
lithuania,i-lyga,2023-06-25,BFA Vilnius,Siauliai 2,2,1,Pinnacle,1.79,3.44,3.32,2.08,3.54,2.92,,,,,,,,,,,,,,,,,,,,,,,,,,,,,,,,,,,,,,,,,,,,,,,,,2.37,2.74,1.46,1.38,2.02,2.35,1.66,1.51,1.81,2.06,1.86,1.68,1.60,1.84,2.12,1.90,1.38,1.58,2.60,2.24,1.41,1.44,2.65,2.54,,,,,,,,,,,,,,,,,,,,,,,,,,,,,,,,,,,,,,,,,,,,,,,,,,,,,,,,
lithuania,i-lyga,2023-06-26,Kauno Zalgiris 2,Zalgiris 2,2,3,Pinnacle,2.09,3.27,2.75,2.50,3.99,2.20,,,,,,,,,,,,,,,,,,,,,,,,,,,,,,,,,,,,,,,,,,,,,,,,,,,,,,,,,2.08,2.34,1.60,1.52,1.86,2.21,1.81,1.58,1.58,1.98,2.10,1.75,1.43,1.77,2.39,1.98,1.67,1.61,2.04,2.18,1.51,1.46,2.30,2.49,,,,,,,,,,,,,,,,,,,,,,,,,,,,,,,,,,,,,,,,,,,,,,,,
lithuania,i-lyga,2023-06-30,Siauliai 2,Babrungas,0,1,Pinnacle,3.66,3.54,1.71,4.18,3.99,1.62,,,,,,,,,,,,,,,,,,,,,,,,,,,,,,,,,,,,,,,,,,,,,,,,,,,,,,,,,,,,,,,,,,,,,2.26,2.55,1.51,1.44,1.96,2.19,1.70,1.61,1.77,1.97,1.90,1.78,1.55,1.72,2.21,2.01,1.43,1.56,2.46,2.25,,,,,,,,,,,,,,,,,,,,,,,,,,,,,,,,,,,,,,,,
lithuania,i-lyga,2023-06-30,Neptunas,Jonava,2,0,Pinnacle,1.20,6.04,9.22,1.11,8.06,15.47,,,,,,,,,,,,,,,,,2.38,2.46,1.49,1.47,2.46,2.08,1.46,1.68,2.46,1.85,1.46,1.88,2.21,1.67,1.57,2.09,1.97,1.48,1.74,2.44,1.76,1.45,1.98,2.52,,,,,,,,,,,,,,,,,,,,,,,,,,,,,,,,,,,,,,,,,,,,,,,,,,,,,,,,,,,,,,,,,,,,,,,,,,,,,,,,,,,,,,,,
lithuania,i-lyga,2023-07-01,Transinvest,Nevezis Kedainiai,2,1,Pinnacle,1.51,3.68,4.59,1.44,4.21,5.68,,,,,,,,,,,,,,,,,,,,,,,,,,,,,,,,,,,,,2.28,2.61,1.54,1.42,2.38,2.26,1.45,1.57,2.14,2.01,1.58,1.75,1.88,1.72,1.78,2.01,1.65,1.53,2.03,2.30,,,,,,,,,,,,,,,,,,,,,,,,,,,,,,,,,,,,,,,,,,,,,,,,,,,,,,,,,,,,,,,,,,,,,,,,
lithuania,i-lyga,2023-07-01,Garliava,BFA Vilnius,1,1,Pinnacle,1.78,3.35,3.60,1.74,3.66,3.91,,,,,,,,,,,,,,,,,,,,,,,,,,,,,,,,,,,,,,,,,,,,,2.55,2.62,1.43,1.42,2.35,2.31,1.47,1.55,1.98,1.95,1.68,1.79,1.78,1.72,1.89,2.01,1.56,1.52,2.19,2.34,,,,,,,,,,,,,,,,,,,,,,,,,,,,,,,,,,,,,,,,,,,,,,,,,,,,,,,,,,,,,,,,
lithuania,i-lyga,2023-07-01,FK Panevezys 2,Ekranas,1,2,Pinnacle,3.03,3.38,1.92,3.13,3.51,2.00,,,,,,,,,,,,,,,,,,,,,,,,,,,,,,,,,,,,,,,,,,,,,,,,,,,,,,,,,,,,,2.65,2.71,1.40,1.39,2.33,2.39,1.46,1.51,1.95,1.99,1.68,1.76,1.75,1.75,1.93,1.98,1.56,1.56,2.16,2.24,,,,,,,,,,,,,,,,,,,,,,,,,,,,,,,,,,,,,,,,,,,,,,,,
lithuania,i-lyga,2023-07-01,FK Minija,Marijampole City,3,2,Pinnacle,2.83,3.08,2.13,3.29,3.72,1.88,,,,,,,,,,,,,,,,,,,,,,,,,,,,,,,,,,,,,,,,,,,,,,,,,,,,,,,,,2.63,2.38,1.40,1.49,2.44,2.46,1.42,1.47,2.12,2.54,1.58,1.44,1.79,2.10,1.88,1.66,1.58,1.86,2.11,1.88,1.41,1.65,2.44,2.12,1.40,1.43,2.67,2.57,,,,,,,,,,,,,,,,,,,,,,,,,,,,,,,,,,,,,,,,,,,,
lithuania,i-lyga,2023-07-28,Zalgiris 2,Ekranas,2,3,Pinnacle,3.23,3.44,1.82,3.53,3.72,1.81,,,,,,,,,,,,,,,,,,,,,,,,,,,,,,,,,,,,,,,,,,,,,,,,,,,,,,,,,,,,,,,,,2.50,2.73,1.40,1.39,2.06,2.22,1.61,1.60,1.83,1.94,1.83,1.81,1.63,1.72,2.04,2.01,1.43,1.51,2.40,2.35,,,,,,,,,,,,,,,,,,,,,,,,,,,,,,,,,,,,,,,,,,,,
lithuania,i-lyga,2023-07-29,Marijampole City,Siauliai 2,0,5,Pinnacle,1.50,3.91,4.58,3.37,3.81,1.79,,,,,,,,,,,,,,,,,,,,,,,,,,,,,,,,,,,,,,,,,,,,,,,,,,,,,,,,,,,,,,,,,1.36,2.65,2.73,1.39,1.65,2.19,2.06,1.59,1.51,1.93,2.28,1.79,1.48,1.71,2.42,1.99,1.41,1.50,2.61,2.35,1.45,1.49,2.50,2.41,1.45,1.46,2.45,2.49,,,,,,,,,,,,,,,,,,,,,,,,,,,,,,,,,,,,
lithuania,i-lyga,2023-07-29,Kauno Zalgiris 2,Jonava,0,0,Pinnacle,1.71,3.55,3.55,1.58,4.06,4.41,,,,,,,,,,,,,,,,,,,,,,,,,,,,,,,,,,,,,,,,,2.40,2.38,1.49,1.50,2.47,2.16,1.42,1.63,2.22,1.93,1.54,1.81,1.92,1.70,1.76,2.04,1.71,1.56,1.94,2.25,1.52,1.45,2.24,2.50,,,,,,,,,,,,,,,,,,,,,,,,,,,,,,,,,,,,,,,,,,,,,,,,,,,,,,,,,,,,,,,,
lithuania,i-lyga,2023-07-29,Transinvest,Neptunas,3,1,Pinnacle,1.67,3.43,3.85,1.55,4.03,4.67,,,,,,,,,,,,,,,,,,,,,,,,,,,,,,,,,,,,,,,,,2.37,2.39,1.50,1.50,2.43,2.16,1.42,1.63,2.16,1.91,1.55,1.83,1.87,1.68,1.79,2.08,1.66,1.53,1.99,2.30,1.46,1.40,2.31,2.66,,,,,,,,,,,,,,,,,,,,,,,,,,,,,,,,,,,,,,,,,,,,,,,,,,,,,,,,,,,,,,,,
lithuania,i-lyga,2023-07-29,Garliava,Babrungas,3,4,Pinnacle,2.52,3.03,2.43,2.41,3.14,2.70,,,,,,,,,,,,,,,,,,,,,,,,,,,,,,,,,,,,,,,,,,,,,,,,,,,,,,,,,2.47,2.36,1.42,1.51,2.18,2.07,1.56,1.68,1.87,1.77,1.80,1.99,1.60,1.54,2.11,2.32,1.45,1.41,2.39,2.63,,,,,,,,,,,,,,,,,,,,,,,,,,,,,,,,,,,,,,,,,,,,,,,,,,,,
lithuania,i-lyga,2023-07-29,FK Minija,BE1 NFA,2,1,Pinnacle,2.74,3.05,2.20,3.21,3.48,1.97,,,,,,,,,,,,,,,,,,,,,,,,,,,,,,,,,,,,,,,,,,,,,,,,,,,,,,,,,,,,,,,,,2.06,2.42,1.63,1.48,1.74,2.00,1.93,1.73,1.55,1.78,2.20,1.97,1.39,1.57,2.56,2.26,1.41,1.38,2.65,2.77,,,,,,,,,,,,,,,,,,,,,,,,,,,,,,,,,,,,,,,,,,,,
lithuania,i-lyga,2023-07-31,Riteriai 2,Nevezis Kedainiai,2,0,Pinnacle,2.30,3.18,2.57,2.90,3.21,2.17,,,,,,,,,,,,,,,,,,,,,,,,,,,,,,,,,,,,,,,,,,,,,,,,,,,,,,,,,,,,,2.01,2.49,1.67,1.44,1.74,2.16,1.94,1.61,1.53,1.82,2.24,1.89,1.41,1.61,2.52,2.15,1.48,1.43,2.40,2.51,,,,,,,,,,,,,,,,,,,,,,,,,,,,,,,,,,,,,,,,,,,,,,,,
lithuania,i-lyga,2023-07-31,FK Panevezys 2,BFA Vilnius,1,1,Pinnacle,2.24,3.23,2.57,2.12,3.39,2.94,,,,,,,,,,,,,,,,,,,,,,,,,,,,,,,,,,,,,,,,,,,,,,,,,,,,,2.63,2.40,1.41,1.49,2.20,2.10,1.52,1.66,1.95,1.86,1.68,1.88,1.71,1.59,1.98,2.22,1.51,1.44,2.25,2.54,,,,,,,,,,,,,,,,,,,,,,,,,,,,,,,,,,,,,,,,,,,,,,,,,,,,,,,,
lithuania,i-lyga,2023-08-04,Nevezis Kedainiai,FK Minija,2,1,Pinnacle,1.57,3.55,4.28,1.50,3.97,5.40,,,,,,,,,,,,,,,,,,,,,,,,,,,,,,,,,,,,,,,,,2.51,2.32,1.44,1.53,2.24,2.08,1.50,1.68,1.98,1.82,1.66,1.92,1.75,1.61,1.93,2.19,1.56,1.48,2.14,2.44,,,,,,,,,,,,,,,,,,,,,,,,,,,,,,,,,,,,,,,,,,,,,,,,,,,,,,,,,,,,,,,,,,,,
lithuania,i-lyga,2023-08-04,Babrungas,FK Panevezys 2,5,2,Pinnacle,1.57,3.78,4.14,1.51,4.45,4.61,,,,,,,,,,,,,,,,,,,,,,,,,,,,,,,,,,,,,,,,,2.41,2.24,1.44,1.56,2.19,2.02,1.56,1.71,1.95,1.80,1.73,1.95,1.71,1.61,1.95,2.19,1.56,1.49,2.15,2.42,1.42,1.46,2.58,2.48,,,,,,,,,,,,,,,,,,,,,,,,,,,,,,,,,,,,,,,,,,,,,,,,,,,,,,,,,,,,,,,,
lithuania,i-lyga,2023-08-05,Marijampole City,Garliava,1,3,Pinnacle,2.19,3.14,2.75,19.68,12.44,1.02,,,,,,,,,,,,,,,,,,,,,,,,,,,,,,,,,,,,,,,,,,,,,,,,,,,,,,,,,,,,,,,,,,,,,,,,,,,,,,,,,,,,,,,,,,,,,,,,,1.42,2.64,2.39,1.35,1.46,2.16,2.47,1.55,1.49,2.34,2.38,1.45,1.45,2.08,2.43,1.59,1.45,1.84,2.36,1.79,1.60,1.62,2.08,2.02,1.48,1.49,2.27,2.24,1.44,1.43,2.34,2.38
lithuania,i-lyga,2023-08-05,Jonava,Transinvest,0,4,Pinnacle,12.21,7.93,1.08,14.17,9.06,1.10,,,,,,,,,,,,,,,,,,,,,,,,,,,,,,,,,,,,,,,,,,,,,,,,,,,,,,,,,,,,,,,,,,,,,,,,,,,,,,,,,,,,,,,,,2.44,2.45,1.47,1.47,2.50,2.51,1.45,1.45,2.23,2.49,1.50,1.46,1.92,2.12,1.71,1.65,1.74,1.89,1.94,1.84,1.56,1.70,2.15,2.03,1.39,1.45,2.53,2.51,,,,,,,,,,,,
lithuania,i-lyga,2023-08-05,BE1 NFA,Siauliai 2,2,1,Pinnacle,1.59,3.74,4.12,1.58,3.87,4.62,,,,,,,,,,,,,,,,,,,,,,,,,,,,,,,,,,,,,,,,,2.37,2.53,1.50,1.45,2.20,2.27,1.53,1.57,1.96,2.00,1.70,1.76,1.74,1.72,1.94,2.00,1.58,1.56,2.15,2.24,1.41,1.41,2.52,2.64,,,,,,,,,,,,,,,,,,,,,,,,,,,,,,,,,,,,,,,,,,,,,,,,,,,,,,,,,,,,,,,,
lithuania,i-lyga,2023-08-06,Neptunas,Riteriai 2,1,2,Pinnacle,1.51,3.71,4.60,1.69,3.64,4.18,,,,,,,,,,,,,,,,,,,,,,,,,,,,,,,,,,,,,,,,,,,,,2.11,2.47,1.58,1.47,1.85,2.19,1.79,1.61,1.63,1.88,2.03,1.86,1.49,1.68,2.25,2.08,1.40,1.48,2.67,2.44,,,,,,,,,,,,,,,,,,,,,,,,,,,,,,,,,,,,,,,,,,,,,,,,,,,,,,,,,,,,,,,,
lithuania,i-lyga,2023-08-07,Zalgiris 2,BFA Vilnius,1,6,Pinnacle,2.24,3.22,2.57,2.69,3.71,2.16,,,,,,,,,,,,,,,,,,,,,,,,,,,,,,,,,,,,,,,,,,,,,,,,,,,,,,,,,2.20,2.39,1.52,1.50,1.95,2.35,1.68,1.51,1.71,2.09,1.98,1.67,1.51,1.82,2.25,1.93,1.39,1.64,2.51,2.14,1.47,1.47,2.47,2.45,,,,,,,,,,,,,,,,,,,,,,,,,,,,,,,,,,,,,,,,,,,,,,,,
lithuania,i-lyga,2023-08-07,Kauno Zalgiris 2,Ekranas,2,2,Pinnacle,3.55,3.52,1.72,4.03,3.83,1.68,,,,,,,,,,,,,,,,,,,,,,,,,,,,,,,,,,,,,,,,,,,,,,,,,,,,,,,,,,,,,,,,,,,,,2.21,2.44,1.51,1.48,1.92,2.10,1.70,1.66,1.75,1.89,1.93,1.85,1.52,1.65,2.22,2.12,1.40,1.50,2.47,2.38,,,,,,,,,,,,,,,,,,,,,,,,,,,,,,,,,,,,,,,,
lithuania,i-lyga,2023-08-12,Ekranas,BFA Vilnius,1,0,Pinnacle,1.74,3.50,3.49,1.83,3.51,3.66,,,,,,,,,,,,,,,,,,,,,,,,,,,,,,,,,,,,,,,,,,,,,,,,,2.23,2.42,1.50,1.49,1.92,2.04,1.70,1.70,1.75,1.83,1.93,1.92,1.53,1.60,2.20,2.21,1.33,1.38,2.72,2.77,,,,,,,,,,,,,,,,,,,,,,,,,,,,,,,,,,,,,,,,,,,,,,,,,,,,,,,,,,,,
lithuania,i-lyga,2023-08-12,FK Minija,Neptunas,2,0,Pinnacle,3.76,3.42,1.72,3.90,3.82,1.70,,,,,,,,,,,,,,,,,,,,,,,,,,,,,,,,,,,,,,,,,,,,,,,,,,,,,,,,,,,,,,,,,,,,,2.26,2.38,1.50,1.50,1.95,2.06,1.70,1.69,1.75,1.85,1.92,1.88,1.53,1.61,2.25,2.18,1.40,1.47,2.52,2.45,,,,,,,,,,,,,,,,,,,,,,,,,,,,,,,,,,,,,,,,
lithuania,i-lyga,2023-08-12,Transinvest,Kauno Zalgiris 2,3,0,Pinnacle,1.13,6.68,9.02,1.10,8.48,14.50,,,,,,,,,,,,,,,,,2.58,2.58,1.43,1.43,2.33,2.21,1.46,1.58,2.07,1.97,1.61,1.76,1.89,1.78,1.78,1.98,1.66,1.55,1.98,2.31,1.51,1.43,2.20,2.58,,,,,,,,,,,,,,,,,,,,,,,,,,,,,,,,,,,,,,,,,,,,,,,,,,,,,,,,,,,,,,,,,,,,,,,,,,,,,,,,,,,,,,,,
lithuania,i-lyga,2023-08-12,Siauliai 2,Nevezis Kedainiai,3,2,Pinnacle,3.57,3.48,1.72,4.21,3.99,1.62,,,,,,,,,,,,,,,,,,,,,,,,,,,,,,,,,,,,,,,,,,,,,,,,,,,,,,,,,,,,,,,,,,,,,2.21,2.56,1.51,1.43,1.93,2.19,1.70,1.61,1.74,1.97,1.92,1.78,1.52,1.71,2.23,2.02,1.40,1.54,2.48,2.28,1.47,1.49,2.44,2.40,,,,,,,,,,,,,,,,,,,,,,,,,,,,,,,,,,,,
lithuania,i-lyga,2023-08-12,Garliava,BE1 NFA,0,3,Pinnacle,2.08,3.14,2.96,2.51,3.14,2.58,,,,,,,,,,,,,,,,,,,,,,,,,,,,,,,,,,,,,,,,,,,,,,,,,,,,,,,,,2.06,2.46,1.63,1.47,1.82,2.16,1.85,1.63,1.54,1.85,2.22,1.89,1.40,1.59,2.55,2.22,1.45,1.45,2.50,2.52,1.41,1.42,2.62,2.60,,,,,,,,,,,,,,,,,,,,,,,,,,,,,,,,,,,,,,,,,,,,,,,,
lithuania,i-lyga,2023-08-12,Zalgiris 2,Babrungas,2,1,Pinnacle,3.48,3.57,1.72,4.88,4.51,1.47,,,,,,,,,,,,,,,,,,,,,,,,,,,,,,,,,,,,,,,,,,,,,,,,,,,,,,,,,,,,,,,,,,,,,,,,,,,,,1.75,2.26,1.93,1.55,1.54,2.03,2.23,1.71,1.42,1.81,2.48,1.94,1.46,1.64,2.46,2.14,1.49,1.48,2.38,2.43,,,,,,,,,,,,,,,,,,,,,,,,,,,,,,,,
lithuania,i-lyga,2023-08-14,Riteriai 2,Jonava,3,0,Pinnacle,1.27,4.78,6.96,1.26,5.84,7.31,,,,,,,,,,,,,,,,,,,,,,,,,,,,,2.53,2.41,1.44,1.49,2.34,2.16,1.47,1.63,2.00,1.88,1.67,1.85,1.80,1.69,1.87,2.06,1.60,1.52,2.12,2.34,1.39,1.40,2.56,2.67,,,,,,,,,,,,,,,,,,,,,,,,,,,,,,,,,,,,,,,,,,,,,,,,,,,,,,,,,,,,,,,,,,,,,,,,,,,,
lithuania,i-lyga,2023-08-14,FK Panevezys 2,Marijampole City,0,1,Pinnacle,2.82,3.27,2.09,1.38,4.77,5.11,,,,,,,,,,,,,,,,,,,,,,,,,,,,,,,,,1.78,2.26,1.85,1.53,2.27,2.24,1.48,1.54,2.01,1.99,1.63,1.71,2.44,1.76,1.41,1.88,2.54,1.57,1.43,2.22,2.14,1.44,1.63,2.48,,,,,,,,,,,,,,,,,,,,,,,,,,,,,,,,,,,,,,,,,,,,,,,,,,,,,,,,,,,,,,,,,,,,,,,,
lithuania,i-lyga,2023-08-18,Nevezis Kedainiai,Garliava,1,1,Pinnacle,2.08,3.13,2.89,1.87,3.51,3.49,,,,,,,,,,,,,,,,,,,,,,,,,,,,,,,,,,,,,,,,,,,,,,,,,2.70,2.54,1.35,1.44,2.37,2.11,1.44,1.65,2.06,1.87,1.61,1.87,1.83,1.64,1.83,2.14,1.55,1.41,2.18,2.65,,,,,,,,,,,,,,,,,,,,,,,,,,,,,,,,,,,,,,,,,,,,,,,,,,,,,,,,,,,,
lithuania,i-lyga,2023-08-18,Babrungas,Ekranas,3,1,Pinnacle,1.99,3.30,2.92,2.24,3.31,2.81,,,,,,,,,,,,,,,,,,,,,,,,,,,,,,,,,,,,,,,,,,,,,,,,,,,,,2.24,2.57,1.50,1.43,1.97,2.22,1.67,1.60,1.77,1.96,1.90,1.79,1.51,1.66,2.25,2.10,1.38,1.49,2.55,2.41,,,,,,,,,,,,,,,,,,,,,,,,,,,,,,,,,,,,,,,,,,,,,,,,,,,,,,,,
lithuania,i-lyga,2023-08-19,Jonava,FK Minija,1,2,Pinnacle,4.46,3.73,1.52,3.17,4.03,1.84,,,,,,,,,,,,,,,,,,,,,,,,,,,,,,,,,,,,,,,,,,,,,,,,,,,,,,,,,,,,,,,,,2.79,2.51,1.36,1.45,2.62,2.12,1.41,1.65,2.23,1.89,1.50,1.84,2.01,1.69,1.64,2.06,1.79,1.48,1.88,2.43,,,,,,,,,,,,,,,,,,,,,,,,,,,,,,,,,,,,,,,,,,,,
lithuania,i-lyga,2023-08-20,BE1 NFA,FK Panevezys 2,3,1,Pinnacle,1.58,3.77,3.96,1.35,4.74,6.33,,,,,,,,,,,,,,,,,,,,,,,,,,,,,,,,,2.31,2.54,1.52,1.43,2.21,2.14,1.57,1.63,2.30,1.92,1.49,1.82,2.17,1.70,1.53,2.02,1.94,1.50,1.69,2.36,,,,,,,,,,,,,,,,,,,,,,,,,,,,,,,,,,,,,,,,,,,,,,,,,,,,,,,,,,,,,,,,,,,,,,,,,,,,
lithuania,i-lyga,2023-08-20,Riteriai 2,Transinvest,1,2,Pinnacle,4.71,3.83,1.48,7.84,4.82,1.30,,,,,,,,,,,,,,,,,,,,,,,,,,,,,,,,,,,,,,,,,,,,,,,,,,,,,,,,,,,,,,,,,,,,,,,,,,,,,2.10,2.35,1.58,1.52,1.87,2.50,1.80,1.45,1.63,2.04,2.02,1.70,1.49,1.80,2.24,1.94,1.46,1.60,2.49,2.20,1.44,1.41,2.56,2.66,,,,,,,,,,,,,,,,,,,,,,,,,,,,
lithuania,i-lyga,2023-08-20,Neptunas,Siauliai 2,3,0,Pinnacle,1.37,4.36,5.21,1.50,4.39,4.73,,,,,,,,,,,,,,,,,,,,,,,,,,,,,,,,,,,,,2.22,2.32,1.51,1.52,1.97,2.23,1.67,1.57,1.79,2.01,1.88,1.72,1.56,1.79,2.14,1.96,1.43,1.60,2.39,2.20,1.48,1.48,2.43,2.43,,,,,,,,,,,,,,,,,,,,,,,,,,,,,,,,,,,,,,,,,,,,,,,,,,,,,,,,,,,,,,,,,,,,
lithuania,i-lyga,2023-08-21,Zalgiris 2,Marijampole City,6,0,Pinnacle,2.20,3.32,2.55,1.59,4.42,3.80,,,,,,,,,,,,,,,,,,,,,,,,,,,,,,,,,,,,,,,,,2.38,2.46,1.44,1.45,2.35,2.23,1.45,1.57,2.59,1.98,1.41,1.75,2.50,1.72,1.40,1.98,2.18,1.56,1.54,2.19,1.96,1.50,1.72,2.23,1.68,1.42,1.96,2.42,1.50,1.66,2.23,2.10,1.54,1.53,2.26,2.32,1.45,1.45,2.52,2.52,,,,,,,,,,,,,,,,,,,,,,,,,,,,,,,,,,,,,,,,,,,,,,,,
lithuania,i-lyga,2023-08-21,Kauno Zalgiris 2,BFA Vilnius,2,0,Pinnacle,2.85,3.30,2.03,2.23,3.47,2.72,,,,,,,,,,,,,,,,,,,,,,,,,,,,,,,,,,,,,,,,,,,,,,,,,,,,,2.54,2.56,1.44,1.44,2.50,2.21,1.46,1.60,2.48,1.96,1.40,1.78,2.19,1.68,1.54,2.06,1.86,1.51,1.81,2.35,1.64,1.45,2.01,2.53,1.47,1.46,2.29,2.49,,,,,,,,,,,,,,,,,,,,,,,,,,,,,,,,,,,,,,,,,,,,,,,,
lithuania,i-lyga,2023-08-25,Garliava,Neptunas,0,1,Pinnacle,2.67,3.13,2.20,4.00,3.30,1.81,,,,,,,,,,,,,,,,,,,,,,,,,,,,,,,,,,,,,,,,,,,,,,,,,,,,,,,,,,,,,,,,,2.02,2.97,1.65,1.33,1.73,2.27,1.95,1.57,1.55,1.93,2.20,1.81,1.39,1.71,2.56,2.03,1.37,1.49,2.69,2.41,,,,,,,,,,,,,,,,,,,,,,,,,,,,,,,,,,,,,,,,,,,,
lithuania,i-lyga,2023-08-26,Siauliai 2,Jonava,3,2,Pinnacle,1.40,4.25,4.90,1.49,5.07,4.24,,,,,,,,,,,,,,,,,,,,,,,,,,,,,,,,,,,,,2.31,2.44,1.47,1.48,2.04,2.15,1.62,1.63,1.86,1.95,1.81,1.79,1.62,1.72,2.04,2.01,1.48,1.57,2.28,2.23,1.61,1.57,2.15,2.22,1.49,1.49,2.41,2.41,,,,,,,,,,,,,,,,,,,,,,,,,,,,,,,,,,,,,,,,,,,,,,,,,,,,,,,,,,,,,,,,
lithuania,i-lyga,2023-08-26,FK Minija,Transinvest,1,0,Pinnacle,6.50,4.66,1.28,9.93,5.35,1.23,,,,,,,,,,,,,,,,,,,,,,,,,,,,,,,,,,,,,,,,,,,,,,,,,,,,,,,,,,,,,,,,,,,,,,,,,,,,,,,,,2.46,2.80,1.41,1.37,2.05,2.33,1.61,1.52,1.83,2.01,1.83,1.72,1.63,1.81,2.03,1.94,1.44,1.57,2.38,2.27,1.42,1.44,2.62,2.55,,,,,,,,,,,,,,,,,,,,,,,,
lithuania,i-lyga,2023-08-26,Ekranas,Marijampole City,0,1,Pinnacle,1.45,4.09,4.60,1.03,17.19,32.25,2.44,2.35,1.42,1.45,2.49,2.39,1.46,1.43,2.31,2.12,1.51,1.58,2.10,1.91,1.64,1.74,2.56,1.68,1.43,1.96,2.35,1.57,1.50,2.22,2.42,1.52,1.47,2.35,2.33,1.50,1.51,2.39,,,,,,,,,,,,,,,,,,,,,,,,,,,,,,,,,,,,,,,,,,,,,,,,,,,,,,,,,,,,,,,,,,,,,,,,,,,,,,,,,,,,,,,,,,,,,,,,
lithuania,i-lyga,2023-08-26,BFA Vilnius,Babrungas,1,2,Pinnacle,3.17,3.38,1.86,3.31,3.57,1.91,,,,,,,,,,,,,,,,,,,,,,,,,,,,,,,,,,,,,,,,,,,,,,,,,,,,,,,,,,,,,,,,,2.44,2.52,1.41,1.45,2.01,2.07,1.64,1.68,1.79,1.83,1.88,1.91,1.59,1.63,2.09,2.16,1.40,1.43,2.48,2.58,,,,,,,,,,,,,,,,,,,,,,,,,,,,,,,,,,,,,,,,,,,,
lithuania,i-lyga,2023-08-27,Riteriai 2,Kauno Zalgiris 2,1,0,Pinnacle,1.54,3.71,4.29,1.56,3.93,4.74,,,,,,,,,,,,,,,,,,,,,,,,,,,,,,,,,,,,,,,,,2.39,2.43,1.44,1.48,2.16,2.19,1.55,1.61,1.93,1.93,1.75,1.81,1.68,1.69,1.96,2.06,1.53,1.54,2.18,2.29,,,,,,,,,,,,,,,,,,,,,,,,,,,,,,,,,,,,,,,,,,,,,,,,,,,,,,,,,,,,,,,,,,,,
lithuania,i-lyga,2023-08-28,Zalgiris 2,BE1 NFA,0,1,Pinnacle,3.46,3.60,1.72,4.25,4.07,1.60,,,,,,,,,,,,,,,,,,,,,,,,,,,,,,,,,,,,,,,,,,,,,,,,,,,,,,,,,,,,,,,,,,,,,,,,,1.92,2.21,1.71,1.58,1.75,2.00,1.93,1.73,1.53,1.78,2.20,1.98,1.42,1.59,2.44,2.22,1.48,1.47,2.40,2.45,,,,,,,,,,,,,,,,,,,,,,,,,,,,,,,,,,,,
lithuania,i-lyga,2023-08-28,FK Panevezys 2,Nevezis Kedainiai,2,0,Pinnacle,3.19,3.35,1.90,3.15,3.90,1.88,,,,,,,,,,,,,,,,,,,,,,,,,,,,,,,,,,,,,,,,,,,,,,,,,,,,,,,,,,,,,,,,,2.43,2.47,1.44,1.47,2.00,2.08,1.67,1.67,1.77,1.86,1.90,1.88,1.58,1.66,2.15,2.10,1.39,1.46,2.58,2.48,1.45,1.45,2.52,2.50,,,,,,,,,,,,,,,,,,,,,,,,,,,,,,,,,,,,,,,,
lithuania,i-lyga,2023-08-30,Transinvest,Siauliai 2,10,0,Pinnacle,1.19,5.68,7.48,1.12,7.88,13.34,,,,,,,,,,,,,,,,,2.54,2.54,1.44,1.44,2.42,2.17,1.48,1.62,2.34,1.95,1.45,1.79,2.14,1.75,1.56,1.98,1.94,1.54,1.74,2.28,1.70,1.52,1.93,2.34,,,,,,,,,,,,,,,,,,,,,,,,,,,,,,,,,,,,,,,,,,,,,,,,,,,,,,,,,,,,,,,,,,,,,,,,,,,,,,,,,,,,,,,,
lithuania,i-lyga,2023-08-30,Marijampole City,BFA Vilnius,0,0,Pinnacle,3.07,3.38,1.90,2.64,3.93,2.06,,,,,,,,,,,,,,,,,,,,,,,,,,,,,,,,,,,,,,,,,,,,,,,,,,,,,,,,,,,,,2.42,2.34,1.48,1.50,2.36,2.10,1.45,1.64,1.96,1.85,1.67,1.85,1.76,1.68,1.92,2.04,1.56,1.51,2.14,2.31,,,,,,,,,,,,,,,,,,,,,,,,,,,,,,,,,,,,,,,,,,,,,,,,
lithuania,i-lyga,2023-08-31,Riteriai 2,FK Minija,3,0,Pinnacle,1.76,3.28,3.62,1.93,3.49,3.30,,,,,,,,,,,,,,,,,,,,,,,,,,,,,,,,,,,,,,,,,,,,,,,,,2.35,2.68,1.45,1.40,1.97,2.20,1.67,1.60,1.78,1.93,1.90,1.81,1.54,1.69,2.18,2.05,1.32,1.46,2.77,2.49,,,,,,,,,,,,,,,,,,,,,,,,,,,,,,,,,,,,,,,,,,,,,,,,,,,,,,,,,,,,
lithuania,i-lyga,2023-08-31,Nevezis Kedainiai,Zalgiris 2,4,1,Pinnacle,1.49,3.98,4.40,1.52,4.09,4.95,,,,,,,,,,,,,,,,,,,,,,,,,,,,,,,,,,,,,,,,,2.21,2.30,1.51,1.53,2.00,2.08,1.65,1.68,1.79,1.83,1.87,1.90,1.60,1.63,2.09,2.15,1.47,1.50,2.30,2.39,,,,,,,,,,,,,,,,,,,,,,,,,,,,,,,,,,,,,,,,,,,,,,,,,,,,,,,,,,,,,,,,,,,,
lithuania,i-lyga,2023-08-31,Kauno Zalgiris 2,Babrungas,1,1,Pinnacle,3.94,3.70,1.60,2.50,3.14,2.32,,,,,,,,,,,,,,,,,,,,,,,,,,,,,,,,,,,,,,,,,,,,,,,,,,,,,,,,,2.58,2.45,1.43,1.41,2.63,2.18,1.41,1.54,2.75,1.89,1.37,1.75,2.44,1.63,1.42,2.02,2.10,1.48,1.59,2.27,1.91,1.39,1.76,2.51,,,,,,,,,,,,,,,,,,,,,,,,,,,,,,,,,,,,,,,,,,,,,,,,
lithuania,i-lyga,2023-09-01,Jonava,Garliava,2,1,Pinnacle,5.74,4.40,1.33,3.51,3.80,1.79,,,,,,,,,,,,,,,,,,,,,,,,,,,,,,,,,,,,,,,,,,,,,,,,,,,,,,,,,,,,,,,,,2.72,2.72,1.39,1.39,2.34,2.23,1.51,1.59,2.21,1.95,1.56,1.79,2.51,1.72,1.39,2.01,2.25,1.50,1.51,2.38,1.93,1.45,1.74,2.52,,,,,,,,,,,,,,,,,,,,,,,,,,,,,,,,,,,,,,,,
lithuania,i-lyga,2023-09-01,BE1 NFA,Ekranas,1,0,Pinnacle,2.23,3.14,2.63,1.76,3.59,3.87,,,,,,,,,,,,,,,,,,,,,,,,,,,,,,,,,,,,,,,,,,,,,2.48,2.57,1.45,1.43,2.58,2.41,1.42,1.51,2.57,2.00,1.38,1.76,2.21,1.75,1.53,1.98,1.96,1.53,1.70,2.30,1.67,1.33,1.97,2.95,,,,,,,,,,,,,,,,,,,,,,,,,,,,,,,,,,,,,,,,,,,,,,,,,,,,,,,,,,,,
lithuania,i-lyga,2023-09-06,Marijampole City,Riteriai 2,0,4,Pinnacle,1.74,3.34,3.78,9.03,5.79,1.12,,,,,,,,,,,,,,,,,,,,,,,,,,,,,,,,,,,,,,,,,,,,,,,,,,,,,,,,,,,,,,,,,,,,,,,,,,,,,,,,,,,,,,,,,1.45,2.22,2.48,1.50,1.43,2.12,2.54,1.55,1.43,1.94,2.48,1.68,1.40,1.76,2.47,1.87,1.49,1.62,2.24,2.02,1.53,1.47,2.15,2.27,,,,,,,,,,,,,,,,
lithuania,i-lyga,2023-09-06,Neptunas,FK Panevezys 2,2,2,Pinnacle,1.35,4.46,5.44,1.58,4.16,4.26,,,,,,,,,,,,,,,,,,,,,,,,,,,,,,,,,,,,,,,,,1.92,2.38,1.70,1.50,1.75,2.16,1.93,1.63,1.52,1.93,2.22,1.81,1.41,1.71,2.47,2.03,1.48,1.56,2.42,2.24,,,,,,,,,,,,,,,,,,,,,,,,,,,,,,,,,,,,,,,,,,,,,,,,,,,,,,,,,,,,,,,,,,,,
lithuania,i-lyga,2023-09-15,FK Minija,Kauno Zalgiris 2,3,0,Pinnacle,1.97,3.23,3.04,1.58,4.05,4.40,,,,,,,,,,,,,,,,,,,,,,,,,,,,,,,,,,,,,,,,,2.47,2.58,1.44,1.43,2.53,2.31,1.44,1.55,2.71,2.02,1.38,1.74,2.22,1.73,1.51,2.00,1.95,1.56,1.68,2.24,1.74,1.41,1.93,2.60,1.48,1.41,2.32,2.64,,,,,,,,,,,,,,,,,,,,,,,,,,,,,,,,,,,,,,,,,,,,,,,,,,,,,,,,,,,,
lithuania,i-lyga,2023-09-15,Babrungas,Marijampole City,6,2,Pinnacle,1.31,4.68,6.04,1.16,6.36,11.73,,,,,,,,,,,,,,,,,2.39,2.38,1.44,1.49,2.82,2.26,1.19,1.54,2.26,2.02,1.54,1.70,2.36,1.84,1.50,1.88,2.43,1.63,1.44,2.13,2.07,1.50,1.62,2.36,,,,,,,,,,,,,,,,,,,,,,,,,,,,,,,,,,,,,,,,,,,,,,,,,,,,,,,,,,,,,,,,,,,,,,,,,,,,,,,,,,,,,,,,
lithuania,i-lyga,2023-09-16,Zalgiris 2,Neptunas,1,4,Pinnacle,4.29,4.12,1.50,3.36,4.37,1.72,,,,,,,,,,,,,,,,,,,,,,,,,,,,,,,,,,,,,,,,,,,,,,,,,,,,,,,,,,,,,,,,,2.75,2.33,1.37,1.52,2.58,2.27,1.42,1.55,2.30,2.02,1.49,1.71,2.10,1.84,1.61,1.90,1.87,1.62,1.79,2.17,1.66,1.49,2.01,2.40,,,,,,,,,,,,,,,,,,,,,,,,,,,,,,,,,,,,,,,,
lithuania,i-lyga,2023-09-16,Siauliai 2,Riteriai 2,2,2,Pinnacle,3.05,3.35,1.92,4.22,3.96,1.62,,,,,,,,,,,,,,,,,,,,,,,,,,,,,,,,,,,,,,,,,,,,,,,,,,,,,,,,,,,,,,,,,,,,,1.95,2.56,1.68,1.44,1.75,2.19,1.93,1.61,1.55,1.97,2.16,1.78,1.37,1.71,2.58,2.02,1.50,1.54,2.37,2.28,,,,,,,,,,,,,,,,,,,,,,,,,,,,,,,,,,,,,,,,
lithuania,i-lyga,2023-09-16,Garliava,Transinvest,1,1,Pinnacle,5.14,4.06,1.41,9.18,4.87,1.27,,,,,,,,,,,,,,,,,,,,,,,,,,,,,,,,,,,,,,,,,,,,,,,,,,,,,,,,,,,,,,,,,,,,,,,,,,,,,2.26,2.64,1.49,1.41,2.00,2.58,1.65,1.43,1.76,2.04,1.91,1.70,1.58,1.77,2.10,1.98,1.43,1.56,2.41,2.27,1.46,1.36,2.49,2.82,,,,,,,,,,,,,,,,,,,,,,,,,,,,
lithuania,i-lyga,2023-09-16,Ekranas,Nevezis Kedainiai,2,2,Pinnacle,2.26,3.07,2.64,2.23,3.24,2.88,,,,,,,,,,,,,,,,,,,,,,,,,,,,,,,,,,,,,,,,,,,,,,,,,,,,,2.61,2.57,1.36,1.43,2.24,2.21,1.52,1.60,2.00,1.94,1.70,1.80,1.67,1.64,1.96,2.13,1.48,1.47,2.28,2.47,,,,,,,,,,,,,,,,,,,,,,,,,,,,,,,,,,,,,,,,,,,,,,,,,,,,,,,,
lithuania,i-lyga,2023-09-16,BFA Vilnius,BE1 NFA,0,1,Pinnacle,3.60,3.39,1.74,3.96,3.38,1.79,,,,,,,,,,,,,,,,,,,,,,,,,,,,,,,,,,,,,,,,,,,,,,,,,,,,,,,,,,,,,,,,,2.79,2.96,1.32,1.33,2.21,2.28,1.53,1.56,1.93,1.95,1.75,1.79,1.70,1.72,1.93,2.02,1.49,1.49,2.27,2.41,1.42,1.41,2.57,2.64,,,,,,,,,,,,,,,,,,,,,,,,,,,,,,,,,,,,,,,,
lithuania,i-lyga,2023-09-17,FK Panevezys 2,Jonava,4,1,Pinnacle,1.48,4.00,4.42,1.55,5.08,3.77,,,,,,,,,,,,,,,,,,,,,,,,,,,,,,,,,,,,,2.35,2.24,1.51,1.56,2.19,2.17,1.52,1.60,1.99,2.00,1.66,1.73,1.78,1.81,1.88,1.93,1.58,1.65,2.10,2.12,1.47,1.53,2.31,2.30,,,,,,,,,,,,,,,,,,,,,,,,,,,,,,,,,,,,,,,,,,,,,,,,,,,,,,,,,,,,,,,,,,,,
lithuania,i-lyga,2023-09-22,Nevezis Kedainiai,BFA Vilnius,2,2,Pinnacle,1.65,3.56,3.98,1.63,4.33,3.82,,,,,,,,,,,,,,,,,,,,,,,,,,,,,,,,,,,,,,,,,2.40,2.54,1.48,1.44,2.36,2.31,1.47,1.53,2.10,2.05,1.61,1.69,1.82,1.79,1.85,1.95,1.64,1.62,2.05,2.17,1.45,1.46,2.40,2.49,,,,,,,,,,,,,,,,,,,,,,,,,,,,,,,,,,,,,,,,,,,,,,,,,,,,,,,,,,,,,,,,
lithuania,i-lyga,2023-09-23,BE1 NFA,Babrungas,2,0,Pinnacle,2.01,3.23,2.94,1.68,3.71,4.13,,,,,,,,,,,,,,,,,,,,,,,,,,,,,,,,,,,,,,,,,,,,,2.30,2.47,1.53,1.47,2.42,2.18,1.44,1.61,2.27,1.88,1.48,1.86,1.99,1.67,1.65,2.08,1.78,1.48,1.89,2.44,1.51,1.42,2.25,2.58,,,,,,,,,,,,,,,,,,,,,,,,,,,,,,,,,,,,,,,,,,,,,,,,,,,,,,,,,,,,
lithuania,i-lyga,2023-09-23,Riteriai 2,Garliava,1,1,Pinnacle,2.10,3.10,2.88,1.83,3.30,3.88,,,,,,,,,,,,,,,,,,,,,,,,,,,,,,,,,,,,,,,,,,,,,,,,,2.49,2.51,1.45,1.45,2.40,2.07,1.43,1.68,2.08,1.83,1.60,1.91,1.85,1.59,1.82,2.22,1.56,1.35,2.16,2.88,,,,,,,,,,,,,,,,,,,,,,,,,,,,,,,,,,,,,,,,,,,,,,,,,,,,,,,,,,,,
lithuania,i-lyga,2023-09-23,Neptunas,Ekranas,3,1,Pinnacle,1.78,3.40,3.42,1.94,3.49,3.29,,,,,,,,,,,,,,,,,,,,,,,,,,,,,,,,,,,,,,,,,,,,,,,,,2.33,2.63,1.46,1.41,1.98,2.19,1.66,1.61,1.79,1.94,1.88,1.80,1.56,1.70,2.14,2.04,1.35,1.46,2.65,2.49,,,,,,,,,,,,,,,,,,,,,,,,,,,,,,,,,,,,,,,,,,,,,,,,,,,,,,,,,,,,
lithuania,i-lyga,2023-09-23,FK Minija,Siauliai 2,2,1,Pinnacle,1.76,3.53,3.36,1.57,3.69,5.04,,,,,,,,,,,,,,,,,,,,,,,,,,,,,,,,,,,,,,,,,2.51,2.48,1.45,1.46,2.42,2.23,1.47,1.59,2.27,1.96,1.48,1.79,1.95,1.71,1.68,2.03,1.78,1.55,1.90,2.26,,,,,,,,,,,,,,,,,,,,,,,,,,,,,,,,,,,,,,,,,,,,,,,,,,,,,,,,,,,,,,,,,,,,
lithuania,i-lyga,2023-09-24,Transinvest,FK Panevezys 2,6,1,Pinnacle,1.14,6.54,8.84,1.13,7.58,11.04,,,,,,,,,,,,,,,,,,,,,2.34,2.24,1.45,1.55,2.08,2.01,1.60,1.71,1.90,1.83,1.76,1.90,1.67,1.61,1.97,2.17,1.52,1.48,2.19,2.40,,,,,,,,,,,,,,,,,,,,,,,,,,,,,,,,,,,,,,,,,,,,,,,,,,,,,,,,,,,,,,,,,,,,,,,,,,,,,,,,,,,,,,,,
lithuania,i-lyga,2023-09-25,Kauno Zalgiris 2,Marijampole City,3,0,Pinnacle,1.54,3.82,4.37,1.54,5.49,3.63,,,,,,,,,,,,,,,,,,,,,,,,,,,,,,,,,,,,,2.24,2.37,1.54,1.51,2.36,2.11,1.46,1.65,2.13,1.95,1.59,1.79,1.89,1.76,1.78,1.96,1.66,1.62,2.01,2.14,1.52,1.53,2.23,2.28,,,,,,,,,,,,,,,,,,,,,,,,,,,,,,,,,,,,,,,,,,,,,,,,,,,,,,,,,,,,,,,,,,,,
lithuania,i-lyga,2023-09-29,Babrungas,Nevezis Kedainiai,1,2,Pinnacle,2.14,3.20,2.72,2.02,4.12,2.72,,,,,,,,,,,,,,,,,,,,,,,,,,,,,,,,,,,,,,,,,,,,,,,,,,,,,2.45,2.26,1.41,1.56,2.13,2.00,1.57,1.72,1.90,1.83,1.77,1.92,1.61,1.61,2.06,2.18,1.45,1.49,2.36,2.41,,,,,,,,,,,,,,,,,,,,,,,,,,,,,,,,,,,,,,,,,,,,,,,,,,,,,,,,
lithuania,i-lyga,2023-09-29,Ekranas,Jonava,4,3,Pinnacle,1.24,5.05,6.85,1.36,5.18,5.59,,,,,,,,,,,,,,,,,,,,,,,,,,,,,,,,,2.15,2.47,1.56,1.47,1.88,2.11,1.78,1.65,1.68,1.89,1.94,1.85,1.51,1.70,2.21,2.04,1.41,1.51,2.58,2.37,,,,,,,,,,,,,,,,,,,,,,,,,,,,,,,,,,,,,,,,,,,,,,,,,,,,,,,,,,,,,,,,,,,,,,,,,,,,
lithuania,i-lyga,2023-09-30,Garliava,FK Minija,2,0,Pinnacle,1.92,3.20,3.19,2.92,3.18,2.23,,,,,,,,,,,,,,,,,,,,,,,,,,,,,,,,,,,,,,,,,,,,,,,,,,,,,,,,,1.93,2.66,1.75,1.41,1.67,2.50,1.97,1.46,1.43,2.15,2.41,1.63,1.44,1.81,2.52,1.94,1.35,1.60,2.45,2.21,1.39,1.42,2.68,2.62,,,,,,,,,,,,,,,,,,,,,,,,,,,,,,,,,,,,,,,,,,,,,,,,
lithuania,i-lyga,2023-09-30,BFA Vilnius,Neptunas,2,2,Pinnacle,3.61,3.53,1.70,4.10,4.08,1.62,,,,,,,,,,,,,,,,,,,,,,,,,,,,,,,,,,,,,,,,,,,,,,,,,,,,,,,,,,,,,,,,,,,,,2.24,2.54,1.50,1.44,1.94,2.19,1.69,1.61,1.77,1.98,1.90,1.78,1.54,1.73,2.19,2.00,1.42,1.56,2.44,2.24,,,,,,,,,,,,,,,,,,,,,,,,,,,,,,,,,,,,,,,,
lithuania,i-lyga,2023-10-02,Siauliai 2,Kauno Zalgiris 2,2,2,Pinnacle,2.18,3.33,2.64,2.60,3.86,2.17,,,,,,,,,,,,,,,,,,,,,,,,,,,,,,,,,,,,,,,,,,,,,,,,,,,,,2.48,2.46,1.42,1.47,2.16,2.40,1.57,1.49,1.93,2.29,1.75,1.54,1.66,2.04,2.02,1.70,1.49,1.80,2.30,1.94,1.50,1.63,2.28,2.15,1.47,1.47,2.45,2.45,,,,,,,,,,,,,,,,,,,,,,,,,,,,,,,,,,,,,,,,,,,,,,,,
lithuania,i-lyga,2023-10-02,FK Panevezys 2,Riteriai 2,1,1,Pinnacle,2.89,3.36,1.99,2.26,3.69,2.55,,,,,,,,,,,,,,,,,,,,,,,,,,,,,,,,,,,,,,,,,,,,,,,,,,,,,,,,,2.54,2.22,1.44,1.57,2.52,2.00,1.39,1.74,2.23,1.76,1.52,1.99,1.90,1.57,1.77,2.26,1.67,1.46,1.97,2.50,,,,,,,,,,,,,,,,,,,,,,,,,,,,,,,,,,,,,,,,,,,,,,,,,,,,
lithuania,i-lyga,2023-10-04,BE1 NFA,Nevezis Kedainiai,1,1,Pinnacle,1.89,3.24,3.22,1.61,3.76,4.61,,,,,,,,,,,,,,,,,,,,,,,,,,,,,,,,,,,,,,,,,,,,,2.38,2.51,1.49,1.45,2.59,2.05,1.37,1.69,2.14,1.78,1.56,1.98,1.91,1.60,1.76,2.22,1.65,1.41,1.99,2.64,1.42,1.34,2.44,2.92,,,,,,,,,,,,,,,,,,,,,,,,,,,,,,,,,,,,,,,,,,,,,,,,,,,,,,,,,,,,
lithuania,i-lyga,2023-10-07,Neptunas,Babrungas,5,0,Pinnacle,1.79,3.46,3.30,1.76,3.70,3.72,,,,,,,,,,,,,,,,,,,,,,,,,,,,,,,,,,,,,,,,,,,,,2.56,2.56,1.43,1.43,2.34,2.30,1.45,1.56,2.00,1.97,1.65,1.78,1.81,1.75,1.86,1.97,1.58,1.55,2.10,2.27,1.38,1.36,2.56,2.80,,,,,,,,,,,,,,,,,,,,,,,,,,,,,,,,,,,,,,,,,,,,,,,,,,,,,,,,,,,,
lithuania,i-lyga,2023-10-07,FK Minija,FK Panevezys 2,4,1,Pinnacle,1.85,3.43,3.17,1.51,4.34,4.65,,,,,,,,,,,,,,,,,,,,,,,,,,,,,,,,,,,,,,,,,2.21,2.28,1.58,1.54,2.55,2.06,1.43,1.69,2.44,1.82,1.42,1.92,2.07,1.63,1.61,2.16,1.86,1.50,1.81,2.39,1.63,1.49,2.03,2.42,,,,,,,,,,,,,,,,,,,,,,,,,,,,,,,,,,,,,,,,,,,,,,,,,,,,,,,,,,,,,,,,
lithuania,i-lyga,2023-10-07,Transinvest,Ekranas,0,2,Pinnacle,1.25,4.97,6.67,1.19,5.95,10.31,,,,,,,,,,,,,,,,,,,,,,,,,,,,,2.43,2.32,1.42,1.52,2.19,2.06,1.53,1.68,1.92,1.81,1.75,1.92,1.71,1.63,1.92,2.13,1.53,1.44,2.17,2.51,,,,,,,,,,,,,,,,,,,,,,,,,,,,,,,,,,,,,,,,,,,,,,,,,,,,,,,,,,,,,,,,,,,,,,,,,,,,,,,,
lithuania,i-lyga,2023-10-07,Siauliai 2,Garliava,3,3,Pinnacle,3.11,3.39,1.88,4.75,4.14,1.53,,,,,,,,,,,,,,,,,,,,,,,,,,,,,,,,,,,,,,,,,,,,,,,,,,,,,,,,,,,,,,,,,,,,,1.99,2.25,1.66,1.56,1.78,2.36,1.89,1.51,1.58,2.14,2.11,1.64,1.39,1.90,2.51,1.84,1.47,1.68,2.47,2.07,1.53,1.54,2.30,2.29,,,,,,,,,,,,,,,,,,,,,,,,,,,,,,,,,,,,
lithuania,i-lyga,2023-10-07,Jonava,BFA Vilnius,0,3,Pinnacle,3.15,3.40,1.86,2.90,3.74,2.03,,,,,,,,,,,,,,,,,,,,,,,,,,,,,,,,,,,,,,,,,,,,,,,,,,,,,,,,,,,,,2.60,2.54,1.41,1.44,2.46,2.26,1.43,1.57,2.03,1.93,1.65,1.81,1.79,1.72,1.88,2.01,1.60,1.55,2.11,2.27,,,,,,,,,,,,,,,,,,,,,,,,,,,,,,,,,,,,,,,,,,,,,,,,
lithuania,i-lyga,2023-10-08,Kauno Zalgiris 2,BE1 NFA,0,1,Pinnacle,4.42,3.72,1.53,3.95,3.81,1.69,,,,,,,,,,,,,,,,,,,,,,,,,,,,,,,,,,,,,,,,,,,,,,,,,,,,,,,,,,,,,,,,,2.80,2.76,1.36,1.38,2.52,2.40,1.44,1.49,2.21,2.07,1.51,1.68,1.99,1.85,1.65,1.88,1.78,1.61,1.90,2.20,1.57,1.46,2.13,2.48,,,,,,,,,,,,,,,,,,,,,,,,,,,,,,,,,,,,,,,,
lithuania,i-lyga,2023-10-09,Riteriai 2,Zalgiris 2,1,1,Pinnacle,1.51,3.96,4.29,1.36,4.18,5.39,,,,,,,,,,,,,,,,,,,,,,,,,,,,,,,,,2.57,2.62,1.37,1.35,2.48,2.17,1.42,1.52,2.24,1.90,1.50,1.71,2.03,1.73,1.63,1.91,1.83,1.53,1.84,2.19,1.61,1.41,2.05,2.42,,,,,,,,,,,,,,,,,,,,,,,,,,,,,,,,,,,,,,,,,,,,,,,,,,,,,,,,,,,,,,,,,,,,,,,,
lithuania,i-lyga,2023-10-11,FK Panevezys 2,Siauliai 2,3,0,Pinnacle,1.73,3.78,3.25,1.99,4.14,2.76,,,,,,,,,,,,,,,,,,,,,,,,,,,,,,,,,,,,,,,,,,,,,,,,,,,,,1.93,2.20,1.75,1.58,1.72,1.98,1.90,1.75,1.54,1.80,2.15,1.94,1.45,1.60,2.40,2.22,1.44,1.47,2.42,2.45,,,,,,,,,,,,,,,,,,,,,,,,,,,,,,,,,,,,,,,,,,,,,,,,,,,,,,,,
lithuania,i-lyga,2023-10-13,Garliava,Kauno Zalgiris 2,0,0,Pinnacle,1.71,3.44,3.62,2.14,3.39,2.92,,,,,,,,,,,,,,,,,,,,,,,,,,,,,,,,,,,,,,,,,,,,,,,,,,,,,1.93,2.42,1.75,1.48,1.70,2.12,1.93,1.65,1.51,1.88,2.22,1.86,1.39,1.60,2.68,2.20,1.39,1.45,2.70,2.52,1.39,1.42,2.61,2.51,,,,,,,,,,,,,,,,,,,,,,,,,,,,,,,,,,,,,,,,,,,,,,,,,,,,
lithuania,i-lyga,2023-10-13,Babrungas,Jonava,2,1,Pinnacle,1.26,5.08,6.28,1.42,4.80,5.14,,,,,,,,,,,,,,,,,,,,,,,,,,,,,,,,,2.14,2.50,1.56,1.45,1.88,2.28,1.77,1.54,1.69,2.03,1.93,1.71,1.52,1.84,2.18,1.90,1.42,1.62,2.55,2.17,1.47,1.49,2.46,2.41,,,,,,,,,,,,,,,,,,,,,,,,,,,,,,,,,,,,,,,,,,,,,,,,,,,,,,,,,,,,,,,,,,,,,,,,
lithuania,i-lyga,2023-10-14,Ekranas,Riteriai 2,1,2,Pinnacle,1.99,3.23,2.99,2.41,3.56,2.45,,,,,,,,,,,,,,,,,,,,,,,,,,,,,,,,,,,,,,,,,,,,,,,,,,,,,2.24,2.37,1.49,1.50,1.97,2.36,1.67,1.51,1.76,2.12,1.92,1.65,1.50,1.85,2.28,1.88,1.37,1.63,2.60,2.15,1.43,1.49,2.46,2.40,,,,,,,,,,,,,,,,,,,,,,,,,,,,,,,,,,,,,,,,,,,,,,,,,,,,
lithuania,i-lyga,2023-10-15,Zalgiris 2,FK Minija,2,3,Pinnacle,2.86,3.34,2.01,2.75,3.56,2.17,,,,,,,,,,,,,,,,,,,,,,,,,,,,,,,,,,,,,,,,,,,,,,,,,,,,,,,,,,,,,2.50,2.39,1.40,1.50,2.21,2.11,1.53,1.66,1.88,1.82,1.79,1.93,1.66,1.63,1.99,2.15,1.49,1.47,2.25,2.46,1.43,1.42,2.54,2.62,,,,,,,,,,,,,,,,,,,,,,,,,,,,,,,,,,,,,,,,,,,,
lithuania,i-lyga,2023-10-18,Zalgiris 2,Transinvest,2,2,Pinnacle,8.80,6.32,1.14,6.04,5.40,1.32,,,,,,,,,,,,,,,,,,,,,,,,,,,,,,,,,,,,,,,,,,,,,,,,,,,,,,,,,,,,,,,,,,,,,,,,,,,,,,,,,2.55,2.49,1.43,1.46,2.47,2.11,1.46,1.66,2.35,1.88,1.45,1.85,2.14,1.70,1.56,2.04,1.93,1.52,1.74,2.32,1.69,1.47,1.93,2.44,,,,,,,,,,,,,,,,,,,,,,,,
lithuania,i-lyga,2023-10-20,Garliava,FK Panevezys 2,1,0,Pinnacle,1.81,3.53,3.19,1.66,3.97,3.96,,,,,,,,,,,,,,,,,,,,,,,,,,,,,,,,,,,,,,,,,,,,,2.30,2.37,1.53,1.51,2.35,2.11,1.45,1.66,2.02,1.84,1.64,1.90,1.83,1.65,1.84,2.12,1.61,1.47,2.07,2.45,1.40,1.42,2.49,2.62,,,,,,,,,,,,,,,,,,,,,,,,,,,,,,,,,,,,,,,,,,,,,,,,,,,,,,,,,,,,
lithuania,i-lyga,2023-10-21,Ekranas,FK Minija,2,1,Pinnacle,1.90,3.37,3.17,2.23,3.46,2.72,,,,,,,,,,,,,,,,,,,,,,,,,,,,,,,,,,,,,,,,,,,,,,,,,,,,,2.14,2.56,1.58,1.44,1.90,2.21,1.77,1.60,1.67,1.97,2.00,1.78,1.44,1.69,2.42,2.06,1.43,1.51,2.55,2.35,1.48,1.43,2.42,2.58,,,,,,,,,,,,,,,,,,,,,,,,,,,,,,,,,,,,,,,,,,,,,,,,,,,,
lithuania,i-lyga,2023-10-21,Transinvest,Babrungas,4,1,Pinnacle,1.22,5.27,7.08,1.29,5.20,7.10,,,,,,,,,,,,,,,,,,,,,,,,,,,,,2.27,2.26,1.48,1.54,2.04,2.34,1.62,1.51,1.81,2.02,1.84,1.70,1.63,1.83,2.02,1.92,1.47,1.62,2.31,2.16,1.18,1.41,2.93,2.61,,,,,,,,,,,,,,,,,,,,,,,,,,,,,,,,,,,,,,,,,,,,,,,,,,,,,,,,,,,,,,,,,,,,,,,,,,,,
lithuania,i-lyga,2023-10-21,Neptunas,BE1 NFA,1,1,Pinnacle,2.09,3.17,2.83,2.46,3.22,2.57,,,,,,,,,,,,,,,,,,,,,,,,,,,,,,,,,,,,,,,,,,,,,,,,,,,,,2.38,2.49,1.44,1.46,2.07,2.41,1.60,1.49,1.85,2.13,1.82,1.64,1.56,1.83,2.14,1.91,1.41,1.59,2.46,2.23,1.48,1.45,2.45,2.52,,,,,,,,,,,,,,,,,,,,,,,,,,,,,,,,,,,,,,,,,,,,,,,,,,,,
lithuania,i-lyga,2023-10-22,Riteriai 2,BFA Vilnius,1,3,Pinnacle,1.55,3.71,4.23,1.61,3.87,4.37,,,,,,,,,,,,,,,,,,,,,,,,,,,,,,,,,,,,,,,,,2.40,2.46,1.43,1.47,2.17,2.26,1.55,1.55,1.94,2.01,1.74,1.72,1.68,1.77,1.95,1.98,1.53,1.60,2.16,2.20,1.43,1.43,2.59,2.59,,,,,,,,,,,,,,,,,,,,,,,,,,,,,,,,,,,,,,,,,,,,,,,,,,,,,,,,,,,,,,,,
lithuania,i-lyga,2023-10-22,Kauno Zalgiris 2,Nevezis Kedainiai,3,1,Pinnacle,3.32,3.37,1.81,2.90,3.63,2.06,,,,,,,,,,,,,,,,,,,,,,,,,,,,,,,,,,,,,,,,,,,,,,,,,,,,,,,,,,,,,2.30,2.52,1.49,1.45,2.56,2.24,1.38,1.58,2.08,1.91,1.60,1.83,1.84,1.69,1.83,2.05,1.63,1.52,2.03,2.34,,,,,,,,,,,,,,,,,,,,,,,,,,,,,,,,,,,,,,,,,,,,,,,,
lithuania,i-lyga,2023-10-23,Siauliai 2,Zalgiris 2,3,0,Pinnacle,2.20,3.43,2.49,3.39,4.00,1.68,,,,,,,,,,,,,,,,,,,,,,,,,,,,,,,,,,,,,,,,,,,,,,,,,,,,,,,,,,,,,1.94,2.36,1.69,1.45,1.72,2.54,1.96,1.40,1.53,2.26,2.21,1.50,1.42,2.00,2.44,1.67,1.44,1.82,2.42,1.85,1.45,1.61,2.37,2.10,1.45,1.47,2.31,2.34,,,,,,,,,,,,,,,,,,,,,,,,,,,,,,,,,,,,,,,,
lithuania,i-lyga,2023-10-27,FK Panevezys 2,Kauno Zalgiris 2,0,1,Pinnacle,2.05,3.40,2.74,1.95,4.36,2.76,,,,,,,,,,,,,,,,,,,,,,,,,,,,,,,,,,,,,,,,,,,,,,,,,2.52,2.57,1.41,1.43,2.30,2.18,1.47,1.61,2.03,1.95,1.63,1.80,1.83,1.76,1.84,1.96,1.57,1.57,2.13,2.22,1.43,1.53,2.40,2.30,1.48,1.51,2.33,2.37,,,,,,,,,,,,,,,,,,,,,,,,,,,,,,,,,,,,,,,,,,,,,,,,,,,,
lithuania,i-lyga,2023-10-27,Babrungas,Riteriai 2,2,3,Pinnacle,2.33,3.20,2.47,2.17,3.36,2.88,,,,,,,,,,,,,,,,,,,,,,,,,,,,,,,,,,,,,,,,,,,,,,,,,2.64,2.61,1.41,1.42,2.58,2.48,1.42,1.46,2.29,2.15,1.48,1.63,2.04,1.91,1.63,1.83,1.78,1.60,1.89,2.16,1.55,1.46,2.16,2.48,,,,,,,,,,,,,,,,,,,,,,,,,,,,,,,,,,,,,,,,,,,,,,,,,,,,,,,,
lithuania,i-lyga,2023-10-27,BE1 NFA,Jonava,4,1,Pinnacle,1.17,5.70,8.24,1.14,6.90,12.47,,,,,,,,,,,,,,,,,,,,,,,,,2.35,2.23,1.46,1.56,2.14,2.01,1.57,1.71,1.91,1.78,1.75,1.95,1.68,1.59,1.96,2.20,1.54,1.47,2.16,2.43,,,,,,,,,,,,,,,,,,,,,,,,,,,,,,,,,,,,,,,,,,,,,,,,,,,,,,,,,,,,,,,,,,,,,,,,,,,,,,,,,,,,
lithuania,i-lyga,2023-10-28,Zalgiris 2,Garliava,1,1,Pinnacle,2.95,3.38,1.95,2.55,3.74,2.25,,,,,,,,,,,,,,,,,,,,,,,,,,,,,,,,,,,,,,,,,,,,,,,,,,,,,,,,,2.49,2.49,1.46,1.46,2.58,2.25,1.37,1.57,2.28,2.00,1.49,1.76,1.93,1.74,1.74,1.99,1.69,1.58,1.93,2.20,1.52,1.44,2.18,2.54,,,,,,,,,,,,,,,,,,,,,,,,,,,,,,,,,,,,,,,,,,,,,,,,
lithuania,i-lyga,2023-10-28,Nevezis Kedainiai,Neptunas,0,3,Pinnacle,2.58,3.23,2.22,3.20,3.22,2.08,,,,,,,,,,,,,,,,,,,,,,,,,,,,,,,,,,,,,,,,,,,,,,,,,,,,,,,,,,,,,2.24,2.74,1.49,1.38,1.96,2.37,1.68,1.52,1.71,1.93,1.98,1.81,1.53,1.69,2.20,2.06,1.38,1.51,2.54,2.35,,,,,,,,,,,,,,,,,,,,,,,,,,,,,,,,,,,,,,,,,,,,,,,,
lithuania,i-lyga,2023-10-28,Ekranas,Siauliai 2,2,3,Pinnacle,1.37,4.46,5.04,1.68,4.04,3.82,,,,,,,,,,,,,,,,,,,,,,,,,,,,,,,,,,,,,,,,,,,,,1.78,2.31,1.89,1.53,1.56,2.08,2.15,1.68,1.43,1.83,2.39,1.90,1.46,1.66,2.37,2.10,1.46,1.49,2.47,2.41,,,,,,,,,,,,,,,,,,,,,,,,,,,,,,,,,,,,,,,,,,,,,,,,,,,,,,,,,,,,,,,,
lithuania,i-lyga,2023-10-28,BFA Vilnius,FK Minija,2,0,Pinnacle,2.71,3.25,2.13,2.63,3.90,2.11,,,,,,,,,,,,,,,,,,,,,,,,,,,,,,,,,,,,,,,,,,,,,,,,,,,,,,,,,,,,,2.36,2.32,1.45,1.51,2.06,2.08,1.61,1.66,1.78,1.84,1.89,1.90,1.58,1.65,2.11,2.09,1.43,1.49,2.41,2.39,,,,,,,,,,,,,,,,,,,,,,,,,,,,,,,,,,,,,,,,,,,,,,,,
lithuania,i-lyga,2023-10-31,Riteriai 2,BE1 NFA,0,1,Pinnacle,2.86,3.10,2.11,3.32,3.19,2.04,,,,,,,,,,,,,,,,,,,,,,,,,,,,,,,,,,,,,,,,,,,,,,,,,,,,,,,,,,,,,2.47,2.84,1.41,1.36,2.14,2.46,1.56,1.49,1.81,1.98,1.85,1.77,1.59,1.72,2.09,2.02,1.43,1.52,2.41,2.32,,,,,,,,,,,,,,,,,,,,,,,,,,,,,,,,,,,,,,,,,,,,,,,,
lithuania,i-lyga,2023-10-31,Jonava,Zalgiris 2,0,4,Pinnacle,2.77,3.51,1.99,4.70,4.78,1.45,,,,,,,,,,,,,,,,,,,,,,,,,,,,,,,,,,,,,,,,,,,,,,,,,,,,,,,,,,,,,,,,,,,,,,,,,,,,,1.51,2.30,2.24,1.53,1.43,2.06,2.55,1.68,1.48,1.83,2.32,1.91,1.53,1.65,2.22,2.10,1.45,1.50,2.38,2.37,,,,,,,,,,,,,,,,,,,,,,,,,,,,,,,,
lithuania,i-lyga,2023-11-01,BFA Vilnius,Transinvest,1,4,Pinnacle,7.22,5.17,1.22,5.14,4.48,1.45,,,,,,,,,,,,,,,,,,,,,,,,,,,,,,,,,,,,,,,,,,,,,,,,,,,,,,,,,,,,,,,,,,,,,,,,,,,,,2.51,2.29,1.45,1.54,2.60,2.03,1.41,1.71,2.28,1.78,1.48,1.97,1.99,1.61,1.65,2.19,1.81,1.46,1.84,2.50,,,,,,,,,,,,,,,,,,,,,,,,,,,,,,,,
lithuania,i-lyga,2023-11-03,Zalgiris 2,FK Panevezys 2,4,4,Pinnacle,2.08,3.53,2.61,1.92,3.90,3.06,,,,,,,,,,,,,,,,,,,,,,,,,,,,,,,,,,,,,,,,,,,,,,,,,2.55,2.48,1.44,1.46,2.33,2.13,1.46,1.65,2.06,1.92,1.61,1.83,1.88,1.70,1.79,2.04,1.62,1.50,2.04,2.39,1.47,1.43,2.30,2.58,,,,,,,,,,,,,,,,,,,,,,,,,,,,,,,,,,,,,,,,,,,,,,,,,,,,,,,,
lithuania,i-lyga,2023-11-04,Kauno Zalgiris 2,Neptunas,5,1,Pinnacle,4.05,3.85,1.55,4.33,4.13,1.58,,,,,,,,,,,,,,,,,,,,,,,,,,,,,,,,,,,,,,,,,,,,,,,,,,,,,,,,,,,,,,,,,,,,,,,,,2.16,2.25,1.53,1.56,1.96,2.04,1.68,1.70,1.76,1.81,1.92,1.93,1.57,1.63,2.13,2.16,1.45,1.50,2.34,2.38,,,,,,,,,,,,,,,,,,,,,,,,,,,,,,,,,,,,
lithuania,i-lyga,2023-11-04,FK Minija,Babrungas,1,3,Pinnacle,2.18,3.30,2.59,2.32,4.06,2.34,,,,,,,,,,,,,,,,,,,,,,,,,,,,,,,,,,,,,,,,,,,,,,,,,,,,,,,,,2.16,2.27,1.55,1.55,1.95,2.07,1.73,1.68,1.66,1.86,1.98,1.88,1.49,1.67,2.26,2.10,1.63,1.53,2.07,2.30,,,,,,,,,,,,,,,,,,,,,,,,,,,,,,,,,,,,,,,,,,,,,,,,,,,,
lithuania,i-lyga,2023-11-04,Transinvest,BE1 NFA,1,0,Pinnacle,1.46,3.83,4.85,1.76,3.49,3.99,,,,,,,,,,,,,,,,,,,,,,,,,,,,,,,,,,,,,,,,,,,,,2.01,2.62,1.65,1.42,1.78,2.33,1.89,1.54,1.57,1.98,2.13,1.78,1.45,1.75,2.36,1.98,1.60,1.53,2.21,2.31,1.36,1.35,2.82,2.89,,,,,,,,,,,,,,,,,,,,,,,,,,,,,,,,,,,,,,,,,,,,,,,,,,,,,,,,,,,,
lithuania,i-lyga,2023-11-04,Jonava,Nevezis Kedainiai,0,0,Pinnacle,4.78,4.23,1.42,4.51,4.85,1.47,,,,,,,,,,,,,,,,,,,,,,,,,,,,,,,,,,,,,,,,,,,,,,,,,,,,,,,,,,,,,,,,,,,,,,,,,,,,,2.24,2.27,1.49,1.55,2.01,2.05,1.64,1.69,1.79,1.83,1.88,1.91,1.61,1.67,2.06,2.09,1.46,1.51,2.33,2.36,1.42,1.44,2.58,2.54,,,,,,,,,,,,,,,,,,,,,,,,,,,,
lithuania,i-lyga,2023-11-04,Garliava,Ekranas,4,0,Pinnacle,2.20,3.22,2.62,2.68,3.33,2.32,,,,,,,,,,,,,,,,,,,,,,,,,,,,,,,,,,,,,,,,,,,,,,,,,,,,,,,,,2.18,2.62,1.54,1.42,1.95,2.33,1.73,1.54,1.66,2.02,1.99,1.74,1.48,1.72,2.28,2.01,1.57,1.55,2.24,2.27,,,,,,,,,,,,,,,,,,,,,,,,,,,,,,,,,,,,,,,,,,,,,,,,,,,,
lithuania,i-lyga,2023-11-05,Siauliai 2,BFA Vilnius,4,2,Pinnacle,2.56,3.40,2.16,2.54,3.95,2.18,,,,,,,,,,,,,,,,,,,,,,,,,,,,,,,,,,,,,,,,,,,,,,,,,,,,,,,,,,,,,2.25,2.25,1.49,1.56,1.98,2.01,1.66,1.72,1.74,1.79,1.93,1.96,1.56,1.63,2.14,2.16,1.42,1.48,2.44,2.44,1.42,1.42,2.57,2.60,,,,,,,,,,,,,,,,,,,,,,,,,,,,,,,,,,,,,,,,,,,,
lithuania,i-lyga,2023-11-08,Jonava,Neptunas,2,5,Pinnacle,6.60,5.44,1.27,7.19,5.80,1.25,,,,,,,,,,,,,,,,,,,,,,,,,,,,,,,,,,,,,,,,,,,,,,,,,,,,,,,,,,,,,,,,,,,,,,,,,,,,,,,,,,,,,2.24,2.35,1.53,1.50,1.99,2.06,1.70,1.67,1.81,1.88,1.88,1.85,1.61,1.66,2.14,2.08,1.48,1.52,2.36,2.30,1.55,1.50,2.25,2.36,,,,,,,,,,,,,,,,,,,,
lithuania,i-lyga,2023-11-08,Zalgiris 2,Kauno Zalgiris 2,5,3,Pinnacle,2.06,3.60,2.80,1.53,4.78,4.08,,,,,,,,,,,,,,,,,,,,,,,,,,,,,,,,,,,,,2.40,2.40,1.49,1.49,2.15,2.14,1.61,1.64,2.43,1.97,1.47,1.78,2.47,1.76,1.46,1.95,2.30,1.61,1.51,2.15,2.04,1.52,1.67,2.32,1.84,1.47,1.88,2.46,,,,,,,,,,,,,,,,,,,,,,,,,,,,,,,,,,,,,,,,,,,,,,,,,,,,,,,,,,,,,,,,
lithuania,i-lyga,2023-11-08,Nevezis Kedainiai,Transinvest,4,1,Pinnacle,5.14,4.36,1.43,4.44,4.36,1.53,,,,,,,,,,,,,,,,,,,,,,,,,,,,,,,,,,,,,,,,,,,,,,,,,,,,,,,,,,,,,,,,,,,,,2.51,2.49,1.45,1.46,2.42,2.34,1.48,1.52,2.30,2.13,1.51,1.64,2.05,1.91,1.66,1.83,1.81,1.69,1.92,2.06,1.63,1.55,2.10,2.26,,,,,,,,,,,,,,,,,,,,,,,,,,,,,,,,,,,,
lithuania,i-lyga,2023-11-08,Babrungas,Siauliai 2,3,0,Pinnacle,1.53,4.30,4.23,1.46,4.86,4.68,,,,,,,,,,,,,,,,,,,,,,,,,,,,,,,,,,,,,2.43,2.28,1.47,1.55,2.22,2.04,1.54,1.70,2.03,1.87,1.67,1.87,1.83,1.66,1.89,2.11,1.63,1.52,2.09,2.32,,,,,,,,,,,,,,,,,,,,,,,,,,,,,,,,,,,,,,,,,,,,,,,,,,,,,,,,,,,,,,,,,,,,,,,,
lithuania,i-lyga,2023-11-08,Ekranas,FK Panevezys 2,0,3,Pinnacle,1.64,4.00,3.80,2.49,3.82,2.27,,,,,,,,,,,,,,,,,,,,,,,,,,,,,,,,,,,,,,,,,,,,,,,,,2.02,2.47,1.68,1.47,1.81,2.39,1.93,1.50,1.63,2.44,2.10,1.48,1.46,2.21,2.41,1.60,1.41,1.96,2.60,1.79,1.42,1.72,2.59,2.01,1.53,1.57,2.31,2.23,1.46,1.46,2.50,2.50,,,,,,,,,,,,,,,,,,,,,,,,,,,,,,,,,,,,,,,,,,,,,,,,
lithuania,i-lyga,2023-11-08,BFA Vilnius,Garliava,2,0,Pinnacle,2.73,3.38,2.18,3.23,3.84,1.87,,,,,,,,,,,,,,,,,,,,,,,,,,,,,,,,,,,,,,,,,,,,,,,,,,,,,,,,,,,,,2.37,2.54,1.48,1.47,2.07,2.52,1.65,1.45,1.79,2.11,1.93,1.66,1.60,1.87,2.16,1.87,1.44,1.67,2.48,2.09,1.40,1.47,2.65,2.47,,,,,,,,,,,,,,,,,,,,,,,,,,,,,,,,,,,,,,,,,,,,
lithuania,i-lyga,2023-11-08,BE1 NFA,Riteriai 2,3,1,Pinnacle,1.61,3.69,4.36,1.65,3.95,4.03,,,,,,,,,,,,,,,,,,,,,,,,,,,,,,,,,,,,,,,,,2.39,2.38,1.49,1.50,2.29,2.28,1.51,1.54,2.03,2.04,1.68,1.70,1.78,1.81,1.95,1.93,1.60,1.64,2.16,2.13,1.41,1.46,2.55,2.48,,,,,,,,,,,,,,,,,,,,,,,,,,,,,,,,,,,,,,,,,,,,,,,,,,,,,,,,,,,,,,,,
