Country,League,Date,Home,Away,FTHG,FTAG,bookmaker,HO_Open,DO_Open,AO_Open,HO_Close,DO_Close,AO_Close,-3.75_AH_H_Open,-3.75_AH_H_Close,+3.75_AH_A_Open,+3.75_AH_A_Close,-3.5_AH_H_Open,-3.5_AH_H_Close,+3.5_AH_A_Open,+3.5_AH_A_Close,-3.25_AH_H_Open,-3.25_AH_H_Close,+3.25_AH_A_Open,+3.25_AH_A_Close,-3_AH_H_Open,-3_AH_H_Close,+3_AH_A_Open,+3_AH_A_Close,-2.75_AH_H_Open,-2.75_AH_H_Close,+2.75_AH_A_Open,+2.75_AH_A_Close,-2.5_AH_H_Open,-2.5_AH_H_Close,+2.5_AH_A_Open,+2.5_AH_A_Close,-2.25_AH_H_Open,-2.25_AH_H_Close,+2.25_AH_A_Open,+2.25_AH_A_Close,-2_AH_H_Open,-2_AH_H_Close,+2_AH_A_Open,+2_AH_A_Close,-1.75_AH_H_Open,-1.75_AH_H_Close,+1.75_AH_A_Open,+1.75_AH_A_Close,-1.5_AH_H_Open,-1.5_AH_H_Close,+1.5_AH_A_Open,+1.5_AH_A_Close,-1.25_AH_H_Open,-1.25_AH_H_Close,+1.25_AH_A_Open,+1.25_AH_A_Close,-1_AH_H_Open,-1_AH_H_Close,+1_AH_A_Open,+1_AH_A_Close,-0.75_AH_H_Open,-0.75_AH_H_Close,+0.75_AH_A_Open,+0.75_AH_A_Close,-0.5_AH_H_Open,-0.5_AH_H_Close,+0.5_AH_A_Open,+0.5_AH_A_Close,-0.25_AH_H_Open,-0.25_AH_H_Close,+0.25_AH_A_Open,+0.25_AH_A_Close,+0_AH_H_Open,+0_AH_H_Close,-0_AH_A_Open,-0_AH_A_Close,+0.25_AH_H_Open,+0.25_AH_H_Close,-0.25_AH_A_Open,-0.25_AH_A_Close,+0.5_AH_H_Open,+0.5_AH_H_Close,-0.5_AH_A_Open,-0.5_AH_A_Close,+0.75_AH_H_Open,+0.75_AH_H_Close,-0.75_AH_A_Open,-0.75_AH_A_Close,+1_AH_H_Open,+1_AH_H_Close,-1_AH_A_Open,-1_AH_A_Close,+1.25_AH_H_Open,+1.25_AH_H_Close,-1.25_AH_A_Open,-1.25_AH_A_Close,+1.5_AH_H_Open,+1.5_AH_H_Close,-1.5_AH_A_Open,-1.5_AH_A_Close,+1.75_AH_H_Open,+1.75_AH_H_Close,-1.75_AH_A_Open,-1.75_AH_A_Close,+2_AH_H_Open,+2_AH_H_Close,-2_AH_A_Open,-2_AH_A_Close,+2.25_AH_H_Open,+2.25_AH_H_Close,-2.25_AH_A_Open,-2.25_AH_A_Close,+2.5_AH_H_Open,+2.5_AH_H_Close,-2.5_AH_A_Open,-2.5_AH_A_Close
norway,eliteserien,2023-04-10,Tromso,Molde,1,0,Pinnacle,3.81,3.69,1.97,4.33,3.83,1.86,,,,,,,,,,,,,,,,,,,,,,,,,,,,,,,,,,,,,,,,,,,,,,,,,,,,,3.76,4.27,1.29,1.25,3.3,3.75,1.35,1.3,2.84,3.24,1.46,1.39,2.2,2.43,1.71,1.62,1.9,2.05,1.97,1.86,1.68,1.81,2.26,2.1,1.47,1.57,2.8,2.55,1.37,1.44,3.17,2.91,1.31,1.37,3.56,3.29,,,,,,,,,,,,,,,,
norway,eliteserien,2023-04-10,Aalesund,Valerenga,0,1,Pinnacle,3.25,3.54,2.22,3.1,3.36,2.45,,,,,,,,,,,,,,,,,,,,,,,,,,,,,,,,,,,,,,,,,,,,,,,,,4.08,3.89,1.25,1.29,3.22,3.07,1.37,1.41,2.81,2.65,1.47,1.53,2.38,2.21,1.62,1.74,1.94,1.83,1.93,2.1,1.7,1.61,2.21,2.44,1.52,1.45,2.62,2.95,1.34,1.28,3.39,3.99,1.28,1.23,3.83,4.49,,,,,,,,,,,,,,,,,,,,
norway,eliteserien,2023-04-10,Brann,Haugesund,3,0,Pinnacle,1.58,4.31,5.62,1.36,5.45,8.67,,,,,,,,,,,,,,,,,,,,,3.73,3.5,1.31,1.34,3.8,3.13,1.28,1.4,4.18,2.77,1.25,1.5,3.11,2.27,1.38,1.7,2.59,1.99,1.53,1.92,2.28,1.76,1.67,2.17,1.97,1.53,1.89,2.65,1.72,1.42,2.19,3.02,1.57,1.35,2.49,3.39,1.4,1.27,3.06,4.11,,,,,,,,,,,,,,,,,,,,,,,,,,,,,,,,,,,,,,,,,,,,
norway,eliteserien,2023-04-10,Stabaek,Odd,0,0,Pinnacle,2.54,3.39,2.85,2.11,3.4,3.84,,,,,,,,,,,,,,,,,,,,,,,,,,,,,,,,,,,,,4.15,4.15,1.26,1.26,3.97,3.68,1.27,1.31,4.23,3.23,1.24,1.39,3.07,2.48,1.39,1.6,2.53,2.11,1.55,1.82,2.18,1.8,1.72,2.11,1.83,1.5,2.06,2.75,1.59,1.37,2.45,3.26,1.46,1.3,2.84,3.79,1.32,1.2,3.52,4.95,,,,,,,,,,,,,,,,,,,,,,,,,,,,
norway,eliteserien,2023-04-10,Rosenborg,Viking,1,0,Pinnacle,1.76,4.08,4.35,2.04,3.7,3.73,,,,,,,,,,,,,,,,,,,,,,,,,,,,,,,,,,,,,2.98,3.73,1.41,1.31,2.66,3.33,1.51,1.36,2.32,2.94,1.65,1.45,1.97,2.35,1.9,1.66,1.76,2.04,2.13,1.87,1.55,1.76,2.53,2.16,1.35,1.5,3.33,2.75,1.28,1.38,3.81,3.21,1.27,1.31,3.99,3.68,,,,,,,,,,,,,,,,,,,,,,,,,,,,,,,,
norway,eliteserien,2023-04-10,HamKam,Sandefjord,2,0,Pinnacle,1.93,3.61,4.06,1.93,3.69,4.19,,,,,,,,,,,,,,,,,,,,,,,,,,,,,,,,,,,,,3.75,3.66,1.29,1.32,3.3,3.22,1.35,1.38,2.86,2.79,1.45,1.49,2.24,2.22,1.68,1.73,1.93,1.93,1.93,1.98,1.67,1.67,2.27,2.33,1.42,1.42,3.0,3.1,1.32,1.32,3.5,3.61,1.26,1.26,4.0,4.13,,,,,,,,,,,,,,,,,,,,,,,,,,,,,,,,
norway,eliteserien,2023-04-10,Sarpsborg 08,Bodo/Glimt,0,2,Pinnacle,4.4,4.02,1.76,3.54,3.9,2.04,,,,,,,,,,,,,,,,,,,,,,,,,,,,,,,,,,,,,,,,,,,,,,,,,,,,,3.92,3.49,1.27,1.34,3.85,3.07,1.28,1.41,3.36,2.66,1.34,1.53,2.54,2.14,1.55,1.78,2.13,1.87,1.76,2.04,1.9,1.67,1.97,2.33,1.65,1.47,2.31,2.86,1.52,1.38,2.63,3.22,1.42,1.32,2.94,3.58,,,,,,,,,,,,,,,,
norway,eliteserien,2023-04-15,Viking,Lillestrom,2,0,Pinnacle,2.43,3.35,3.04,2.3,3.46,3.28,,,,,,,,,,,,,,,,,,,,,,,,,,,,,,,,,,,,,,,,,4.39,4.09,1.23,1.27,3.91,3.61,1.27,1.32,2.92,2.74,1.44,1.5,2.42,2.29,1.6,1.68,2.08,1.98,1.81,1.93,1.73,1.65,2.17,2.36,1.53,1.49,2.6,2.81,1.41,1.38,3.01,3.24,1.28,1.26,3.79,4.13,,,,,,,,,,,,,,,,,,,,,,,,,,,,
norway,eliteserien,2023-04-16,Stromsgodset,Aalesund,1,0,Pinnacle,2.21,3.36,3.46,2.15,3.5,3.62,,,,,,,,,,,,,,,,,,,,,,,,,,,,,,,,,,,,,3.95,3.9,1.27,1.29,3.91,3.6,1.27,1.32,3.44,3.17,1.33,1.39,2.62,2.5,1.52,1.59,2.2,2.14,1.71,1.78,1.89,1.85,1.97,2.07,1.57,1.55,2.48,2.62,1.43,1.41,2.96,3.11,1.33,1.33,3.42,3.57,1.23,1.22,4.4,4.78,,,,,,,,,,,,,,,,,,,,,,,,,,,,
norway,eliteserien,2023-04-16,Sandefjord,Tromso,0,0,Pinnacle,3.61,3.54,2.08,3.12,3.36,2.44,,,,,,,,,,,,,,,,,,,,,,,,,,,,,,,,,,,,,,,,,,,,,,,,,3.98,3.94,1.26,1.28,3.56,3.08,1.31,1.41,3.1,2.66,1.39,1.53,2.64,2.22,1.52,1.73,2.08,1.83,1.79,2.09,1.81,1.62,2.08,2.43,1.6,1.45,2.43,2.94,1.4,1.28,3.11,3.96,1.32,1.24,3.52,4.46,,,,,,,,,,,,,,,,,,,,
norway,eliteserien,2023-04-16,Odd,Brann,2,0,Pinnacle,4.69,3.97,1.74,4.62,4.37,1.71,,,,,,,,,,,,,,,,,,,,,,,,,,,,,,,,,,,,,,,,,,,,,,,,,,,,,,,,,4.09,4.07,1.25,1.27,3.56,3.59,1.31,1.32,2.62,2.71,1.52,1.52,2.18,2.27,1.72,1.7,1.93,2.01,1.94,1.89,1.66,1.74,2.3,2.2,1.51,1.57,2.65,2.54,1.41,1.46,2.99,2.85,1.29,1.34,3.7,3.5,,,,,,,,,,,,
norway,eliteserien,2023-04-16,Molde,Rosenborg,1,1,Pinnacle,1.8,3.94,4.29,1.45,5.03,7.07,,,,,,,,,,,,,,,,,,,,,,,,,4.01,3.63,1.28,1.32,4.25,3.23,1.25,1.38,3.89,2.57,1.27,1.56,3.12,2.2,1.38,1.74,2.79,1.95,1.47,1.95,2.43,1.68,1.6,2.29,2.03,1.53,1.85,2.64,1.79,1.43,2.08,2.97,1.58,1.3,2.47,3.78,,,,,,,,,,,,,,,,,,,,,,,,,,,,,,,,,,,,,,,,,,,,
norway,eliteserien,2023-04-16,Haugesund,HamKam,3,2,Pinnacle,2.14,3.5,3.49,2.09,3.37,3.95,,,,,,,,,,,,,,,,,,,,,,,,,,,,,,,,,,,,,3.66,4.18,1.31,1.26,3.67,3.7,1.3,1.31,3.23,3.23,1.36,1.39,2.51,2.46,1.56,1.61,2.13,2.09,1.76,1.83,1.85,1.78,2.03,2.14,1.55,1.48,2.54,2.82,1.42,1.36,3.01,3.36,1.33,1.29,3.45,3.9,,,,,,,,,,,,,,,,,,,,,,,,,,,,,,,,
norway,eliteserien,2023-04-16,Bodo/Glimt,Stabaek,4,0,Pinnacle,1.29,6.15,9.33,1.31,6.18,9.42,,,,,,,,,,,,,,,,,3.64,3.75,1.3,1.3,2.99,3.17,1.41,1.39,2.69,2.84,1.5,1.47,2.37,2.52,1.63,1.58,2.01,2.11,1.85,1.8,1.83,1.88,2.1,2.02,1.6,1.66,2.41,2.34,1.4,1.45,3.03,2.96,1.33,1.36,3.44,3.37,1.34,1.3,3.36,3.79,,,,,,,,,,,,,,,,,,,,,,,,,,,,,,,,,,,,,,,,,,,,,,,,
norway,eliteserien,2023-04-16,Valerenga,Sarpsborg 08,0,2,Pinnacle,1.97,3.77,3.75,2.09,3.72,3.56,,,,,,,,,,,,,,,,,,,,,,,,,,,,,,,,,,,,,3.49,3.79,1.32,1.3,3.12,3.39,1.38,1.35,2.76,3.01,1.48,1.43,2.24,2.41,1.68,1.63,1.97,2.09,1.9,1.83,1.71,1.81,2.2,2.1,1.47,1.54,2.81,2.63,1.36,1.41,3.25,3.07,1.29,1.33,3.7,3.52,,,,,,,,,,,,,,,,,,,,,,,,,,,,,,,,
norway,eliteserien,2023-04-19,Lillestrom,Stromsgodset,4,3,Pinnacle,1.7,4.05,4.78,1.61,4.39,5.47,,,,,,,,,,,,,,,,,,,,,,,,,,,,,4.29,4.35,1.24,1.25,3.57,3.22,1.31,1.38,2.89,2.67,1.43,1.53,2.57,2.35,1.54,1.66,2.23,2.04,1.69,1.88,1.9,1.76,1.97,2.17,1.7,1.61,2.22,2.46,1.5,1.42,2.69,3.01,1.3,1.25,3.66,4.25,,,,,,,,,,,,,,,,,,,,,,,,,,,,,,,,,,,,,,,,
norway,eliteserien,2023-04-22,Brann,Valerenga,3,1,Pinnacle,1.71,4.06,4.76,1.4,5.16,7.91,,,,,,,,,,,,,,,,,,,,,,,,,4.08,3.43,1.27,1.35,4.39,3.04,1.23,1.42,3.61,2.45,1.31,1.61,2.93,2.11,1.42,1.8,2.6,1.87,1.53,2.04,2.25,1.61,1.68,2.44,1.91,1.49,1.96,2.81,1.7,1.39,2.22,3.16,1.5,1.27,2.68,4.09,,,,,,,,,,,,,,,,,,,,,,,,,,,,,,,,,,,,,,,,,,,,
norway,eliteserien,2023-04-23,Aalesund,Bodo/Glimt,0,3,Pinnacle,5.29,4.56,1.57,6.06,4.22,1.59,,,,,,,,,,,,,,,,,,,,,,,,,,,,,,,,,,,,,,,,,,,,,,,,,,,,,,,,,,,,,4.19,4.66,1.25,1.22,3.03,3.14,1.4,1.4,2.5,2.52,1.57,1.58,2.21,2.21,1.7,1.74,1.94,1.9,1.93,2.0,1.71,1.67,2.2,2.33,1.57,1.53,2.49,2.65,1.42,1.38,2.94,3.22,1.28,1.24,3.82,4.39,,,,,,,,
norway,eliteserien,2023-04-23,HamKam,Stromsgodset,2,0,Pinnacle,2.07,3.71,3.47,2.24,3.56,3.33,,,,,,,,,,,,,,,,,,,,,,,,,,,,,,,,,,,,,3.82,3.93,1.28,1.28,3.42,3.86,1.33,1.29,3.03,3.41,1.41,1.35,2.4,2.63,1.61,1.54,2.07,2.23,1.81,1.72,1.8,1.93,2.07,1.97,1.53,1.62,2.58,2.42,1.41,1.47,3.0,2.87,1.33,1.37,3.43,3.29,1.29,1.26,3.78,4.21,,,,,,,,,,,,,,,,,,,,,,,,,,,,
norway,eliteserien,2023-04-23,Lillestrom,Molde,2,1,Pinnacle,3.48,3.7,2.07,3.24,3.69,2.23,,,,,,,,,,,,,,,,,,,,,,,,,,,,,,,,,,,,,,,,,,,,,,,,,4.26,4.06,1.25,1.27,3.44,3.2,1.33,1.39,3.01,2.81,1.41,1.49,2.59,2.39,1.53,1.64,2.07,1.97,1.8,1.93,1.81,1.73,2.07,2.22,1.61,1.55,2.39,2.61,1.42,1.36,3.0,3.34,1.34,1.3,3.39,3.76,,,,,,,,,,,,,,,,,,,,
norway,eliteserien,2023-04-23,Rosenborg,Sandefjord,1,1,Pinnacle,1.32,6.09,8.9,1.4,5.18,8.07,,,,,,,,,,,,,,,,,,,,,,,,,2.73,3.65,1.48,1.32,2.42,3.24,1.6,1.38,2.05,2.56,1.81,1.56,1.84,2.19,2.04,1.75,1.63,1.92,2.34,1.99,1.44,1.63,2.92,2.4,1.35,1.49,3.29,2.81,1.3,1.39,3.68,3.19,1.26,1.26,3.98,4.15,,,,,,,,,,,,,,,,,,,,,,,,,,,,,,,,,,,,,,,,,,,,
norway,eliteserien,2023-04-23,Stabaek,Haugesund,3,0,Pinnacle,2.13,3.51,3.55,1.99,3.46,4.2,,,,,,,,,,,,,,,,,,,,,,,,,,,,,,,,,,,,,3.99,3.86,1.28,1.29,3.57,3.41,1.31,1.35,3.14,2.96,1.38,1.45,2.46,2.31,1.58,1.68,2.1,1.99,1.78,1.92,1.83,1.7,2.06,2.26,1.54,1.43,2.57,3.03,1.41,1.32,3.03,3.59,1.33,1.26,3.46,4.14,,,,,,,,,,,,,,,,,,,,,,,,,,,,,,,,
norway,eliteserien,2023-04-23,Tromso,Viking,1,1,Pinnacle,2.1,3.65,3.45,2.47,3.28,3.16,,,,,,,,,,,,,,,,,,,,,,,,,,,,,,,,,,,,,,,,,3.51,4.61,1.32,1.23,3.09,4.09,1.39,1.27,2.44,2.99,1.59,1.44,2.09,2.45,1.78,1.61,1.83,2.1,2.06,1.82,1.55,1.73,2.55,2.22,1.42,1.52,2.99,2.68,1.33,1.4,3.41,3.12,1.23,1.28,4.36,3.97,,,,,,,,,,,,,,,,,,,,,,,,,,,,
norway,eliteserien,2023-04-23,Sarpsborg 08,Odd,0,0,Pinnacle,1.78,4.1,4.41,1.81,4.18,4.22,,,,,,,,,,,,,,,,,,,,,,,,,,,,,,,,,3.58,3.76,1.31,1.3,2.92,3.04,1.43,1.42,2.61,2.72,1.52,1.51,2.29,2.38,1.66,1.64,1.96,2.02,1.91,1.88,1.75,1.8,2.14,2.11,1.55,1.59,2.54,2.5,1.35,1.38,3.33,3.23,1.28,1.31,3.81,3.7,,,,,,,,,,,,,,,,,,,,,,,,,,,,,,,,,,,,
norway,eliteserien,2023-04-29,Bodo/Glimt,Brann,2,2,Pinnacle,1.71,4.22,4.53,1.88,4.04,3.97,,,,,,,,,,,,,,,,,,,,,,,,,,,,,,,,,,,,,2.75,3.19,1.47,1.39,2.47,2.85,1.58,1.46,2.17,2.52,1.73,1.58,1.88,2.12,1.98,1.79,1.7,1.88,2.21,2.02,1.51,1.65,2.65,2.35,1.32,1.43,3.5,3.02,1.26,1.34,3.98,3.46,1.28,1.29,3.96,3.92,,,,,,,,,,,,,,,,,,,,,,,,,,,,,,,,
norway,eliteserien,2023-04-30,Viking,HamKam,7,3,Pinnacle,1.69,4.07,4.87,1.68,4.08,5.3,,,,,,,,,,,,,,,,,,,,,,,,,,,,,4.41,4.6,1.23,1.23,3.61,3.54,1.31,1.33,2.93,2.87,1.43,1.46,2.59,2.53,1.53,1.57,2.23,2.18,1.69,1.75,1.89,1.86,1.98,2.05,1.68,1.67,2.25,2.33,1.49,1.47,2.73,2.86,1.29,1.27,3.73,4.03,1.24,1.23,4.26,4.62,,,,,,,,,,,,,,,,,,,,,,,,,,,,,,,,,,,,
norway,eliteserien,2023-04-30,Stromsgodset,Tromso,0,1,Pinnacle,2.32,3.61,3.02,2.15,3.47,3.64,,,,,,,,,,,,,,,,,,,,,,,,,,,,,,,,,,,,,,,,,3.97,3.68,1.27,1.31,3.54,3.23,1.31,1.38,2.74,2.52,1.49,1.58,2.31,2.14,1.65,1.78,2.01,1.85,1.86,2.07,1.7,1.55,2.22,2.63,1.52,1.41,2.62,3.13,1.41,1.33,2.99,3.6,1.29,1.23,3.72,4.66,,,,,,,,,,,,,,,,,,,,,,,,,,,,
norway,eliteserien,2023-04-30,Sandefjord,Aalesund,4,0,Pinnacle,2.22,3.6,3.28,2.47,3.04,3.41,,,,,,,,,,,,,,,,,,,,,,,,,,,,,,,,,,,,,,,,,3.77,4.79,1.3,1.22,3.34,4.22,1.36,1.26,2.61,3.02,1.55,1.44,2.21,2.46,1.73,1.61,1.91,2.07,1.95,1.85,1.63,1.67,2.41,2.32,1.48,1.47,2.84,2.86,1.38,1.36,3.24,3.37,1.27,1.24,4.11,4.42,,,,,,,,,,,,,,,,,,,,,,,,,,,,
norway,eliteserien,2023-04-30,Odd,Rosenborg,0,0,Pinnacle,2.84,3.75,2.38,2.87,3.47,2.56,,,,,,,,,,,,,,,,,,,,,,,,,,,,,,,,,,,,,,,,,,,,,4.33,4.99,1.23,1.2,3.45,3.53,1.33,1.34,2.81,2.86,1.45,1.47,2.47,2.46,1.58,1.61,2.11,2.07,1.77,1.85,1.81,1.74,2.08,2.19,1.62,1.57,2.37,2.54,1.46,1.41,2.82,3.07,1.3,1.26,3.65,4.14,,,,,,,,,,,,,,,,,,,,,,,,
norway,eliteserien,2023-04-30,Molde,Stabaek,2,3,Pinnacle,1.32,5.78,8.73,1.43,5.08,7.28,,,,,,,,,,,,,,,,,,,,,,,,,2.91,3.74,1.43,1.3,2.58,3.33,1.53,1.36,2.15,2.63,1.75,1.54,1.91,2.24,1.96,1.71,1.68,1.97,2.25,1.93,1.47,1.68,2.8,2.29,1.37,1.53,3.18,2.67,1.31,1.42,3.57,3.03,1.27,1.29,3.99,3.87,,,,,,,,,,,,,,,,,,,,,,,,,,,,,,,,,,,,,,,,,,,,
norway,eliteserien,2023-04-30,Haugesund,Sarpsborg 08,0,0,Pinnacle,2.39,3.55,2.95,2.67,3.5,2.72,,,,,,,,,,,,,,,,,,,,,,,,,,,,,,,,,,,,,,,,,,,,,3.62,4.36,1.3,1.24,2.82,3.21,1.46,1.38,2.38,2.65,1.62,1.53,2.07,2.29,1.81,1.68,1.74,1.93,2.15,1.97,1.55,1.66,2.55,2.34,1.43,1.52,2.92,2.71,1.31,1.37,3.61,3.31,1.21,1.23,4.63,4.59,,,,,,,,,,,,,,,,,,,,,,,,
norway,eliteserien,2023-05-01,Valerenga,Lillestrom,3,4,Pinnacle,2.38,3.56,2.96,2.89,3.48,2.54,,,,,,,,,,,,,,,,,,,,,,,,,,,,,,,,,,,,,,,,,,,,,3.7,5.05,1.29,1.2,2.83,3.56,1.46,1.33,2.37,2.88,1.62,1.47,2.06,2.48,1.82,1.6,1.74,2.09,2.16,1.83,1.54,1.76,2.56,2.17,1.43,1.58,2.93,2.52,1.3,1.42,3.63,3.05,1.21,1.26,4.77,4.15,,,,,,,,,,,,,,,,,,,,,,,,
norway,eliteserien,2023-05-03,Bodo/Glimt,Odd,2,0,Pinnacle,1.19,8.05,13.69,1.26,6.53,11.2,,,,,,,,,,,,,,,,,2.66,3.23,1.51,1.37,2.29,2.72,1.66,1.49,2.05,2.44,1.82,1.6,1.8,2.15,2.07,1.76,1.63,1.88,2.35,2.01,1.51,1.7,2.61,2.24,1.37,1.53,3.17,2.64,1.31,1.35,3.51,3.38,1.27,1.29,3.82,3.81,,,,,,,,,,,,,,,,,,,,,,,,,,,,,,,,,,,,,,,,,,,,,,,,,,,,
norway,eliteserien,2023-05-03,Molde,Aalesund,3,0,Pinnacle,1.23,6.49,11.74,1.26,5.92,13.9,,,,,,,,,,,,,,,,,3.15,3.67,1.37,1.31,2.64,2.99,1.5,1.42,2.38,2.67,1.61,1.52,2.09,2.33,1.77,1.65,1.84,1.98,2.02,1.91,1.67,1.76,2.25,2.14,1.5,1.56,2.67,2.54,1.32,1.36,3.47,3.31,1.26,1.29,3.91,3.78,,,,,,,,,,,,,,,,,,,,,,,,,,,,,,,,,,,,,,,,,,,,,,,,,,,,
norway,eliteserien,2023-05-03,Rosenborg,Brann,0,2,Pinnacle,2.75,3.63,2.54,3.25,3.34,2.38,,,,,,,,,,,,,,,,,,,,,,,,,,,,,,,,,,,,,,,,,,,,,,,,,3.3,4.1,1.35,1.26,2.71,3.21,1.49,1.38,2.36,2.77,1.63,1.5,2.01,2.3,1.86,1.68,1.72,1.88,2.18,2.03,1.56,1.65,2.51,2.37,1.4,1.47,3.01,2.86,1.26,1.29,4.05,3.86,1.24,1.24,4.23,4.37,,,,,,,,,,,,,,,,,,,,
norway,eliteserien,2023-05-06,Rosenborg,Valerenga,1,3,Pinnacle,1.77,4.05,4.49,1.98,3.53,4.15,,,,,,,,,,,,,,,,,,,,,,,,,,,,,,,,,,,,,3.02,3.73,1.42,1.31,2.69,3.31,1.52,1.37,2.34,2.89,1.66,1.46,1.96,2.29,1.91,1.69,1.76,1.98,2.16,1.93,1.56,1.7,2.58,2.26,1.35,1.43,3.42,3.01,1.28,1.33,3.93,3.55,1.25,1.27,4.34,4.09,,,,,,,,,,,,,,,,,,,,,,,,,,,,,,,,
norway,eliteserien,2023-05-07,Viking,Stromsgodset,1,1,Pinnacle,1.73,4.21,4.57,1.43,5.05,7.33,,,,,,,,,,,,,,,,,,,,,,,,,3.86,3.42,1.29,1.35,4.09,3.04,1.26,1.42,3.42,2.46,1.33,1.61,2.81,2.12,1.45,1.79,2.52,1.89,1.56,2.02,2.2,1.65,1.71,2.37,1.91,1.52,1.96,2.71,1.71,1.42,2.2,3.03,1.52,1.29,2.63,3.87,,,,,,,,,,,,,,,,,,,,,,,,,,,,,,,,,,,,,,,,,,,,
norway,eliteserien,2023-05-07,Tromso,Odd,0,1,Pinnacle,1.81,3.96,4.23,2.58,3.22,3.03,,,,,,,,,,,,,,,,,,,,,,,,,,,,,,,,,,,,,,,,,2.79,4.59,1.47,1.23,2.43,4.31,1.6,1.25,2.04,3.12,1.84,1.4,1.79,2.57,2.08,1.56,1.58,2.19,2.47,1.75,1.36,1.81,3.24,2.12,1.29,1.56,3.73,2.56,1.27,1.43,3.95,3.01,1.23,1.3,4.43,3.8,1.17,1.17,5.64,5.66,,,,,,,,,,,,,,,,,,,,,,,,
norway,eliteserien,2023-05-07,Stabaek,Sarpsborg 08,1,1,Pinnacle,2.63,3.5,2.69,2.54,3.51,2.87,,,,,,,,,,,,,,,,,,,,,,,,,,,,,,,,,,,,,,,,,,,,,4.3,4.07,1.24,1.27,3.16,3.03,1.38,1.42,2.61,2.52,1.52,1.58,2.26,2.18,1.68,1.75,1.91,1.84,1.96,2.08,1.65,1.6,2.31,2.47,1.5,1.47,2.68,2.86,1.36,1.34,3.25,3.51,1.22,1.21,4.44,4.92,,,,,,,,,,,,,,,,,,,,,,,,
norway,eliteserien,2023-05-07,Lillestrom,Bodo/Glimt,1,2,Pinnacle,3.13,3.67,2.23,2.99,3.77,2.33,,,,,,,,,,,,,,,,,,,,,,,,,,,,,,,,,,,,,,,,,,,,,,,,,3.87,3.69,1.28,1.31,3.1,2.96,1.39,1.44,2.72,2.6,1.49,1.55,2.32,2.22,1.65,1.72,1.93,1.88,1.94,2.03,1.7,1.67,2.22,2.32,1.52,1.5,2.62,2.76,1.34,1.32,3.36,3.59,1.28,1.27,3.78,4.04,,,,,,,,,,,,,,,,,,,,
norway,eliteserien,2023-05-07,HamKam,Molde,0,4,Pinnacle,4.39,3.92,1.81,5.25,4.15,1.67,,,,,,,,,,,,,,,,,,,,,,,,,,,,,,,,,,,,,,,,,,,,,,,,,,,,,,,,,3.83,4.59,1.29,1.23,3.31,4.01,1.37,1.28,2.5,2.87,1.59,1.47,2.1,2.34,1.81,1.66,1.86,2.07,2.02,1.85,1.63,1.78,2.41,2.14,1.5,1.6,2.76,2.47,1.41,1.48,3.08,2.79,1.3,1.35,3.82,3.42,1.25,1.23,4.18,4.52,,,,,,,,
norway,eliteserien,2023-05-07,Aalesund,Haugesund,0,0,Pinnacle,2.2,3.44,3.49,2.07,3.37,4.02,,,,,,,,,,,,,,,,,,,,,,,,,,,,,,,,,,,,,4.13,4.09,1.26,1.27,3.76,3.62,1.29,1.32,3.31,3.16,1.35,1.4,2.56,2.43,1.54,1.62,2.17,2.07,1.73,1.85,1.88,1.76,2.0,2.16,1.57,1.47,2.49,2.87,1.43,1.35,2.96,3.42,1.34,1.28,3.4,3.97,1.23,1.21,4.37,4.84,,,,,,,,,,,,,,,,,,,,,,,,,,,,
norway,eliteserien,2023-05-08,Brann,Sandefjord,0,0,Pinnacle,1.23,6.94,12.52,1.17,8.37,15.38,,,,,,,,,3.75,3.73,1.3,1.3,4.15,3.36,1.26,1.35,3.24,2.7,1.36,1.51,2.7,2.31,1.49,1.66,2.41,2.07,1.6,1.83,2.11,1.8,1.78,2.09,1.83,1.63,2.03,2.39,1.66,1.51,2.29,2.67,1.48,1.36,2.74,3.28,,,,,,,,,,,,,,,,,,,,,,,,,,,,,,,,,,,,,,,,,,,,,,,,,,,,,,,,,,,,
norway,eliteserien,2023-05-12,Odd,Lillestrom,0,1,Pinnacle,2.8,3.55,2.5,2.9,3.45,2.52,,,,,,,,,,,,,,,,,,,,,,,,,,,,,,,,,,,,,,,,,,,,,4.72,5.16,1.21,1.2,3.41,3.62,1.33,1.33,2.79,2.92,1.47,1.45,2.42,2.49,1.6,1.59,2.05,2.1,1.83,1.82,1.74,1.76,2.16,2.16,1.57,1.59,2.49,2.51,1.41,1.42,2.98,3.02,1.26,1.27,3.98,4.09,,,,,,,,,,,,,,,,,,,,,,,,
norway,eliteserien,2023-05-13,Bodo/Glimt,Rosenborg,3,2,Pinnacle,1.47,4.79,6.53,1.34,5.64,10.47,,,,,,,,,,,,,,,,,,,,,3.67,3.26,1.31,1.35,3.7,2.92,1.29,1.45,3.32,2.59,1.35,1.55,2.64,2.17,1.52,1.76,2.26,1.93,1.68,1.98,2.0,1.69,1.87,2.29,1.73,1.47,2.17,2.88,1.56,1.37,2.5,3.3,1.45,1.33,2.82,3.72,,,,,,,,,,,,,,,,,,,,,,,,,,,,,,,,,,,,,,,,,,,,,,,,
norway,eliteserien,2023-05-13,Molde,Stromsgodset,3,2,Pinnacle,1.28,6.04,10.34,1.27,6.13,11.56,,,,,,,,,,,,,,,,,3.23,3.15,1.36,1.39,2.7,2.64,1.49,1.51,2.44,2.39,1.59,1.63,2.15,2.12,1.74,1.78,1.88,1.88,1.97,2.02,1.71,1.7,2.2,2.23,1.54,1.53,2.56,2.61,1.37,1.36,3.2,3.3,1.31,1.3,3.59,3.7,,,,,,,,,,,,,,,,,,,,,,,,,,,,,,,,,,,,,,,,,,,,,,,,,,,,
norway,eliteserien,2023-05-13,HamKam,Tromso,1,2,Pinnacle,2.32,3.28,3.3,2.01,3.36,4.25,,,,,,,,,,,,,,,,,,,,,,,,,,,,,,,,,,,,,4.22,4.02,1.26,1.28,4.22,3.54,1.24,1.33,3.73,3.07,1.29,1.42,2.78,2.36,1.47,1.65,2.31,2.01,1.65,1.89,1.98,1.71,1.88,2.24,1.64,1.43,2.34,3.03,1.46,1.32,2.81,3.61,1.36,1.26,3.26,4.19,1.25,1.2,4.17,5.04,,,,,,,,,,,,,,,,,,,,,,,,,,,,
norway,eliteserien,2023-05-13,Sarpsborg 08,Brann,2,1,Pinnacle,3.71,3.88,1.98,3.88,3.99,1.92,,,,,,,,,,,,,,,,,,,,,,,,,,,,,,,,,,,,,,,,,,,,,,,,,,,,,3.66,3.83,1.31,1.29,3.23,3.38,1.38,1.35,2.8,2.94,1.49,1.45,2.22,2.3,1.73,1.68,1.91,1.99,1.96,1.92,1.71,1.76,2.25,2.17,1.5,1.54,2.75,2.63,1.4,1.43,3.11,2.98,1.34,1.36,3.48,3.34,,,,,,,,,,,,,,,,
norway,eliteserien,2023-05-13,Stabaek,Aalesund,1,0,Pinnacle,1.89,3.62,4.24,1.75,3.69,5.33,,,,,,,,,,,,,,,,,,,,,,,,,,,,,,,,,3.99,3.91,1.27,1.29,3.51,3.1,1.32,1.4,3.1,2.74,1.39,1.51,2.7,2.36,1.5,1.65,2.16,1.97,1.74,1.93,1.89,1.74,1.98,2.2,1.63,1.52,2.35,2.71,1.39,1.28,3.14,3.92,1.3,1.23,3.66,4.58,,,,,,,,,,,,,,,,,,,,,,,,,,,,,,,,,,,,
norway,eliteserien,2023-05-13,Sandefjord,Viking,1,2,Pinnacle,3.58,3.74,2.03,3.8,3.77,2.0,,,,,,,,,,,,,,,,,,,,,,,,,,,,,,,,,,,,,,,,,,,,,,,,,,,,,3.53,3.75,1.32,1.3,3.1,3.28,1.39,1.37,2.67,2.82,1.51,1.48,2.13,2.21,1.76,1.74,1.85,1.91,2.03,2.0,1.64,1.69,2.33,2.29,1.44,1.48,2.89,2.82,1.36,1.39,3.26,3.19,1.3,1.33,3.65,3.58,,,,,,,,,,,,,,,,
norway,eliteserien,2023-05-13,Haugesund,Valerenga,1,1,Pinnacle,2.47,3.54,2.9,2.95,3.41,2.53,,,,,,,,,,,,,,,,,,,,,,,,,,,,,,,,,,,,,,,,,,,,,3.91,5.32,1.29,1.19,2.94,3.67,1.44,1.31,2.46,2.94,1.61,1.45,2.13,2.53,1.79,1.58,1.79,2.12,2.1,1.81,1.59,1.76,2.5,2.16,1.47,1.58,2.88,2.52,1.33,1.42,3.55,3.05,1.2,1.26,4.97,4.19,1.23,1.23,4.52,4.61,,,,,,,,,,,,,,,,,,,,
norway,eliteserien,2023-05-16,Viking,Odd,3,2,Pinnacle,1.74,4.13,4.61,1.64,4.31,5.3,,,,,,,,,,,,,,,,,,,,,,,,,,,,,4.51,4.38,1.23,1.24,3.53,3.25,1.32,1.38,2.88,2.69,1.44,1.52,2.57,2.38,1.54,1.64,2.24,2.07,1.69,1.85,1.92,1.79,1.95,2.12,1.71,1.63,2.19,2.4,1.52,1.44,2.62,2.92,1.32,1.27,3.49,4.09,,,,,,,,,,,,,,,,,,,,,,,,,,,,,,,,,,,,,,,,
norway,eliteserien,2023-05-16,Valerenga,HamKam,3,0,Pinnacle,1.67,4.27,4.76,1.72,4.07,4.88,,,,,,,,,,,,,,,,,,,,,,,,,,,,,,,,,3.37,3.65,1.34,1.32,2.77,2.94,1.47,1.44,2.46,2.61,1.58,1.55,2.14,2.26,1.75,1.7,1.85,1.93,2.03,1.98,1.66,1.72,2.29,2.24,1.48,1.52,2.75,2.71,1.29,1.31,3.69,3.7,1.24,1.25,4.19,4.26,,,,,,,,,,,,,,,,,,,,,,,,,,,,,,,,,,,,
norway,eliteserien,2023-05-16,Tromso,Bodo/Glimt,2,3,Pinnacle,4.33,4.06,1.77,5.67,4.04,1.65,,,,,,,,,,,,,,,,,,,,,,,,,,,,,,,,,,,,,,,,,,,,,,,,,,,,,,,,,3.79,4.94,1.28,1.21,3.31,4.3,1.35,1.25,2.52,2.96,1.56,1.45,2.12,2.38,1.76,1.64,1.88,2.1,1.98,1.83,1.64,1.79,2.34,2.13,1.5,1.59,2.68,2.49,1.41,1.47,3.01,2.83,1.29,1.34,3.71,3.5,1.23,1.21,4.5,4.81,,,,,,,,
norway,eliteserien,2023-05-16,Stromsgodset,Sandefjord,1,0,Pinnacle,1.8,4.09,4.27,1.82,4.03,4.29,,,,,,,,,,,,,,,,,,,,,,,,,,,,,,,,,3.7,3.83,1.29,1.29,3.01,3.08,1.41,1.41,2.69,2.76,1.5,1.5,2.35,2.42,1.63,1.63,2.0,2.05,1.88,1.87,1.78,1.81,2.1,2.09,1.57,1.6,2.48,2.48,1.36,1.38,3.23,3.25,1.3,1.3,3.69,3.74,,,,,,,,,,,,,,,,,,,,,,,,,,,,,,,,,,,,
norway,eliteserien,2023-05-16,Rosenborg,Haugesund,1,0,Pinnacle,1.54,4.33,6.12,1.78,3.45,5.65,,,,,,,,,,,,,,,,,,,,,,,,,,,,,,,,,3.05,4.23,1.4,1.26,2.55,3.3,1.55,1.37,2.23,2.9,1.69,1.46,1.92,2.47,1.95,1.6,1.68,2.02,2.27,1.88,1.53,1.77,2.59,2.16,1.36,1.52,3.23,2.69,1.2,1.27,4.77,4.05,1.21,1.21,4.59,4.8,,,,,,,,,,,,,,,,,,,,,,,,,,,,,,,,,,,,
norway,eliteserien,2023-05-16,Lillestrom,Sarpsborg 08,1,2,Pinnacle,1.76,4.07,4.53,2.23,3.75,3.21,,,,,,,,,,,,,,,,,,,,,,,,,,,,,,,,,,,,,2.92,3.88,1.44,1.29,2.6,3.8,1.55,1.3,2.27,3.36,1.7,1.36,1.92,2.62,1.94,1.54,1.73,2.22,2.21,1.72,1.53,1.94,2.65,1.96,1.33,1.65,3.54,2.37,1.27,1.49,4.05,2.78,1.26,1.39,4.06,3.17,1.25,1.28,4.29,3.99,,,,,,,,,,,,,,,,,,,,,,,,,,,,
norway,eliteserien,2023-05-16,Brann,Stabaek,4,1,Pinnacle,1.36,5.07,9.03,1.32,5.53,10.58,,,,,,,,,,,,,,,,,,,,,3.38,3.24,1.34,1.38,3.33,2.92,1.35,1.45,2.96,2.61,1.42,1.55,2.4,2.19,1.61,1.75,2.08,1.95,1.79,1.95,1.83,1.71,2.05,2.25,1.56,1.48,2.52,2.84,1.43,1.38,2.93,3.26,1.35,1.31,3.33,3.69,,,,,,,,,,,,,,,,,,,,,,,,,,,,,,,,,,,,,,,,,,,,,,,,
norway,eliteserien,2023-05-16,Aalesund,Molde,3,1,Pinnacle,5.0,4.08,1.67,5.3,3.82,1.72,,,,,,,,,,,,,,,,,,,,,,,,,,,,,,,,,,,,,,,,,,,,,,,,,,,,,,,,,4.38,4.58,1.23,1.22,3.83,3.95,1.28,1.28,2.78,2.79,1.47,1.5,2.28,2.24,1.67,1.71,2.02,1.96,1.85,1.92,1.74,1.68,2.16,2.28,1.57,1.52,2.5,2.7,1.45,1.41,2.82,3.07,1.33,1.3,3.46,3.88,,,,,,,,,,,,
norway,eliteserien,2023-05-29,HamKam,Lillestrom,0,0,Pinnacle,3.35,3.49,2.2,3.72,3.55,2.09,,,,,,,,,,,,,,,,,,,,,,,,,,,,,,,,,,,,,,,,,,,,,,,,,4.24,4.68,1.24,1.22,3.31,3.67,1.35,1.31,2.89,3.19,1.44,1.39,2.44,2.71,1.59,1.52,1.97,2.11,1.9,1.8,1.72,1.83,2.19,2.09,1.53,1.62,2.59,2.44,1.34,1.41,3.36,3.11,1.28,1.33,3.81,3.53,1.27,1.28,3.9,3.97,,,,,,,,,,,,,,,,
norway,eliteserien,2023-05-29,Bodo/Glimt,Viking,5,1,Pinnacle,1.38,5.59,7.05,1.47,5.32,6.19,,,,,,,,,,,,,,,,,,,,,3.44,3.52,1.33,1.33,3.1,3.49,1.39,1.34,2.77,3.13,1.48,1.4,2.28,2.55,1.66,1.57,2.01,2.21,1.86,1.74,1.78,1.97,2.09,1.93,1.56,1.71,2.51,2.25,1.44,1.56,2.85,2.58,1.37,1.45,3.19,2.89,1.28,1.33,3.93,3.58,,,,,,,,,,,,,,,,,,,,,,,,,,,,,,,,,,,,,,,,,,,,
norway,eliteserien,2023-05-29,Brann,Rosenborg,3,1,Pinnacle,1.45,4.73,6.85,1.54,4.49,6.32,,,,,,,,,,,,,,,,,,,,,,,,,,,,,3.43,3.91,1.33,1.29,2.67,2.96,1.51,1.43,2.27,2.49,1.68,1.59,2.0,2.19,1.87,1.75,1.72,1.89,2.19,2.02,1.56,1.66,2.53,2.34,1.44,1.53,2.85,2.66,1.3,1.36,3.63,3.33,1.2,1.21,4.82,4.93,1.22,1.22,4.64,4.68,,,,,,,,,,,,,,,,,,,,,,,,,,,,,,,,,,,,
norway,eliteserien,2023-05-29,Molde,Sandefjord,5,0,Pinnacle,1.21,7.45,11.51,1.2,7.95,13.49,,,,,,,,,,,,,3.78,3.65,1.28,1.31,2.96,2.88,1.41,1.45,2.52,2.46,1.55,1.6,2.25,2.19,1.67,1.74,1.98,1.93,1.88,1.96,1.75,1.7,2.13,2.23,1.6,1.57,2.39,2.51,1.43,1.41,2.86,3.04,1.27,1.26,3.81,4.16,,,,,,,,,,,,,,,,,,,,,,,,,,,,,,,,,,,,,,,,,,,,,,,,,,,,,,,,
norway,eliteserien,2023-05-29,Odd,Stromsgodset,1,1,Pinnacle,1.87,3.84,4.05,2.05,3.64,3.74,,,,,,,,,,,,,,,,,,,,,,,,,,,,,,,,,,,,,3.26,3.83,1.36,1.29,2.9,3.42,1.43,1.35,2.56,3.01,1.54,1.43,2.12,2.38,1.77,1.64,1.87,2.05,2.0,1.86,1.63,1.78,2.34,2.15,1.4,1.5,3.06,2.75,1.32,1.38,3.53,3.22,1.26,1.31,4.0,3.7,,,,,,,,,,,,,,,,,,,,,,,,,,,,,,,,
norway,eliteserien,2023-05-29,Haugesund,Tromso,1,2,Pinnacle,2.24,3.36,3.39,2.54,3.17,3.15,,,,,,,,,,,,,,,,,,,,,,,,,,,,,,,,,,,,,,,,,4.02,4.92,1.26,1.21,3.54,4.36,1.32,1.24,2.67,3.11,1.51,1.41,2.23,2.52,1.69,1.58,1.92,2.15,1.94,1.79,1.6,1.75,2.43,2.18,1.44,1.53,2.9,2.66,1.34,1.4,3.35,3.12,1.23,1.28,4.34,4.01,,,,,,,,,,,,,,,,,,,,,,,,,,,,
norway,eliteserien,2023-05-29,Sarpsborg 08,Aalesund,3,1,Pinnacle,1.59,4.22,5.63,1.58,4.38,5.81,,,,,,,,,,,,,,,,,,,,,,,,,,,,,4.27,4.22,1.24,1.26,3.16,3.14,1.38,1.4,2.62,2.61,1.52,1.55,2.31,2.29,1.65,1.68,2.0,1.98,1.87,1.92,1.74,1.72,2.16,2.22,1.58,1.58,2.46,2.53,1.4,1.4,3.03,3.12,1.23,1.23,4.36,4.51,,,,,,,,,,,,,,,,,,,,,,,,,,,,,,,,,,,,,,,,
norway,eliteserien,2023-05-29,Stabaek,Valerenga,2,1,Pinnacle,2.6,3.36,2.81,2.77,3.3,2.76,,,,,,,,,,,,,,,,,,,,,,,,,,,,,,,,,,,,,,,,,,,,,4.35,4.93,1.23,1.21,3.15,3.42,1.38,1.35,2.59,2.75,1.53,1.5,2.22,2.35,1.7,1.66,1.86,1.95,2.02,1.95,1.61,1.66,2.4,2.34,1.47,1.51,2.8,2.74,1.33,1.35,3.46,3.41,1.19,1.21,4.91,4.91,,,,,,,,,,,,,,,,,,,,,,,,
norway,eliteserien,2023-06-04,Aalesund,Brann,1,3,Pinnacle,4.68,4.01,1.75,5.32,4.1,1.67,,,,,,,,,,,,,,,,,,,,,,,,,,,,,,,,,,,,,,,,,,,,,,,,,,,,,,,,,4.08,4.64,1.27,1.22,3.55,4.05,1.33,1.27,2.64,2.87,1.54,1.47,2.19,2.34,1.74,1.66,1.93,2.06,1.94,1.85,1.68,1.76,2.31,2.17,1.53,1.58,2.66,2.52,1.43,1.46,2.99,2.85,1.31,1.33,3.71,3.52,,,,,,,,,,,,
norway,eliteserien,2023-06-04,Lillestrom,Stabaek,3,1,Pinnacle,1.64,4.21,5.35,1.58,4.39,5.84,,,,,,,,,,,,,,,,,,,,,,,,,,,,,4.43,4.26,1.23,1.25,3.27,3.15,1.36,1.4,2.7,2.61,1.5,1.55,2.38,2.29,1.62,1.69,2.07,1.98,1.82,1.93,1.78,1.72,2.1,2.23,1.62,1.57,2.38,2.54,1.43,1.4,2.9,3.14,1.26,1.23,4.07,4.54,,,,,,,,,,,,,,,,,,,,,,,,,,,,,,,,,,,,,,,,
norway,eliteserien,2023-06-04,Rosenborg,HamKam,4,0,Pinnacle,1.59,4.29,5.53,1.67,3.99,5.53,,,,,,,,,,,,,,,,,,,,,,,,,,,,,,,,,3.18,3.71,1.37,1.31,2.63,2.95,1.52,1.44,2.31,2.59,1.65,1.56,2.0,2.21,1.87,1.74,1.74,1.86,2.16,2.05,1.58,1.66,2.46,2.34,1.4,1.46,3.02,2.9,1.24,1.26,4.3,4.18,1.25,1.21,4.18,4.81,,,,,,,,,,,,,,,,,,,,,,,,,,,,,,,,,,,,
norway,eliteserien,2023-06-04,Viking,Molde,3,4,Pinnacle,2.99,3.68,2.31,3.05,3.93,2.25,,,,,,,,,,,,,,,,,,,,,,,,,,,,,,,,,,,,,,,,,,,,,,,,,3.68,3.73,1.3,1.31,2.96,3.01,1.42,1.42,2.6,2.66,1.53,1.53,2.22,2.29,1.7,1.68,1.86,1.93,2.01,1.97,1.66,1.72,2.3,2.24,1.49,1.54,2.72,2.62,1.32,1.37,3.5,3.31,1.27,1.31,3.92,3.72,,,,,,,,,,,,,,,,,,,,
norway,eliteserien,2023-06-04,Stromsgodset,Haugesund,1,2,Pinnacle,1.88,3.86,3.98,1.72,3.96,5.05,,,,,,,,,,,,,,,,,,,,,,,,,,,,,,,,,3.94,3.78,1.28,1.3,3.33,3.03,1.35,1.42,2.96,2.67,1.42,1.53,2.6,2.3,1.53,1.68,2.14,1.93,1.75,1.97,1.88,1.71,1.99,2.24,1.65,1.51,2.32,2.73,1.41,1.3,3.01,3.81,1.33,1.24,3.47,4.39,,,,,,,,,,,,,,,,,,,,,,,,,,,,,,,,,,,,
norway,eliteserien,2023-06-04,Tromso,Sarpsborg 08,2,1,Pinnacle,2.49,3.57,2.8,2.93,3.47,2.51,,,,,,,,,,,,,,,,,,,,,,,,,,,,,,,,,,,,,,,,,,,,,3.96,5.18,1.27,1.19,2.97,3.62,1.41,1.32,2.48,2.92,1.57,1.46,2.15,2.51,1.74,1.58,1.83,2.12,2.06,1.81,1.6,1.77,2.42,2.15,1.47,1.59,2.78,2.5,1.33,1.43,3.4,3.01,1.21,1.27,4.72,4.07,1.23,1.24,4.5,4.44,,,,,,,,,,,,,,,,,,,,
norway,eliteserien,2023-06-04,Valerenga,Bodo/Glimt,1,3,Pinnacle,3.71,3.93,1.97,3.31,3.99,2.1,,,,,,,,,,,,,,,,,,,,,,,,,,,,,,,,,,,,,,,,,,,,,,,,,4.19,4.12,1.26,1.27,3.62,3.27,1.3,1.37,3.19,2.9,1.37,1.46,2.78,2.5,1.47,1.59,2.21,2.07,1.7,1.85,1.92,1.81,1.95,2.09,1.7,1.62,2.21,2.43,1.5,1.42,2.69,3.01,1.4,1.35,3.03,3.41,1.34,1.31,3.39,3.71,,,,,,,,,,,,,,,,
norway,eliteserien,2023-06-04,Sandefjord,Odd,4,1,Pinnacle,2.83,3.58,2.46,2.81,3.35,2.67,,,,,,,,,,,,,,,,,,,,,,,,,,,,,,,,,,,,,,,,,,,,,4.79,4.9,1.2,1.21,3.45,3.45,1.33,1.34,2.82,2.8,1.46,1.49,2.45,2.4,1.59,1.63,2.08,2.0,1.81,1.9,1.76,1.69,2.13,2.28,1.58,1.53,2.45,2.66,1.43,1.38,2.92,3.25,1.27,1.23,3.87,4.51,,,,,,,,,,,,,,,,,,,,,,,,
norway,eliteserien,2023-06-11,Bodo/Glimt,HamKam,3,0,Pinnacle,1.21,7.44,12.74,1.16,9.01,16.88,,,,,,,,,3.67,3.42,1.3,1.34,3.86,3.08,1.29,1.4,3.0,2.53,1.43,1.56,2.55,2.2,1.57,1.73,2.27,1.97,1.7,1.92,1.96,1.72,1.88,2.21,1.76,1.57,2.17,2.51,1.61,1.47,2.44,2.79,1.44,1.33,2.93,3.48,,,,,,,,,,,,,,,,,,,,,,,,,,,,,,,,,,,,,,,,,,,,,,,,,,,,,,,,,,,,
norway,eliteserien,2023-06-11,Brann,Lillestrom,2,2,Pinnacle,1.55,4.49,5.68,1.56,4.67,5.83,,,,,,,,,,,,,,,,,,,,,,,,,,,,,3.85,3.87,1.28,1.29,2.94,2.95,1.42,1.44,2.47,2.48,1.58,1.6,2.18,2.18,1.72,1.75,1.9,1.93,1.97,2.01,1.68,1.68,2.26,2.32,1.54,1.54,2.56,2.63,1.38,1.38,3.15,3.24,1.22,1.23,4.48,4.6,,,,,,,,,,,,,,,,,,,,,,,,,,,,,,,,,,,,,,,,
norway,eliteserien,2023-06-11,Aalesund,Tromso,2,3,Pinnacle,2.34,3.31,3.24,2.57,3.18,3.1,,,,,,,,,,,,,,,,,,,,,,,,,,,,,,,,,,,,,,,,,4.28,4.75,1.24,1.22,3.78,4.41,1.28,1.28,2.81,3.13,1.47,1.4,2.33,2.55,1.64,1.57,2.0,2.17,1.87,1.76,1.65,1.78,2.3,2.16,1.48,1.55,2.76,2.61,1.37,1.38,3.2,3.08,1.25,1.26,4.11,3.91,1.16,1.16,5.88,5.89,,,,,,,,,,,,,,,,,,,,,,,,
norway,eliteserien,2023-06-11,Sarpsborg 08,Viking,1,3,Pinnacle,2.04,3.92,3.4,2.16,4.1,3.11,,,,,,,,,,,,,,,,,,,,,,,,,,,,,,,,,,,,,,,,,3.22,3.35,1.37,1.36,2.86,3.0,1.45,1.43,2.33,2.47,1.64,1.6,2.04,2.15,1.84,1.78,1.78,1.91,2.1,2.0,1.53,1.65,2.58,2.37,1.41,1.51,2.97,2.74,1.34,1.41,3.36,3.08,1.25,1.3,4.12,3.81,,,,,,,,,,,,,,,,,,,,,,,,,,,,
norway,eliteserien,2023-06-11,Stabaek,Rosenborg,2,2,Pinnacle,2.6,3.28,2.86,2.92,3.29,2.6,,,,,,,,,,,,,,,,,,,,,,,,,,,,,,,,,,,,,,,,,,,,,4.39,5.32,1.23,1.19,3.16,3.64,1.38,1.32,2.59,2.91,1.53,1.46,2.22,2.49,1.7,1.6,1.85,2.08,2.03,1.84,1.59,1.74,2.44,2.21,1.45,1.56,2.85,2.58,1.32,1.38,3.54,3.16,1.19,1.23,5.07,4.44,,,,,,,,,,,,,,,,,,,,,,,,
norway,eliteserien,2023-06-11,Valerenga,Stromsgodset,0,1,Pinnacle,1.6,4.52,5.09,1.64,4.38,5.2,,,,,,,,,,,,,,,,,,,,,,,,,,,,,4.02,4.34,1.26,1.25,3.05,3.23,1.4,1.38,2.56,2.68,1.54,1.53,2.27,2.37,1.67,1.65,1.98,2.06,1.88,1.85,1.74,1.79,2.16,2.12,1.59,1.63,2.44,2.4,1.42,1.45,2.94,2.92,1.26,1.27,4.01,4.04,1.26,1.24,4.02,4.46,,,,,,,,,,,,,,,,,,,,,,,,,,,,,,,,,,,,
norway,eliteserien,2023-06-11,Odd,Molde,1,0,Pinnacle,3.96,3.88,1.88,5.75,4.34,1.6,,,,,,,,,,,,,,,,,,,,,,,,,,,,,,,,,,,,,,,,,,,,,,,,,,,,,,,,,3.45,4.61,1.33,1.23,2.99,4.45,1.42,1.24,2.32,3.09,1.65,1.41,1.99,2.5,1.88,1.59,1.75,2.2,2.13,1.74,1.53,1.91,2.59,2.0,1.42,1.68,2.94,2.31,1.35,1.54,3.3,2.63,1.28,1.4,3.89,3.15,1.24,1.26,4.47,4.22,,,,,,,,
norway,eliteserien,2023-06-11,Haugesund,Sandefjord,3,2,Pinnacle,1.75,4.04,4.52,2.15,3.39,3.73,,,,,,,,,,,,,,,,,,,,,,,,,,,,,,,,,,,,,3.0,4.0,1.41,1.28,2.67,3.69,1.51,1.31,2.32,3.24,1.65,1.38,1.96,2.52,1.91,1.58,1.74,2.14,2.16,1.78,1.53,1.84,2.58,2.08,1.33,1.53,3.45,2.67,1.27,1.4,3.95,3.19,1.27,1.31,3.96,3.68,1.23,1.21,4.58,4.82,,,,,,,,,,,,,,,,,,,,,,,,,,,,
norway,eliteserien,2023-06-24,Viking,Brann,3,1,Pinnacle,3.06,3.85,2.24,2.78,4.05,2.37,,,,,,,,,,,,,,,,,,,,,,,,,,,,,,,,,,,,,,,,,,,,,,,,,3.69,3.32,1.3,1.36,3.0,2.76,1.41,1.49,2.65,2.44,1.51,1.61,2.28,2.11,1.67,1.8,1.92,1.83,1.95,2.09,1.7,1.65,2.21,2.36,1.54,1.5,2.58,2.76,1.36,1.34,3.22,3.46,1.31,1.29,3.6,3.85,,,,,,,,,,,,,,,,,,,,
norway,eliteserien,2023-06-25,Tromso,Stabaek,2,1,Pinnacle,2.02,3.5,3.85,2.43,3.12,3.37,,,,,,,,,,,,,,,,,,,,,,,,,,,,,,,,,,,,,,,,,3.33,4.55,1.35,1.23,2.94,4.03,1.43,1.27,2.33,2.95,1.64,1.45,2.02,2.42,1.85,1.62,1.74,2.06,2.16,1.86,1.47,1.67,2.81,2.32,1.35,1.48,3.3,2.84,1.28,1.36,3.8,3.33,1.22,1.25,4.65,4.36,,,,,,,,,,,,,,,,,,,,,,,,,,,,
norway,eliteserien,2023-06-25,Stromsgodset,Bodo/Glimt,2,0,Pinnacle,4.97,4.49,1.61,5.48,4.89,1.55,,,,,,,,,,,,,,,,,,,,,,,,,,,,,,,,,,,,,,,,,,,,,,,,,,,,,,,,,,,,,3.92,4.37,1.27,1.24,2.89,3.18,1.43,1.39,2.4,2.62,1.61,1.54,2.13,2.33,1.75,1.66,1.88,2.05,2.0,1.85,1.67,1.81,2.27,2.12,1.54,1.64,2.56,2.38,1.4,1.5,3.03,2.76,1.27,1.35,3.96,3.45,1.3,1.32,3.74,3.64,,,,
norway,eliteserien,2023-06-25,Rosenborg,Sarpsborg 08,0,3,Pinnacle,2.11,3.86,3.25,2.2,3.78,3.23,,,,,,,,,,,,,,,,,,,,,,,,,,,,,,,,,,,,,3.58,3.61,1.31,1.32,3.44,3.57,1.33,1.33,3.05,3.18,1.4,1.39,2.44,2.55,1.59,1.57,2.1,2.19,1.78,1.75,1.85,1.92,2.02,1.98,1.58,1.63,2.45,2.4,1.45,1.49,2.84,2.81,1.37,1.39,3.22,3.19,1.26,1.28,4.04,4.01,,,,,,,,,,,,,,,,,,,,,,,,,,,,
norway,eliteserien,2023-06-25,Molde,Haugesund,1,0,Pinnacle,1.18,7.74,13.59,1.22,7.33,12.45,,,,,,,,,,,,,,,,,2.95,3.16,1.41,1.38,2.51,2.66,1.55,1.51,2.22,2.38,1.68,1.63,1.94,2.09,1.91,1.8,1.71,1.84,2.18,2.06,1.57,1.67,2.46,2.3,1.4,1.48,2.99,2.78,1.24,1.3,4.14,3.74,1.25,1.25,4.2,4.24,,,,,,,,,,,,,,,,,,,,,,,,,,,,,,,,,,,,,,,,,,,,,,,,,,,,
norway,eliteserien,2023-06-25,HamKam,Odd,0,1,Pinnacle,2.44,3.39,3.0,2.52,3.42,2.96,,,,,,,,,,,,,,,,,,,,,,,,,,,,,,,,,,,,,,,,,4.42,4.56,1.23,1.23,3.94,4.12,1.27,1.27,2.94,3.02,1.43,1.42,2.43,2.5,1.6,1.59,2.1,2.15,1.79,1.78,1.75,1.8,2.15,2.13,1.54,1.57,2.57,2.54,1.42,1.45,2.96,2.95,1.29,1.31,3.73,3.67,1.19,1.19,5.16,5.29,,,,,,,,,,,,,,,,,,,,,,,,
norway,eliteserien,2023-07-01,Valerenga,Viking,1,2,Pinnacle,2.1,3.71,3.41,2.29,3.88,3.0,,,,,,,,,,,,,,,,,,,,,,,,,,,,,,,,,,,,,,,,,3.41,3.8,1.33,1.3,3.02,3.39,1.4,1.35,2.42,2.67,1.6,1.53,2.09,2.27,1.79,1.69,1.83,2.0,2.06,1.91,1.55,1.71,2.54,2.25,1.43,1.54,2.97,2.62,1.34,1.43,3.37,2.97,1.24,1.32,4.29,3.65,,,,,,,,,,,,,,,,,,,,,,,,,,,,
norway,eliteserien,2023-07-02,Bodo/Glimt,Molde,2,2,Pinnacle,1.82,4.11,4.13,2.21,3.86,3.16,,,,,,,,,,,,,,,,,,,,,,,,,,,,,,,,,,,,,,,,,2.72,3.61,1.49,1.32,2.38,3.22,1.61,1.38,2.02,2.57,1.85,1.56,1.8,2.2,2.07,1.74,1.59,1.93,2.44,1.97,1.38,1.65,3.13,2.36,1.31,1.5,3.58,2.75,1.29,1.4,3.84,3.12,1.26,1.29,4.14,3.91,,,,,,,,,,,,,,,,,,,,,,,,,,,,
norway,eliteserien,2023-07-02,Aalesund,Rosenborg,1,0,Pinnacle,3.17,3.34,2.39,3.27,3.57,2.27,,,,,,,,,,,,,,,,,,,,,,,,,,,,,,,,,,,,,,,,,,,,,,,,,4.01,4.14,1.28,1.26,3.14,3.23,1.4,1.38,2.71,2.81,1.51,1.48,2.26,2.38,1.7,1.64,1.85,1.94,2.03,1.96,1.64,1.71,2.38,2.25,1.47,1.52,2.87,2.68,1.29,1.33,3.87,3.52,1.24,1.28,4.37,3.99,,,,,,,,,,,,,,,,,,,,
norway,eliteserien,2023-07-02,Brann,HamKam,2,1,Pinnacle,1.25,6.6,11.51,1.34,6.05,8.33,,,,,,,,,,,,,,,,,,,,,2.81,3.23,1.45,1.38,2.52,2.92,1.56,1.45,2.2,2.61,1.71,1.55,1.9,2.2,1.95,1.74,1.71,1.96,2.2,1.94,1.52,1.72,2.61,2.23,1.33,1.5,3.4,2.76,1.28,1.4,3.86,3.16,1.28,1.33,3.86,3.56,,,,,,,,,,,,,,,,,,,,,,,,,,,,,,,,,,,,,,,,,,,,,,,,
norway,eliteserien,2023-07-02,Lillestrom,Tromso,0,1,Pinnacle,1.58,4.32,5.9,1.65,4.04,5.61,,,,,,,,,,,,,,,,,,,,,,,,,,,,,,,,,3.08,3.5,1.39,1.34,2.56,2.82,1.54,1.47,2.25,2.49,1.68,1.6,1.95,2.13,1.92,1.78,1.7,1.83,2.22,2.09,1.56,1.65,2.52,2.37,1.38,1.45,3.12,2.94,1.22,1.25,4.51,4.25,1.22,1.21,4.61,4.88,,,,,,,,,,,,,,,,,,,,,,,,,,,,,,,,,,,,
norway,eliteserien,2023-07-02,Haugesund,Odd,2,1,Pinnacle,2.39,3.44,3.04,2.38,3.22,3.36,,,,,,,,,,,,,,,,,,,,,,,,,,,,,,,,,,,,,,,,,4.31,4.45,1.23,1.24,3.83,3.92,1.28,1.28,2.86,2.88,1.45,1.47,2.38,2.37,1.62,1.65,2.06,2.02,1.83,1.88,1.71,1.66,2.19,2.35,1.53,1.47,2.61,2.85,1.41,1.36,3.01,3.32,1.28,1.25,3.8,4.3,,,,,,,,,,,,,,,,,,,,,,,,,,,,
norway,eliteserien,2023-07-02,Sarpsborg 08,Sandefjord,6,1,Pinnacle,1.48,4.92,6.3,1.36,5.85,8.07,,,,,,,,,,,,,,,,,,,,,3.55,3.1,1.33,1.4,3.7,2.79,1.31,1.48,3.31,2.49,1.37,1.6,2.64,2.11,1.54,1.8,2.26,1.89,1.7,2.02,1.99,1.69,1.88,2.28,1.75,1.5,2.19,2.76,1.58,1.41,2.52,3.1,1.47,1.35,2.82,3.44,,,,,,,,,,,,,,,,,,,,,,,,,,,,,,,,,,,,,,,,,,,,,,,,
norway,eliteserien,2023-07-03,Stabaek,Stromsgodset,0,1,Pinnacle,2.01,3.79,3.59,2.23,3.43,3.48,,,,,,,,,,,,,,,,,,,,,,,,,,,,,,,,,,,,,,,,,3.24,3.85,1.36,1.29,2.87,3.4,1.45,1.35,2.31,2.62,1.65,1.54,2.01,2.22,1.86,1.73,1.75,1.92,2.14,1.99,1.5,1.59,2.69,2.49,1.38,1.44,3.11,2.98,1.31,1.38,3.54,3.44,1.24,1.27,4.34,4.45,,,,,,,,,,,,,,,,,,,,,,,,,,,,
norway,eliteserien,2023-07-07,HamKam,Aalesund,2,1,Pinnacle,1.95,3.49,4.12,1.89,3.71,4.3,,,,,,,,,,,,,,,,,,,,,,,,,,,,,,,,,,,,,3.71,3.41,1.29,1.34,3.28,3.05,1.35,1.42,2.86,2.64,1.45,1.53,2.26,2.16,1.68,1.76,1.95,1.89,1.91,2.01,1.68,1.64,2.25,2.38,1.42,1.4,3.0,3.18,1.32,1.31,3.53,3.7,1.26,1.26,4.06,4.23,,,,,,,,,,,,,,,,,,,,,,,,,,,,,,,,
norway,eliteserien,2023-07-08,Viking,Haugesund,2,0,Pinnacle,1.47,4.81,6.41,1.54,4.75,5.8,,,,,,,,,,,,,,,,,,,,,,,,,,,,,3.4,3.71,1.34,1.31,2.68,2.88,1.5,1.45,2.28,2.45,1.67,1.61,2.02,2.16,1.85,1.76,1.74,1.88,2.16,2.03,1.57,1.66,2.49,2.33,1.46,1.53,2.8,2.65,1.32,1.38,3.52,3.25,1.21,1.23,4.84,4.59,,,,,,,,,,,,,,,,,,,,,,,,,,,,,,,,,,,,,,,,
norway,eliteserien,2023-07-09,Tromso,Valerenga,0,0,Pinnacle,2.6,3.32,2.84,1.91,3.71,4.25,,,,,,,,,,,,,,,,,,,,,,,,,,,,,,,,,,,,,3.95,3.5,1.28,1.34,4.52,3.1,1.22,1.41,4.33,2.7,1.23,1.52,3.14,2.18,1.38,1.75,2.58,1.91,1.53,2.0,2.21,1.65,1.7,2.36,1.85,1.41,2.03,3.15,1.6,1.32,2.42,3.66,1.46,1.26,2.82,4.19,,,,,,,,,,,,,,,,,,,,,,,,,,,,,,,,
norway,eliteserien,2023-07-09,Stromsgodset,Sarpsborg 08,5,2,Pinnacle,2.81,3.76,2.44,3.39,4.06,2.05,,,,,,,,,,,,,,,,,,,,,,,,,,,,,,,,,,,,,,,,,,,,,,,,,3.34,4.09,1.34,1.27,2.77,3.35,1.48,1.36,2.42,2.96,1.6,1.44,2.08,2.58,1.81,1.56,1.78,2.11,2.1,1.8,1.61,1.86,2.4,2.05,1.45,1.67,2.83,2.33,1.3,1.48,3.64,2.81,1.29,1.4,3.78,3.14,1.33,1.34,3.52,3.48,,,,,,,,,,,,,,,,
norway,eliteserien,2023-07-09,Sandefjord,Stabaek,0,0,Pinnacle,2.68,3.35,2.77,2.75,3.33,2.76,,,,,,,,,,,,,,,,,,,,,,,,,,,,,,,,,,,,,,,,,,,,,4.49,4.73,1.22,1.22,3.23,3.36,1.36,1.36,2.64,2.73,1.51,1.51,2.27,2.34,1.67,1.66,1.9,1.95,1.97,1.95,1.63,1.66,2.35,2.35,1.49,1.51,2.73,2.74,1.34,1.35,3.36,3.38,1.21,1.21,4.72,4.8,,,,,,,,,,,,,,,,,,,,,,,,
norway,eliteserien,2023-07-09,Rosenborg,Lillestrom,1,2,Pinnacle,2.16,3.54,3.5,2.36,3.78,2.94,,,,,,,,,,,,,,,,,,,,,,,,,,,,,,,,,,,,,,,,,3.64,4.14,1.3,1.26,3.2,3.68,1.37,1.31,2.5,2.81,1.56,1.49,2.13,2.35,1.76,1.66,1.85,2.06,2.03,1.85,1.56,1.75,2.53,2.19,1.42,1.56,2.98,2.56,1.33,1.45,3.41,2.91,1.23,1.32,4.4,3.62,,,,,,,,,,,,,,,,,,,,,,,,,,,,
norway,eliteserien,2023-07-09,Odd,Bodo/Glimt,0,2,Pinnacle,4.85,4.42,1.66,6.03,4.58,1.55,,,,,,,,,,,,,,,,,,,,,,,,,,,,,,,,,,,,,,,,,,,,,,,,,,,,,,,,,,,,,3.79,4.73,1.3,1.22,2.82,3.27,1.47,1.37,2.36,2.64,1.65,1.54,2.09,2.33,1.81,1.67,1.82,2.02,2.06,1.88,1.65,1.76,2.37,2.17,1.53,1.61,2.67,2.46,1.39,1.45,3.2,2.92,1.26,1.29,4.23,3.83,,,,,,,,
norway,eliteserien,2023-07-09,Molde,Brann,2,0,Pinnacle,1.93,4.03,3.83,1.87,4.13,3.94,,,,,,,,,,,,,,,,,,,,,,,,,,,,,,,,,,,,,3.32,3.08,1.36,1.41,2.97,2.76,1.43,1.49,2.62,2.46,1.54,1.6,2.17,2.09,1.76,1.82,1.91,1.87,1.96,2.04,1.68,1.65,2.3,2.37,1.46,1.43,2.91,3.02,1.36,1.34,3.34,3.45,1.3,1.29,3.78,3.88,,,,,,,,,,,,,,,,,,,,,,,,,,,,,,,,
norway,eliteserien,2023-07-15,Valerenga,Molde,0,4,Pinnacle,3.25,3.71,2.16,3.55,3.81,2.06,,,,,,,,,,,,,,,,,,,,,,,,,,,,,,,,,,,,,,,,,,,,,,,,,,,,,3.21,3.5,1.37,1.34,2.83,3.07,1.46,1.41,2.42,2.65,1.6,1.53,1.99,2.12,1.88,1.79,1.74,1.85,2.15,2.06,1.56,1.65,2.51,2.37,1.38,1.46,3.16,2.92,1.31,1.37,3.56,3.28,1.3,1.32,3.69,3.66,,,,,,,,,,,,,,,,
norway,eliteserien,2023-07-16,Aalesund,Odd,0,3,Pinnacle,2.36,3.4,3.11,2.33,3.38,3.3,,,,,,,,,,,,,,,,,,,,,,,,,,,,,,,,,,,,,,,,,4.25,4.22,1.24,1.26,3.77,3.73,1.29,1.31,2.83,2.79,1.46,1.49,2.35,2.32,1.63,1.67,2.03,2.0,1.85,1.91,1.69,1.66,2.24,2.35,1.51,1.48,2.67,2.82,1.39,1.37,3.08,3.26,1.27,1.26,3.9,4.19,,,,,,,,,,,,,,,,,,,,,,,,,,,,
norway,eliteserien,2023-07-16,Bodo/Glimt,Haugesund,2,1,Pinnacle,1.22,7.53,12.15,1.2,7.99,12.64,,,,,,,,,,,,,3.73,3.32,1.31,1.36,2.93,2.69,1.44,1.5,2.5,2.34,1.59,1.65,2.23,2.1,1.72,1.79,1.94,1.86,1.91,2.03,1.75,1.68,2.19,2.29,1.61,1.56,2.46,2.55,1.44,1.4,2.94,3.07,1.28,1.26,3.93,4.12,,,,,,,,,,,,,,,,,,,,,,,,,,,,,,,,,,,,,,,,,,,,,,,,,,,,,,,,
norway,eliteserien,2023-07-16,Brann,Stromsgodset,1,0,Pinnacle,1.31,6.36,7.82,1.33,6.34,7.74,,,,,,,,,,,,,,,,,3.6,3.49,1.3,1.33,2.97,2.96,1.4,1.43,2.68,2.67,1.49,1.51,2.37,2.39,1.61,1.63,2.03,2.05,1.83,1.83,1.81,1.85,2.03,2.04,1.62,1.65,2.34,2.33,1.43,1.46,2.89,2.85,1.35,1.38,3.26,3.2,1.31,1.32,3.52,3.56,,,,,,,,,,,,,,,,,,,,,,,,,,,,,,,,,,,,,,,,,,,,,,,,
norway,eliteserien,2023-07-16,Rosenborg,Tromso,2,1,Pinnacle,1.68,3.92,5.2,2.18,3.6,3.43,,,,,,,,,,,,,,,,,,,,,,,,,,,,,,,,,,,,,,,,,2.57,3.74,1.54,1.3,2.21,3.29,1.71,1.37,1.88,2.56,2.0,1.57,1.67,2.17,2.27,1.76,1.47,1.88,2.79,2.02,1.27,1.58,3.94,2.51,1.22,1.44,4.53,2.96,1.27,1.35,3.96,3.39,1.25,1.25,4.25,4.35,,,,,,,,,,,,,,,,,,,,,,,,,,,,
norway,eliteserien,2023-07-16,Stabaek,Viking,0,1,Pinnacle,2.99,3.45,2.41,2.94,3.58,2.46,,,,,,,,,,,,,,,,,,,,,,,,,,,,,,,,,,,,,,,,,,,,,,,,,3.69,3.62,1.3,1.32,2.96,2.91,1.42,1.44,2.57,2.53,1.54,1.57,2.16,2.13,1.74,1.78,1.81,1.8,2.08,2.13,1.61,1.61,2.4,2.45,1.45,1.45,2.88,2.95,1.28,1.29,3.8,3.91,1.24,1.25,4.25,4.38,,,,,,,,,,,,,,,,,,,,
norway,eliteserien,2023-07-16,Lillestrom,Sandefjord,4,2,Pinnacle,1.38,5.27,8.12,1.36,5.71,8.32,,,,,,,,,,,,,,,,,,,,,3.64,3.3,1.3,1.37,3.27,2.97,1.36,1.43,2.91,2.66,1.44,1.53,2.35,2.23,1.63,1.72,2.05,1.98,1.83,1.93,1.8,1.75,2.07,2.19,1.56,1.52,2.51,2.68,1.44,1.41,2.87,3.06,1.36,1.35,3.24,3.44,,,,,,,,,,,,,,,,,,,,,,,,,,,,,,,,,,,,,,,,,,,,,,,,
norway,eliteserien,2023-07-16,Sarpsborg 08,HamKam,2,3,Pinnacle,1.53,4.71,5.56,1.37,5.64,7.92,,,,,,,,,,,,,,,,,,,,,3.52,3.24,1.33,1.38,3.6,2.92,1.32,1.45,3.61,2.6,1.31,1.55,2.81,2.19,1.45,1.75,2.39,1.95,1.61,1.95,2.12,1.74,1.76,2.21,1.85,1.53,2.02,2.66,1.65,1.43,2.31,2.99,1.53,1.36,2.6,3.34,,,,,,,,,,,,,,,,,,,,,,,,,,,,,,,,,,,,,,,,,,,,,,,,
norway,eliteserien,2023-07-19,Lillestrom,Aalesund,5,1,Pinnacle,1.52,4.54,6.45,1.32,5.88,9.7,,,,,,,,,,,,,,,,,,,,,3.62,3.15,1.32,1.4,3.6,2.82,1.31,1.47,3.77,2.5,1.3,1.59,2.87,2.11,1.46,1.8,2.42,1.88,1.63,2.03,2.13,1.66,1.79,2.33,1.83,1.46,2.06,2.92,1.63,1.37,2.4,3.31,1.51,1.31,2.73,3.72,,,,,,,,,,,,,,,,,,,,,,,,,,,,,,,,,,,,,,,,,,,,,,,,
norway,eliteserien,2023-07-22,Molde,Sarpsborg 08,5,1,Pinnacle,1.48,5.08,5.86,1.41,5.67,6.81,,,,,,,,,,,,,,,,,,,,,3.38,3.21,1.36,1.35,3.52,2.91,1.32,1.41,3.16,2.68,1.38,1.52,2.56,2.26,1.54,1.7,2.21,2.02,1.71,1.89,1.97,1.79,1.89,2.12,1.72,1.59,2.18,2.5,1.57,1.45,2.48,2.76,1.47,1.38,2.77,3.07,1.33,1.29,3.41,3.63,,,,,,,,,,,,,,,,,,,,,,,,,,,,,,,,,,,,,,,,,,,,
norway,eliteserien,2023-07-23,Haugesund,Lillestrom,1,0,Pinnacle,3.45,3.63,2.14,3.53,3.77,2.1,,,,,,,,,,,,,,,,,,,,,,,,,,,,,,,,,,,,,,,,,,,,,,,,,4.31,4.43,1.24,1.24,3.37,3.49,1.34,1.34,2.96,3.05,1.43,1.43,2.52,2.62,1.56,1.54,2.03,2.1,1.85,1.81,1.77,1.83,2.11,2.09,1.57,1.63,2.47,2.41,1.38,1.43,3.13,3.02,1.31,1.35,3.55,3.43,1.29,1.3,3.8,3.79,,,,,,,,,,,,,,,,
norway,eliteserien,2023-07-23,Tromso,Brann,3,1,Pinnacle,3.6,3.64,2.05,3.16,3.54,2.33,,,,,,,,,,,,,,,,,,,,,,,,,,,,,,,,,,,,,,,,,,,,,,,,,4.16,3.93,1.25,1.28,3.55,3.12,1.31,1.4,3.1,2.72,1.39,1.51,2.66,2.29,1.51,1.68,2.1,1.89,1.78,2.01,1.83,1.67,2.05,2.32,1.62,1.5,2.37,2.76,1.42,1.32,2.99,3.61,1.34,1.27,3.38,4.06,,,,,,,,,,,,,,,,,,,,
norway,eliteserien,2023-07-23,Stromsgodset,Rosenborg,0,1,Pinnacle,2.67,3.54,2.67,2.72,3.79,2.52,,,,,,,,,,,,,,,,,,,,,,,,,,,,,,,,,,,,,,,,,,,,,4.35,4.33,1.25,1.25,3.21,3.25,1.38,1.38,2.66,2.71,1.53,1.52,2.3,2.37,1.68,1.65,1.93,2.03,1.93,1.88,1.68,1.75,2.3,2.19,1.53,1.58,2.66,2.51,1.38,1.43,3.21,3.0,1.25,1.28,4.35,3.99,1.26,1.26,4.21,4.2,,,,,,,,,,,,,,,,,,,,
norway,eliteserien,2023-07-23,Sandefjord,Bodo/Glimt,2,5,Pinnacle,5.92,5.01,1.48,8.65,5.61,1.36,,,,,,,,,,,,,,,,,,,,,,,,,,,,,,,,,,,,,,,,,,,,,,,,,,,,,,,,,,,,,,,,,,,,,2.76,3.45,1.47,1.34,2.47,3.09,1.57,1.41,2.17,2.74,1.73,1.51,1.88,2.25,1.99,1.71,1.69,1.98,2.23,1.93,1.53,1.77,2.59,2.15,1.37,1.56,3.22,2.54,1.31,1.47,3.59,2.84,1.36,1.4,3.24,3.15
norway,eliteserien,2023-07-23,Odd,Valerenga,2,1,Pinnacle,2.62,3.36,2.78,2.48,3.39,3.04,,,,,,,,,,,,,,,,,,,,,,,,,,,,,,,,,,,,,,,,,4.19,4.58,1.25,1.23,4.37,4.07,1.23,1.27,3.17,2.99,1.37,1.44,2.61,2.46,1.53,1.6,2.24,2.12,1.69,1.81,1.88,1.76,2.0,2.17,1.62,1.55,2.38,2.6,1.48,1.43,2.77,3.01,1.33,1.3,3.41,3.79,,,,,,,,,,,,,,,,,,,,,,,,,,,,
norway,eliteserien,2023-07-23,HamKam,Stabaek,3,2,Pinnacle,2.22,3.42,3.45,2.41,3.42,3.12,,,,,,,,,,,,,,,,,,,,,,,,,,,,,,,,,,,,,,,,,3.9,4.43,1.29,1.24,3.43,3.93,1.35,1.28,2.62,2.9,1.54,1.46,2.21,2.4,1.74,1.63,1.89,2.07,1.98,1.85,1.59,1.72,2.49,2.23,1.44,1.53,2.96,2.67,1.35,1.41,3.41,3.09,1.24,1.28,4.42,3.93,,,,,,,,,,,,,,,,,,,,,,,,,,,,
norway,eliteserien,2023-07-24,Viking,Aalesund,3,1,Pinnacle,1.43,5.03,6.76,1.24,7.07,10.98,,,,,,,,,,,,,3.97,3.95,1.27,1.27,3.57,3.07,1.32,1.4,3.62,2.61,1.3,1.54,3.54,2.33,1.32,1.66,3.16,2.05,1.38,1.85,2.53,1.8,1.56,2.09,2.17,1.65,1.73,2.35,1.93,1.48,1.94,2.76,1.67,1.32,2.28,3.58,1.52,1.28,2.62,3.86,,,,,,,,,,,,,,,,,,,,,,,,,,,,,,,,,,,,,,,,,,,,,,,,,,,,
norway,eliteserien,2023-07-29,Valerenga,Sandefjord,2,3,Pinnacle,1.49,4.84,6.41,1.51,4.85,6.11,,,,,,,,,,,,,,,,,,,,,,,,,3.82,3.96,1.28,1.28,3.42,3.54,1.33,1.33,2.7,2.77,1.5,1.5,2.3,2.35,1.66,1.66,2.04,2.09,1.84,1.83,1.76,1.8,2.12,2.11,1.59,1.62,2.44,2.43,1.47,1.5,2.74,2.73,1.33,1.35,3.42,3.39,1.23,1.22,4.39,4.64,,,,,,,,,,,,,,,,,,,,,,,,,,,,,,,,,,,,,,,,
norway,eliteserien,2023-07-29,Stabaek,Molde,0,1,Pinnacle,4.86,4.19,1.67,3.97,3.65,1.99,,,,,,,,,,,,,,,,,,,,,,,,,,,,,,,,,,,,,,,,,,,,,,,,,,,,,4.27,3.92,1.25,1.28,4.27,3.42,1.24,1.35,3.75,2.92,1.29,1.45,2.76,2.24,1.48,1.71,2.28,1.92,1.66,1.99,2.03,1.69,1.85,2.28,1.75,1.48,2.14,2.83,1.58,1.38,2.46,3.22,1.47,1.32,2.77,3.62,,,,,,,,,,,,,,,,
norway,eliteserien,2023-07-30,Aalesund,Stromsgodset,1,0,Pinnacle,2.43,3.62,2.85,2.31,3.72,3.07,,,,,,,,,,,,,,,,,,,,,,,,,,,,,,,,,,,,,,,,,4.31,4.0,1.25,1.28,3.81,3.55,1.28,1.33,2.88,2.73,1.44,1.51,2.42,2.29,1.6,1.68,2.1,2.01,1.78,1.9,1.79,1.7,2.1,2.27,1.58,1.53,2.47,2.67,1.46,1.42,2.83,3.04,1.32,1.3,3.48,3.78,,,,,,,,,,,,,,,,,,,,,,,,,,,,
norway,eliteserien,2023-07-30,Bodo/Glimt,Tromso,0,2,Pinnacle,1.25,6.58,10.47,1.34,5.93,8.57,,,,,,,,,,,,,,,,,,,,,2.8,3.29,1.45,1.37,2.51,2.95,1.55,1.44,2.2,2.62,1.7,1.54,1.9,2.18,1.95,1.75,1.71,1.93,2.18,1.97,1.53,1.71,2.58,2.25,1.34,1.49,3.33,2.78,1.28,1.39,3.77,3.17,1.31,1.33,3.54,3.56,,,,,,,,,,,,,,,,,,,,,,,,,,,,,,,,,,,,,,,,,,,,,,,,
norway,eliteserien,2023-07-30,Sarpsborg 08,Haugesund,2,1,Pinnacle,1.43,5.15,6.57,1.41,5.47,7.23,,,,,,,,,,,,,,,,,,,,,3.51,3.42,1.34,1.35,3.42,3.14,1.33,1.4,3.06,2.81,1.4,1.49,2.48,2.31,1.57,1.68,2.14,2.04,1.75,1.88,1.91,1.81,1.96,2.1,1.66,1.59,2.3,2.5,1.52,1.47,2.63,2.82,1.42,1.4,2.95,3.15,1.29,1.29,3.7,3.87,,,,,,,,,,,,,,,,,,,,,,,,,,,,,,,,,,,,,,,,,,,,
norway,eliteserien,2023-07-30,Lillestrom,HamKam,3,1,Pinnacle,1.46,4.85,6.91,1.5,4.82,6.34,,,,,,,,,,,,,,,,,,,,,,,,,3.76,3.92,1.3,1.29,3.35,3.51,1.36,1.34,2.64,2.76,1.54,1.5,2.25,2.34,1.71,1.66,1.97,2.08,1.89,1.84,1.72,1.79,2.24,2.13,1.56,1.61,2.58,2.45,1.45,1.49,2.91,2.76,1.31,1.34,3.69,3.46,,,,,,,,,,,,,,,,,,,,,,,,,,,,,,,,,,,,,,,,,,,,
norway,eliteserien,2023-07-30,Rosenborg,Odd,3,2,Pinnacle,1.68,4.15,4.79,1.7,4.04,5.08,,,,,,,,,,,,,,,,,,,,,,,,,,,,,,,,,3.49,3.61,1.32,1.32,2.84,2.92,1.45,1.45,2.52,2.58,1.56,1.56,2.18,2.23,1.72,1.72,1.88,1.9,2.0,2.01,1.68,1.7,2.26,2.27,1.49,1.5,2.72,2.77,1.3,1.29,3.69,3.85,1.24,1.24,4.2,4.43,,,,,,,,,,,,,,,,,,,,,,,,,,,,,,,,,,,,
norway,eliteserien,2023-07-30,Brann,Viking,0,2,Pinnacle,1.65,4.67,4.46,1.84,4.36,3.88,,,,,,,,,,,,,,,,,,,,,,,,,,,,,,,,,3.06,3.72,1.4,1.31,2.59,3.04,1.53,1.42,2.32,2.73,1.65,1.51,2.05,2.41,1.83,1.63,1.8,2.06,2.07,1.85,1.65,1.83,2.32,2.07,1.48,1.63,2.73,2.4,1.31,1.43,3.55,3.01,1.29,1.35,3.7,3.42,1.31,1.3,3.56,3.79,,,,,,,,,,,,,,,,,,,,,,,,,,,,,,,,
norway,eliteserien,2023-08-05,Stromsgodset,Valerenga,1,3,Pinnacle,2.42,3.57,2.89,2.92,3.53,2.49,,,,,,,,,,,,,,,,,,,,,,,,,,,,,,,,,,,,,,,,,,,,,3.76,4.97,1.29,1.21,2.88,3.56,1.45,1.33,2.41,2.9,1.6,1.46,2.1,2.51,1.79,1.58,1.77,2.12,2.11,1.81,1.57,1.78,2.5,2.14,1.44,1.58,2.86,2.48,1.32,1.42,3.53,2.98,1.21,1.27,4.76,4.01,,,,,,,,,,,,,,,,,,,,,,,,
norway,eliteserien,2023-08-06,Viking,Bodo/Glimt,3,2,Pinnacle,3.05,3.99,2.17,2.77,4.26,2.31,,,,,,,,,,,,,,,,,,,,,,,,,,,,,,,,,,,,,,,,,,,,,4.24,4.2,1.25,1.26,3.71,3.31,1.29,1.37,3.02,2.74,1.4,1.5,2.68,2.45,1.5,1.61,2.33,2.14,1.64,1.78,1.96,1.86,1.91,2.05,1.74,1.68,2.16,2.3,1.57,1.53,2.49,2.67,1.4,1.37,3.06,3.3,1.33,1.32,3.42,3.66,,,,,,,,,,,,,,,,,,,,
norway,eliteserien,2023-08-06,Tromso,Lillestrom,3,1,Pinnacle,2.65,3.39,2.78,2.58,3.31,2.97,,,,,,,,,,,,,,,,,,,,,,,,,,,,,,,,,,,,,,,,,4.22,4.46,1.25,1.24,4.44,4.28,1.24,1.25,3.22,3.11,1.38,1.4,2.64,2.57,1.54,1.56,2.27,2.19,1.7,1.75,1.89,1.82,1.98,2.1,1.64,1.58,2.38,2.52,1.5,1.45,2.76,2.95,1.35,1.31,3.39,3.7,1.22,1.18,4.76,5.44,,,,,,,,,,,,,,,,,,,,,,,,
norway,eliteserien,2023-08-06,Sandefjord,Sarpsborg 08,5,1,Pinnacle,3.8,4.16,1.86,4.03,4.23,1.83,,,,,,,,,,,,,,,,,,,,,,,,,,,,,,,,,,,,,,,,,,,,,,,,,,,,,,,,,3.34,3.54,1.34,1.33,2.94,3.1,1.43,1.41,2.33,2.43,1.64,1.62,2.01,2.08,1.86,1.83,1.79,1.85,2.08,2.06,1.57,1.62,2.47,2.43,1.46,1.5,2.79,2.77,1.38,1.41,3.12,3.09,1.32,1.3,3.51,3.78,,,,,,,,,,,,
norway,eliteserien,2023-08-06,Odd,Stabaek,4,0,Pinnacle,2.12,3.46,3.59,2.7,3.18,2.91,,,,,,,,,,,,,,,,,,,,,,,,,,,,,,,,,,,,,,,,,,,,,3.2,4.83,1.37,1.21,2.48,3.34,1.57,1.36,2.11,2.69,1.77,1.52,1.83,2.28,2.06,1.69,1.53,1.91,2.61,2.0,1.4,1.61,3.09,2.46,1.31,1.46,3.55,2.9,1.21,1.32,4.63,3.66,1.19,1.18,5.3,5.49,,,,,,,,,,,,,,,,,,,,,,,,
norway,eliteserien,2023-08-06,Haugesund,Rosenborg,1,2,Pinnacle,2.86,3.45,2.55,2.55,3.44,2.9,,,,,,,,,,,,,,,,,,,,,,,,,,,,,,,,,,,,,,,,,4.52,4.6,1.23,1.23,5.0,4.24,1.19,1.25,3.59,3.08,1.31,1.41,2.89,2.54,1.43,1.57,2.52,2.18,1.56,1.75,2.12,1.83,1.76,2.09,1.79,1.6,2.11,2.49,1.6,1.46,2.43,2.89,1.44,1.33,2.91,3.54,1.28,1.21,3.86,4.91,,,,,,,,,,,,,,,,,,,,,,,,
norway,eliteserien,2023-08-06,HamKam,Brann,0,2,Pinnacle,4.04,4.1,1.82,3.73,4.05,1.94,,,,,,,,,,,,,,,,,,,,,,,,,,,,,,,,,,,,,,,,,,,,,,,,,,,,,3.75,3.68,1.29,1.31,3.54,3.26,1.31,1.38,3.1,2.84,1.39,1.48,2.42,2.26,1.6,1.7,2.06,1.96,1.81,1.94,1.84,1.74,2.04,2.2,1.6,1.53,2.41,2.66,1.48,1.43,2.75,3.01,1.39,1.36,3.07,3.37,,,,,,,,,,,,,,,,
norway,eliteserien,2023-08-12,Sandefjord,Molde,2,2,Pinnacle,5.69,4.89,1.51,5.61,4.64,1.57,,,,,,,,,,,,,,,,,,,,,,,,,,,,,,,,,,,,,,,,,,,,,,,,,,,,,,,,,,,,,4.59,4.42,1.22,1.24,3.29,3.15,1.35,1.4,2.67,2.57,1.5,1.56,2.39,2.27,1.61,1.69,2.09,1.99,1.78,1.92,1.83,1.74,2.05,2.2,1.66,1.6,2.3,2.48,1.5,1.44,2.68,2.95,1.34,1.29,3.36,3.87,,,,,,,,
norway,eliteserien,2023-08-12,Sarpsborg 08,Stromsgodset,1,2,Pinnacle,1.52,5.11,5.53,1.49,4.93,6.44,,,,,,,,,,,,,,,,,,,,,,,,,3.56,3.54,1.31,1.33,3.21,3.18,1.37,1.39,2.6,2.57,1.53,1.56,2.25,2.22,1.68,1.72,2.01,1.99,1.86,1.92,1.76,1.73,2.12,2.21,1.6,1.58,2.41,2.52,1.49,1.47,2.68,2.82,1.36,1.33,3.26,3.53,,,,,,,,,,,,,,,,,,,,,,,,,,,,,,,,,,,,,,,,,,,,
norway,eliteserien,2023-08-13,Valerenga,Haugesund,1,1,Pinnacle,1.56,4.48,5.88,1.59,4.31,5.86,,,,,,,,,,,,,,,,,,,,,,,,,,,,,3.86,4.25,1.28,1.25,2.94,3.15,1.42,1.4,2.47,2.61,1.58,1.55,2.18,2.3,1.72,1.68,1.89,1.99,1.98,1.92,1.67,1.74,2.27,2.21,1.54,1.58,2.58,2.51,1.37,1.4,3.18,3.11,1.22,1.23,4.54,4.52,,,,,,,,,,,,,,,,,,,,,,,,,,,,,,,,,,,,,,,,
norway,eliteserien,2023-08-13,Aalesund,HamKam,0,2,Pinnacle,2.13,3.66,3.38,2.17,3.88,3.22,,,,,,,,,,,,,,,,,,,,,,,,,,,,,,,,,,,,,,,,,3.55,3.54,1.31,1.33,3.13,3.14,1.38,1.4,2.48,2.52,1.57,1.58,2.12,2.16,1.76,1.76,1.85,1.9,2.03,2.01,1.56,1.63,2.5,2.42,1.43,1.48,2.93,2.81,1.34,1.39,3.34,3.19,1.24,1.27,4.3,4.05,,,,,,,,,,,,,,,,,,,,,,,,,,,,
norway,eliteserien,2023-08-13,Lillestrom,Viking,1,3,Pinnacle,2.07,4.28,3.09,2.24,3.9,3.08,,,,,,,,,,,,,,,,,,,,,,,,,,,,,,,,,,,,,,,,,3.24,3.58,1.36,1.33,2.88,3.2,1.44,1.39,2.37,2.58,1.63,1.56,2.06,2.23,1.81,1.72,1.84,1.96,2.04,1.93,1.61,1.69,2.4,2.28,1.48,1.53,2.74,2.65,1.4,1.43,3.06,3.04,1.29,1.3,3.78,3.74,,,,,,,,,,,,,,,,,,,,,,,,,,,,
norway,eliteserien,2023-08-19,Odd,Sarpsborg 08,0,3,Pinnacle,3.06,3.74,2.28,2.7,3.99,2.45,,,,,,,,,,,,,,,,,,,,,,,,,,,,,,,,,,,,,,,,,,,,,4.49,4.31,1.23,1.25,3.75,3.23,1.3,1.38,3.02,2.69,1.42,1.52,2.66,2.37,1.53,1.65,2.28,2.05,1.69,1.86,1.89,1.78,1.97,2.15,1.69,1.61,2.27,2.44,1.53,1.46,2.67,2.87,1.35,1.31,3.39,3.69,,,,,,,,,,,,,,,,,,,,,,,,
norway,eliteserien,2023-08-19,Molde,Valerenga,0,0,Pinnacle,1.4,5.33,7.06,1.59,4.53,5.48,,,,,,,,,,,,,,,,,,,,,,,,,,,,,2.88,4.03,1.44,1.27,2.36,3.07,1.63,1.41,2.06,2.58,1.81,1.56,1.83,2.28,2.05,1.69,1.59,1.98,2.43,1.93,1.47,1.74,2.78,2.21,1.39,1.58,3.11,2.51,1.27,1.41,3.93,3.06,1.21,1.25,4.88,4.29,,,,,,,,,,,,,,,,,,,,,,,,,,,,,,,,,,,,,,,,
norway,eliteserien,2023-08-20,Viking,Stabaek,1,0,Pinnacle,1.63,4.31,5.24,1.43,5.29,6.93,,,,,,,,,,,,,,,,,,,,,,,,,4.04,3.52,1.26,1.33,4.32,3.14,1.25,1.4,3.22,2.53,1.38,1.57,2.68,2.19,1.53,1.75,2.36,1.93,1.65,1.97,2.04,1.67,1.84,2.33,1.79,1.52,2.13,2.7,1.63,1.42,2.41,3.04,1.44,1.29,2.93,3.84,,,,,,,,,,,,,,,,,,,,,,,,,,,,,,,,,,,,,,,,,,,,
norway,eliteserien,2023-08-20,Tromso,Sandefjord,1,0,Pinnacle,1.56,4.41,5.94,1.46,4.65,7.11,,,,,,,,,,,,,,,,,,,,,,,,,3.92,4.05,1.28,1.28,3.97,3.61,1.27,1.34,2.99,2.78,1.41,1.49,2.51,2.29,1.56,1.66,2.21,2.07,1.71,1.89,1.91,1.77,1.95,2.16,1.68,1.56,2.26,2.51,1.54,1.47,2.56,2.84,1.37,1.3,3.17,3.63,,,,,,,,,,,,,,,,,,,,,,,,,,,,,,,,,,,,,,,,,,,,
norway,eliteserien,2023-08-20,Stromsgodset,Lillestrom,1,2,Pinnacle,3.08,3.75,2.23,3.65,3.83,2.03,,,,,,,,,,,,,,,,,,,,,,,,,,,,,,,,,,,,,,,,,,,,,,,,,3.78,4.21,1.28,1.26,3.05,3.6,1.4,1.32,2.68,3.16,1.5,1.39,2.3,2.73,1.66,1.51,1.92,2.17,1.95,1.76,1.7,1.88,2.22,2.03,1.53,1.67,2.6,2.33,1.35,1.46,3.28,2.9,1.3,1.37,3.68,3.28,1.31,1.31,3.61,3.67,,,,,,,,,,,,,,,,
norway,eliteserien,2023-08-20,Haugesund,Bodo/Glimt,1,3,Pinnacle,5.3,4.79,1.55,6.3,4.98,1.49,,,,,,,,,,,,,,,,,,,,,,,,,,,,,,,,,,,,,,,,,,,,,,,,,,,,,,,,,,,,,4.24,4.68,1.24,1.22,3.11,3.51,1.39,1.34,2.57,2.81,1.54,1.48,2.28,2.5,1.66,1.59,2.01,2.17,1.87,1.76,1.76,1.87,2.12,2.04,1.61,1.68,2.39,2.3,1.46,1.52,2.79,2.69,1.31,1.36,3.55,3.37,1.32,1.3,3.53,3.76,,,,
norway,eliteserien,2023-08-20,HamKam,Rosenborg,3,0,Pinnacle,2.73,3.57,2.55,2.67,3.63,2.63,,,,,,,,,,,,,,,,,,,,,,,,,,,,,,,,,,,,,,,,,,,,,4.53,4.4,1.22,1.24,3.31,3.23,1.35,1.38,2.72,2.66,1.49,1.52,2.36,2.31,1.63,1.68,2.01,1.97,1.87,1.93,1.71,1.69,2.2,2.28,1.55,1.55,2.53,2.62,1.4,1.4,3.04,3.16,1.26,1.25,4.07,4.26,,,,,,,,,,,,,,,,,,,,,,,,
norway,eliteserien,2023-08-20,Brann,Aalesund,5,1,Pinnacle,1.19,7.98,11.84,1.28,6.67,9.35,,,,,,,,,,,,,3.54,3.68,1.31,1.3,2.81,3.01,1.45,1.42,2.4,2.56,1.6,1.54,2.14,2.32,1.74,1.66,1.88,2.07,1.96,1.82,1.68,1.85,2.23,2.05,1.56,1.68,2.5,2.27,1.4,1.53,3.01,2.64,1.25,1.37,4.06,3.26,1.26,1.31,3.93,3.63,,,,,,,,,,,,,,,,,,,,,,,,,,,,,,,,,,,,,,,,,,,,,,,,,,,,
norway,eliteserien,2023-08-26,Sarpsborg 08,Tromso,4,0,Pinnacle,1.66,4.32,4.78,1.95,4.04,3.68,,,,,,,,,,,,,,,,,,,,,,,,,,,,,,,,,,,,,2.73,3.34,1.48,1.36,2.43,2.94,1.6,1.43,2.11,2.66,1.77,1.53,1.83,2.21,2.05,1.74,1.65,1.95,2.3,1.95,1.47,1.71,2.77,2.24,1.29,1.49,3.72,2.81,1.24,1.38,4.21,3.22,1.26,1.32,3.98,3.77,,,,,,,,,,,,,,,,,,,,,,,,,,,,,,,,
norway,eliteserien,2023-08-27,Rosenborg,Aalesund,4,0,Pinnacle,1.52,4.6,6.26,1.4,5.25,7.69,,,,,,,,,,,,,,,,,,,,,,,,,3.98,3.26,1.26,1.38,3.71,2.9,1.31,1.45,2.85,2.38,1.47,1.64,2.41,2.07,1.63,1.83,2.12,1.85,1.79,2.07,1.83,1.6,2.06,2.47,1.64,1.48,2.39,2.82,1.51,1.39,2.71,3.16,1.35,1.27,3.38,4.06,,,,,,,,,,,,,,,,,,,,,,,,,,,,,,,,,,,,,,,,,,,,
norway,eliteserien,2023-08-27,Sandefjord,Haugesund,0,0,Pinnacle,2.23,3.58,3.29,2.17,3.68,3.38,,,,,,,,,,,,,,,,,,,,,,,,,,,,,,,,,,,,,,,,,3.79,3.61,1.3,1.32,3.35,3.19,1.36,1.39,2.61,2.53,1.55,1.58,2.22,2.16,1.73,1.76,1.91,1.88,1.95,2.02,1.63,1.6,2.41,2.49,1.48,1.45,2.85,2.92,1.38,1.36,3.26,3.34,1.26,1.25,4.14,4.25,,,,,,,,,,,,,,,,,,,,,,,,,,,,
norway,eliteserien,2023-08-27,Valerenga,Odd,2,2,Pinnacle,1.79,3.93,4.4,1.71,3.91,5.26,,,,,,,,,,,,,,,,,,,,,,,,,,,,,,,,,3.84,3.75,1.28,1.3,3.08,2.99,1.39,1.43,2.75,2.64,1.48,1.54,2.39,2.27,1.61,1.7,2.01,1.92,1.86,1.99,1.78,1.7,2.1,2.26,1.56,1.5,2.51,2.78,1.35,1.28,3.33,3.95,1.28,1.23,3.84,4.56,,,,,,,,,,,,,,,,,,,,,,,,,,,,,,,,,,,,
norway,eliteserien,2023-09-02,Viking,Valerenga,1,1,Pinnacle,1.57,4.57,5.26,1.58,4.56,5.56,,,,,,,,,,,,,,,,,,,,,,,,,,,,,3.85,4.04,1.28,1.27,2.96,3.05,1.42,1.42,2.5,2.55,1.56,1.57,2.22,2.25,1.7,1.71,1.93,1.96,1.93,1.94,1.71,1.72,2.21,2.24,1.57,1.57,2.49,2.54,1.4,1.4,3.02,3.1,1.25,1.24,4.16,4.36,,,,,,,,,,,,,,,,,,,,,,,,,,,,,,,,,,,,,,,,
norway,eliteserien,2023-09-03,Stromsgodset,Stabaek,2,1,Pinnacle,2.35,3.5,3.05,2.05,3.62,3.79,,,,,,,,,,,,,,,,,,,,,,,,,,,,,,,,,,,,,3.87,3.8,1.29,1.3,4.11,3.39,1.25,1.35,3.66,2.98,1.3,1.44,2.79,2.37,1.47,1.65,2.34,2.05,1.64,1.86,2.03,1.77,1.85,2.16,1.7,1.5,2.22,2.77,1.52,1.38,2.63,3.25,1.4,1.31,3.02,3.74,,,,,,,,,,,,,,,,,,,,,,,,,,,,,,,,
norway,eliteserien,2023-09-03,Odd,Sandefjord,3,2,Pinnacle,1.7,4.03,4.8,2.0,3.96,3.61,,,,,,,,,,,,,,,,,,,,,,,,,,,,,,,,,,,,,2.89,3.51,1.43,1.34,2.57,3.14,1.54,1.4,2.23,2.79,1.7,1.49,1.9,2.28,1.97,1.69,1.7,2.0,2.22,1.9,1.5,1.75,2.69,2.18,1.3,1.51,3.67,2.73,1.24,1.4,4.2,3.14,1.29,1.33,3.79,3.56,,,,,,,,,,,,,,,,,,,,,,,,,,,,,,,,
norway,eliteserien,2023-09-03,Haugesund,Molde,1,2,Pinnacle,5.81,4.69,1.52,5.05,4.47,1.64,,,,,,,,,,,,,,,,,,,,,,,,,,,,,,,,,,,,,,,,,,,,,,,,,,,,,,,,,4.14,4.4,1.26,1.24,4.63,3.94,1.21,1.28,3.27,2.89,1.36,1.45,2.65,2.4,1.51,1.63,2.35,2.11,1.63,1.8,2.05,1.83,1.83,2.09,1.78,1.63,2.1,2.4,1.62,1.51,2.37,2.72,1.46,1.37,2.79,3.29,1.31,1.24,3.59,4.45,,,,,,,,
norway,eliteserien,2023-09-03,HamKam,Bodo/Glimt,4,4,Pinnacle,5.25,4.81,1.57,5.26,4.78,1.58,,,,,,,,,,,,,,,,,,,,,,,,,,,,,,,,,,,,,,,,,,,,,,,,,,,,,,,,,,,,,4.19,4.17,1.26,1.26,3.09,3.06,1.41,1.41,2.56,2.53,1.56,1.57,2.29,2.24,1.69,1.71,2.02,1.96,1.89,1.94,1.78,1.72,2.15,2.23,1.63,1.58,2.41,2.52,1.47,1.44,2.81,2.96,1.33,1.3,3.57,3.8,1.32,1.29,3.57,3.84,,,,
norway,eliteserien,2023-09-03,Brann,Sarpsborg 08,1,0,Pinnacle,1.69,4.8,4.12,1.6,4.99,4.83,,,,,,,,,,,,,,,,,,,,,,,,,,,,,3.98,3.75,1.28,1.3,3.11,2.93,1.38,1.44,2.62,2.49,1.51,1.59,2.36,2.22,1.63,1.73,2.09,1.95,1.78,1.95,1.85,1.73,2.03,2.21,1.68,1.6,2.25,2.48,1.52,1.44,2.63,2.95,1.35,1.29,3.3,3.88,,,,,,,,,,,,,,,,,,,,,,,,,,,,,,,,,,,,,,,,
norway,eliteserien,2023-09-03,Aalesund,Lillestrom,1,1,Pinnacle,3.74,3.92,1.93,4.42,4.34,1.74,,,,,,,,,,,,,,,,,,,,,,,,,,,,,,,,,,,,,,,,,,,,,,,,,,,,,,,,,3.26,3.89,1.36,1.29,2.84,3.42,1.46,1.35,2.24,2.62,1.69,1.54,1.94,2.21,1.93,1.74,1.72,1.96,2.19,1.94,1.51,1.7,2.67,2.26,1.4,1.55,3.02,2.6,1.34,1.45,3.38,2.91,1.29,1.33,3.8,3.56,,,,,,,,,,,,
norway,eliteserien,2023-09-03,Tromso,Rosenborg,3,1,Pinnacle,2.16,3.54,3.5,2.22,3.42,3.51,,,,,,,,,,,,,,,,,,,,,,,,,,,,,,,,,,,,,4.05,3.97,1.27,1.28,3.68,3.93,1.31,1.28,3.24,3.45,1.38,1.34,2.53,2.63,1.58,1.54,2.15,2.21,1.78,1.74,1.85,1.9,2.03,2.0,1.57,1.58,2.55,2.52,1.43,1.43,3.02,3.01,1.34,1.34,3.45,3.47,1.24,1.23,4.46,4.5,,,,,,,,,,,,,,,,,,,,,,,,,,,,
norway,eliteserien,2023-09-16,Sandefjord,Stromsgodset,2,0,Pinnacle,2.42,3.68,2.82,2.44,3.64,2.91,,,,,,,,,,,,,,,,,,,,,,,,,,,,,,,,,,,,,,,,,3.92,4.21,1.28,1.26,3.73,3.77,1.29,1.3,2.86,2.9,1.44,1.46,2.41,2.43,1.6,1.62,2.1,2.12,1.78,1.81,1.79,1.79,2.1,2.13,1.58,1.58,2.45,2.51,1.47,1.46,2.81,2.88,1.33,1.33,3.42,3.55,,,,,,,,,,,,,,,,,,,,,,,,,,,,
norway,eliteserien,2023-09-16,Molde,Odd,4,1,Pinnacle,1.3,6.21,8.22,1.29,6.2,10.61,,,,,,,,,,,,,,,,,3.76,3.76,1.3,1.29,2.98,3.11,1.4,1.4,2.68,2.77,1.48,1.49,2.38,2.45,1.61,1.61,2.03,2.06,1.81,1.83,1.83,1.85,2.05,2.07,1.63,1.63,2.34,2.42,1.43,1.41,2.9,3.1,1.35,1.33,3.26,3.54,1.29,1.28,3.64,3.98,,,,,,,,,,,,,,,,,,,,,,,,,,,,,,,,,,,,,,,,,,,,,,,,
norway,eliteserien,2023-09-16,Haugesund,Viking,0,2,Pinnacle,4.02,4.25,1.79,3.96,3.99,1.9,,,,,,,,,,,,,,,,,,,,,,,,,,,,,,,,,,,,,,,,,,,,,,,,,,,,,3.82,3.91,1.28,1.29,3.54,3.45,1.31,1.34,3.11,3.0,1.38,1.44,2.45,2.34,1.59,1.66,2.09,2.01,1.79,1.9,1.87,1.78,2.0,2.14,1.64,1.56,2.33,2.57,1.51,1.45,2.65,2.91,1.42,1.38,2.95,3.26,1.31,1.29,3.59,3.84,,,,,,,,,,,,
norway,eliteserien,2023-09-17,Rosenborg,Bodo/Glimt,1,1,Pinnacle,3.83,4.1,1.86,4.31,4.48,1.65,,,,,,,,,,,,,,,,,,,,,,,,,,,,,,,,,,,,,,,,,,,,,,,,,,,,,,,,,3.36,3.84,1.34,1.26,2.95,3.42,1.43,1.31,2.33,2.66,1.64,1.48,2.01,2.25,1.86,1.65,1.79,2.01,2.09,1.81,1.57,1.76,2.49,2.07,1.45,1.59,2.81,2.36,1.38,1.48,3.14,2.63,1.29,1.35,3.78,3.15,,,,,,,,,,,,
norway,eliteserien,2023-09-17,Sarpsborg 08,Lillestrom,3,1,Pinnacle,2.05,4.0,3.32,1.94,4.2,3.63,,,,,,,,,,,,,,,,,,,,,,,,,,,,,,,,,,,,,3.55,3.3,1.31,1.37,3.2,2.96,1.37,1.44,2.85,2.63,1.45,1.54,2.33,2.19,1.64,1.75,2.05,1.94,1.83,1.96,1.79,1.71,2.08,2.25,1.55,1.49,2.53,2.8,1.43,1.39,2.91,3.19,1.35,1.32,3.29,3.59,,,,,,,,,,,,,,,,,,,,,,,,,,,,,,,,
norway,eliteserien,2023-09-17,Tromso,HamKam,2,1,Pinnacle,1.6,4.26,5.48,1.51,4.56,6.89,,,,,,,,,,,,,,,,,,,,,,,,,,,,,4.29,3.86,1.24,1.29,3.18,2.9,1.37,1.44,2.63,2.43,1.52,1.62,2.32,2.12,1.65,1.79,2.01,1.84,1.86,2.1,1.75,1.63,2.15,2.44,1.59,1.49,2.44,2.78,1.41,1.33,3.0,3.53,1.24,1.18,4.26,5.4,,,,,,,,,,,,,,,,,,,,,,,,,,,,,,,,,,,,,,,,
norway,eliteserien,2023-09-17,Valerenga,Aalesund,3,1,Pinnacle,1.47,4.88,6.28,1.46,4.94,7.01,,,,,,,,,,,,,,,,,,,,,,,,,3.72,3.62,1.29,1.32,3.33,3.24,1.35,1.38,2.64,2.59,1.52,1.55,2.25,2.23,1.68,1.72,2.0,1.97,1.87,1.93,1.73,1.7,2.17,2.26,1.57,1.55,2.49,2.6,1.46,1.44,2.8,2.93,1.32,1.31,3.5,3.73,,,,,,,,,,,,,,,,,,,,,,,,,,,,,,,,,,,,,,,,,,,,
norway,eliteserien,2023-09-17,Stabaek,Brann,0,1,Pinnacle,3.78,3.87,1.93,3.94,3.9,1.79,,,,,,,,,,,,,,,,,,,,,,,,,,,,,,,,,,,,,,,,,,,,,,,,,,,,,3.74,3.77,1.29,1.25,3.29,3.47,1.35,1.29,2.86,3.03,1.45,1.36,2.24,2.36,1.68,1.57,1.93,2.0,1.93,1.78,1.71,1.79,2.2,2.01,1.5,1.56,2.68,2.38,1.4,1.44,3.03,2.71,1.34,1.36,3.4,3.01,1.28,1.26,3.93,3.71,,,,,,,,,,,,
norway,eliteserien,2023-09-23,Aalesund,Stabaek,1,1,Pinnacle,2.47,3.47,2.95,2.51,3.68,2.8,,,,,,,,,,,,,,,,,,,,,,,,,,,,,,,,,,,,,,,,,4.44,4.42,1.24,1.24,3.96,4.06,1.28,1.27,2.97,3.0,1.44,1.43,2.46,2.49,1.61,1.59,2.11,2.17,1.78,1.76,1.79,1.85,2.13,2.07,1.57,1.62,2.53,2.43,1.45,1.49,2.92,2.79,1.32,1.35,3.64,3.42,1.19,1.22,5.0,4.75,,,,,,,,,,,,,,,,,,,,,,,,
norway,eliteserien,2023-09-24,Viking,Sandefjord,4,3,Pinnacle,1.28,6.7,9.14,1.28,6.68,9.11,,,,,,,,,,,,,,,,,3.24,3.42,1.38,1.34,2.72,2.85,1.5,1.45,2.46,2.56,1.61,1.55,2.17,2.26,1.76,1.69,1.88,1.96,1.97,1.93,1.73,1.76,2.22,2.14,1.56,1.58,2.58,2.49,1.38,1.39,3.24,3.14,1.32,1.32,3.63,3.54,,,,,,,,,,,,,,,,,,,,,,,,,,,,,,,,,,,,,,,,,,,,,,,,,,,,
norway,eliteserien,2023-09-24,Stromsgodset,Molde,1,1,Pinnacle,4.42,4.21,1.73,4.8,4.45,1.64,,,,,,,,,,,,,,,,,,,,,,,,,,,,,,,,,,,,,,,,,,,,,,,,,,,,,,,,,3.89,4.24,1.27,1.25,3.42,3.74,1.33,1.28,2.6,2.8,1.53,1.45,2.19,2.33,1.72,1.63,1.95,2.08,1.92,1.79,1.69,1.8,2.23,2.05,1.55,1.63,2.55,2.42,1.44,1.54,2.85,2.71,1.32,1.39,3.48,3.28,1.25,1.26,4.28,4.21,,,,,,,,
norway,eliteserien,2023-09-24,Odd,Haugesund,1,1,Pinnacle,1.92,3.76,3.96,2.02,3.63,3.88,,,,,,,,,,,,,,,,,,,,,,,,,,,,,,,,,,,,,3.43,3.76,1.33,1.3,3.05,3.34,1.4,1.36,2.68,2.93,1.5,1.45,2.18,2.33,1.72,1.67,1.92,2.02,1.95,1.89,1.66,1.74,2.28,2.2,1.43,1.47,2.97,2.85,1.33,1.36,3.43,3.34,1.27,1.29,3.91,3.83,,,,,,,,,,,,,,,,,,,,,,,,,,,,,,,,
norway,eliteserien,2023-09-24,Lillestrom,Rosenborg,3,0,Pinnacle,1.85,4.03,3.95,1.84,4.04,4.21,,,,,,,,,,,,,,,,,,,,,,,,,,,,,,,,,3.83,3.86,1.29,1.29,3.17,3.21,1.37,1.38,2.83,2.86,1.45,1.47,2.5,2.49,1.57,1.59,2.08,2.08,1.79,1.84,1.85,1.83,2.02,2.07,1.63,1.61,2.36,2.45,1.41,1.39,3.02,3.19,1.33,1.31,3.45,3.67,1.27,1.27,3.89,4.09,,,,,,,,,,,,,,,,,,,,,,,,,,,,,,,,
norway,eliteserien,2023-09-24,HamKam,Sarpsborg 08,1,1,Pinnacle,3.11,3.93,2.16,3.62,4.41,1.9,,,,,,,,,,,,,,,,,,,,,,,,,,,,,,,,,,,,,,,,,,,,,,,,,,,,,3.08,3.57,1.39,1.33,2.73,3.19,1.49,1.39,2.36,2.82,1.63,1.48,1.97,2.29,1.89,1.68,1.75,2.01,2.15,1.9,1.57,1.78,2.49,2.14,1.39,1.57,3.08,2.55,1.33,1.46,3.45,2.87,1.34,1.38,3.4,3.21,,,,,,,,,,,,,,,,
norway,eliteserien,2023-09-24,Brann,Tromso,2,1,Pinnacle,1.55,4.61,5.5,1.83,4.04,4.23,,,,,,,,,,,,,,,,,,,,,,,,,,,,,,,,,2.93,4.04,1.43,1.27,2.46,3.22,1.58,1.38,2.18,2.86,1.72,1.47,1.9,2.49,1.97,1.59,1.68,2.07,2.26,1.85,1.54,1.83,2.56,2.08,1.38,1.61,3.13,2.46,1.23,1.39,4.36,3.2,1.24,1.31,4.33,3.69,,,,,,,,,,,,,,,,,,,,,,,,,,,,,,,,,,,,
norway,eliteserien,2023-09-24,Bodo/Glimt,Valerenga,4,2,Pinnacle,1.34,6.05,7.63,1.26,6.76,10.37,,,,,,,,,,,,,,,,,3.52,3.24,1.32,1.37,3.1,2.72,1.39,1.49,2.79,2.44,1.46,1.6,2.49,2.15,1.57,1.76,2.1,1.88,1.78,2.01,1.88,1.7,1.99,2.24,1.68,1.53,2.26,2.64,1.48,1.35,2.76,3.36,1.39,1.29,3.11,3.78,,,,,,,,,,,,,,,,,,,,,,,,,,,,,,,,,,,,,,,,,,,,,,,,,,,,
norway,eliteserien,2023-09-30,Stabaek,Tromso,0,1,Pinnacle,2.66,3.32,2.77,3.61,3.33,2.22,,,,,,,,,,,,,,,,,,,,,,,,,,,,,,,,,,,,,,,,,,,,,,,,,3.25,4.67,1.36,1.22,2.64,3.57,1.52,1.33,2.27,3.08,1.68,1.42,1.89,2.56,1.98,1.56,1.63,2.01,2.37,1.89,1.48,1.74,2.76,2.21,1.33,1.54,3.42,2.63,1.19,1.34,4.93,3.45,1.22,1.28,4.56,3.93,,,,,,,,,,,,,,,,,,,,
norway,eliteserien,2023-10-01,Bodo/Glimt,Stromsgodset,2,0,Pinnacle,1.18,8.67,12.09,1.18,9.23,13.96,,,,,,,,,3.43,3.22,1.32,1.37,3.1,2.9,1.38,1.44,2.55,2.43,1.53,1.61,2.22,2.14,1.69,1.77,2.0,1.93,1.86,1.96,1.75,1.7,2.11,2.24,1.6,1.6,2.39,2.52,1.49,1.47,2.65,2.78,1.36,1.36,3.22,3.42,,,,,,,,,,,,,,,,,,,,,,,,,,,,,,,,,,,,,,,,,,,,,,,,,,,,,,,,,,,,
norway,eliteserien,2023-10-01,Lillestrom,Brann,0,2,Pinnacle,2.47,3.69,2.76,2.66,3.68,2.63,,,,,,,,,,,,,,,,,,,,,,,,,,,,,,,,,,,,,,,,,,,,,3.82,4.47,1.28,1.24,2.92,3.23,1.43,1.38,2.46,2.65,1.58,1.53,2.14,2.3,1.75,1.68,1.83,1.96,2.05,1.94,1.61,1.69,2.4,2.27,1.48,1.55,2.75,2.62,1.35,1.4,3.32,3.11,1.22,1.27,4.5,4.09,,,,,,,,,,,,,,,,,,,,,,,,
norway,eliteserien,2023-10-01,Sandefjord,Valerenga,1,2,Pinnacle,3.17,3.62,2.24,2.95,3.56,2.45,,,,,,,,,,,,,,,,,,,,,,,,,,,,,,,,,,,,,,,,,,,,,,,,,3.94,3.64,1.27,1.32,3.13,2.92,1.38,1.44,2.74,2.54,1.48,1.57,2.33,2.15,1.64,1.78,1.93,1.81,1.94,2.12,1.69,1.61,2.23,2.44,1.52,1.45,2.62,2.93,1.34,1.29,3.35,3.89,1.29,1.25,3.77,4.35,,,,,,,,,,,,,,,,,,,,
norway,eliteserien,2023-10-01,Molde,Viking,4,0,Pinnacle,1.83,4.32,3.82,1.83,4.38,3.91,,,,,,,,,,,,,,,,,,,,,,,,,,,,,,,,,3.66,3.77,1.3,1.3,3.0,3.06,1.41,1.41,2.7,2.75,1.5,1.5,2.38,2.41,1.61,1.63,2.04,2.05,1.84,1.86,1.81,1.83,2.05,2.08,1.62,1.63,2.38,2.42,1.41,1.42,2.97,3.03,1.34,1.34,3.38,3.45,1.3,1.31,3.74,3.73,,,,,,,,,,,,,,,,,,,,,,,,,,,,,,,,
norway,eliteserien,2023-10-04,Stabaek,HamKam,5,2,Pinnacle,1.88,3.8,4.17,2.05,3.71,3.69,,,,,,,,,,,,,,,,,,,,,,,,,,,,,,,,,,,,,3.36,3.73,1.36,1.31,2.98,3.34,1.43,1.36,2.61,2.95,1.55,1.45,2.14,2.36,1.78,1.65,1.87,2.05,2.0,1.87,1.64,1.77,2.38,2.15,1.41,1.51,3.13,2.73,1.32,1.39,3.62,3.19,1.27,1.32,4.11,3.65,,,,,,,,,,,,,,,,,,,,,,,,,,,,,,,,
norway,eliteserien,2023-10-07,Odd,Viking,1,1,Pinnacle,3.49,3.87,2.02,3.49,3.93,2.05,,,,,,,,,,,,,,,,,,,,,,,,,,,,,,,,,,,,,,,,,,,,,,,,,,,,,3.45,3.45,1.33,1.34,3.04,3.04,1.4,1.42,2.63,2.63,1.52,1.54,2.12,2.13,1.76,1.79,1.85,1.86,2.02,2.05,1.65,1.66,2.31,2.35,1.45,1.46,2.85,2.9,1.37,1.37,3.2,3.26,1.31,1.32,3.57,3.64,,,,,,,,,,,,,,,,
norway,eliteserien,2023-10-08,Valerenga,Brann,1,2,Pinnacle,3.01,3.69,2.29,2.69,3.57,2.66,,,,,,,,,,,,,,,,,,,,,,,,,,,,,,,,,,,,,,,,,,,,,4.66,4.49,1.22,1.23,3.69,3.26,1.3,1.38,2.98,2.68,1.41,1.52,2.61,2.32,1.52,1.67,2.23,1.96,1.69,1.94,1.88,1.69,2.0,2.29,1.67,1.53,2.28,2.65,1.5,1.39,2.69,3.2,1.33,1.25,3.43,4.33,,,,,,,,,,,,,,,,,,,,,,,,
norway,eliteserien,2023-10-08,Tromso,Aalesund,1,2,Pinnacle,1.37,5.21,7.99,1.29,5.99,10.82,,,,,,,,,,,,,,,,,,,,,3.61,3.35,1.31,1.36,3.35,2.98,1.34,1.43,2.96,2.62,1.42,1.54,2.39,2.15,1.61,1.77,2.07,1.9,1.8,2.01,1.83,1.66,2.05,2.34,1.57,1.44,2.48,3.01,1.45,1.34,2.87,3.46,1.36,1.29,3.23,3.92,,,,,,,,,,,,,,,,,,,,,,,,,,,,,,,,,,,,,,,,,,,,,,,,
norway,eliteserien,2023-10-08,Stabaek,Lillestrom,1,0,Pinnacle,3.21,3.53,2.29,2.26,3.56,3.27,,,,,,,,,,,,,,,,,,,,,,,,,,,,,,,,,,,,,,,,,4.48,3.95,1.24,1.28,5.15,3.49,1.19,1.34,4.03,2.68,1.27,1.53,3.18,2.25,1.39,1.71,2.77,1.95,1.5,1.95,2.34,1.64,1.66,2.38,1.91,1.48,1.96,2.82,1.69,1.38,2.28,3.24,1.52,1.27,2.7,4.11,,,,,,,,,,,,,,,,,,,,,,,,,,,,
norway,eliteserien,2023-10-08,Sarpsborg 08,Rosenborg,5,2,Pinnacle,1.74,4.36,4.39,1.6,4.76,5.12,,,,,,,,,,,,,,,,,,,,,,,,,,,,,4.23,3.87,1.26,1.29,3.38,2.98,1.35,1.43,2.8,2.52,1.48,1.58,2.51,2.24,1.58,1.72,2.2,1.96,1.74,1.94,1.9,1.73,1.97,2.22,1.72,1.59,2.22,2.5,1.54,1.43,2.63,3.0,1.35,1.27,3.42,4.06,,,,,,,,,,,,,,,,,,,,,,,,,,,,,,,,,,,,,,,,
norway,eliteserien,2023-10-08,Sandefjord,HamKam,0,1,Pinnacle,2.15,3.75,3.31,2.03,3.9,3.57,,,,,,,,,,,,,,,,,,,,,,,,,,,,,,,,,,,,,3.65,3.62,1.32,1.32,3.5,3.24,1.32,1.38,3.1,2.87,1.39,1.47,2.47,2.32,1.57,1.67,2.12,2.03,1.76,1.88,1.86,1.77,2.01,2.15,1.59,1.52,2.45,2.69,1.45,1.4,2.85,3.1,1.36,1.33,3.24,3.53,,,,,,,,,,,,,,,,,,,,,,,,,,,,,,,,
norway,eliteserien,2023-10-08,Molde,Bodo/Glimt,1,3,Pinnacle,2.22,3.83,3.11,2.13,3.94,3.28,,,,,,,,,,,,,,,,,,,,,,,,,,,,,,,,,,,,,,,,,3.62,3.33,1.32,1.36,3.23,2.97,1.38,1.43,2.58,2.44,1.56,1.62,2.21,2.12,1.73,1.79,1.93,1.87,1.93,2.04,1.67,1.6,2.33,2.47,1.51,1.47,2.72,2.87,1.41,1.38,3.08,3.24,1.3,1.27,3.81,4.04,,,,,,,,,,,,,,,,,,,,,,,,,,,,
norway,eliteserien,2023-10-08,Haugesund,Stromsgodset,1,0,Pinnacle,2.31,3.6,3.04,2.51,3.42,2.98,,,,,,,,,,,,,,,,,,,,,,,,,,,,,,,,,,,,,,,,,4.0,4.48,1.26,1.24,3.56,4.04,1.31,1.27,2.73,3.0,1.49,1.43,2.3,2.49,1.65,1.59,2.01,2.14,1.87,1.78,1.69,1.79,2.24,2.14,1.52,1.57,2.63,2.55,1.41,1.45,3.01,2.96,1.29,1.31,3.77,3.69,1.18,1.18,5.37,5.35,,,,,,,,,,,,,,,,,,,,,,,,
norway,eliteserien,2023-10-21,Brann,Molde,3,2,Pinnacle,2.27,3.66,3.09,2.32,3.54,3.18,,,,,,,,,,,,,,,,,,,,,,,,,,,,,,,,,,,,,,,,,3.74,3.94,1.29,1.28,3.34,3.51,1.34,1.33,2.64,2.73,1.51,1.51,2.26,2.31,1.68,1.68,1.97,2.01,1.9,1.9,1.67,1.68,2.28,2.3,1.5,1.51,2.68,2.73,1.4,1.4,3.05,3.14,1.28,1.28,3.79,3.97,,,,,,,,,,,,,,,,,,,,,,,,,,,,
norway,eliteserien,2023-10-21,Bodo/Glimt,Sandefjord,4,3,Pinnacle,1.14,10.15,16.61,1.11,11.75,20.51,3.39,3.34,1.34,1.34,3.26,2.82,1.35,1.43,2.96,2.57,1.41,1.51,2.67,2.29,1.5,1.66,2.25,2.01,1.67,1.87,2.0,1.81,1.85,2.03,1.78,1.67,2.07,2.35,1.58,1.45,2.44,2.82,1.46,1.4,2.74,3.16,1.39,1.34,3.05,3.44,,,,,,,,,,,,,,,,,,,,,,,,,,,,,,,,,,,,,,,,,,,,,,,,,,,,,,,,,,,,,,,,
norway,eliteserien,2023-10-22,Aalesund,Sarpsborg 08,3,2,Pinnacle,3.9,4.25,1.82,3.58,4.21,1.95,,,,,,,,,,,,,,,,,,,,,,,,,,,,,,,,,,,,,,,,,,,,,,,,,,,,,3.8,3.54,1.3,1.33,3.44,3.14,1.33,1.4,3.02,2.76,1.4,1.5,2.39,2.23,1.61,1.72,2.06,1.95,1.81,1.95,1.85,1.74,2.03,2.2,1.62,1.54,2.38,2.63,1.5,1.44,2.69,2.96,1.41,1.37,2.99,3.29,,,,,,,,,,,,,,,,
norway,eliteserien,2023-10-22,HamKam,Haugesund,0,3,Pinnacle,2.05,3.74,3.51,2.28,3.52,3.29,,,,,,,,,,,,,,,,,,,,,,,,,,,,,,,,,,,,,,,,,3.34,3.95,1.34,1.28,2.96,3.5,1.43,1.34,2.36,2.69,1.63,1.52,2.05,2.27,1.83,1.7,1.78,1.96,2.1,1.94,1.52,1.64,2.62,2.38,1.4,1.48,3.05,2.83,1.32,1.38,3.47,3.25,1.23,1.26,4.44,4.15,,,,,,,,,,,,,,,,,,,,,,,,,,,,
norway,eliteserien,2023-10-22,Lillestrom,Valerenga,2,0,Pinnacle,1.91,3.85,3.88,2.37,3.54,3.1,,,,,,,,,,,,,,,,,,,,,,,,,,,,,,,,,,,,,,,,,3.01,4.19,1.41,1.26,2.65,3.72,1.51,1.31,2.17,2.82,1.73,1.48,1.91,2.36,1.96,1.65,1.67,2.04,2.28,1.87,1.43,1.71,2.93,2.25,1.34,1.53,3.37,2.67,1.28,1.41,3.83,3.07,1.24,1.29,4.28,3.87,,,,,,,,,,,,,,,,,,,,,,,,,,,,
norway,eliteserien,2023-10-22,Stromsgodset,Odd,3,1,Pinnacle,2.15,3.63,3.42,1.97,3.56,4.14,,,,,,,,,,,,,,,,,,,,,,,,,,,,,,,,,,,,,3.99,3.64,1.28,1.32,3.56,3.23,1.31,1.38,3.15,2.83,1.38,1.48,2.49,2.27,1.57,1.7,2.13,1.97,1.76,1.93,1.85,1.7,2.02,2.27,1.57,1.43,2.49,3.02,1.43,1.33,2.93,3.55,1.34,1.27,3.34,4.08,,,,,,,,,,,,,,,,,,,,,,,,,,,,,,,,
norway,eliteserien,2023-10-22,Viking,Tromso,3,4,Pinnacle,1.82,4.04,4.24,1.89,3.93,4.06,,,,,,,,,,,,,,,,,,,,,,,,,,,,,,,,,,,,,3.08,3.31,1.39,1.37,2.75,2.94,1.48,1.44,2.4,2.59,1.61,1.56,2.02,2.14,1.85,1.78,1.79,1.89,2.08,2.02,1.58,1.65,2.46,2.36,1.37,1.42,3.19,3.07,1.3,1.33,3.66,3.53,1.26,1.28,4.06,4.01,,,,,,,,,,,,,,,,,,,,,,,,,,,,,,,,
norway,eliteserien,2023-10-22,Rosenborg,Stabaek,1,1,Pinnacle,1.79,4.01,4.27,1.98,3.88,3.75,,,,,,,,,,,,,,,,,,,,,,,,,,,,,,,,,,,,,3.08,3.58,1.39,1.33,2.75,3.19,1.48,1.39,2.39,2.81,1.61,1.49,2.02,2.27,1.86,1.7,1.78,1.98,2.09,1.93,1.57,1.73,2.48,2.22,1.36,1.48,3.25,2.81,1.29,1.38,3.74,3.25,1.26,1.31,4.12,3.7,,,,,,,,,,,,,,,,,,,,,,,,,,,,,,,,
norway,eliteserien,2023-10-28,Haugesund,Aalesund,6,1,Pinnacle,1.88,3.7,4.19,1.81,3.88,4.52,,,,,,,,,,,,,,,,,,,,,,,,,,,,,,,,,3.98,3.92,1.28,1.28,3.31,3.15,1.35,1.4,2.95,2.8,1.42,1.49,2.59,2.44,1.53,1.62,2.13,2.04,1.76,1.87,1.88,1.81,1.99,2.1,1.63,1.58,2.35,2.52,1.39,1.35,3.12,3.38,1.3,1.28,3.62,3.92,,,,,,,,,,,,,,,,,,,,,,,,,,,,,,,,,,,,
norway,eliteserien,2023-10-29,Valerenga,Rosenborg,1,3,Pinnacle,2.01,3.76,3.71,1.72,4.13,4.79,,,,,,,,,,,,,,,,,,,,,,,,,,,,,,,,,3.97,3.72,1.28,1.31,3.62,3.0,1.32,1.43,3.23,2.65,1.38,1.53,2.86,2.28,1.47,1.69,2.3,1.93,1.68,1.97,1.99,1.72,1.88,2.24,1.75,1.52,2.19,2.7,1.5,1.32,2.77,3.66,1.38,1.26,3.22,4.19,,,,,,,,,,,,,,,,,,,,,,,,,,,,,,,,,,,,
norway,eliteserien,2023-10-29,Stromsgodset,Viking,1,0,Pinnacle,3.74,4.14,1.88,3.01,3.74,2.34,,,,,,,,,,,,,,,,,,,,,,,,,,,,,,,,,,,,,,,,,,,,,,,,,4.02,3.69,1.27,1.31,3.7,2.98,1.29,1.43,3.29,2.61,1.35,1.55,2.89,2.23,1.44,1.72,2.3,1.88,1.65,2.03,1.99,1.67,1.88,2.33,1.78,1.51,2.11,2.74,1.56,1.34,2.5,3.49,1.45,1.29,2.82,3.91,,,,,,,,,,,,,,,,,,,,
norway,eliteserien,2023-10-29,Sarpsborg 08,Stabaek,2,2,Pinnacle,1.5,4.88,6.08,1.56,4.8,5.49,,,,,,,,,,,,,,,,,,,,,,,,,,,,,3.38,3.68,1.35,1.31,2.69,2.86,1.52,1.46,2.29,2.44,1.68,1.62,2.02,2.16,1.85,1.76,1.78,1.89,2.15,2.02,1.6,1.68,2.46,2.3,1.49,1.55,2.76,2.59,1.35,1.39,3.43,3.16,1.23,1.24,4.49,4.37,,,,,,,,,,,,,,,,,,,,,,,,,,,,,,,,,,,,,,,,
norway,eliteserien,2023-10-29,Sandefjord,Brann,1,1,Pinnacle,4.5,4.34,1.69,5.26,4.54,1.61,,,,,,,,,,,,,,,,,,,,,,,,,,,,,,,,,,,,,,,,,,,,,,,,,,,,,,,,,,,,,3.51,4.12,1.32,1.27,2.67,2.99,1.51,1.43,2.24,2.46,1.69,1.61,2.0,2.19,1.88,1.75,1.74,1.92,2.16,1.99,1.57,1.7,2.48,2.26,1.47,1.57,2.77,2.55,1.34,1.42,3.37,3.03,1.25,1.28,4.19,3.97,,,,,,,,
norway,eliteserien,2023-10-29,Odd,HamKam,2,0,Pinnacle,1.86,3.81,4.2,2.29,3.43,3.34,,,,,,,,,,,,,,,,,,,,,,,,,,,,,,,,,,,,,,,,,2.9,3.94,1.45,1.28,2.54,3.49,1.57,1.34,2.1,2.7,1.81,1.52,1.85,2.28,2.03,1.69,1.63,1.97,2.41,1.93,1.4,1.64,3.17,2.39,1.32,1.47,3.65,2.86,1.26,1.37,4.14,3.3,1.23,1.26,4.56,4.22,,,,,,,,,,,,,,,,,,,,,,,,,,,,
norway,eliteserien,2023-10-30,Molde,Tromso,1,4,Pinnacle,1.57,4.32,5.65,1.67,4.32,5.19,,,,,,,,,,,,,,,,,,,,,,,,,,,,,,,,,3.09,3.54,1.39,1.33,2.57,2.86,1.54,1.46,2.27,2.47,1.68,1.58,1.96,2.17,1.91,1.76,1.71,1.83,2.2,2.1,1.57,1.64,2.5,2.38,1.39,1.46,3.08,2.91,1.23,1.28,4.41,4.01,1.23,1.24,4.58,4.56,,,,,,,,,,,,,,,,,,,,,,,,,,,,,,,,,,,,
norway,eliteserien,2023-10-30,Bodo/Glimt,Lillestrom,3,1,Pinnacle,1.38,5.59,7.49,1.29,6.42,9.55,,,,,,,,,,,,,,,,,3.63,3.45,1.32,1.34,3.41,2.88,1.35,1.47,3.07,2.59,1.41,1.57,2.74,2.22,1.51,1.71,2.27,1.93,1.7,1.95,1.98,1.78,1.88,2.17,1.78,1.56,2.15,2.54,1.56,1.4,2.59,3.11,1.44,1.33,2.93,3.52,,,,,,,,,,,,,,,,,,,,,,,,,,,,,,,,,,,,,,,,,,,,,,,,,,,,
norway,eliteserien,2023-11-04,HamKam,Viking,3,0,Pinnacle,4.07,4.17,1.8,3.18,3.82,2.21,,,,,,,,,,,,,,,,,,,,,,,,,,,,,,,,,,,,,,,,,,,,,,,,,4.23,3.93,1.26,1.28,3.98,3.15,1.26,1.4,3.58,2.77,1.31,1.5,3.14,2.37,1.38,1.65,2.45,1.97,1.59,1.93,2.08,1.74,1.79,2.2,1.86,1.56,2.01,2.57,1.63,1.38,2.36,3.23,1.5,1.32,2.69,3.63,,,,,,,,,,,,,,,,,,,,
norway,eliteserien,2023-11-05,Brann,Odd,2,1,Pinnacle,1.34,5.76,8.05,1.14,9.7,18.39,,,,,,,,,3.6,3.37,1.31,1.35,4.09,3.01,1.26,1.41,3.49,2.46,1.32,1.59,3.26,2.14,1.36,1.76,2.93,1.91,1.43,1.98,2.6,1.67,1.53,2.31,2.17,1.53,1.73,2.63,1.93,1.43,1.94,2.93,1.7,1.3,2.21,3.7,,,,,,,,,,,,,,,,,,,,,,,,,,,,,,,,,,,,,,,,,,,,,,,,,,,,,,,,,,,,
norway,eliteserien,2023-11-05,Lillestrom,Haugesund,1,0,Pinnacle,1.53,4.64,5.76,1.87,3.81,4.29,,,,,,,,,,,,,,,,,,,,,,,,,,,,,,,,,2.85,4.0,1.44,1.28,2.41,3.31,1.6,1.37,2.13,2.93,1.76,1.44,1.85,2.57,2.02,1.56,1.65,2.12,2.32,1.79,1.52,1.87,2.63,2.08,1.36,1.63,3.23,2.41,1.22,1.39,4.58,3.21,1.26,1.31,4.11,3.71,1.27,1.25,4.03,4.32,,,,,,,,,,,,,,,,,,,,,,,,,,,,,,,,
norway,eliteserien,2023-11-05,Sarpsborg 08,Valerenga,3,2,Pinnacle,1.75,4.33,4.34,1.91,4.22,3.72,,,,,,,,,,,,,,,,,,,,,,,,,,,,,,,,,,,,,2.83,3.23,1.47,1.38,2.54,2.89,1.57,1.45,2.23,2.57,1.72,1.56,1.92,2.15,1.95,1.78,1.74,1.91,2.2,2.0,1.55,1.68,2.6,2.3,1.36,1.47,3.37,2.87,1.29,1.37,3.83,3.27,1.3,1.31,3.68,3.67,,,,,,,,,,,,,,,,,,,,,,,,,,,,,,,,
norway,eliteserien,2023-11-05,Stabaek,Bodo/Glimt,0,4,Pinnacle,4.76,4.57,1.63,5.73,4.97,1.52,,,,,,,,,,,,,,,,,,,,,,,,,,,,,,,,,,,,,,,,,,,,,,,,,,,,,,,,,,,,,,,,,2.83,3.3,1.45,1.37,2.37,2.69,1.62,1.51,2.11,2.4,1.77,1.63,1.86,2.1,2.01,1.81,1.66,1.84,2.29,2.08,1.54,1.67,2.56,2.33,1.4,1.51,3.04,2.73,1.27,1.35,3.94,3.43,1.29,1.3,3.81,3.81,,,,
norway,eliteserien,2023-11-05,Tromso,Stromsgodset,0,1,Pinnacle,1.56,4.45,5.83,1.46,4.6,7.55,,,,,,,,,,,,,,,,,,,,,,,,,3.99,4.04,1.27,1.28,3.97,3.59,1.28,1.33,3.01,2.75,1.43,1.51,2.52,2.31,1.58,1.68,2.22,2.04,1.72,1.88,1.91,1.75,1.96,2.19,1.69,1.56,2.27,2.55,1.56,1.45,2.58,2.89,1.39,1.3,3.18,3.74,,,,,,,,,,,,,,,,,,,,,,,,,,,,,,,,,,,,,,,,,,,,
norway,eliteserien,2023-11-05,Rosenborg,Molde,3,1,Pinnacle,3.55,3.87,2.0,3.65,4.06,1.97,,,,,,,,,,,,,,,,,,,,,,,,,,,,,,,,,,,,,,,,,,,,,,,,,,,,,3.51,3.6,1.32,1.32,3.09,3.19,1.39,1.39,2.68,2.78,1.5,1.5,2.15,2.22,1.75,1.72,1.87,1.93,2.0,1.97,1.67,1.72,2.28,2.23,1.47,1.52,2.8,2.71,1.38,1.41,3.16,3.05,1.32,1.35,3.52,3.41,,,,,,,,,,,,,,,,
norway,eliteserien,2023-11-06,Aalesund,Sandefjord,0,3,Pinnacle,2.19,3.77,3.15,2.07,4.01,3.38,,,,,,,,,,,,,,,,,,,,,,,,,,,,,,,,,,,,,3.65,3.65,1.32,1.32,3.59,3.28,1.31,1.36,3.19,2.92,1.37,1.46,2.54,2.37,1.55,1.65,2.18,2.07,1.72,1.85,1.91,1.81,1.95,2.1,1.63,1.56,2.35,2.56,1.48,1.44,2.75,2.95,1.38,1.36,3.12,3.34,1.27,1.27,3.89,4.06,,,,,,,,,,,,,,,,,,,,,,,,,,,,
norway,eliteserien,2023-11-11,Haugesund,Brann,0,2,Pinnacle,4.26,4.12,1.79,4.07,3.83,1.91,,,,,,,,,,,,,,,,,,,,,,,,,,,,,,,,,,,,,,,,,,,,,,,,,,,,,4.1,4.02,1.27,1.27,3.73,3.53,1.31,1.33,3.26,3.05,1.37,1.43,2.51,2.33,1.58,1.66,2.13,1.99,1.79,1.91,1.88,1.76,1.99,2.17,1.65,1.53,2.36,2.66,1.52,1.42,2.7,3.04,1.42,1.35,3.01,3.42,,,,,,,,,,,,,,,,
norway,eliteserien,2023-11-12,Viking,Sarpsborg 08,2,1,Pinnacle,1.94,4.25,3.54,1.81,4.7,3.76,,,,,,,,,,,,,,,,,,,,,,,,,,,,,,,,,3.48,3.47,1.32,1.34,3.2,2.89,1.39,1.45,2.89,2.61,1.45,1.55,2.58,2.32,1.56,1.67,2.18,2.01,1.76,1.89,1.93,1.81,1.94,2.1,1.72,1.62,2.24,2.42,1.5,1.43,2.75,2.97,1.4,1.36,3.12,3.34,,,,,,,,,,,,,,,,,,,,,,,,,,,,,,,,,,,,
norway,eliteserien,2023-11-12,Valerenga,Stabaek,0,0,Pinnacle,1.88,3.91,3.93,1.87,3.9,4.19,,,,,,,,,,,,,,,,,,,,,,,,,,,,,,,,,,,,,3.28,3.31,1.35,1.37,2.93,2.94,1.43,1.44,2.58,2.57,1.53,1.56,2.13,2.12,1.76,1.79,1.88,1.87,1.99,2.04,1.65,1.63,2.31,2.4,1.42,1.4,2.98,3.15,1.33,1.32,3.42,3.64,1.27,1.26,3.88,4.13,,,,,,,,,,,,,,,,,,,,,,,,,,,,,,,,
norway,eliteserien,2023-11-12,Stromsgodset,HamKam,0,1,Pinnacle,1.88,3.96,4.0,1.98,3.76,3.87,,,,,,,,,,,,,,,,,,,,,,,,,,,,,,,,,,,,,3.26,3.58,1.38,1.33,2.91,3.19,1.45,1.39,2.56,2.81,1.56,1.49,2.12,2.27,1.79,1.7,1.87,1.98,2.0,1.93,1.65,1.72,2.36,2.23,1.43,1.47,3.04,2.88,1.34,1.36,3.49,3.34,1.28,1.3,3.95,3.82,,,,,,,,,,,,,,,,,,,,,,,,,,,,,,,,
norway,eliteserien,2023-11-12,Sandefjord,Rosenborg,3,2,Pinnacle,2.74,3.65,2.5,2.14,3.89,3.23,,,,,,,,,,,,,,,,,,,,,,,,,,,,,,,,,,,,,3.63,3.65,1.31,1.31,3.89,3.44,1.27,1.34,4.47,3.06,1.22,1.4,3.3,2.47,1.35,1.59,2.73,2.13,1.49,1.77,2.37,1.88,1.62,2.01,2.03,1.61,1.85,2.43,1.73,1.47,2.17,2.82,1.57,1.38,2.49,3.19,1.42,1.27,2.97,3.99,,,,,,,,,,,,,,,,,,,,,,,,,,,,
norway,eliteserien,2023-11-12,Odd,Tromso,1,2,Pinnacle,3.15,3.34,2.37,4.0,3.89,1.92,,,,,,,,,,,,,,,,,,,,,,,,,,,,,,,,,,,,,,,,,,,,,,,,,,,,,3.11,3.95,1.38,1.28,2.69,3.47,1.5,1.34,2.25,3.01,1.68,1.43,1.85,2.32,2.03,1.67,1.63,1.99,2.36,1.92,1.46,1.76,2.83,2.18,1.29,1.53,3.73,2.66,1.25,1.42,4.18,3.03,1.29,1.35,3.78,3.41,,,,,,,,,,,,,,,,
norway,eliteserien,2023-11-12,Molde,Lillestrom,4,0,Pinnacle,1.49,4.91,6.16,1.65,4.58,4.87,,,,,,,,,,,,,,,,,,,,,,,,,,,,,3.34,4.17,1.36,1.26,2.66,3.14,1.53,1.4,2.28,2.62,1.69,1.54,2.01,2.33,1.87,1.67,1.76,2.05,2.17,1.86,1.6,1.79,2.49,2.12,1.48,1.64,2.79,2.38,1.34,1.46,3.47,2.85,1.22,1.3,4.58,3.82,1.27,1.26,4.08,4.18,,,,,,,,,,,,,,,,,,,,,,,,,,,,,,,,,,,,
norway,eliteserien,2023-11-12,Bodo/Glimt,Aalesund,1,0,Pinnacle,1.1,12.84,17.21,1.09,12.16,17.95,3.36,2.94,1.33,1.4,2.83,2.54,1.43,1.51,2.57,2.31,1.52,1.62,2.3,2.06,1.63,1.76,2.01,1.84,1.83,1.98,1.81,1.68,2.03,2.18,1.63,1.53,2.31,2.5,1.44,1.38,2.79,3.02,1.36,1.32,3.13,3.34,,,,,,,,,,,,,,,,,,,,,,,,,,,,,,,,,,,,,,,,,,,,,,,,,,,,,,,,,,,,,,,,,,,,
norway,eliteserien,2023-11-26,Aalesund,Viking,0,4,Pinnacle,4.05,4.28,1.73,3.87,4.18,1.82,,,,,,,,,,,,,,,,,,,,,,,,,,,,,,,,,,,,,,,,,,,,,,,,,,,,,,,,,3.59,3.39,1.29,1.32,3.17,2.98,1.35,1.4,2.49,2.37,1.53,1.6,2.12,2.03,1.72,1.81,1.9,1.82,1.92,2.05,1.67,1.58,2.21,2.42,1.53,1.46,2.51,2.76,1.43,1.38,2.79,3.08,1.32,1.27,3.36,3.75,,,,,,,,,,,,
norway,eliteserien,2023-11-26,Brann,Bodo/Glimt,4,2,Pinnacle,2.43,3.79,2.76,1.76,4.43,3.92,,,,,,,,,,,,,,,,,,,,,,,,,,,,,,,,,3.58,3.38,1.29,1.32,3.47,2.81,1.31,1.44,3.65,2.53,1.28,1.53,3.6,2.25,1.32,1.67,2.83,1.95,1.47,1.9,2.42,1.75,1.62,2.1,2.13,1.56,1.79,2.44,1.8,1.38,2.03,3.06,1.63,1.31,2.41,3.45,1.51,1.29,2.74,3.58,,,,,,,,,,,,,,,,,,,,,,,,,,,,,,,,
norway,eliteserien,2023-11-26,HamKam,Valerenga,0,2,Pinnacle,2.75,3.53,2.56,4.58,3.81,1.76,,,,,,,,,,,,,,,,,,,,,,,,,,,,,,,,,,,,,,,,,,,,,,,,,,,,,2.74,4.27,1.51,1.23,2.38,3.96,1.64,1.25,1.98,3.43,1.84,1.32,1.74,2.53,2.21,1.53,1.57,2.11,2.55,1.75,1.42,1.87,3.04,1.99,1.27,1.6,4.04,2.37,1.24,1.47,4.05,2.73,1.29,1.37,3.63,3.08,1.25,1.27,3.95,3.83,,,,,,,,,,,,
norway,eliteserien,2023-11-26,Sarpsborg 08,Molde,1,3,Pinnacle,2.59,3.77,2.59,2.23,3.98,2.9,,,,,,,,,,,,,,,,,,,,,,,,,,,,,,,,,,,,,,,,,3.7,3.54,1.3,1.3,3.94,3.18,1.28,1.36,3.04,2.56,1.42,1.52,2.58,2.21,1.56,1.68,2.26,1.96,1.7,1.88,1.91,1.69,1.91,2.2,1.7,1.53,2.26,2.54,1.56,1.42,2.58,2.85,1.42,1.31,3.04,3.46,,,,,,,,,,,,,,,,,,,,,,,,,,,,
norway,eliteserien,2023-11-26,Rosenborg,Stromsgodset,1,3,Pinnacle,1.78,4.15,4.22,1.89,3.96,3.76,,,,,,,,,,,,,,,,,,,,,,,,,,,,,,,,,,,,,2.88,3.24,1.41,1.34,2.58,2.9,1.5,1.41,2.27,2.56,1.64,1.52,1.94,2.13,1.88,1.74,1.73,1.89,2.1,1.96,1.54,1.66,2.48,2.26,1.35,1.43,3.18,2.86,1.28,1.34,3.61,3.27,1.29,1.28,3.84,3.69,,,,,,,,,,,,,,,,,,,,,,,,,,,,,,,,
norway,eliteserien,2023-11-26,Stabaek,Sandefjord,2,1,Pinnacle,1.94,3.83,3.8,1.94,3.89,3.88,,,,,,,,,,,,,,,,,,,,,,,,,,,,,,,,,,,,,3.3,3.42,1.33,1.34,2.95,3.05,1.39,1.41,2.61,2.69,1.49,1.51,2.16,2.21,1.7,1.73,1.9,1.94,1.92,1.96,1.66,1.69,2.21,2.27,1.44,1.45,2.8,2.9,1.34,1.35,3.22,3.35,1.28,1.29,3.63,3.81,,,,,,,,,,,,,,,,,,,,,,,,,,,,,,,,
norway,eliteserien,2023-11-26,Tromso,Haugesund,2,1,Pinnacle,1.44,4.57,6.62,1.66,4.02,5.53,,,,,,,,,,,,,,,,,,,,,,,,,,,,,3.45,4.87,1.3,1.2,2.69,3.52,1.47,1.33,2.27,2.84,1.63,1.46,2.0,2.5,1.82,1.58,1.71,2.15,2.13,1.76,1.54,1.85,2.47,2.07,1.43,1.65,2.79,2.35,1.29,1.45,3.54,2.89,1.18,1.26,4.87,4.15,1.23,1.2,4.53,4.9,,,,,,,,,,,,,,,,,,,,,,,,,,,,,,,,,,,,
norway,eliteserien,2023-11-26,Lillestrom,Odd,4,4,Pinnacle,1.54,4.45,6.01,1.64,4.03,5.23,,,,,,,,,,,,,,,,,,,,,,,,,,,,,3.78,4.39,1.3,1.22,2.89,3.33,1.45,1.33,2.44,2.72,1.61,1.46,2.15,2.41,1.77,1.58,1.83,2.09,1.99,1.76,1.66,1.81,2.34,2.05,1.53,1.63,2.66,2.32,1.37,1.44,3.29,2.84,1.22,1.25,4.74,3.99,1.23,1.2,4.57,4.55,,,,,,,,,,,,,,,,,,,,,,,,,,,,,,,,,,,,
norway,eliteserien,2023-12-03,Viking,Rosenborg,1,5,Pinnacle,1.37,5.8,6.78,1.37,5.8,6.78,,,,,,,,,,,,,,,,,,,,,,,,,,,,,,2.54,,1.53,,2.16,,1.71,,1.94,,1.91,,1.72,,2.14,,1.52,,2.56,,,,,,,,,,,,,,,,,,,,,,,,,,,,,,,,,,,,,,,,,,,,,,,,,,,,,,,,
norway,eliteserien,2023-12-03,Valerenga,Tromso,1,1,Pinnacle,2.08,3.63,3.67,2.08,3.63,3.67,,,,,,,,,,,,,,,,,,,,,,,,,,,,,,,,,,,,,,3.87,,1.28,,3.46,,1.34,,3.05,,1.42,,2.4,,1.62,,2.08,,1.84,,1.79,,2.11,,1.51,,2.68,,1.39,,3.14,,1.32,,3.6,,1.22,,4.54,,,,,,,,,,,,,,,,,,,,,,,,,,,,
norway,eliteserien,2023-12-03,Stromsgodset,Brann,3,0,Pinnacle,4.29,3.91,1.79,4.29,3.91,1.79,,,,,,,,,,,,,,,,,,,,,,,,,,,,,,,,,,,,,,,,,,,,,,,,,,,,,,,,,,,,,,,,,,2.45,,1.56,,2.06,,1.78,,1.84,,2.02,,1.58,,2.4,,1.46,,2.76,,,,,,,,,,,,,,,,,,,,
norway,eliteserien,2023-12-03,Sandefjord,Lillestrom,1,0,Pinnacle,1.82,4.29,3.78,1.82,4.29,3.78,,,,,,,,,,,,,,,,,,,,,,,,,,,,,,,,,,,,,,,,,,2.76,,1.46,,2.44,,1.57,,2.04,,1.8,,1.82,,2.05,,1.61,,2.35,,1.41,,2.94,,,,,,,,,,,,,,,,,,,,,,,,,,,,,,,,,,,,,,,,
norway,eliteserien,2023-12-03,Odd,Aalesund,4,1,Pinnacle,1.46,4.88,6.21,1.46,4.88,6.21,,,,,,,,,,,,,,,,,,,,,,,,,,,,,,,,,,2.6,,1.51,,2.23,,1.67,,1.99,,1.87,,1.71,,2.16,,1.55,,2.48,,1.5,,2.63,,,,,,,,,,,,,,,,,,,,,,,,,,,,,,,,,,,,,,,,,,,,,,,,
norway,eliteserien,2023-12-03,Molde,HamKam,1,1,Pinnacle,1.2,7.82,10.78,1.2,7.82,10.78,,,,,,,,,,,,,,,,,,,,,,2.35,,1.6,,2.1,,1.74,,1.87,,1.97,,1.67,,2.21,,1.54,,2.47,,1.49,,2.63,,,,,,,,,,,,,,,,,,,,,,,,,,,,,,,,,,,,,,,,,,,,,,,,,,,,,,,,,,,,
norway,eliteserien,2023-12-03,Haugesund,Stabaek,3,0,Pinnacle,1.8,3.77,4.77,1.8,3.77,4.77,,,,,,,,,,,,,,,,,,,,,,,,,,,,,,,,,,4.03,,1.27,,3.19,,1.38,,2.83,,1.47,,2.44,,1.6,,2.04,,1.87,,1.79,,2.11,,1.56,,2.55,,1.33,,3.51,,1.26,,4.09,,,,,,,,,,,,,,,,,,,,,,,,,,,,,,,,,,,,
norway,eliteserien,2023-12-03,Bodo/Glimt,Sarpsborg 08,2,0,Pinnacle,1.41,5.85,5.81,1.41,5.85,5.81,,,,,,,,,,,,,,,,,,,,,,,,,,,,,,2.66,,1.49,,2.26,,1.65,,2.03,,1.83,,1.81,,2.03,,1.6,,2.38,,1.49,,2.67,,,,,,,,,,,,,,,,,,,,,,,,,,,,,,,,,,,,,,,,,,,,,,,,,,,,
