Country,League,Year,Date,Home,Away,FTHG,FTAG,bookmaker,HO_Open,DO_Open,AO_Open,HO_Close,DO_Close,AO_Close,-3_AH_H_Open,-3_AH_H_Close,+3_AH_A_Open,+3_AH_A_Close,-2.75_AH_H_Open,-2.75_AH_H_Close,+2.75_AH_A_Open,+2.75_AH_A_Close,-2.5_AH_H_Open,-2.5_AH_H_Close,+2.5_AH_A_Open,+2.5_AH_A_Close,-2.25_AH_H_Open,-2.25_AH_H_Close,+2.25_AH_A_Open,+2.25_AH_A_Close,-2_AH_H_Open,-2_AH_H_Close,+2_AH_A_Open,+2_AH_A_Close,-1.75_AH_H_Open,-1.75_AH_H_Close,+1.75_AH_A_Open,+1.75_AH_A_Close,-1.5_AH_H_Open,-1.5_AH_H_Close,+1.5_AH_A_Open,+1.5_AH_A_Close,-1.25_AH_H_Open,-1.25_AH_H_Close,+1.25_AH_A_Open,+1.25_AH_A_Close,-1_AH_H_Open,-1_AH_H_Close,+1_AH_A_Open,+1_AH_A_Close,-0.75_AH_H_Open,-0.75_AH_H_Close,+0.75_AH_A_Open,+0.75_AH_A_Close,-0.5_AH_H_Open,-0.5_AH_H_Close,+0.5_AH_A_Open,+0.5_AH_A_Close,-0.25_AH_H_Open,-0.25_AH_H_Close,+0.25_AH_A_Open,+0.25_AH_A_Close,+0_AH_H_Open,+0_AH_H_Close,-0_AH_A_Open,-0_AH_A_Close,+0.25_AH_H_Open,+0.25_AH_H_Close,-0.25_AH_A_Open,-0.25_AH_A_Close,+0.5_AH_H_Open,+0.5_AH_H_Close,-0.5_AH_A_Open,-0.5_AH_A_Close,+0.75_AH_H_Open,+0.75_AH_H_Close,-0.75_AH_A_Open,-0.75_AH_A_Close,+1_AH_H_Open,+1_AH_H_Close,-1_AH_A_Open,-1_AH_A_Close,+1.25_AH_H_Open,+1.25_AH_H_Close,-1.25_AH_A_Open,-1.25_AH_A_Close,+1.5_AH_H_Open,+1.5_AH_H_Close,-1.5_AH_A_Open,-1.5_AH_A_Close,+1.75_AH_H_Open,+1.75_AH_H_Close,-1.75_AH_A_Open,-1.75_AH_A_Close,+2_AH_H_Open,+2_AH_H_Close,-2_AH_A_Open,-2_AH_A_Close
netherlands,eerste-divisie,2023.0,2023-08-11,Den Bosch,Oss,1,0,Pinnacle,1.83,3.90,4.10,2.38,3.66,2.97,,,,,,,,,,,,,,,,,,,,,,,,,,,,,2.80,4.11,1.48,1.27,2.45,3.67,1.60,1.32,2.02,2.82,1.79,1.47,1.83,2.37,2.06,1.66,1.61,2.02,2.42,1.83,1.39,1.74,3.12,2.18,1.32,1.53,3.59,2.57,1.26,1.42,3.75,2.94,1.25,1.30,4.09,3.66,,,,,,,,,,,,,,,,,,,,
netherlands,eerste-divisie,2023.0,2023-08-11,Dordrecht,NAC Breda,2,2,Pinnacle,3.26,3.68,2.15,3.88,3.60,2.00,,,,,,,,,,,,,,,,,,,,,,,,,,,,,,,,,,,,,,,,,3.14,3.83,1.35,1.29,2.77,3.34,1.44,1.35,2.38,2.85,1.57,1.46,1.97,2.20,1.84,1.73,1.73,1.88,2.09,2.00,1.55,1.67,2.43,2.30,1.37,1.47,3.02,2.84,1.31,1.37,3.39,3.22,1.30,1.31,3.41,3.60,,,,,,,,
netherlands,eerste-divisie,2023.0,2023-08-11,Cambuur,FC Emmen,2,2,Pinnacle,2.67,3.23,2.67,1.95,3.72,3.92,,,,,,,,,,,,,,,,,,,,,,,,,3.90,3.55,1.28,1.32,4.42,3.16,1.22,1.39,4.55,2.77,1.19,1.49,3.26,2.24,1.33,1.70,2.65,1.95,1.47,1.93,2.28,1.69,1.62,2.25,1.90,1.45,1.90,2.92,1.62,1.34,2.28,3.39,1.47,1.28,2.65,3.87,,,,,,,,,,,,,,,,,,,,,,,,
netherlands,eerste-divisie,2023.0,2023-08-11,De Graafschap,Den Haag,0,0,Pinnacle,1.81,3.86,4.26,1.89,4.06,3.83,,,,,,,,,,,,,,,,,,,,,,,,,3.11,3.24,1.39,1.37,2.78,2.89,1.48,1.44,2.42,2.56,1.61,1.56,1.99,2.13,1.81,1.77,1.81,1.89,2.09,2.00,1.59,1.66,2.47,2.31,1.37,1.44,3.23,2.94,1.30,1.35,3.72,3.36,1.24,1.29,3.94,3.79,,,,,,,,,,,,,,,,,,,,,,,,
netherlands,eerste-divisie,2023.0,2023-08-11,Roda,Helmond,4,1,Pinnacle,1.69,3.93,4.54,2.00,3.52,3.99,,,,,,,,,,,,,,,,,,,,,,,,,2.87,3.72,1.40,1.30,2.55,3.31,1.50,1.36,2.22,2.90,1.65,1.45,1.88,2.31,1.92,1.67,1.68,2.00,2.16,1.89,1.49,1.72,2.60,2.21,1.29,1.45,3.50,2.91,1.24,1.34,3.99,3.42,1.24,1.28,3.95,3.94,,,,,,,,,,,,,,,,,,,,,,,,
netherlands,eerste-divisie,2023.0,2023-08-11,Groningen,Jong Ajax,4,1,Pinnacle,1.66,4.07,4.57,1.51,4.93,5.86,,,,,,,,,,,,,3.86,3.76,1.28,1.29,3.98,3.38,1.24,1.35,3.34,2.69,1.31,1.51,2.75,2.30,1.43,1.67,2.45,2.05,1.54,1.85,2.13,1.78,1.70,2.12,1.84,1.61,1.96,2.42,1.65,1.49,2.21,2.71,1.47,1.35,2.66,3.35,1.28,1.23,3.56,4.47,,,,,,,,,,,,,,,,,,,,,,,,,,,,,,,,
netherlands,eerste-divisie,2023.0,2023-08-13,Venlo,Maastricht,1,3,Pinnacle,1.76,3.83,4.22,1.65,4.43,4.83,,,,,,,,,,,,,,,,,3.99,4.18,1.27,1.25,3.70,3.17,1.27,1.38,3.00,2.65,1.37,1.52,2.68,2.36,1.46,1.64,2.34,2.07,1.58,1.83,1.98,1.81,1.83,2.08,1.76,1.65,2.05,2.34,1.55,1.47,2.44,2.81,1.33,1.29,3.22,3.78,,,,,,,,,,,,,,,,,,,,,,,,,,,,,,,,
netherlands,eerste-divisie,2023.0,2023-08-13,Eindhoven FC,Willem II,1,1,Pinnacle,2.56,3.52,2.60,3.54,3.51,2.14,,,,,,,,,,,,,,,,,,,,,,,,,,,,,,,,,,,,,3.06,4.50,1.36,1.23,2.55,3.50,1.51,1.33,2.22,3.05,1.65,1.42,1.88,2.57,1.92,1.55,1.63,2.05,2.25,1.85,1.49,1.77,2.58,2.13,1.35,1.57,3.11,2.50,1.22,1.38,4.18,3.19,1.26,1.31,3.76,3.63,,,,,,,,,,,,
netherlands,eerste-divisie,2023.0,2023-08-14,Jong AZ,Jong Utrecht,1,0,Pinnacle,1.56,4.38,5.55,1.72,4.33,4.45,,,,,,,,,,,,,,,,,,,,,2.95,3.41,1.43,1.34,2.49,2.80,1.58,1.47,2.20,2.51,1.72,1.57,1.88,2.20,1.93,1.73,1.69,1.90,2.26,1.98,1.56,1.71,2.55,2.22,1.39,1.53,3.12,2.64,1.24,1.34,4.38,3.46,1.28,1.28,3.73,3.92,,,,,,,,,,,,,,,,,,,,,,,,,,,,
netherlands,eerste-divisie,2023.0,2023-08-14,Jong PSV,Telstar,1,0,Pinnacle,2.23,3.48,3.08,2.64,3.63,2.64,,,,,,,,,,,,,,,,,,,,,,,,,,,,,,,,,3.40,4.37,1.30,1.24,2.63,3.19,1.48,1.38,2.22,2.62,1.65,1.53,1.93,2.28,1.87,1.68,1.63,1.94,2.26,1.94,1.47,1.68,2.66,2.29,1.36,1.53,3.04,2.63,1.25,1.38,3.83,3.19,1.22,1.24,4.44,4.35,,,,,,,,,,,,,,,,
netherlands,eerste-divisie,2023.0,2023-08-18,FC Emmen,Venlo,2,2,Pinnacle,1.68,4.21,4.30,1.75,4.13,4.52,,,,,,,,,,,,,,,,,,,,,3.37,3.63,1.31,1.31,2.77,2.95,1.43,1.43,2.47,2.62,1.53,1.53,2.16,2.28,1.68,1.68,1.86,1.95,1.94,1.93,1.67,1.74,2.18,2.18,1.49,1.54,2.59,2.61,1.31,1.33,3.38,3.46,1.25,1.27,3.81,3.96,,,,,,,,,,,,,,,,,,,,,,,,,,,,
netherlands,eerste-divisie,2023.0,2023-08-18,Helmond,Den Bosch,1,0,Pinnacle,1.93,3.78,3.84,1.69,4.11,4.97,,,,,,,,,,,,,,,,,,,,,3.90,3.44,1.28,1.34,3.37,2.82,1.35,1.46,3.01,2.50,1.41,1.57,2.66,2.17,1.52,1.74,2.18,1.87,1.74,2.02,1.88,1.68,1.92,2.28,1.68,1.49,2.28,2.77,1.45,1.29,2.90,3.80,1.35,1.24,3.34,4.35,,,,,,,,,,,,,,,,,,,,,,,,,,,,
netherlands,eerste-divisie,2023.0,2023-08-18,Den Haag,Roda,0,3,Pinnacle,2.11,3.69,3.45,2.09,3.78,3.44,,,,,,,,,,,,,,,,,,,,,,,,,3.79,3.77,1.29,1.29,3.40,3.39,1.30,1.34,3.01,2.99,1.37,1.42,2.40,2.41,1.56,1.62,2.06,2.08,1.75,1.81,1.80,1.82,2.01,2.08,1.53,1.55,2.49,2.57,1.40,1.43,2.92,3.00,1.32,1.34,3.31,3.40,1.22,1.24,4.21,4.33,,,,,,,,,,,,,,,,,,,,
netherlands,eerste-divisie,2023.0,2023-08-18,Telstar,Cambuur,2,3,Pinnacle,3.41,3.49,2.16,3.45,3.77,2.09,,,,,,,,,,,,,,,,,,,,,,,,,,,,,,,,,,,,,4.32,4.37,1.24,1.25,3.37,3.41,1.35,1.34,2.95,3.00,1.44,1.43,2.50,2.57,1.57,1.55,1.97,2.08,1.83,1.82,1.76,1.81,2.15,2.08,1.57,1.61,2.52,2.43,1.37,1.40,3.21,3.10,1.31,1.32,3.64,3.53,1.28,1.28,3.93,3.93,,,,,,,,
netherlands,eerste-divisie,2023.0,2023-08-18,Oss,Jong PSV,4,1,Pinnacle,2.66,3.47,2.64,2.49,3.65,2.79,,,,,,,,,,,,,,,,,,,,,,,,,,,,,,,,,4.31,3.93,1.24,1.28,3.20,2.96,1.38,1.43,2.65,2.48,1.52,1.58,2.30,2.16,1.67,1.75,1.91,1.84,1.89,2.06,1.68,1.61,2.28,2.42,1.53,1.48,2.63,2.78,1.38,1.35,3.17,3.39,1.25,1.22,4.27,4.65,,,,,,,,,,,,,,,,
netherlands,eerste-divisie,2023.0,2023-08-18,Willem II,Dordrecht,2,0,Pinnacle,1.27,6.01,8.05,1.33,5.94,8.38,,,,,3.63,3.57,1.27,1.31,2.98,3.25,1.37,1.37,2.68,2.91,1.45,1.44,2.36,2.58,1.57,1.55,2.01,2.15,1.79,1.76,1.78,1.91,2.00,1.98,1.59,1.69,2.32,2.26,1.39,1.48,2.89,2.79,1.32,1.38,3.27,3.17,1.30,1.32,3.74,3.55,,,,,,,,,,,,,,,,,,,,,,,,,,,,,,,,,,,,,,,,
netherlands,eerste-divisie,2023.0,2023-08-18,NAC Breda,Jong AZ,2,1,Pinnacle,1.89,3.88,3.87,1.68,4.04,5.14,,,,,,,,,,,,,,,,,,,,,3.84,3.53,1.27,1.32,3.16,2.86,1.34,1.45,2.83,2.53,1.41,1.56,2.50,2.19,1.52,1.74,2.09,1.87,1.73,2.02,1.85,1.68,1.95,2.29,1.63,1.48,2.27,2.80,1.41,1.28,2.88,3.91,1.32,1.23,3.29,4.49,,,,,,,,,,,,,,,,,,,,,,,,,,,,
netherlands,eerste-divisie,2023.0,2023-08-21,Jong Utrecht,Groningen,1,0,Pinnacle,4.55,4.03,1.73,5.30,4.44,1.61,,,,,,,,,,,,,,,,,,,,,,,,,,,,,,,,,,,,,,,,,,,,,,,,,3.51,4.15,1.33,1.26,2.64,2.98,1.53,1.42,2.21,2.45,1.72,1.60,1.93,2.17,1.88,1.75,1.70,1.89,2.24,2.00,1.55,1.67,2.56,2.29,1.45,1.54,2.87,2.59,1.33,1.40,3.52,3.10,1.23,1.26,4.28,4.12
netherlands,eerste-divisie,2023.0,2023-08-21,Jong Ajax,De Graafschap,1,2,Pinnacle,2.48,3.86,2.51,2.59,4.00,2.52,,,,,,,,,,,,,,,,,,,,,,,,,,,,,,,,,3.75,3.82,1.26,1.29,2.91,3.02,1.39,1.41,2.47,2.58,1.53,1.55,2.18,2.27,1.67,1.68,1.89,1.97,1.91,1.92,1.66,1.72,2.20,2.21,1.52,1.57,2.50,2.51,1.38,1.43,2.95,2.93,1.25,1.30,3.80,3.72,1.26,1.30,3.79,3.69,,,,,,,,,,,,
netherlands,eerste-divisie,2023.0,2023-08-25,Venlo,Jong Utrecht,4,1,Pinnacle,1.59,4.27,5.42,1.58,4.39,5.62,,,,,,,,,,,,,,,,,4.07,4.07,1.26,1.26,3.07,3.04,1.40,1.41,2.57,2.54,1.55,1.56,2.27,2.24,1.68,1.70,1.93,1.96,1.87,1.93,1.73,1.72,2.19,2.21,1.58,1.58,2.48,2.50,1.41,1.40,3.03,3.08,1.25,1.24,4.24,4.38,,,,,,,,,,,,,,,,,,,,,,,,,,,,,,,,
netherlands,eerste-divisie,2023.0,2023-08-25,Roda,Oss,2,0,Pinnacle,1.81,4.02,3.80,1.54,4.52,6.03,,,,,,,,,,,,,,,,,3.60,3.76,1.30,1.29,3.70,2.88,1.27,1.45,3.09,2.43,1.35,1.61,2.76,2.14,1.43,1.76,2.43,1.87,1.55,2.03,2.03,1.66,1.77,2.32,1.81,1.53,2.00,2.63,1.60,1.37,2.32,3.27,1.39,1.21,2.95,4.74,,,,,,,,,,,,,,,,,,,,,,,,,,,,,,,,
netherlands,eerste-divisie,2023.0,2023-08-25,Eindhoven FC,NAC Breda,2,0,Pinnacle,2.08,3.73,3.20,2.51,3.68,2.75,,,,,,,,,,,,,,,,,,,,,,,,,,,,,,,,,3.03,4.02,1.37,1.27,2.41,3.00,1.56,1.42,2.07,2.50,1.74,1.58,1.82,2.18,1.99,1.74,1.56,1.86,2.41,2.04,1.43,1.63,2.80,2.38,1.34,1.50,3.16,2.73,1.24,1.35,3.98,3.33,1.26,1.22,3.92,4.60,,,,,,,,,,,,,,,,
netherlands,eerste-divisie,2023.0,2023-08-25,Dordrecht,Maastricht,2,2,Pinnacle,2.12,3.79,3.07,2.00,4.25,3.34,,,,,,,,,,,,,,,,,,,,,,,,,3.57,3.41,1.32,1.34,3.38,3.07,1.31,1.40,3.02,2.74,1.37,1.50,2.45,2.27,1.54,1.69,2.11,2.00,1.71,1.89,1.86,1.76,1.94,2.14,1.60,1.54,2.32,2.59,1.46,1.43,2.69,2.94,1.37,1.36,3.03,3.30,,,,,,,,,,,,,,,,,,,,,,,,
netherlands,eerste-divisie,2023.0,2023-08-25,Den Bosch,Den Haag,1,2,Pinnacle,3.20,3.56,2.14,3.27,3.74,2.17,,,,,,,,,,,,,,,,,,,,,,,,,,,,,,,,,,,,,3.98,4.08,1.24,1.26,3.16,3.23,1.34,1.37,2.78,2.84,1.43,1.47,2.37,2.43,1.57,1.61,1.94,1.99,1.86,1.89,1.70,1.75,2.13,2.16,1.52,1.56,2.49,2.53,1.34,1.38,3.16,3.21,1.28,1.31,3.56,3.62,,,,,,,,,,,,
netherlands,eerste-divisie,2023.0,2023-08-25,De Graafschap,FC Emmen,0,1,Pinnacle,2.57,3.46,2.74,2.43,3.68,2.85,,,,,,,,,,,,,,,,,,,,,,,,,,,,,,,,,4.12,3.78,1.26,1.29,3.08,2.88,1.40,1.45,2.56,2.42,1.56,1.61,2.22,2.11,1.71,1.79,1.84,1.80,1.96,2.11,1.64,1.59,2.36,2.47,1.50,1.47,2.73,2.84,1.36,1.33,3.31,3.48,1.23,1.20,4.53,4.85,,,,,,,,,,,,,,,,
netherlands,eerste-divisie,2023.0,2023-08-25,Cambuur,Jong Ajax,4,2,Pinnacle,1.40,4.82,6.69,1.26,6.94,9.70,3.67,3.71,1.30,1.29,3.44,2.95,1.34,1.42,3.44,2.53,1.32,1.56,3.51,2.27,1.29,1.67,3.13,2.02,1.35,1.85,2.50,1.79,1.52,2.09,2.15,1.64,1.69,2.33,1.90,1.48,1.90,2.71,1.64,1.33,2.24,3.42,1.49,1.30,2.59,3.68,,,,,,,,,,,,,,,,,,,,,,,,,,,,,,,,,,,,,,,,,,,,
netherlands,eerste-divisie,2023.0,2023-08-27,Groningen,Willem II,0,0,Pinnacle,1.77,3.91,4.44,2.16,3.53,3.49,,,,,,,,,,,,,,,,,,,,,,,,,3.01,3.93,1.41,1.28,2.69,3.67,1.51,1.31,2.34,3.23,1.65,1.37,1.93,2.52,1.86,1.57,1.76,2.15,2.14,1.76,1.56,1.86,2.56,2.03,1.35,1.56,3.38,2.54,1.28,1.43,3.88,3.00,1.25,1.34,3.84,3.44,1.22,1.23,4.62,4.46,,,,,,,,,,,,,,,,,,,,
netherlands,eerste-divisie,2023.0,2023-08-28,Jong AZ,Telstar,3,1,Pinnacle,2.19,3.53,3.30,2.17,3.74,3.28,,,,,,,,,,,,,,,,,,,,,,,,,,,,,3.67,3.64,1.31,1.31,3.25,3.22,1.37,1.37,2.56,2.53,1.56,1.56,2.18,2.16,1.74,1.75,1.86,1.88,1.94,2.00,1.61,1.60,2.43,2.44,1.46,1.46,2.86,2.85,1.37,1.37,3.26,3.24,1.26,1.26,4.14,4.10,,,,,,,,,,,,,,,,,,,,
netherlands,eerste-divisie,2023.0,2023-08-28,Jong PSV,Helmond,2,1,Pinnacle,1.89,3.91,3.59,2.82,3.57,2.51,,,,,,,,,,,,,,,,,,,,,,,,,,,,,,,,,2.59,4.64,1.49,1.22,2.14,3.41,1.69,1.34,1.89,2.81,1.91,1.48,1.66,2.43,2.20,1.61,1.44,2.07,2.76,1.83,1.34,1.75,3.15,2.16,1.28,1.58,3.54,2.50,1.28,1.42,3.76,2.98,1.23,1.28,4.29,3.94,,,,,,,,,,,,,,,,
netherlands,eerste-divisie,2023.0,2023-09-01,Venlo,De Graafschap,2,0,Pinnacle,2.52,3.50,2.77,2.66,3.70,2.59,,,,,,,,,,,,,,,,,,,,,,,,,,,,,4.11,4.07,1.26,1.26,3.83,4.31,1.25,1.24,2.92,3.19,1.39,1.38,2.45,2.65,1.54,1.52,2.13,2.31,1.70,1.67,1.81,1.97,2.00,1.92,1.59,1.70,2.34,2.24,1.46,1.55,2.69,2.57,1.33,1.40,3.25,3.08,1.20,1.26,4.39,4.09,,,,,,,,,,,,,,,,
netherlands,eerste-divisie,2023.0,2023-09-01,Oss,Groningen,0,2,Pinnacle,3.86,3.85,1.90,5.97,4.44,1.55,,,,,,,,,,,,,,,,,,,,,,,,,,,,,,,,,,,,,,,,,,,,,,,,,2.94,4.67,1.44,1.22,2.30,3.21,1.67,1.37,1.94,2.59,1.86,1.54,1.76,2.30,2.15,1.67,1.54,2.02,2.59,1.88,1.43,1.76,2.94,2.14,1.36,1.62,3.29,2.41,1.28,1.45,3.55,2.85,1.24,1.30,4.16,3.70
netherlands,eerste-divisie,2023.0,2023-09-01,Telstar,Eindhoven FC,0,1,Pinnacle,2.20,3.54,3.09,2.33,3.55,3.10,,,,,,,,,,,,,,,,,,,,,,,,,,,,,3.70,4.06,1.27,1.26,3.30,3.61,1.32,1.31,2.58,2.76,1.50,1.49,2.19,2.32,1.67,1.66,1.91,2.01,1.89,1.88,1.62,1.69,2.28,2.26,1.46,1.51,2.68,2.68,1.36,1.40,3.05,3.07,1.25,1.28,3.82,3.88,,,,,,,,,,,,,,,,,,,,
netherlands,eerste-divisie,2023.0,2023-09-01,Maastricht,Jong Ajax,2,1,Pinnacle,2.23,3.95,2.78,2.04,4.28,3.22,,,,,,,,,,,,,,,,,,,,,,,,,3.37,3.40,1.35,1.34,3.53,3.08,1.29,1.40,3.19,2.77,1.34,1.49,2.58,2.31,1.50,1.67,2.22,2.04,1.65,1.85,1.97,1.81,1.83,2.08,1.70,1.58,2.13,2.50,1.54,1.46,2.45,2.84,1.43,1.38,2.75,3.18,1.32,1.29,3.32,3.81,,,,,,,,,,,,,,,,,,,,
netherlands,eerste-divisie,2023.0,2023-09-01,Jong Utrecht,Roda,1,0,Pinnacle,3.13,3.71,2.12,3.95,3.90,1.90,,,,,,,,,,,,,,,,,,,,,,,,,,,,,,,,,,,,,,,,,3.10,3.89,1.35,1.28,2.74,3.43,1.45,1.34,2.36,2.98,1.58,1.43,1.95,2.31,1.85,1.66,1.72,1.98,2.11,1.90,1.54,1.75,2.45,2.16,1.36,1.53,3.05,2.64,1.30,1.42,3.43,3.00,1.33,1.35,3.38,3.37,,,,,,,,
netherlands,eerste-divisie,2023.0,2023-09-01,Helmond,Cambuur,2,1,Pinnacle,3.47,3.80,2.03,4.05,3.83,1.89,,,,,,,,,,,,,,,,,,,,,,,,,,,,,,,,,,,,,,,,,3.34,4.00,1.31,1.27,2.95,3.52,1.38,1.33,2.57,3.05,1.50,1.42,2.08,2.33,1.74,1.65,1.83,1.99,1.98,1.89,1.63,1.76,2.26,2.14,1.44,1.54,2.77,2.59,1.35,1.43,3.10,2.94,1.30,1.36,3.45,3.29,,,,,,,,
netherlands,eerste-divisie,2023.0,2023-09-01,FC Emmen,Dordrecht,2,4,Pinnacle,1.47,4.82,5.48,1.52,4.77,5.90,,,,,,,,,,,,,3.70,3.91,1.27,1.28,3.32,3.49,1.32,1.33,2.64,2.74,1.47,1.50,2.25,2.33,1.63,1.65,2.01,2.08,1.81,1.83,1.74,1.81,2.07,2.08,1.57,1.63,2.37,2.38,1.46,1.51,2.65,2.67,1.33,1.36,3.25,3.31,1.22,1.22,4.54,4.54,,,,,,,,,,,,,,,,,,,,,,,,,,,,,,,,
netherlands,eerste-divisie,2023.0,2023-09-01,Den Bosch,Jong PSV,1,2,Pinnacle,2.22,3.55,3.22,2.35,3.71,2.96,,,,,,,,,,,,,,,,,,,,,,,,,,,,,3.60,4.04,1.28,1.27,3.21,3.60,1.34,1.31,2.53,2.78,1.51,1.49,2.16,2.33,1.68,1.65,1.88,2.04,1.92,1.85,1.60,1.73,2.33,2.19,1.45,1.55,2.73,2.57,1.35,1.43,3.10,2.93,1.25,1.31,3.89,3.64,,,,,,,,,,,,,,,,,,,,
netherlands,eerste-divisie,2023.0,2023-09-03,Den Haag,Jong AZ,4,1,Pinnacle,1.74,3.95,4.20,2.06,3.78,3.51,,,,,,,,,,,,,,,,,,,,,,,,,2.94,3.76,1.39,1.30,2.63,3.36,1.48,1.35,2.30,2.98,1.61,1.43,1.95,2.38,1.85,1.63,1.74,2.06,2.08,1.84,1.53,1.79,2.47,2.10,1.33,1.53,3.23,2.62,1.27,1.41,3.69,3.04,1.26,1.33,3.92,3.47,,,,,,,,,,,,,,,,,,,,,,,,
netherlands,eerste-divisie,2023.0,2023-09-05,Willem II,NAC Breda,1,4,Pinnacle,,,,,,,,,,,,,,,,,,,,,,,,,,,,,,,,,,,,,,,,,,,,,,,,,,,,,,,,,,,,,,,,,,,,,,,,,,,,,,,,,,,,,,,,,,
netherlands,eerste-divisie,2023.0,2023-09-08,Willem II,Maastricht,2,1,Pinnacle,1.46,4.73,6.59,1.34,5.81,8.38,,,,,,,,,3.62,3.26,1.31,1.37,3.68,2.91,1.30,1.44,3.28,2.58,1.36,1.55,2.61,2.14,1.54,1.76,2.23,1.90,1.71,1.99,1.93,1.68,1.87,2.27,1.71,1.48,2.22,2.78,1.56,1.39,2.56,3.14,1.45,1.33,2.87,3.50,,,,,,,,,,,,,,,,,,,,,,,,,,,,,,,,,,,,,,,,
netherlands,eerste-divisie,2023.0,2023-09-09,NAC Breda,Roda,1,3,Pinnacle,1.85,3.90,3.77,1.95,3.93,3.73,,,,,,,,,,,,,,,,,,,,,,,,,3.15,3.47,1.34,1.33,2.82,3.09,1.41,1.40,2.49,2.73,1.52,1.50,2.08,2.23,1.74,1.71,1.85,1.95,1.96,1.93,1.62,1.71,2.28,2.23,1.40,1.47,2.90,2.82,1.32,1.37,3.31,3.24,1.26,1.30,3.73,3.68,,,,,,,,,,,,,,,,,,,,,,,,
netherlands,eerste-divisie,2023.0,2023-09-09,Cambuur,Den Bosch,3,1,Pinnacle,1.26,6.14,11.17,1.38,5.58,7.30,,,,,,,,,2.82,3.49,1.41,1.33,2.53,3.15,1.51,1.39,2.21,2.82,1.65,1.47,1.89,2.33,1.89,1.65,1.70,2.05,2.13,1.85,1.52,1.81,2.52,2.08,1.33,1.57,3.25,2.51,1.27,1.45,3.68,2.86,1.31,1.37,3.55,3.22,,,,,,,,,,,,,,,,,,,,,,,,,,,,,,,,,,,,,,,,
netherlands,eerste-divisie,2023.0,2023-09-09,Telstar,Venlo,1,2,Pinnacle,2.35,3.51,3.00,2.55,3.60,2.75,,,,,,,,,,,,,,,,,,,,,,,,,,,,,,,,,3.59,4.02,1.32,1.27,2.78,3.03,1.48,1.41,2.34,2.54,1.65,1.56,1.99,2.20,1.81,1.72,1.72,1.87,2.21,2.02,1.54,1.63,2.60,2.38,1.43,1.50,2.97,2.74,1.30,1.35,3.69,3.33,1.19,1.22,4.87,4.55,,,,,,,,,,,,,,,,
netherlands,eerste-divisie,2023.0,2023-09-15,Den Bosch,Maastricht,3,2,Pinnacle,2.18,3.77,2.96,2.29,3.76,3.02,,,,,,,,,,,,,,,,,,,,,,,,,,,,,3.52,3.83,1.29,1.29,3.16,3.42,1.34,1.34,2.53,2.69,1.51,1.51,2.17,2.28,1.68,1.68,1.92,2.00,1.88,1.89,1.64,1.70,2.24,2.24,1.49,1.53,2.59,2.62,1.39,1.42,2.93,2.99,1.28,1.30,3.60,3.69,,,,,,,,,,,,,,,,,,,,
netherlands,eerste-divisie,2023.0,2023-09-15,Dordrecht,Jong Utrecht,3,3,Pinnacle,1.93,3.83,3.51,1.93,4.07,3.66,,,,,,,,,,,,,,,,,,,,,,,,,3.36,3.31,1.31,1.36,3.01,2.97,1.37,1.43,2.68,2.63,1.46,1.53,2.20,2.19,1.66,1.74,1.93,1.93,1.87,1.95,1.69,1.70,2.15,2.24,1.46,1.48,2.68,2.80,1.36,1.38,3.07,3.21,1.29,1.31,3.47,3.62,,,,,,,,,,,,,,,,,,,,,,,,
netherlands,eerste-divisie,2023.0,2023-09-15,Groningen,Den Haag,0,1,Pinnacle,1.63,4.16,5.21,1.61,4.34,5.45,,,,,,,,,,,,,,,,,4.31,4.21,1.24,1.25,3.21,3.15,1.38,1.39,2.67,2.62,1.52,1.53,2.35,2.31,1.64,1.66,2.00,2.01,1.81,1.88,1.78,1.75,2.12,2.16,1.62,1.60,2.40,2.45,1.44,1.42,2.92,3.00,1.26,1.25,4.05,4.23,,,,,,,,,,,,,,,,,,,,,,,,,,,,,,,,
netherlands,eerste-divisie,2023.0,2023-09-15,Jong PSV,De Graafschap,1,3,Pinnacle,2.56,3.51,2.59,3.11,3.83,2.22,,,,,,,,,,,,,,,,,,,,,,,,,,,,,,,,,,,,,3.06,3.81,1.36,1.29,2.55,3.08,1.50,1.40,2.22,2.71,1.65,1.50,1.89,2.33,1.91,1.65,1.64,1.94,2.25,1.94,1.49,1.72,2.58,2.21,1.35,1.54,3.11,2.59,1.22,1.36,4.15,3.30,1.24,1.30,3.92,3.71,,,,,,,,,,,,
netherlands,eerste-divisie,2023.0,2023-09-15,Jong Ajax,FC Emmen,3,3,Pinnacle,3.16,3.91,2.04,2.74,4.19,2.33,,,,,,,,,,,,,,,,,,,,,,,,,,,,,,,,,,,,,3.80,3.28,1.25,1.36,3.09,2.71,1.36,1.49,2.74,2.42,1.44,1.61,2.38,2.11,1.57,1.79,1.98,1.84,1.83,2.06,1.75,1.66,2.07,2.31,1.57,1.50,2.37,2.71,1.40,1.34,2.90,3.42,1.33,1.29,3.24,3.81,,,,,,,,,,,,
netherlands,eerste-divisie,2023.0,2023-09-15,Helmond,Oss,1,1,Pinnacle,1.63,4.06,4.82,1.84,3.98,4.16,,,,,,,,,,,,,,,,,,,,,3.29,3.87,1.32,1.28,2.70,3.18,1.45,1.38,2.40,2.83,1.56,1.46,2.08,2.48,1.74,1.58,1.80,2.07,2.01,1.81,1.63,1.84,2.27,2.06,1.44,1.61,2.75,2.42,1.26,1.39,3.75,3.16,1.21,1.31,4.26,3.62,1.26,1.26,4.10,4.10,,,,,,,,,,,,,,,,,,,,,,,,
netherlands,eerste-divisie,2023.0,2023-09-15,Venlo,NAC Breda,3,1,Pinnacle,2.25,3.59,2.96,2.55,3.99,2.56,,,,,,,,,,,,,,,,,,,,,,,,,,,,,,,,,3.37,4.01,1.31,1.27,2.64,3.03,1.48,1.41,2.24,2.53,1.64,1.56,1.95,2.23,1.85,1.71,1.66,1.93,2.20,1.95,1.50,1.70,2.58,2.25,1.39,1.56,2.93,2.55,1.27,1.41,3.64,3.06,1.20,1.26,4.45,4.07,,,,,,,,,,,,,,,,
netherlands,eerste-divisie,2023.0,2023-09-15,Roda,Telstar,3,0,Pinnacle,1.93,3.74,3.61,1.58,4.36,5.69,,,,,,,,,,,,,,,,,4.20,3.94,1.25,1.28,3.85,3.00,1.27,1.42,3.40,2.52,1.30,1.57,3.04,2.23,1.36,1.71,2.69,1.95,1.46,1.93,2.20,1.71,1.66,2.22,1.93,1.57,1.88,2.51,1.68,1.40,2.16,3.09,1.45,1.23,2.74,4.43,,,,,,,,,,,,,,,,,,,,,,,,,,,,,,,,
netherlands,eerste-divisie,2023.0,2023-09-15,Jong AZ,Eindhoven FC,0,0,Pinnacle,2.59,3.39,2.76,2.42,3.56,2.95,,,,,,,,,,,,,,,,,,,,,,,,,,,,,3.80,4.28,1.28,1.24,4.22,3.82,1.25,1.29,3.12,2.89,1.39,1.45,2.58,2.41,1.55,1.62,2.23,2.10,1.71,1.81,1.84,1.76,1.96,2.15,1.63,1.56,2.37,2.54,1.49,1.44,2.75,2.92,1.35,1.31,3.35,3.63,1.22,1.20,4.63,4.99,,,,,,,,,,,,,,,,
netherlands,eerste-divisie,2023.0,2023-09-17,Cambuur,Willem II,1,0,Pinnacle,2.02,3.72,3.56,2.26,3.78,3.06,,,,,,,,,,,,,,,,,,,,,,,,,,,,,3.22,3.82,1.37,1.29,2.85,3.39,1.46,1.34,2.31,2.65,1.66,1.52,1.97,2.25,1.83,1.69,1.76,1.97,2.15,1.92,1.51,1.68,2.68,2.28,1.40,1.52,3.10,2.66,1.33,1.41,3.52,3.03,1.26,1.29,4.13,3.78,,,,,,,,,,,,,,,,,,,,
netherlands,eerste-divisie,2023.0,2023-09-18,Groningen,Jong PSV,4,0,Pinnacle,1.46,4.72,6.62,1.25,6.56,11.08,4.04,4.06,1.26,1.26,3.42,3.22,1.33,1.36,3.51,2.69,1.31,1.49,3.69,2.42,1.30,1.60,3.29,2.13,1.36,1.76,2.61,1.86,1.53,2.01,2.23,1.68,1.70,2.24,1.93,1.51,1.87,2.65,1.71,1.33,2.22,3.41,1.56,1.27,2.56,3.93,,,,,,,,,,,,,,,,,,,,,,,,,,,,,,,,,,,,,,,,,,,,
netherlands,eerste-divisie,2023.0,2023-09-18,FC Emmen,Jong Utrecht,2,0,Pinnacle,1.32,5.45,7.80,1.36,5.62,8.02,,,,,,,,,3.27,3.37,1.32,1.35,2.94,3.02,1.39,1.41,2.61,2.69,1.48,1.51,2.16,2.22,1.68,1.71,1.91,1.96,1.89,1.93,1.69,1.74,2.15,2.18,1.47,1.52,2.64,2.65,1.37,1.42,3.00,3.01,1.31,1.35,3.37,3.37,,,,,,,,,,,,,,,,,,,,,,,,,,,,,,,,,,,,,,,,
netherlands,eerste-divisie,2023.0,2023-09-18,Eindhoven FC,Den Haag,1,1,Pinnacle,2.13,3.79,3.04,2.59,3.62,2.70,,,,,,,,,,,,,,,,,,,,,,,,,,,,,,,,,3.12,4.22,1.35,1.25,2.48,3.11,1.53,1.39,2.13,2.58,1.70,1.55,1.88,2.24,1.93,1.70,1.61,1.90,2.30,1.99,1.47,1.65,2.67,2.33,1.37,1.51,3.01,2.68,1.26,1.36,3.74,3.27,1.24,1.23,4.12,4.52,,,,,,,,,,,,,,,,
netherlands,eerste-divisie,2023.0,2023-09-18,De Graafschap,Helmond,2,1,Pinnacle,1.54,4.57,4.99,1.86,3.87,4.18,,,,,,,,,,,,,,,,,,,,,2.86,3.93,1.40,1.28,2.42,3.25,1.55,1.37,2.15,2.89,1.69,1.44,1.88,2.54,1.92,1.56,1.67,2.10,2.19,1.79,1.53,1.86,2.47,2.03,1.38,1.62,2.97,2.39,1.23,1.40,4.01,3.15,1.23,1.31,4.03,3.63,1.27,1.26,4.04,4.12,,,,,,,,,,,,,,,,,,,,,,,,
netherlands,eerste-divisie,2023.0,2023-09-18,Oss,Dordrecht,0,1,Pinnacle,2.00,3.76,3.37,2.98,3.74,2.32,,,,,,,,,,,,,,,,,,,,,,,,,,,,,,,,,,,,,2.30,3.62,1.61,1.31,2.00,2.95,1.81,1.43,1.75,2.59,2.06,1.54,1.50,2.21,2.55,1.72,1.39,1.87,2.94,2.02,1.31,1.66,3.33,2.31,1.26,1.50,3.77,2.73,1.26,1.33,4.12,3.50,1.26,1.28,4.11,3.92,,,,,,,,,,,,
netherlands,eerste-divisie,2023.0,2023-09-18,Jong AZ,Jong Ajax,5,2,Pinnacle,1.65,4.28,4.38,1.74,4.57,4.14,,,,,,,,,,,,,,,,,,,,,3.21,3.36,1.33,1.35,2.67,2.78,1.46,1.47,2.39,2.50,1.56,1.58,2.09,2.20,1.73,1.72,1.83,1.92,1.98,1.97,1.65,1.73,2.22,2.20,1.47,1.55,2.65,2.57,1.30,1.37,3.45,3.27,1.25,1.30,3.89,3.68,,,,,,,,,,,,,,,,,,,,,,,,,,,,
netherlands,eerste-divisie,2023.0,2023-09-22,Roda,Den Bosch,4,1,Pinnacle,1.49,4.46,5.72,1.49,4.80,6.39,,,,,,,,,,,,,3.50,3.75,1.29,1.28,3.64,3.38,1.27,1.33,2.81,2.70,1.42,1.49,2.37,2.32,1.57,1.64,2.09,2.05,1.73,1.85,1.81,1.77,1.99,2.14,1.61,1.59,2.30,2.47,1.49,1.47,2.60,2.78,1.33,1.33,3.21,3.49,,,,,,,,,,,,,,,,,,,,,,,,,,,,,,,,,,,,
netherlands,eerste-divisie,2023.0,2023-09-22,Jong Utrecht,Cambuur,3,2,Pinnacle,3.89,3.93,1.81,4.65,4.33,1.69,,,,,,,,,,,,,,,,,,,,,,,,,,,,,,,,,,,,,,,,,,,,,3.42,4.10,1.30,1.26,3.00,3.61,1.38,1.31,2.34,2.72,1.59,1.50,2.00,2.27,1.81,1.68,1.78,2.02,2.03,1.88,1.55,1.75,2.42,2.17,1.43,1.58,2.74,2.49,1.36,1.47,3.07,2.79,1.30,1.35,3.43,3.38,,,,
netherlands,eerste-divisie,2023.0,2023-09-22,Jong PSV,Venlo,0,0,Pinnacle,2.83,3.76,2.26,4.12,4.25,1.79,,,,,,,,,,,,,,,,,,,,,,,,,,,,,,,,,,,,,,,,,2.80,3.91,1.42,1.28,2.48,3.63,1.53,1.31,2.13,3.18,1.70,1.38,1.82,2.48,1.99,1.58,1.63,2.11,2.25,1.78,1.48,1.88,2.63,2.00,1.32,1.65,3.29,2.35,1.27,1.51,3.66,2.68,1.32,1.42,3.60,2.99,1.31,1.31,3.61,3.67,,,,
netherlands,eerste-divisie,2023.0,2023-09-22,Helmond,Groningen,1,2,Pinnacle,3.87,3.75,1.93,4.73,4.22,1.70,,,,,,,,,,,,,,,,,,,,,,,,,,,,,,,,,,,,,,,,,,,,,3.36,4.15,1.35,1.28,2.92,3.65,1.45,1.31,2.28,2.71,1.68,1.50,1.92,2.26,1.88,1.69,1.74,2.00,2.19,1.89,1.52,1.71,2.67,2.22,1.41,1.55,3.03,2.57,1.34,1.44,3.39,2.90,1.29,1.32,3.70,3.57,,,,
netherlands,eerste-divisie,2023.0,2023-09-22,Dordrecht,Jong AZ,0,0,Pinnacle,2.34,3.70,2.76,2.30,3.95,2.89,,,,,,,,,,,,,,,,,,,,,,,,,,,,,3.89,3.81,1.25,1.29,3.50,3.41,1.29,1.34,2.74,2.69,1.44,1.51,2.33,2.29,1.60,1.67,2.05,2.03,1.78,1.87,1.75,1.74,2.07,2.18,1.56,1.56,2.41,2.53,1.44,1.45,2.73,2.86,1.32,1.33,3.32,3.49,,,,,,,,,,,,,,,,,,,,
netherlands,eerste-divisie,2023.0,2023-09-22,Den Haag,Telstar,1,1,Pinnacle,1.62,4.30,4.62,1.56,4.43,5.88,,,,,,,,,,,,,,,,,4.03,3.95,1.23,1.27,3.08,3.00,1.36,1.42,2.59,2.52,1.49,1.57,2.30,2.22,1.61,1.71,2.03,1.93,1.79,1.96,1.76,1.69,2.04,2.26,1.61,1.55,2.29,2.57,1.44,1.38,2.74,3.18,1.27,1.22,3.65,4.59,,,,,,,,,,,,,,,,,,,,,,,,,,,,,,,,
netherlands,eerste-divisie,2023.0,2023-09-22,NAC Breda,FC Emmen,1,3,Pinnacle,2.35,3.66,2.76,2.24,3.90,3.02,,,,,,,,,,,,,,,,,,,,,,,,,3.71,3.63,1.30,1.31,3.94,3.71,1.24,1.30,3.54,3.31,1.28,1.36,2.77,2.61,1.44,1.53,2.34,2.23,1.59,1.71,2.05,1.96,1.77,1.93,1.75,1.68,2.06,2.28,1.56,1.53,2.41,2.64,1.44,1.42,2.73,2.99,1.32,1.30,3.33,3.71,,,,,,,,,,,,,,,,,,,,
netherlands,eerste-divisie,2023.0,2023-09-24,Maastricht,De Graafschap,1,2,Pinnacle,2.69,3.53,2.58,3.04,3.94,2.22,,,,,,,,,,,,,,,,,,,,,,,,,,,,,,,,,,,,,3.22,3.72,1.37,1.30,2.67,3.01,1.52,1.41,2.33,2.67,1.65,1.52,1.93,2.30,1.86,1.67,1.70,1.94,2.23,1.94,1.55,1.72,2.57,2.21,1.40,1.55,3.07,2.57,1.26,1.37,4.08,3.22,1.25,1.31,3.85,3.61,,,,,,,,,,,,
netherlands,eerste-divisie,2023.0,2023-09-25,Jong Ajax,Eindhoven FC,1,1,Pinnacle,2.65,3.66,2.44,2.20,3.99,3.05,,,,,,,,,,,,,,,,,,,,,,,,,,,,,3.88,3.54,1.28,1.32,4.19,3.16,1.22,1.39,3.16,2.54,1.34,1.56,2.64,2.19,1.48,1.74,2.31,1.93,1.60,1.95,1.98,1.66,1.83,2.31,1.70,1.52,2.13,2.67,1.55,1.41,2.43,3.01,1.40,1.30,2.87,3.69,,,,,,,,,,,,,,,,,,,,
netherlands,eerste-divisie,2023.0,2023-09-29,Maastricht,Den Haag,0,3,Pinnacle,2.69,3.64,2.42,3.15,4.03,2.14,,,,,,,,,,,,,,,,,,,,,,,,,,,,,,,,,,,,,3.22,3.85,1.33,1.28,2.68,3.11,1.46,1.39,2.34,2.76,1.59,1.49,2.01,2.40,1.80,1.62,1.72,2.01,2.10,1.88,1.56,1.78,2.41,2.13,1.41,1.60,2.84,2.46,1.27,1.41,3.67,3.03,1.31,1.34,3.34,3.41,,,,,,,,,,,,
netherlands,eerste-divisie,2023.0,2023-09-29,Jong AZ,Willem II,0,2,Pinnacle,2.77,3.49,2.42,3.34,3.56,2.21,,,,,,,,,,,,,,,,,,,,,,,,,,,,,,,,,,,,,3.35,4.19,1.31,1.25,2.76,3.30,1.44,1.36,2.40,2.88,1.56,1.46,2.04,2.44,1.78,1.60,1.73,1.98,2.09,1.91,1.56,1.73,2.41,2.20,1.40,1.54,2.86,2.59,1.26,1.36,3.74,3.32,1.27,1.30,3.68,3.75,,,,,,,,,,,,
netherlands,eerste-divisie,2023.0,2023-09-29,Groningen,Den Bosch,0,3,Pinnacle,1.34,5.38,8.81,1.27,6.26,10.24,,,,,3.44,3.50,1.30,1.32,3.38,2.89,1.35,1.43,3.03,2.60,1.41,1.53,2.68,2.28,1.51,1.67,2.21,1.96,1.72,1.91,1.91,1.76,1.89,2.13,1.71,1.57,2.22,2.50,1.49,1.37,2.74,3.17,1.39,1.31,3.13,3.59,,,,,,,,,,,,,,,,,,,,,,,,,,,,,,,,,,,,,,,,,,,,
netherlands,eerste-divisie,2023.0,2023-09-29,Eindhoven FC,Dordrecht,1,1,Pinnacle,1.56,4.31,5.16,2.14,3.80,3.31,,,,,,,,,,,,,,,,,,,,,,,,,,,,,2.21,3.51,1.65,1.33,1.93,3.11,1.87,1.40,1.69,2.48,2.15,1.59,1.55,2.13,2.43,1.78,1.38,1.87,2.95,2.03,1.23,1.59,4.09,2.47,1.22,1.46,4.14,2.88,1.29,1.36,3.71,3.27,1.26,1.26,4.09,4.12,,,,,,,,,,,,,,,,,,,,
netherlands,eerste-divisie,2023.0,2023-09-29,De Graafschap,Roda,0,0,Pinnacle,2.36,3.56,2.81,2.27,3.80,3.03,,,,,,,,,,,,,,,,,,,,,,,,,,,,,4.04,3.81,1.23,1.29,3.62,3.40,1.27,1.34,2.79,2.66,1.43,1.52,2.35,2.26,1.58,1.69,2.05,1.98,1.77,1.90,1.74,1.69,2.08,2.26,1.54,1.53,2.44,2.64,1.42,1.42,2.79,3.00,1.30,1.30,3.42,3.72,,,,,,,,,,,,,,,,,,,,
netherlands,eerste-divisie,2023.0,2023-09-29,Cambuur,Jong PSV,3,4,Pinnacle,1.38,5.29,7.43,1.45,5.18,6.38,,,,,,,,,3.45,3.42,1.34,1.34,3.10,3.34,1.40,1.35,2.77,3.00,1.49,1.42,2.28,2.47,1.68,1.59,1.96,2.15,1.83,1.76,1.78,1.93,2.12,1.96,1.56,1.68,2.55,2.28,1.44,1.54,2.89,2.60,1.37,1.44,3.24,2.90,1.28,1.31,3.90,3.62,,,,,,,,,,,,,,,,,,,,,,,,,,,,,,,,,,,,
netherlands,eerste-divisie,2023.0,2023-09-29,Telstar,Jong Ajax,3,2,Pinnacle,2.01,3.73,3.36,2.30,4.06,2.84,,,,,,,,,,,,,,,,,,,,,,,,,,,,,3.23,3.76,1.33,1.29,2.87,3.37,1.41,1.35,2.31,2.68,1.60,1.52,2.01,2.29,1.80,1.68,1.76,2.03,2.05,1.87,1.51,1.75,2.54,2.17,1.39,1.58,2.93,2.50,1.32,1.46,3.32,2.81,1.22,1.34,4.13,3.44,,,,,,,,,,,,,,,,,,,,
netherlands,eerste-divisie,2023.0,2023-09-29,Oss,FC Emmen,0,1,Pinnacle,3.55,3.77,2.01,4.79,4.39,1.67,,,,,,,,,,,,,,,,,,,,,,,,,,,,,,,,,,,,,,,,,,,,,3.09,4.23,1.40,1.25,2.68,3.73,1.51,1.30,2.15,2.79,1.76,1.48,1.83,2.32,1.96,1.66,1.67,2.05,2.30,1.84,1.47,1.77,2.82,2.13,1.38,1.59,3.18,2.46,1.32,1.47,3.55,2.77,1.27,1.35,3.69,3.37,,,,
netherlands,eerste-divisie,2023.0,2023-10-01,Venlo,Helmond,0,4,Pinnacle,1.64,4.09,4.75,1.72,4.19,4.60,,,,,,,,,,,,,,,,,,,,,3.32,3.55,1.32,1.32,2.73,2.90,1.44,1.44,2.42,2.58,1.55,1.55,2.10,2.24,1.72,1.70,1.81,1.92,2.00,1.97,1.63,1.71,2.26,2.22,1.45,1.52,2.73,2.67,1.27,1.32,3.70,3.54,1.22,1.27,4.19,4.04,,,,,,,,,,,,,,,,,,,,,,,,,,,,
netherlands,eerste-divisie,2023.0,2023-10-02,Maastricht,Eindhoven FC,0,1,Pinnacle,2.35,3.51,3.00,2.78,3.68,2.49,,,,,,,,,,,,,,,,,,,,,,,,,,,,,,,,,3.59,4.65,1.32,1.22,2.78,3.37,1.48,1.35,2.34,2.76,1.65,1.49,1.99,2.41,1.81,1.62,1.72,2.06,2.21,1.84,1.54,1.75,2.60,2.16,1.43,1.58,2.97,2.48,1.30,1.43,3.69,2.96,1.20,1.28,4.39,3.93,1.26,1.25,4.14,4.19,,,,,,,,,,,,
netherlands,eerste-divisie,2023.0,2023-10-02,Jong Utrecht,NAC Breda,1,1,Pinnacle,3.35,3.71,2.10,3.79,4.08,1.90,,,,,,,,,,,,,,,,,,,,,,,,,,,,,,,,,,,,,,,,,3.32,3.74,1.36,1.30,2.93,3.31,1.44,1.36,2.52,2.90,1.57,1.45,2.01,2.30,1.80,1.67,1.80,1.99,2.09,1.90,1.61,1.76,2.42,2.15,1.42,1.53,2.99,2.61,1.35,1.43,3.37,2.97,1.28,1.35,3.58,3.33,,,,,,,,
netherlands,eerste-divisie,2023.0,2023-10-03,Willem II,Oss,2,1,Pinnacle,1.33,5.09,8.05,1.40,5.25,7.49,,,,,,,,,3.55,3.69,1.28,1.30,3.19,3.52,1.34,1.33,2.83,3.13,1.42,1.39,2.29,2.50,1.61,1.57,2.00,2.15,1.81,1.76,1.75,1.89,2.06,1.99,1.51,1.62,2.52,2.39,1.40,1.48,2.89,2.78,1.32,1.39,3.27,3.14,1.25,1.27,4.16,4.02,,,,,,,,,,,,,,,,,,,,,,,,,,,,,,,,,,,,
netherlands,eerste-divisie,2023.0,2023-10-06,Jong Ajax,Venlo,3,0,Pinnacle,3.68,3.92,1.86,2.25,3.96,2.96,,,,,,,,,,,,,,,,,,,,,,,,,,,,,3.70,3.60,1.30,1.31,4.16,3.23,1.24,1.37,3.75,2.61,1.26,1.54,3.63,2.24,1.27,1.70,3.23,1.98,1.33,1.91,2.83,1.70,1.42,2.24,2.24,1.54,1.64,2.60,1.94,1.43,1.86,2.93,1.72,1.32,2.10,3.57,1.51,1.27,2.53,4.04,,,,,,,,,,,,,,,,
netherlands,eerste-divisie,2023.0,2023-10-06,Roda,Jong AZ,3,1,Pinnacle,1.47,4.66,5.82,1.73,4.10,4.67,,,,,,,,,,,,,,,,,,,,,2.66,3.65,1.47,1.31,2.27,2.96,1.63,1.43,2.01,2.63,1.80,1.53,1.74,2.28,2.07,1.68,1.57,1.93,2.38,1.95,1.45,1.72,2.68,2.21,1.32,1.52,3.32,2.65,1.24,1.32,3.96,3.57,1.23,1.26,4.24,4.09,,,,,,,,,,,,,,,,,,,,,,,,,,,,
netherlands,eerste-divisie,2023.0,2023-10-06,NAC Breda,Groningen,3,2,Pinnacle,3.42,3.62,2.10,2.79,3.72,2.46,,,,,,,,,,,,,,,,,,,,,,,,,,,,,,,,,4.84,4.73,1.20,1.21,4.30,3.40,1.24,1.34,3.38,2.78,1.35,1.48,2.97,2.42,1.43,1.61,2.54,2.07,1.56,1.83,2.01,1.77,1.79,2.14,1.79,1.60,2.10,2.45,1.61,1.43,2.43,2.93,1.41,1.28,3.04,3.89,1.34,1.27,3.44,4.00,,,,,,,,,,,,
netherlands,eerste-divisie,2023.0,2023-10-06,Jong PSV,Maastricht,2,3,Pinnacle,2.05,3.87,3.35,1.79,4.31,4.05,,,,,,,,,,,,,,,,,,,,,3.74,3.59,1.30,1.32,3.55,2.94,1.32,1.43,3.20,2.64,1.38,1.52,2.86,2.33,1.46,1.65,2.34,2.00,1.65,1.89,2.00,1.79,1.81,2.11,1.80,1.59,2.09,2.47,1.56,1.39,2.55,3.14,1.43,1.32,2.93,3.57,1.36,1.28,3.31,3.88,,,,,,,,,,,,,,,,,,,,,,,,
netherlands,eerste-divisie,2023.0,2023-10-06,Willem II,De Graafschap,4,2,Pinnacle,1.80,3.89,3.95,2.01,3.75,3.69,,,,,,,,,,,,,,,,,,,,,,,,,3.07,3.66,1.36,1.31,2.74,3.26,1.43,1.37,2.42,2.88,1.56,1.46,2.02,2.31,1.78,1.66,1.80,2.01,2.01,1.88,1.58,1.75,2.35,2.17,1.37,1.49,3.04,2.75,1.29,1.38,3.47,3.20,1.25,1.31,3.90,3.65,,,,,,,,,,,,,,,,,,,,,,,,
netherlands,eerste-divisie,2023.0,2023-10-06,Dordrecht,Cambuur,5,2,Pinnacle,2.74,3.59,2.40,3.14,4.02,2.14,,,,,,,,,,,,,,,,,,,,,,,,,,,,,,,,,,,,,3.29,3.84,1.32,1.29,2.72,3.11,1.45,1.40,2.38,2.76,1.57,1.49,2.04,2.39,1.78,1.63,1.74,2.00,2.08,1.88,1.56,1.77,2.39,2.13,1.41,1.59,2.82,2.46,1.27,1.41,3.65,3.03,1.29,1.34,3.47,3.40,,,,,,,,,,,,
netherlands,eerste-divisie,2023.0,2023-10-06,Helmond,Jong Utrecht,4,0,Pinnacle,1.81,3.92,3.87,1.51,4.77,6.11,,,,,,,,,,,,,4.00,3.95,1.27,1.27,4.40,3.53,1.23,1.32,3.73,2.74,1.28,1.49,3.11,2.32,1.35,1.66,2.77,2.06,1.43,1.83,2.45,1.79,1.54,2.11,2.04,1.61,1.76,2.42,1.81,1.49,2.00,2.71,1.60,1.35,2.33,3.38,1.39,1.21,2.98,4.73,,,,,,,,,,,,,,,,,,,,,,,,,,,,,,,,
netherlands,eerste-divisie,2023.0,2023-10-06,FC Emmen,Telstar,2,0,Pinnacle,1.40,4.86,6.65,1.45,4.84,7.08,,,,,,,,,,,,,3.45,3.64,1.30,1.31,3.08,3.24,1.36,1.37,2.47,2.57,1.53,1.55,2.12,2.19,1.70,1.73,1.88,1.95,1.92,1.93,1.63,1.69,2.26,2.26,1.49,1.54,2.60,2.60,1.39,1.44,2.92,2.92,1.27,1.30,3.70,3.73,,,,,,,,,,,,,,,,,,,,,,,,,,,,,,,,,,,,
netherlands,eerste-divisie,2023.0,2023-10-06,Den Haag,Oss,2,1,Pinnacle,1.41,4.77,6.71,1.40,5.12,7.66,,,,,,,,,,,,,3.56,3.43,1.28,1.34,3.18,3.05,1.34,1.41,2.53,2.45,1.51,1.60,2.17,2.12,1.68,1.78,1.92,1.88,1.88,2.02,1.65,1.62,2.23,2.41,1.50,1.48,2.58,2.78,1.40,1.39,2.90,3.12,1.27,1.27,3.68,4.02,,,,,,,,,,,,,,,,,,,,,,,,,,,,,,,,,,,,
netherlands,eerste-divisie,2023.0,2023-10-06,Den Bosch,Eindhoven FC,0,1,Pinnacle,2.67,3.45,2.65,2.61,3.35,2.85,,,,,,,,,,,,,,,,,,,,,,,,,,,,,,,,,4.34,4.30,1.24,1.24,3.21,3.15,1.38,1.39,2.65,2.59,1.52,1.54,2.30,2.22,1.67,1.71,1.91,1.86,1.89,2.04,1.68,1.61,2.28,2.43,1.53,1.47,2.63,2.83,1.38,1.33,3.18,3.49,1.24,1.20,4.29,4.92,,,,,,,,,,,,,,,,
netherlands,eerste-divisie,2023.0,2023-10-14,Venlo,Roda,1,1,Pinnacle,2.37,3.64,2.90,3.08,3.72,2.27,,,,,,,,,,,,,,,,,,,,,,,,,,,,,,,,,,,,,2.78,3.81,1.48,1.29,2.35,3.05,1.64,1.41,2.07,2.68,1.83,1.51,1.76,2.29,2.15,1.68,1.57,1.91,2.52,1.97,1.45,1.69,2.87,2.25,1.33,1.52,3.51,2.65,1.21,1.35,4.51,3.38,1.26,1.29,4.10,3.79,,,,,,,,,,,,
netherlands,eerste-divisie,2023.0,2023-10-14,Telstar,Maastricht,2,1,Pinnacle,2.11,3.70,3.35,2.30,3.75,3.01,,,,,,,,,,,,,,,,,,,,,,,,,,,,,3.39,3.82,1.34,1.29,3.01,3.41,1.42,1.34,2.43,2.69,1.61,1.51,2.10,2.29,1.79,1.68,1.80,2.00,2.01,1.88,1.57,1.70,2.51,2.24,1.44,1.53,2.92,2.62,1.36,1.42,3.31,2.98,1.25,1.30,4.18,3.70,,,,,,,,,,,,,,,,,,,,
netherlands,eerste-divisie,2023.0,2023-10-15,Cambuur,NAC Breda,2,3,Pinnacle,1.47,4.85,5.53,2.17,3.90,3.16,,,,,,,,,,,,,,,,,,,,,,,,,2.24,3.54,1.64,1.32,2.00,3.44,1.81,1.34,1.73,3.07,2.09,1.40,1.56,2.50,2.39,1.58,1.45,2.16,2.67,1.75,1.32,1.90,3.28,1.98,1.26,1.63,3.72,2.38,1.27,1.49,3.70,2.76,1.27,1.39,3.89,3.12,1.27,1.28,4.04,3.90,,,,,,,,,,,,,,,,,,,,
netherlands,eerste-divisie,2023.0,2023-10-15,Willem II,Den Bosch,3,1,Pinnacle,1.36,4.99,7.32,1.47,4.73,6.77,,,,,,,,,,,,,3.32,4.10,1.32,1.26,2.95,3.66,1.39,1.31,2.37,2.83,1.57,1.47,2.05,2.38,1.76,1.63,1.81,2.09,2.00,1.82,1.56,1.78,2.39,2.12,1.44,1.58,2.76,2.48,1.35,1.46,3.10,2.82,1.24,1.32,3.97,3.58,,,,,,,,,,,,,,,,,,,,,,,,,,,,,,,,,,,,
netherlands,eerste-divisie,2023.0,2023-10-20,NAC Breda,Telstar,3,1,Pinnacle,1.56,4.38,5.08,1.44,4.99,6.95,,,,,,,,,,,,,3.80,3.51,1.28,1.33,3.81,3.12,1.25,1.39,2.93,2.50,1.39,1.58,2.47,2.15,1.53,1.76,2.19,1.92,1.67,1.97,1.92,1.67,1.88,2.31,1.68,1.53,2.15,2.64,1.55,1.43,2.43,2.95,1.39,1.30,2.94,3.75,,,,,,,,,,,,,,,,,,,,,,,,,,,,,,,,,,,,
netherlands,eerste-divisie,2023.0,2023-10-20,Maastricht,Cambuur,1,1,Pinnacle,3.10,3.75,2.20,3.45,4.26,1.96,,,,,,,,,,,,,,,,,,,,,,,,,,,,,,,,,,,,,,,,,3.07,3.41,1.40,1.34,2.71,3.04,1.50,1.41,2.33,2.68,1.65,1.52,1.92,2.19,1.88,1.73,1.73,1.93,2.19,1.96,1.56,1.72,2.55,2.21,1.38,1.52,3.17,2.67,1.32,1.42,3.55,3.00,1.33,1.35,3.23,3.34,,,,,,,,
netherlands,eerste-divisie,2023.0,2023-10-20,Jong AZ,Oss,3,0,Pinnacle,1.52,4.39,5.42,1.81,4.06,4.19,,,,,,,,,,,,,,,,,,,,,2.87,3.80,1.40,1.29,2.42,3.06,1.55,1.40,2.14,2.74,1.69,1.49,1.87,2.41,1.93,1.62,1.65,2.04,2.22,1.85,1.52,1.81,2.51,2.08,1.36,1.60,3.08,2.46,1.21,1.38,4.31,3.19,1.25,1.31,3.90,3.66,,,,,,,,,,,,,,,,,,,,,,,,,,,,
netherlands,eerste-divisie,2023.0,2023-10-20,FC Emmen,Den Haag,2,3,Pinnacle,2.27,3.59,3.09,2.31,3.60,3.09,,,,,,,,,,,,,,,,,,,,,,,,,,,,,3.78,3.98,1.26,1.27,3.38,3.54,1.31,1.32,2.64,2.73,1.47,1.50,2.24,2.30,1.64,1.67,1.95,2.00,1.85,1.88,1.64,1.69,2.23,2.26,1.48,1.52,2.63,2.67,1.37,1.40,3.00,3.06,1.26,1.29,3.73,3.84,,,,,,,,,,,,,,,,,,,,
netherlands,eerste-divisie,2023.0,2023-10-20,Eindhoven FC,Helmond,1,2,Pinnacle,1.92,3.59,3.81,2.58,3.38,2.86,,,,,,,,,,,,,,,,,,,,,,,,,,,,,3.10,3.78,1.35,1.23,2.73,3.99,1.45,1.21,2.20,2.97,1.66,1.35,1.92,2.46,1.88,1.50,1.66,2.12,2.20,1.66,1.42,1.78,2.85,1.97,1.32,1.54,3.31,2.35,1.26,1.41,3.77,2.73,1.23,1.28,4.28,3.36,1.17,1.16,4.52,4.70,,,,,,,,,,,,,,,,
netherlands,eerste-divisie,2023.0,2023-10-20,Dordrecht,Jong Ajax,4,0,Pinnacle,1.90,4.01,3.72,1.65,4.97,4.34,,,,,,,,,,,,,,,,,3.78,3.63,1.29,1.31,3.47,2.90,1.33,1.44,3.12,2.49,1.35,1.58,2.80,2.24,1.42,1.70,2.49,2.00,1.53,1.88,2.09,1.78,1.73,2.11,1.86,1.65,1.94,2.35,1.64,1.48,2.24,2.74,1.43,1.33,2.79,3.49,1.34,1.30,3.17,3.72,,,,,,,,,,,,,,,,,,,,,,,,,,,,
netherlands,eerste-divisie,2023.0,2023-10-20,Den Bosch,Venlo,1,2,Pinnacle,2.47,3.75,2.57,2.44,3.64,2.87,,,,,,,,,,,,,,,,,,,,,,,,,,,,,4.09,4.27,1.26,1.24,3.78,3.84,1.26,1.29,2.91,2.90,1.39,1.44,2.46,2.43,1.54,1.61,2.16,2.11,1.68,1.79,1.86,1.79,1.94,2.12,1.63,1.58,2.25,2.48,1.50,1.46,2.56,2.85,1.36,1.33,3.05,3.49,1.23,1.20,4.01,4.84,,,,,,,,,,,,,,,,
netherlands,eerste-divisie,2023.0,2023-10-20,De Graafschap,Groningen,2,1,Pinnacle,2.62,3.61,2.49,2.83,3.61,2.48,,,,,,,,,,,,,,,,,,,,,,,,,,,,,,,,,4.19,4.76,1.22,1.21,3.14,3.44,1.35,1.34,2.61,2.81,1.49,1.47,2.28,2.44,1.62,1.60,1.95,2.08,1.85,1.83,1.68,1.76,2.16,2.15,1.53,1.59,2.47,2.47,1.38,1.43,2.95,2.94,1.25,1.28,3.88,3.88,1.24,1.25,4.15,4.21,,,,,,,,,,,,
netherlands,eerste-divisie,2023.0,2023-10-21,Roda,Willem II,0,1,Pinnacle,2.05,3.65,3.34,2.34,3.58,3.06,,,,,,,,,,,,,,,,,,,,,,,,,,,,,3.29,4.03,1.32,1.27,2.92,3.59,1.39,1.32,2.36,2.77,1.58,1.49,2.04,2.33,1.76,1.65,1.79,2.03,2.03,1.86,1.52,1.70,2.50,2.23,1.40,1.53,2.91,2.64,1.32,1.41,3.30,3.02,1.22,1.29,4.17,3.79,,,,,,,,,,,,,,,,,,,,
netherlands,eerste-divisie,2023.0,2023-10-23,Helmond,Dordrecht,1,1,Pinnacle,1.99,3.87,3.31,2.06,3.99,3.39,,,,,,,,,,,,,,,,,,,,,,,,,3.49,3.52,1.29,1.31,3.14,3.16,1.35,1.37,2.79,2.90,1.43,1.45,2.28,2.30,1.62,1.64,1.99,2.06,1.82,1.84,1.75,1.80,2.07,2.09,1.51,1.55,2.53,2.57,1.40,1.43,2.90,2.95,1.32,1.35,3.28,3.35,,,,,,,,,,,,,,,,,,,,,,,,
netherlands,eerste-divisie,2023.0,2023-10-23,Groningen,FC Emmen,0,0,Pinnacle,2.11,3.62,3.41,2.07,3.75,3.51,,,,,,,,,,,,,,,,,,,,,,,,,3.39,3.83,1.31,1.29,3.46,3.43,1.33,1.34,3.06,3.03,1.41,1.42,2.44,2.40,1.60,1.62,2.10,2.07,1.79,1.83,1.80,1.80,2.01,2.09,1.56,1.53,2.53,2.61,1.44,1.41,2.96,3.04,1.35,1.33,3.37,3.47,1.24,1.24,4.28,4.30,,,,,,,,,,,,,,,,,,,,
netherlands,eerste-divisie,2023.0,2023-10-23,Jong AZ,De Graafschap,3,0,Pinnacle,2.53,3.48,2.65,2.63,3.62,2.66,,,,,,,,,,,,,,,,,,,,,,,,,,,,,,,,,3.99,4.17,1.24,1.25,3.01,3.13,1.37,1.39,2.52,2.61,1.52,1.53,2.18,2.27,1.67,1.68,1.85,1.93,1.95,1.95,1.61,1.67,2.29,2.30,1.48,1.52,2.64,2.64,1.34,1.38,3.18,3.20,1.21,1.24,4.28,4.34,,,,,,,,,,,,,,,,
netherlands,eerste-divisie,2023.0,2023-10-23,Oss,Jong Utrecht,2,0,Pinnacle,2.21,3.56,3.23,2.18,3.78,3.07,,,,,,,,,,,,,,,,,,,,,,,,,,,,,3.69,3.82,1.30,1.29,3.28,3.22,1.36,1.34,2.58,2.65,1.55,1.52,2.20,2.24,1.73,1.70,1.88,1.97,1.93,1.92,1.63,1.68,2.39,2.29,1.48,1.52,2.80,2.67,1.38,1.41,3.19,3.04,1.27,1.29,4.02,3.80,,,,,,,,,,,,,,,,,,,,
netherlands,eerste-divisie,2023.0,2023-10-23,Jong PSV,Eindhoven FC,3,4,Pinnacle,2.68,3.39,2.66,4.47,3.90,1.80,,,,,,,,,,,,,,,,,,,,,,,,,,,,,,,,,,,,,,,,,2.67,4.28,1.52,1.24,2.31,3.89,1.67,1.28,1.91,3.36,1.89,1.35,1.68,2.51,2.29,1.57,1.52,2.10,2.65,1.79,1.37,1.86,3.21,2.03,1.24,1.61,4.38,2.42,1.23,1.48,4.39,2.79,1.27,1.39,3.97,3.13,1.27,1.28,3.97,3.92,,,,
netherlands,eerste-divisie,2023.0,2023-10-23,Jong Ajax,Den Haag,0,0,Pinnacle,2.61,3.65,2.59,3.50,4.39,1.92,,,,,,,,,,,,,,,,,,,,,,,,,,,,,,,,,,,,,,,,,2.60,3.45,1.54,1.34,2.27,3.09,1.68,1.40,1.91,2.74,1.89,1.50,1.69,2.24,2.25,1.70,1.55,1.97,2.57,1.92,1.40,1.76,3.06,2.15,1.27,1.56,4.00,2.54,1.28,1.45,3.79,2.84,1.33,1.38,3.51,3.16,,,,,,,,
netherlands,eerste-divisie,2023.0,2023-10-27,Den Haag,Venlo,2,2,Pinnacle,1.85,3.90,4.01,1.61,4.46,5.25,,,,,,,,,,,,,,,,,4.35,4.28,1.24,1.24,3.79,3.20,1.28,1.38,3.17,2.66,1.38,1.52,2.83,2.34,1.46,1.65,2.49,2.03,1.58,1.86,2.08,1.76,1.81,2.15,1.81,1.60,1.99,2.44,1.63,1.43,2.38,2.97,1.41,1.26,3.07,4.11,1.33,1.24,3.51,4.39,,,,,,,,,,,,,,,,,,,,,,,,,,,,
netherlands,eerste-divisie,2023.0,2023-10-27,Dordrecht,Den Bosch,5,1,Pinnacle,1.74,4.15,4.36,1.79,4.18,4.23,,,,,,,,,,,,,,,,,,,,,3.45,3.70,1.34,1.30,2.84,3.00,1.46,1.42,2.54,2.69,1.56,1.51,2.23,2.35,1.71,1.65,1.88,2.00,1.92,1.89,1.73,1.78,2.19,2.12,1.54,1.57,2.60,2.50,1.35,1.37,3.39,3.25,1.29,1.30,3.85,3.71,,,,,,,,,,,,,,,,,,,,,,,,,,,,
netherlands,eerste-divisie,2023.0,2023-10-27,De Graafschap,Eindhoven FC,2,1,Pinnacle,1.88,3.85,3.65,1.87,3.97,4.01,,,,,,,,,,,,,,,,,,,,,,,,,3.22,3.28,1.23,1.36,2.90,2.91,1.30,1.44,2.58,2.56,1.41,1.56,2.15,2.12,1.65,1.78,1.91,1.87,1.88,2.02,1.66,1.64,2.14,2.36,1.39,1.42,2.63,3.05,1.29,1.33,2.97,3.50,1.22,1.27,3.29,3.96,,,,,,,,,,,,,,,,,,,,,,,,
netherlands,eerste-divisie,2023.0,2023-10-27,NAC Breda,Helmond,1,1,Pinnacle,1.63,4.18,5.17,1.70,4.28,4.64,,,,,,,,,,,,,,,,,,,,,3.20,3.49,1.38,1.33,2.66,2.85,1.52,1.45,2.35,2.53,1.64,1.56,2.00,2.20,1.81,1.72,1.78,1.89,2.12,2.00,1.62,1.69,2.40,2.25,1.44,1.51,2.91,2.70,1.27,1.32,4.03,3.59,1.24,1.26,4.12,4.08,,,,,,,,,,,,,,,,,,,,,,,,,,,,
netherlands,eerste-divisie,2023.0,2023-10-27,Roda,Jong Ajax,2,1,Pinnacle,1.50,4.89,5.66,1.29,6.48,8.58,,,,,3.53,3.34,1.32,1.34,3.55,2.79,1.32,1.46,3.56,2.52,1.32,1.56,3.20,2.24,1.38,1.69,2.59,1.95,1.54,1.92,2.24,1.76,1.70,2.12,1.96,1.58,1.84,2.46,1.76,1.40,2.15,3.05,1.60,1.33,2.45,3.43,,,,,,,,,,,,,,,,,,,,,,,,,,,,,,,,,,,,,,,,,,,,
netherlands,eerste-divisie,2023.0,2023-10-27,Telstar,Oss,1,0,Pinnacle,1.83,3.88,3.88,1.99,3.80,3.73,,,,,,,,,,,,,,,,,,,,,,,,,3.11,3.51,1.35,1.33,2.78,3.14,1.42,1.39,2.46,2.78,1.54,1.48,2.05,2.27,1.76,1.68,1.83,1.99,1.98,1.90,1.60,1.73,2.32,2.20,1.39,1.48,2.98,2.79,1.30,1.37,3.40,3.23,1.25,1.30,3.83,3.68,,,,,,,,,,,,,,,,,,,,,,,,
netherlands,eerste-divisie,2023.0,2023-10-27,FC Emmen,Jong AZ,2,1,Pinnacle,1.65,4.23,4.90,1.68,4.26,4.84,,,,,,,,,,,,,,,,,4.27,4.35,1.25,1.24,3.21,3.34,1.38,1.35,2.68,2.74,1.51,1.48,2.37,2.44,1.63,1.60,2.03,2.13,1.79,1.77,1.81,1.85,2.08,2.04,1.64,1.67,2.35,2.29,1.46,1.49,2.83,2.77,1.29,1.30,3.83,3.74,1.24,1.25,4.33,4.26,,,,,,,,,,,,,,,,,,,,,,,,,,,,
netherlands,eerste-divisie,2023.0,2023-10-27,Willem II,Jong PSV,3,0,Pinnacle,1.41,4.86,6.47,1.52,4.69,6.04,,,,,,,,,,,,,,,,,3.08,3.67,1.36,1.31,2.47,2.86,1.53,1.45,2.13,2.43,1.70,1.61,1.89,2.14,1.91,1.77,1.64,1.85,2.24,2.05,1.50,1.64,2.57,2.36,1.40,1.51,2.89,2.69,1.27,1.35,3.63,3.33,1.20,1.21,4.93,4.79,,,,,,,,,,,,,,,,,,,,,,,,,,,,,,,,
netherlands,eerste-divisie,2023.0,2023-10-29,Cambuur,Groningen,2,1,Pinnacle,2.60,3.56,2.65,2.67,3.99,2.45,,,,,,,,,,,,,,,,,,,,,,,,,,,,,,,,,4.11,4.21,1.26,1.25,3.10,3.18,1.40,1.38,2.59,2.66,1.54,1.52,2.26,2.34,1.69,1.65,1.88,2.03,1.92,1.86,1.67,1.76,2.29,2.15,1.53,1.60,2.63,2.44,1.38,1.45,3.16,2.88,1.25,1.30,4.21,3.72,,,,,,,,,,,,,,,,
netherlands,eerste-divisie,2023.0,2023-10-30,Jong Utrecht,Maastricht,1,1,Pinnacle,2.42,3.76,2.62,2.71,3.87,2.47,,,,,,,,,,,,,,,,,,,,,,,,,,,,,,,,,3.67,4.35,1.27,1.24,2.84,3.24,1.41,1.37,2.41,2.69,1.56,1.51,2.11,2.36,1.71,1.64,1.83,2.04,1.98,1.85,1.61,1.76,2.30,2.15,1.48,1.60,2.61,2.45,1.35,1.44,3.13,2.91,1.22,1.29,4.13,3.81,,,,,,,,,,,,,,,,
netherlands,eerste-divisie,2023.0,2023-11-03,Venlo,Jong AZ,2,2,Pinnacle,1.88,3.89,3.93,2.20,3.94,3.07,,,,,,,,,,,,,,,,,,,,,,,,,,,,,2.87,3.56,1.45,1.32,2.53,3.18,1.56,1.38,2.11,2.55,1.79,1.56,1.83,2.19,1.97,1.73,1.65,1.93,2.34,1.95,1.43,1.66,3.00,2.32,1.34,1.51,3.43,2.69,1.28,1.41,3.87,3.04,1.25,1.29,4.24,3.76,,,,,,,,,,,,,,,,,,,,
netherlands,eerste-divisie,2023.0,2023-11-03,Helmond,Telstar,1,0,Pinnacle,1.71,4.00,4.69,1.71,4.15,4.74,,,,,,,,,,,,,,,,,,,,,3.53,3.57,1.33,1.32,2.87,2.90,1.45,1.44,2.56,2.57,1.56,1.55,2.22,2.23,1.71,1.71,1.87,1.90,1.93,1.98,1.71,1.70,2.23,2.24,1.51,1.51,2.68,2.70,1.32,1.31,3.60,3.64,1.26,1.25,4.11,4.16,,,,,,,,,,,,,,,,,,,,,,,,,,,,
netherlands,eerste-divisie,2023.0,2023-11-03,De Graafschap,NAC Breda,1,0,Pinnacle,2.02,3.76,3.53,2.50,3.75,2.73,,,,,,,,,,,,,,,,,,,,,,,,,,,,,,,,,2.84,3.90,1.47,1.28,2.31,2.96,1.67,1.43,1.97,2.48,1.83,1.58,1.76,2.17,2.14,1.75,1.52,1.85,2.67,2.04,1.40,1.63,3.08,2.37,1.33,1.50,3.49,2.72,1.25,1.36,3.83,3.30,1.23,1.23,4.30,4.50,,,,,,,,,,,,,,,,
netherlands,eerste-divisie,2023.0,2023-11-04,Den Bosch,Jong Utrecht,1,1,Pinnacle,1.78,4.01,4.25,1.82,3.81,4.46,,,,,,,,,,,,,,,,,,,,,3.66,4.00,1.31,1.27,2.98,3.19,1.42,1.38,2.67,2.84,1.52,1.47,2.34,2.47,1.65,1.59,1.94,2.06,1.85,1.84,1.78,1.81,2.12,2.07,1.57,1.58,2.51,2.48,1.37,1.35,3.26,3.33,1.30,1.28,3.73,3.87,,,,,,,,,,,,,,,,,,,,,,,,,,,,
netherlands,eerste-divisie,2023.0,2023-11-05,Groningen,Dordrecht,2,2,Pinnacle,1.47,4.93,6.10,1.67,4.55,4.62,,,,,,,,,,,,,,,,,,,,,2.53,3.17,1.56,1.38,2.19,2.65,1.74,1.51,1.91,2.37,1.89,1.63,1.70,2.08,2.23,1.81,1.56,1.83,2.55,2.08,1.46,1.66,2.84,2.32,1.33,1.49,3.52,2.77,1.24,1.31,3.93,3.64,1.26,1.26,3.91,4.10,,,,,,,,,,,,,,,,,,,,,,,,,,,,
netherlands,eerste-divisie,2023.0,2023-11-06,Eindhoven FC,Roda,1,1,Pinnacle,2.64,3.25,2.68,2.94,3.54,2.44,,,,,,,,,,,,,,,,,,,,,,,,,,,,,,,,,,,,,3.20,3.62,1.34,1.31,2.63,2.91,1.48,1.44,2.26,2.53,1.63,1.56,1.88,2.14,1.92,1.77,1.61,1.80,2.29,2.11,1.47,1.61,2.66,2.42,1.33,1.45,3.25,2.91,1.20,1.28,4.49,3.86,1.22,1.24,4.43,4.32,,,,,,,,,,,,
netherlands,eerste-divisie,2023.0,2023-11-06,Jong Ajax,Willem II,1,0,Pinnacle,3.51,3.94,1.91,3.67,4.05,1.94,,,,,,,,,,,,,,,,,,,,,,,,,,,,,,,,,,,,,,,,,3.47,3.62,1.29,1.31,3.08,3.21,1.36,1.38,2.70,2.80,1.46,1.48,2.17,2.24,1.68,1.70,1.89,1.94,1.91,1.94,1.69,1.73,2.15,2.19,1.49,1.52,2.58,2.65,1.40,1.42,2.90,2.99,1.33,1.35,3.22,3.33,,,,,,,,
netherlands,eerste-divisie,2023.0,2023-11-06,Maastricht,FC Emmen,1,1,Pinnacle,3.32,3.77,2.10,3.55,4.10,1.96,,,,,,,,,,,,,,,,,,,,,,,,,,,,,,,,,,,,,,,,,3.28,3.51,1.36,1.33,2.91,3.11,1.45,1.39,2.51,2.73,1.57,1.50,2.01,2.20,1.80,1.72,1.81,1.93,2.09,1.96,1.62,1.71,2.41,2.23,1.43,1.50,2.96,2.72,1.35,1.40,3.33,3.08,1.32,1.34,3.29,3.44,,,,,,,,
netherlands,eerste-divisie,2023.0,2023-11-06,Oss,Cambuur,1,8,Pinnacle,3.83,4.05,1.88,3.61,4.20,1.93,,,,,,,,,,,,,,,,,,,,,,,,,,,,,,,,,,,,,,,,,3.78,3.57,1.29,1.32,3.36,3.18,1.35,1.38,2.94,2.79,1.44,1.48,2.33,2.25,1.66,1.69,1.99,1.96,1.86,1.93,1.78,1.75,2.11,2.16,1.57,1.55,2.52,2.58,1.45,1.44,2.85,2.90,1.38,1.37,3.18,3.23,,,,,,,,
netherlands,eerste-divisie,2023.0,2023-11-06,Jong PSV,Den Haag,1,2,Pinnacle,3.79,3.91,1.83,3.74,4.06,1.92,,,,,,,,,,,,,,,,,,,,,,,,,,,,,,,,,,,,,,,,,3.74,3.69,1.26,1.30,3.33,3.27,1.32,1.36,2.92,2.86,1.40,1.46,2.29,2.27,1.61,1.68,1.97,1.97,1.83,1.92,1.75,1.74,2.07,2.17,1.53,1.53,2.47,2.64,1.42,1.42,2.80,2.99,1.35,1.35,3.13,3.35,,,,,,,,
netherlands,eerste-divisie,2023.0,2023-11-10,Dordrecht,Jong PSV,1,4,Pinnacle,1.55,4.68,5.33,1.42,5.58,6.49,,,,,,,,,3.37,3.44,1.35,1.34,3.78,3.11,1.29,1.40,3.48,2.79,1.33,1.48,2.75,2.31,1.48,1.66,2.36,2.04,1.64,1.85,2.10,1.82,1.79,2.07,1.81,1.61,1.99,2.43,1.66,1.49,2.32,2.74,1.54,1.41,2.60,3.05,1.39,1.30,3.14,3.75,,,,,,,,,,,,,,,,,,,,,,,,,,,,,,,,,,,,
netherlands,eerste-divisie,2023.0,2023-11-10,Eindhoven FC,Venlo,0,2,Pinnacle,1.92,3.77,3.89,2.25,3.78,3.08,,,,,,,,,,,,,,,,,,,,,,,,,,,,,2.99,3.79,1.42,1.29,2.64,3.37,1.53,1.35,2.17,2.64,1.75,1.53,1.88,2.24,1.93,1.70,1.67,1.96,2.29,1.93,1.44,1.67,2.94,2.30,1.35,1.51,3.39,2.68,1.29,1.41,3.84,3.05,1.24,1.29,3.91,3.82,,,,,,,,,,,,,,,,,,,,
netherlands,eerste-divisie,2023.0,2023-11-10,FC Emmen,Den Bosch,1,0,Pinnacle,1.48,4.69,6.26,1.43,4.93,7.36,,,,,,,,,,,,,3.64,3.64,1.27,1.31,3.27,3.24,1.32,1.37,2.60,2.57,1.49,1.55,2.22,2.19,1.65,1.73,1.98,1.94,1.83,1.94,1.71,1.67,2.12,2.30,1.55,1.52,2.43,2.66,1.44,1.42,2.72,3.00,1.31,1.28,3.39,3.85,,,,,,,,,,,,,,,,,,,,,,,,,,,,,,,,,,,,
netherlands,eerste-divisie,2023.0,2023-11-10,Willem II,Jong Utrecht,2,1,Pinnacle,1.32,5.67,8.63,1.33,5.55,9.23,,,,,,,,,3.07,3.51,1.36,1.33,2.76,3.16,1.43,1.39,2.45,2.81,1.54,1.47,2.06,2.30,1.75,1.67,1.84,2.02,1.96,1.87,1.63,1.76,2.25,2.15,1.43,1.51,2.78,2.69,1.35,1.40,3.14,3.11,1.29,1.32,3.51,3.54,,,,,,,,,,,,,,,,,,,,,,,,,,,,,,,,,,,,,,,,
netherlands,eerste-divisie,2023.0,2023-11-10,NAC Breda,Jong Ajax,1,1,Pinnacle,1.43,5.26,6.26,1.52,5.03,5.49,,,,,,,,,,,,,3.16,3.74,1.38,1.30,2.83,3.37,1.46,1.35,2.36,2.71,1.64,1.50,2.07,2.33,1.82,1.65,1.81,2.08,1.99,1.83,1.63,1.81,2.38,2.08,1.51,1.63,2.69,2.38,1.42,1.51,2.99,2.66,1.30,1.37,3.69,3.24,1.20,1.23,4.18,4.44,,,,,,,,,,,,,,,,,,,,,,,,,,,,,,,,
netherlands,eerste-divisie,2023.0,2023-11-10,Telstar,De Graafschap,1,2,Pinnacle,3.16,3.64,2.21,3.33,3.93,2.08,,,,,,,,,,,,,,,,,,,,,,,,,,,,,,,,,,,,,3.90,4.15,1.28,1.26,3.12,3.29,1.39,1.36,2.75,2.92,1.49,1.45,2.35,2.52,1.64,1.57,1.91,2.07,1.89,1.83,1.72,1.81,2.20,2.08,1.55,1.62,2.57,2.40,1.37,1.43,3.24,2.96,1.31,1.35,3.64,3.34,1.29,1.32,3.69,3.69,,,,,,,,
netherlands,eerste-divisie,2023.0,2023-11-10,Jong AZ,Helmond,2,1,Pinnacle,2.06,3.71,3.26,2.30,3.73,3.03,,,,,,,,,,,,,,,,,,,,,,,,,,,,,3.34,3.90,1.31,1.28,2.96,3.47,1.38,1.33,2.38,2.70,1.57,1.51,2.05,2.29,1.76,1.68,1.80,2.00,2.01,1.88,1.54,1.70,2.46,2.24,1.41,1.53,2.85,2.63,1.33,1.42,3.23,2.99,1.23,1.30,4.07,3.73,,,,,,,,,,,,,,,,,,,,
netherlands,eerste-divisie,2023.0,2023-11-10,Oss,Maastricht,0,1,Pinnacle,2.48,3.72,2.77,2.54,3.63,2.74,,,,,,,,,,,,,,,,,,,,,,,,,,,,,,,,,3.82,4.00,1.29,1.27,2.93,3.02,1.43,1.41,2.47,2.53,1.59,1.56,2.15,2.20,1.76,1.72,1.80,1.87,2.01,2.02,1.62,1.63,2.40,2.37,1.49,1.50,2.75,2.73,1.35,1.36,3.33,3.33,1.23,1.22,4.50,4.58,,,,,,,,,,,,,,,,
netherlands,eerste-divisie,2023.0,2023-11-12,Roda,Groningen,0,0,Pinnacle,2.22,3.60,3.01,2.35,3.75,2.94,,,,,,,,,,,,,,,,,,,,,,,,,,,,,3.63,3.87,1.27,1.28,3.25,3.47,1.33,1.33,2.58,2.74,1.49,1.49,2.21,2.33,1.66,1.65,1.93,2.05,1.87,1.85,1.64,1.74,2.24,2.18,1.48,1.56,2.62,2.55,1.38,1.44,2.98,2.91,1.27,1.31,3.69,3.61,,,,,,,,,,,,,,,,,,,,
netherlands,eerste-divisie,2023.0,2023-11-12,Den Haag,Cambuur,1,2,Pinnacle,2.08,3.92,3.36,2.09,3.94,3.31,,,,,,,,,,,,,,,,,,,,,,,,,,,,,3.30,3.32,1.36,1.36,2.94,2.95,1.44,1.43,2.38,2.40,1.63,1.62,2.03,2.08,1.79,1.81,1.81,1.83,2.07,2.06,1.56,1.57,2.54,2.51,1.43,1.45,2.92,2.90,1.36,1.36,3.32,3.27,1.25,1.26,3.85,4.11,,,,,,,,,,,,,,,,,,,,
netherlands,eerste-divisie,2023.0,2023-11-17,Venlo,Willem II,1,3,Pinnacle,2.74,3.36,2.51,2.97,3.48,2.44,,,,,,,,,,,,,,,,,,,,,,,,,,,,,,,,,,,,,3.31,3.64,1.32,1.31,2.73,2.94,1.45,1.43,2.36,2.55,1.58,1.56,1.99,2.15,1.82,1.76,1.68,1.80,2.16,2.11,1.52,1.61,2.50,2.43,1.37,1.44,3.00,2.94,1.24,1.27,3.97,3.95,1.24,1.23,4.13,4.44,,,,,,,,,,,,
netherlands,eerste-divisie,2023.0,2023-11-17,Den Bosch,Telstar,1,4,Pinnacle,1.85,3.83,4.09,2.24,3.63,3.20,,,,,,,,,,,,,,,,,,,,,,,,,,,,,2.86,3.84,1.45,1.29,2.51,3.40,1.57,1.34,2.09,2.64,1.80,1.53,1.81,2.23,1.99,1.71,1.63,1.94,2.39,1.94,1.40,1.64,3.11,2.35,1.32,1.49,3.56,2.77,1.27,1.38,4.03,3.17,1.26,1.27,4.12,4.00,,,,,,,,,,,,,,,,,,,,
netherlands,eerste-divisie,2023.0,2023-11-19,Maastricht,NAC Breda,1,4,Pinnacle,3.41,3.72,2.08,3.59,3.86,2.01,,,,,,,,,,,,,,,,,,,,,,,,,,,,,,,,,,,,,,,,,3.37,3.54,1.35,1.32,2.96,3.12,1.43,1.39,2.56,2.70,1.55,1.51,2.08,2.15,1.81,1.76,1.79,1.88,2.03,2.01,1.63,1.66,2.38,2.31,1.44,1.46,2.96,2.86,1.36,1.37,3.32,3.24,1.30,1.31,3.70,3.62,,,,,,,,
netherlands,eerste-divisie,2023.0,2023-11-19,Cambuur,Roda,1,1,Pinnacle,2.36,3.74,2.83,2.06,4.24,3.20,,,,,,,,,,,,,,,,,,,,,,,,,3.38,3.54,1.33,1.32,3.82,3.19,1.25,1.38,3.44,2.85,1.30,1.46,2.71,2.34,1.45,1.65,2.30,2.06,1.61,1.84,2.03,1.82,1.79,2.07,1.74,1.59,2.08,2.48,1.55,1.46,2.42,2.82,1.44,1.38,2.74,3.16,1.32,1.28,3.33,3.87,,,,,,,,,,,,,,,,,,,,
netherlands,eerste-divisie,2023.0,2023-11-24,Groningen,Eindhoven FC,2,1,Pinnacle,1.58,4.02,5.40,1.51,4.58,6.30,,,,,,,,,,,,,,,,,4.36,3.87,1.21,1.28,3.20,2.91,1.34,1.44,2.64,2.44,1.48,1.60,2.32,2.14,1.60,1.76,2.01,1.85,1.81,2.05,1.73,1.63,2.09,2.37,1.57,1.51,2.38,2.70,1.39,1.35,2.93,3.37,1.22,1.20,4.19,4.96,,,,,,,,,,,,,,,,,,,,,,,,,,,,,,,,
netherlands,eerste-divisie,2023.0,2023-11-24,Helmond,FC Emmen,1,2,Pinnacle,2.64,3.50,2.72,3.41,3.61,2.16,,,,,,,,,,,,,,,,,,,,,,,,,,,,,,,,,,,,,3.18,4.29,1.38,1.24,2.62,3.37,1.53,1.35,2.27,2.95,1.69,1.44,1.91,2.50,1.97,1.58,1.65,2.02,2.34,1.87,1.51,1.76,2.71,2.15,1.36,1.57,3.29,2.52,1.22,1.37,4.53,3.23,1.23,1.31,4.24,3.66,,,,,,,,,,,,
netherlands,eerste-divisie,2023.0,2023-11-24,Dordrecht,Den Haag,2,2,Pinnacle,2.32,3.83,2.92,2.84,4.00,2.32,,,,,,,,,,,,,,,,,,,,,,,,,,,,,,,,,,,,,2.71,3.42,1.50,1.34,2.31,2.82,1.66,1.46,2.03,2.50,1.86,1.58,1.74,2.16,2.19,1.75,1.56,1.85,2.55,2.04,1.44,1.67,2.89,2.30,1.32,1.51,3.54,2.71,1.21,1.34,4.53,3.42,1.26,1.29,4.06,3.82,,,,,,,,,,,,
netherlands,eerste-divisie,2023.0,2023-11-24,Jong Utrecht,De Graafschap,2,0,Pinnacle,3.79,3.83,1.93,3.95,3.93,1.81,,,,,,,,,,,,,,,,,,,,,,,,,,,,,,,,,,,,,,,,,3.74,3.90,1.30,1.25,3.30,3.46,1.36,1.30,2.88,3.03,1.46,1.38,2.27,2.35,1.68,1.60,1.92,2.01,1.88,1.81,1.74,1.78,2.18,2.04,1.53,1.56,2.64,2.43,1.42,1.44,2.98,2.75,1.35,1.36,3.34,3.08,,,,,,,,
netherlands,eerste-divisie,2023.0,2023-11-24,Jong PSV,Jong AZ,1,2,Pinnacle,2.65,3.60,2.58,2.92,3.97,2.28,,,,,,,,,,,,,,,,,,,,,,,,,,,,,,,,,,,,,3.15,3.54,1.39,1.32,2.63,2.89,1.53,1.44,2.30,2.56,1.67,1.56,1.93,2.21,1.88,1.72,1.70,1.88,2.24,2.00,1.55,1.69,2.57,2.27,1.40,1.52,3.06,2.65,1.27,1.35,4.04,3.33,1.26,1.30,3.98,3.72,,,,,,,,,,,,
netherlands,eerste-divisie,2023.0,2023-11-24,Venlo,Cambuur,1,2,Pinnacle,2.61,3.68,2.47,3.09,3.82,2.23,,,,,,,,,,,,,,,,,,,,,,,,,,,,,,,,,,,,,3.10,3.79,1.35,1.29,2.60,3.06,1.49,1.40,2.28,2.70,1.62,1.51,1.96,2.31,1.85,1.66,1.69,1.93,2.15,1.95,1.54,1.71,2.45,2.22,1.39,1.54,2.91,2.60,1.26,1.36,3.77,3.28,1.27,1.31,3.90,3.68,,,,,,,,,,,,
netherlands,eerste-divisie,2023.0,2023-11-24,Jong Ajax,Oss,1,0,Pinnacle,1.55,4.58,4.88,1.85,4.11,3.98,,,,,,,,,,,,,,,,,,,,,2.82,3.89,1.42,1.28,2.40,3.20,1.56,1.38,2.14,2.85,1.69,1.46,1.88,2.50,1.92,1.58,1.68,2.08,2.18,1.81,1.54,1.85,2.44,2.05,1.39,1.63,2.93,2.39,1.24,1.41,3.92,3.06,1.25,1.33,4.05,3.49,1.27,1.28,3.69,3.93,,,,,,,,,,,,,,,,,,,,,,,,
netherlands,eerste-divisie,2023.0,2023-11-24,NAC Breda,Den Bosch,1,0,Pinnacle,1.46,4.70,5.89,1.41,4.99,7.88,,,,,,,,,,,,,3.68,3.65,1.27,1.31,3.30,3.23,1.32,1.37,2.62,2.55,1.48,1.56,2.23,2.17,1.64,1.74,1.99,1.92,1.82,1.97,1.72,1.64,2.10,2.36,1.56,1.49,2.41,2.75,1.44,1.40,2.71,3.11,1.31,1.27,3.36,4.03,,,,,,,,,,,,,,,,,,,,,,,,,,,,,,,,,,,,
netherlands,eerste-divisie,2023.0,2023-11-24,Telstar,Willem II,1,5,Pinnacle,3.76,3.58,1.93,3.70,3.63,2.05,,,,,,,,,,,,,,,,,,,,,,,,,,,,,,,,,,,,,,,,,3.72,3.66,1.26,1.31,3.26,3.19,1.33,1.38,2.81,2.73,1.43,1.50,2.18,2.14,1.67,1.77,1.87,1.85,1.93,2.05,1.65,1.64,2.21,2.36,1.45,1.44,2.73,2.95,1.35,1.35,3.10,3.34,1.29,1.30,3.47,3.74,,,,,,,,
netherlands,eerste-divisie,2023.0,2023-11-26,Roda,Maastricht,1,0,Pinnacle,1.40,4.91,6.55,1.54,4.72,5.64,,,,,,,,,,,,,3.38,3.91,1.31,1.28,3.01,3.74,1.37,1.30,2.43,2.89,1.55,1.44,2.10,2.44,1.72,1.60,1.87,2.16,1.93,1.75,1.62,1.88,2.28,2.01,1.48,1.67,2.61,2.31,1.39,1.53,2.92,2.61,1.27,1.38,3.68,3.20,1.21,1.23,4.53,4.48,,,,,,,,,,,,,,,,,,,,,,,,,,,,,,,,
netherlands,eerste-divisie,2023.0,2023-11-27,Jong AZ,Groningen,0,5,Pinnacle,3.41,3.71,2.08,4.17,3.75,1.89,,,,,,,,,,,,,,,,,,,,,,,,,,,,,,,,,,,,,,,,,3.37,4.12,1.35,1.26,2.96,3.61,1.43,1.31,2.56,3.11,1.55,1.40,2.08,2.36,1.81,1.64,1.79,2.00,2.03,1.89,1.63,1.76,2.39,2.15,1.44,1.53,2.96,2.62,1.35,1.42,3.33,2.99,1.30,1.35,3.71,3.36,1.27,1.27,4.03,4.03,,,,
netherlands,eerste-divisie,2023.0,2023-11-27,Jong Ajax,Helmond,4,1,Pinnacle,2.65,3.81,2.38,2.61,3.71,2.62,,,,,,,,,,,,,,,,,,,,,,,,,,,,,,,,,4.14,4.19,1.22,1.25,3.15,3.13,1.35,1.39,2.63,2.60,1.48,1.54,2.32,2.27,1.60,1.68,2.01,1.94,1.80,1.94,1.74,1.68,2.08,2.28,1.57,1.53,2.37,2.61,1.43,1.39,2.78,3.14,1.28,1.25,3.55,4.20,,,,,,,,,,,,,,,,
netherlands,eerste-divisie,2023.0,2023-11-27,FC Emmen,Jong PSV,1,0,Pinnacle,1.35,5.55,8.00,1.32,6.31,8.16,,,,,3.70,3.55,1.30,1.31,3.24,3.04,1.37,1.41,2.91,2.73,1.44,1.49,2.59,2.43,1.54,1.61,2.17,2.07,1.75,1.81,1.88,1.86,1.92,2.03,1.71,1.65,2.23,2.33,1.50,1.45,2.73,2.89,1.40,1.37,3.09,3.26,1.34,1.31,3.45,3.63,,,,,,,,,,,,,,,,,,,,,,,,,,,,,,,,,,,,,,,,
netherlands,eerste-divisie,2023.0,2023-11-27,Eindhoven FC,Oss,0,0,Pinnacle,1.52,4.22,5.74,1.86,3.64,4.45,,,,,,,,,,,,,,,,,,,,,2.96,4.16,1.38,1.25,2.47,3.38,1.53,1.35,2.17,2.99,1.68,1.42,1.88,2.60,1.92,1.54,1.65,2.12,2.22,1.78,1.52,1.86,2.52,2.03,1.35,1.61,3.13,2.42,1.19,1.37,4.53,3.29,1.21,1.29,4.69,3.84,1.23,1.24,4.50,4.39,,,,,,,,,,,,,,,,,,,,,,,,
netherlands,eerste-divisie,2023.0,2023-11-27,Den Haag,Jong Utrecht,6,0,Pinnacle,1.35,5.52,7.79,1.40,5.13,7.62,,,,,,,,,,,,,2.93,3.28,1.43,1.36,2.61,2.93,1.53,1.43,2.18,2.41,1.74,1.61,1.90,2.10,1.90,1.79,1.72,1.87,2.21,2.03,1.51,1.61,2.69,2.41,1.41,1.48,3.04,2.78,1.34,1.39,3.40,3.12,1.25,1.27,4.03,4.01,,,,,,,,,,,,,,,,,,,,,,,,,,,,,,,,,,,,
netherlands,eerste-divisie,2023.0,2023-12-01,Cambuur,Eindhoven FC,2,2,Pinnacle,1.49,4.74,6.37,1.49,4.74,6.37,,,,,,,,,,,,,,3.91,,1.28,,3.48,,1.33,,2.71,,1.51,,2.29,,1.68,,2.04,,1.85,,1.76,,2.14,,1.60,,2.46,,1.48,,2.75,,1.33,,3.46,,,,,,,,,,,,,,,,,,,,,,,,,,,,,,,,,,,,
netherlands,eerste-divisie,2023.0,2023-12-01,Den Bosch,Jong Ajax,3,3,Pinnacle,2.31,3.83,2.95,2.31,3.83,2.95,,,,,,,,,,,,,,,,,,,,,,,,,,,,,,3.94,,1.28,,3.50,,1.33,,2.72,,1.50,,2.30,,1.67,,2.02,,1.88,,1.72,,2.21,,1.55,,2.57,,1.44,,2.92,,1.31,,3.61,,1.22,,4.61,,,,,,,,,,,,,,,,
netherlands,eerste-divisie,2023.0,2023-12-01,Dordrecht,Roda,2,0,Pinnacle,2.83,4.30,2.23,2.83,4.30,2.23,,,,,,,,,,,,,,,,,,,,,,,,,,,,,,,,,,4.11,,1.26,,3.38,,1.35,,2.80,,1.47,,2.51,,1.57,,2.20,,1.72,,1.91,,1.98,,1.71,,2.22,,1.55,,2.57,,1.38,,3.17,,1.32,,3.53,,,,,,,,,,,,
netherlands,eerste-divisie,2023.0,2023-12-01,Oss,De Graafschap,0,1,Pinnacle,4.35,3.80,1.85,4.35,3.80,1.85,,,,,,,,,,,,,,,,,,,,,,,,,,,,,,,,,,,,,,,,,,4.28,,1.24,,3.77,,1.29,,3.26,,1.38,,2.43,,1.61,,2.05,,1.85,,1.79,,2.10,,1.55,,2.58,,1.42,,2.98,,1.35,,3.38,,,,,,,,
netherlands,eerste-divisie,2023.0,2023-12-01,Helmond,Den Haag,3,2,Pinnacle,3.18,3.74,2.21,3.18,3.74,2.21,,,,,,,,,,,,,,,,,,,,,,,,,,,,,,,,,,,,,,3.96,,1.27,,3.15,,1.39,,2.77,,1.49,,2.37,,1.64,,1.96,,1.93,,1.72,,2.20,,1.55,,2.58,,1.36,,3.28,,1.30,,3.70,,,,,,,,,,,,
netherlands,eerste-divisie,2023.0,2023-12-01,Maastricht,Jong AZ,4,0,Pinnacle,2.03,3.93,3.47,2.03,3.93,3.47,,,,,,,,,,,,,,,,,,,,,,,,,,3.62,,1.31,,3.24,,1.37,,2.88,,1.46,,2.33,,1.65,,2.03,,1.86,,1.78,,2.12,,1.53,,2.63,,1.41,,3.03,,1.34,,3.43,,,,,,,,,,,,,,,,,,,,,,,,
netherlands,eerste-divisie,2023.0,2023-12-01,Willem II,FC Emmen,3,0,Pinnacle,1.97,3.70,3.88,1.97,3.70,3.88,,,,,,,,,,,,,,,,,,,,,,,,,,3.63,,1.31,,3.23,,1.37,,2.82,,1.46,,2.26,,1.68,,1.97,,1.92,,1.70,,2.22,,1.45,,2.87,,1.35,,3.34,,1.28,,3.82,,,,,,,,,,,,,,,,,,,,,,,,
netherlands,eerste-divisie,2023.0,2023-12-01,Groningen,Venlo,2,1,Pinnacle,1.40,5.18,7.54,1.40,5.18,7.54,,,,,,,,,,,,,,3.40,,1.34,,3.01,,1.41,,2.43,,1.61,,2.10,,1.79,,1.86,,2.03,,1.61,,2.42,,1.48,,2.78,,1.39,,3.13,,1.27,,4.01,,,,,,,,,,,,,,,,,,,,,,,,,,,,,,,,,,,,
netherlands,eerste-divisie,2023.0,2023-12-01,Jong Utrecht,Jong PSV,0,0,Pinnacle,2.51,3.72,2.73,2.51,3.72,2.73,,,,,,,,,,,,,,,,,,,,,,,,,,,,,,4.12,,1.26,,3.91,,1.28,,2.97,,1.42,,2.50,,1.58,,2.18,,1.74,,1.86,,2.03,,1.63,,2.37,,1.50,,2.72,,1.36,,3.29,,1.23,,4.45,,,,,,,,,,,,,,,,
netherlands,eerste-divisie,2023.0,2023-12-04,Jong PSV,NAC Breda,0,5,Pinnacle,3.55,3.91,2.01,3.55,3.91,2.01,,,,,,,,,,,,,,,,,,,,,,,,,,,,,,,,,,,,,,,,,,3.50,,1.33,,3.09,,1.40,,2.68,,1.51,,2.15,,1.76,,1.88,,2.01,,1.67,,2.29,,1.48,,2.80,,1.39,,3.14,,1.33,,3.49,,,,,,,,
netherlands,eerste-divisie,2023.0,2023-12-04,De Graafschap,Dordrecht,1,1,Pinnacle,1.67,4.41,4.75,1.67,4.41,4.75,,,,,,,,,,,,,,,,,,3.99,,1.27,,3.09,,1.40,,2.61,,1.53,,2.34,,1.65,,2.07,,1.83,,1.81,,2.07,,1.66,,2.32,,1.48,,2.77,,1.30,,3.71,,1.25,,4.22,,,,,,,,,,,,,,,,,,,,,,,,,,,,
netherlands,eerste-divisie,2023.0,2023-12-04,Jong Utrecht,Telstar,0,0,Pinnacle,3.13,3.56,2.31,3.13,3.56,2.31,,,,,,,,,,,,,,,,,,,,,,,,,,,,,,,,,,4.65,,1.22,,3.88,,1.28,,3.09,,1.40,,2.70,,1.51,,2.28,,1.68,,1.89,,2.00,,1.67,,2.30,,1.50,,2.73,,1.32,,3.55,,1.27,,4.00,,,,,,,,,,,,
netherlands,eerste-divisie,2023.0,2023-12-08,De Graafschap,Cambuur,2,3,Pinnacle,2.43,3.85,2.76,2.43,3.85,2.76,,,,,,,,,,,,,,,,,,,,,,,,,,,,,,,,,,3.71,,1.30,,2.86,,1.45,,2.42,,1.61,,2.12,,1.78,,1.83,,2.08,,1.62,,2.41,,1.49,,2.75,,1.36,,3.32,,1.23,,4.48,,,,,,,,,,,,,,,,
netherlands,eerste-divisie,2023.0,2023-12-08,Den Haag,Willem II,1,1,Pinnacle,2.76,3.59,2.54,2.76,3.59,2.54,,,,,,,,,,,,,,,,,,,,,,,,,,,,,,,,,,4.69,,1.22,,3.37,,1.35,,2.75,,1.50,,2.39,,1.63,,2.03,,1.88,,1.73,,2.20,,1.56,,2.53,,1.40,,3.05,,1.25,,4.14,,,,,,,,,,,,,,,,
netherlands,eerste-divisie,2023.0,2023-12-08,Eindhoven FC,FC Emmen,3,2,Pinnacle,3.19,3.70,2.22,3.19,3.70,2.22,,,,,,,,,,,,,,,,,,,,,,,,,,,,,,,,,,,,,,4.00,,1.27,,3.15,,1.39,,2.77,,1.49,,2.36,,1.64,,1.95,,1.93,,1.72,,2.21,,1.54,,2.61,,1.35,,3.34,,1.29,,3.77,,,,,,,,,,,,
netherlands,eerste-divisie,2023.0,2023-12-08,Groningen,Telstar,2,0,Pinnacle,1.31,5.73,9.71,1.31,5.73,9.71,,,,,,,,,,3.33,,1.35,,2.98,,1.42,,2.64,,1.53,,2.18,,1.74,,1.93,,1.96,,1.69,,2.26,,1.47,,2.85,,1.37,,3.26,,1.30,,3.68,,,,,,,,,,,,,,,,,,,,,,,,,,,,,,,,,,,,,,,,
netherlands,eerste-divisie,2023.0,2023-12-08,Helmond,Maastricht,1,2,Pinnacle,1.80,4.10,4.21,1.80,4.10,4.21,,,,,,,,,,,,,,,,,,,,,,3.80,,1.29,,3.07,,1.40,,2.74,,1.49,,2.40,,1.62,,2.03,,1.87,,1.79,,2.10,,1.58,,2.48,,1.37,,3.22,,1.30,,3.69,,1.28,,3.91,,,,,,,,,,,,,,,,,,,,,,,,
netherlands,eerste-divisie,2023.0,2023-12-08,NAC Breda,Oss,2,0,Pinnacle,1.31,5.62,10.19,1.31,5.62,10.19,,,,,,,,,,3.33,,1.35,,2.98,,1.42,,2.63,,1.53,,2.18,,1.74,,1.93,,1.96,,1.68,,2.27,,1.46,,2.86,,1.36,,3.28,,1.30,,3.70,,,,,,,,,,,,,,,,,,,,,,,,,,,,,,,,,,,,,,,,
netherlands,eerste-divisie,2023.0,2023-12-08,Roda,Jong PSV,2,1,Pinnacle,1.48,5.16,5.95,1.48,5.16,5.95,,,,,,,,,,,,,,3.41,,1.34,,3.07,,1.40,,2.51,,1.57,,2.19,,1.74,,1.96,,1.93,,1.71,,2.22,,1.57,,2.52,,1.47,,2.80,,1.33,,3.46,,,,,,,,,,,,,,,,,,,,,,,,,,,,,,,,,,,,
netherlands,eerste-divisie,2023.0,2023-12-08,Venlo,Dordrecht,3,1,Pinnacle,1.96,4.08,3.56,1.96,4.08,3.56,,,,,,,,,,,,,,,,,,,,,,,,,,3.37,,1.35,,3.03,,1.41,,2.69,,1.51,,2.22,,1.71,,1.96,,1.93,,1.72,,2.20,,1.50,,2.73,,1.39,,3.12,,1.33,,3.52,,,,,,,,,,,,,,,,,,,,,,,,
netherlands,eerste-divisie,,2023-12-11,Jong Ajax,Jong Utrecht,2,1,Pinnacle,1.81,4.18,4.10,1.81,4.18,4.10,,,,,,,,,,,,,,,,,,,,,,3.70,,1.31,,3.01,,1.41,,2.66,,1.52,,2.33,,1.65,,2.02,,1.87,,1.78,,2.12,,1.60,,2.50,,1.37,,3.15,,1.30,,3.68,,,,,,,,,,,,,,,,,,,,,,,,,,,,
netherlands,eerste-divisie,,2023-12-11,Jong AZ,Den Bosch,0,0,Pinnacle,1.93,3.78,3.94,1.93,3.78,3.94,,,,,,,,,,,,,,,,,,,,,,,,,,3.49,,1.33,,3.10,,1.40,,2.73,,1.50,,2.21,,1.72,,1.93,,1.95,,1.68,,2.27,,1.44,,2.94,,1.34,,3.41,,1.28,,3.88,,,,,,,,,,,,,,,,,,,,,,,,
