Country,League,Year,Date,Home,Away,FTHG,FTAG,bookmaker,HO_Open,DO_Open,AO_Open,HO_Close,DO_Close,AO_Close,-1.5_AH_H_Open,-1.5_AH_H_Close,+1.5_AH_A_Open,+1.5_AH_A_Close,-1.25_AH_H_Open,-1.25_AH_H_Close,+1.25_AH_A_Open,+1.25_AH_A_Close,-1_AH_H_Open,-1_AH_H_Close,+1_AH_A_Open,+1_AH_A_Close,-0.75_AH_H_Open,-0.75_AH_H_Close,+0.75_AH_A_Open,+0.75_AH_A_Close,-0.5_AH_H_Open,-0.5_AH_H_Close,+0.5_AH_A_Open,+0.5_AH_A_Close,-0.25_AH_H_Open,-0.25_AH_H_Close,+0.25_AH_A_Open,+0.25_AH_A_Close,+0_AH_H_Open,+0_AH_H_Close,-0_AH_A_Open,-0_AH_A_Close,+0.25_AH_H_Open,+0.25_AH_H_Close,-0.25_AH_A_Open,-0.25_AH_A_Close,+0.5_AH_H_Open,+0.5_AH_H_Close,-0.5_AH_A_Open,-0.5_AH_A_Close,+0.75_AH_H_Open,+0.75_AH_H_Close,-0.75_AH_A_Open,-0.75_AH_A_Close,+1_AH_H_Open,+1_AH_H_Close,-1_AH_A_Open,-1_AH_A_Close,-2_AH_H_Open,-2_AH_H_Close,+2_AH_A_Open,+2_AH_A_Close,-1.75_AH_H_Open,-1.75_AH_H_Close,+1.75_AH_A_Open,+1.75_AH_A_Close,+1.25_AH_H_Open,+1.25_AH_H_Close,-1.25_AH_A_Open,-1.25_AH_A_Close,-2.5_AH_H_Open,-2.5_AH_H_Close,+2.5_AH_A_Open,+2.5_AH_A_Close,-2.25_AH_H_Open,-2.25_AH_H_Close,+2.25_AH_A_Open,+2.25_AH_A_Close,+1.5_AH_H_Open,+1.5_AH_H_Close,-1.5_AH_A_Open,-1.5_AH_A_Close,+1.75_AH_H_Open,+1.75_AH_H_Close,-1.75_AH_A_Open,-1.75_AH_A_Close,+2_AH_H_Open,+2_AH_H_Close,-2_AH_A_Open,-2_AH_A_Close
russia,premier-league,2023.0,2023-07-21,Dynamo Moscow,Krasnodar,1,3,Pinnacle,2.35,3.50,3.01,2.09,3.84,3.38,3.72,3.75,1.30,1.30,3.92,3.40,1.24,1.34,3.51,3.00,1.29,1.42,2.71,2.42,1.45,1.61,2.29,2.08,1.61,1.81,2.00,1.83,1.81,2.07,1.68,1.56,2.16,2.54,1.51,1.44,2.54,2.95,1.40,1.35,2.90,3.34,1.28,1.25,3.60,4.21,,,,,,,,,,,,,,,,,,,,,,,,,,,,,,,,,,,,
russia,premier-league,2023.0,2023-07-22,Ural,CSKA Moscow,2,1,Pinnacle,3.40,3.43,2.19,3.99,3.10,2.17,,,,,,,,,,,,,4.31,5.30,1.24,1.18,3.36,3.93,1.35,1.28,2.93,3.36,1.44,1.36,2.48,2.76,1.59,1.49,1.95,2.07,1.85,1.83,1.74,1.75,2.18,2.16,1.55,1.54,2.57,2.59,1.36,1.33,3.31,3.47,,,,,,,,,1.30,1.27,3.75,3.99,,,,,,,,,1.28,1.24,3.62,4.28,,,,,,,,
russia,premier-league,2023.0,2023-07-22,Pari NN,Zenit,0,2,Pinnacle,5.61,4.41,1.58,5.43,3.77,1.70,,,,,,,,,,,,,,,,,,,,,4.90,4.70,1.20,1.21,4.30,4.04,1.24,1.27,3.03,2.79,1.41,1.48,2.47,2.25,1.59,1.69,2.18,1.97,1.74,1.91,1.85,1.68,1.95,2.28,,,,,,,,,1.67,1.52,2.30,2.66,,,,,,,,,1.53,1.41,2.62,3.02,1.39,1.29,3.15,3.84,,,,
russia,premier-league,2023.0,2023-07-22,Akhmat Grozny,Krylya Sovetov,1,2,Pinnacle,1.75,3.89,4.21,2.21,3.43,3.45,,,,,2.68,3.82,1.46,1.29,2.34,3.37,1.59,1.35,1.97,2.60,1.83,1.54,1.75,2.20,2.07,1.72,1.54,1.90,2.45,1.99,1.33,1.58,3.22,2.48,1.27,1.44,3.69,2.96,1.26,1.34,3.75,3.40,1.25,1.24,4.01,4.39,,,,,,,,,,,,,,,,,,,,,,,,,,,,,,,,,,,,
russia,premier-league,2023.0,2023-07-22,Lokomotiv Moscow,Rubin Kazan,2,2,Pinnacle,1.68,4.17,5.02,1.83,3.87,4.37,2.80,3.15,1.47,1.39,2.49,2.81,1.58,1.47,2.15,2.45,1.76,1.60,1.81,2.06,1.99,1.84,1.67,1.81,2.30,2.07,1.48,1.59,2.80,2.47,1.28,1.36,3.85,3.28,1.23,1.29,4.40,3.80,,,,,,,,,,,,,,,,,3.43,3.94,1.34,1.28,,,,,,,,,,,,,,,,,,,,,,,,
russia,premier-league,2023.0,2023-07-23,Spartak Moscow,Orenburg,3,2,Pinnacle,1.55,4.41,5.68,1.61,4.66,4.95,2.46,2.55,1.60,1.56,2.17,2.26,1.74,1.69,1.85,1.99,1.94,1.90,1.68,1.75,2.29,2.16,1.54,1.61,2.59,2.43,1.38,1.44,3.18,2.92,1.23,1.28,4.48,3.92,,,,,,,,,,,,,,,,,3.80,3.91,1.29,1.28,2.91,3.01,1.44,1.41,,,,,,,,,,,,,,,,,,,,,,,,
russia,premier-league,2023.0,2023-07-23,FK Rostov,Fakel Voronezh,2,1,Pinnacle,1.55,4.18,6.14,2.21,3.08,3.89,2.54,4.38,1.56,1.24,2.23,4.14,1.71,1.26,1.88,3.61,1.92,1.31,1.68,2.66,2.27,1.52,1.54,2.20,2.59,1.72,1.37,1.86,3.24,2.03,1.21,1.51,4.78,2.68,1.23,1.37,4.02,3.28,1.24,1.29,4.37,3.84,1.20,1.19,4.88,5.17,,,,,,,,,,,,,,,,,,,,,,,,,,,,,,,,,,,,
russia,premier-league,2023.0,2023-07-23,Sochi,Baltika,2,0,Pinnacle,1.62,4.10,5.36,2.12,3.34,3.79,2.69,4.05,1.51,1.27,2.37,3.72,1.63,1.30,2.01,3.25,1.80,1.37,1.78,2.50,2.12,1.58,1.61,2.11,2.41,1.78,1.43,1.81,2.95,2.09,1.26,1.51,4.15,2.71,1.24,1.38,3.99,3.24,1.30,1.30,3.62,3.74,1.21,1.20,4.75,4.94,,,,,,,,,,,,,,,,,,,,,,,,,,,,,,,,,,,,
russia,premier-league,2023.0,2023-07-29,Ural,Pari NN,0,0,Pinnacle,2.05,3.22,4.07,2.00,3.15,4.63,4.09,4.18,1.26,1.25,3.61,3.66,1.31,1.31,3.15,3.14,1.40,1.40,2.40,2.36,1.62,1.64,2.00,2.00,1.81,1.89,1.74,1.68,2.17,2.28,1.45,1.38,2.90,3.23,1.33,1.28,3.46,3.89,1.27,1.22,4.02,4.56,,,,,,,,,,,,,,,,,,,,,,,,,,,,,,,,,,,,,,,,
russia,premier-league,2023.0,2023-07-29,Krylya Sovetov,Dynamo Moscow,3,3,Pinnacle,2.06,3.66,3.50,2.52,3.48,2.87,,,,,,,,,2.96,4.06,1.44,1.26,2.37,3.01,1.63,1.41,2.01,2.51,1.80,1.57,1.79,2.16,2.10,1.75,1.53,1.82,2.61,2.08,1.41,1.59,3.03,2.47,1.34,1.46,3.45,2.86,1.26,1.32,3.73,3.53,1.19,1.19,4.59,5.02,,,,,,,,,,,,,,,,,,,,,,,,,,,,,,,,
russia,premier-league,2023.0,2023-07-29,FK Rostov,Zenit,1,1,Pinnacle,5.01,4.03,1.67,4.12,3.37,2.02,,,,,,,,,,,,,4.93,4.94,1.20,1.20,4.64,4.06,1.22,1.26,4.39,3.50,1.24,1.33,3.85,2.95,1.28,1.44,2.81,2.20,1.47,1.72,2.31,1.87,1.66,2.02,2.00,1.64,1.81,2.36,1.76,1.42,2.14,3.03,,,,,,,,,1.59,1.33,2.47,3.48,,,,,,,,,1.47,1.28,2.78,3.93,,,,,,,,
russia,premier-league,2023.0,2023-07-30,Rubin Kazan,Orenburg,1,1,Pinnacle,2.28,3.51,3.13,2.09,3.77,3.44,3.74,3.74,1.30,1.30,3.75,3.40,1.26,1.34,3.35,3.00,1.31,1.42,2.62,2.41,1.48,1.61,2.22,2.08,1.65,1.81,1.93,1.83,1.87,2.08,1.63,1.55,2.25,2.56,1.47,1.43,2.64,2.99,1.37,1.34,3.01,3.40,1.26,1.24,3.75,4.34,,,,,,,,,,,,,,,,,,,,,,,,,,,,,,,,,,,,
russia,premier-league,2023.0,2023-07-30,Krasnodar,Sochi,2,0,Pinnacle,1.93,3.69,3.89,1.86,3.67,4.43,3.36,3.40,1.31,1.34,3.00,3.00,1.37,1.42,2.64,2.61,1.47,1.54,2.16,2.12,1.68,1.78,1.89,1.86,1.91,2.03,1.65,1.61,2.22,2.42,1.42,1.37,2.84,3.28,1.32,1.29,3.28,3.82,1.26,1.24,3.71,4.36,,,,,,,,,,,,,3.76,3.98,1.26,1.27,,,,,,,,,,,,,,,,,,,,,,,,
russia,premier-league,2023.0,2023-07-30,Fakel Voronezh,Lokomotiv Moscow,1,4,Pinnacle,2.56,3.53,2.59,2.70,3.46,2.67,,,,,,,,,4.17,4.54,1.22,1.22,3.08,3.28,1.36,1.36,2.55,2.69,1.51,1.51,2.22,2.32,1.65,1.66,1.89,1.95,1.91,1.93,1.64,1.67,2.24,2.29,1.50,1.52,2.57,2.66,1.35,1.37,3.13,3.25,1.21,1.23,4.28,4.50,,,,,,,,,,,,,,,,,,,,,,,,,,,,,,,,
russia,premier-league,2023.0,2023-07-30,Akhmat Grozny,CSKA Moscow,2,3,Pinnacle,3.31,3.55,2.09,3.37,3.27,2.32,,,,,,,,,,,,,4.15,4.32,1.22,1.24,3.27,3.33,1.32,1.35,2.88,2.87,1.41,1.46,2.45,2.38,1.54,1.63,1.99,1.91,1.82,1.98,1.73,1.66,2.09,2.31,1.55,1.48,2.44,2.79,1.36,1.29,3.07,3.76,,,,,,,,,1.29,1.25,3.47,4.27,,,,,,,,,,,,,,,,,,,,
russia,premier-league,2023.0,2023-07-31,Spartak Moscow,Baltika,2,1,Pinnacle,1.35,5.17,7.31,1.52,4.62,6.12,2.02,2.49,1.79,1.58,1.78,2.18,2.02,1.74,1.54,1.88,2.45,2.02,1.42,1.65,2.81,2.34,1.34,1.51,3.17,2.68,1.24,1.35,3.96,3.33,1.21,1.21,4.62,4.83,,,,,,,,,,,,,,,,,2.87,3.97,1.41,1.27,2.32,2.98,1.60,1.42,,,,,,,,,3.22,4.17,1.33,1.25,,,,,,,,,,,,
russia,premier-league,2023.0,2023-08-04,Krasnodar,Pari NN,1,0,Pinnacle,1.57,4.23,5.15,1.49,4.31,7.51,2.60,2.44,1.49,1.60,2.29,2.13,1.61,1.78,1.98,1.82,1.83,2.09,1.71,1.60,2.11,2.44,1.56,1.48,2.40,2.79,1.39,1.31,2.92,3.61,1.23,1.16,4.06,5.82,,,,,,,,,,,,,,,,,4.24,4.09,1.22,1.26,3.14,2.96,1.35,1.43,,,,,,,,,,,,,,,,,,,,,,,,
russia,premier-league,2023.0,2023-08-05,CSKA Moscow,Lokomotiv Moscow,4,1,Pinnacle,2.37,3.39,2.92,1.77,4.10,4.40,3.62,2.90,1.30,1.44,4.22,2.60,1.22,1.54,3.77,2.29,1.26,1.68,2.84,1.97,1.42,1.92,2.36,1.76,1.58,2.14,2.04,1.56,1.78,2.55,1.71,1.35,2.12,3.36,1.52,1.28,2.52,3.85,,,,,,,,,,,,,,,,,3.80,3.54,1.29,1.32,,,,,,,,,,,,,,,,,,,,,,,,
russia,premier-league,2023.0,2023-08-05,Krylya Sovetov,FK Rostov,5,1,Pinnacle,2.45,3.30,2.87,2.23,3.41,3.42,,,,,4.02,3.99,1.23,1.27,3.96,3.50,1.24,1.33,2.93,2.65,1.39,1.52,2.44,2.22,1.55,1.71,2.09,1.92,1.72,1.97,1.76,1.60,2.07,2.46,1.54,1.44,2.46,2.94,1.41,1.35,2.85,3.38,1.29,1.24,3.54,4.35,,,,,,,,,,,,,,,,,,,,,,,,,,,,,,,,,,,,
russia,premier-league,2023.0,2023-08-05,Rubin Kazan,Spartak Moscow,1,4,Pinnacle,3.16,3.60,2.14,3.50,3.77,2.07,,,,,,,,,,,,,3.94,4.37,1.24,1.24,3.13,3.45,1.35,1.34,2.75,3.03,1.44,1.41,2.35,2.61,1.58,1.54,1.93,2.09,1.86,1.80,1.70,1.83,2.13,2.07,1.52,1.62,2.50,2.40,1.34,1.42,3.19,3.02,,,,,,,,,1.28,1.34,3.60,3.42,,,,,,,,,1.30,1.29,3.58,3.83,,,,,,,,
russia,premier-league,2023.0,2023-08-05,Orenburg,Ural,0,2,Pinnacle,2.18,3.55,3.11,2.28,3.67,3.10,,,,,3.66,3.87,1.27,1.28,3.26,3.44,1.33,1.34,2.56,2.68,1.50,1.51,2.18,2.27,1.68,1.68,1.90,1.98,1.90,1.90,1.61,1.68,2.30,2.28,1.46,1.51,2.70,2.69,1.36,1.40,3.08,3.07,1.25,1.29,3.85,3.85,,,,,,,,,,,,,,,,,,,,,,,,,,,,,,,,,,,,
russia,premier-league,2023.0,2023-08-06,Sochi,Akhmat Grozny,1,2,Pinnacle,2.08,3.46,3.43,2.17,3.59,3.40,,,,,3.49,3.63,1.29,1.31,3.08,3.21,1.36,1.37,2.42,2.53,1.55,1.56,2.07,2.16,1.75,1.75,1.80,1.88,2.02,2.01,1.51,1.58,2.52,2.49,1.39,1.44,2.97,2.94,1.31,1.35,3.39,3.36,1.21,1.24,4.35,4.31,,,,,,,,,,,,,,,,,,,,,,,,,,,,,,,,,,,,
russia,premier-league,2023.0,2023-08-06,Baltika,Fakel Voronezh,2,1,Pinnacle,2.24,3.25,3.26,2.03,3.44,4.00,4.01,4.00,1.25,1.27,3.98,3.53,1.24,1.32,3.52,3.08,1.29,1.41,2.67,2.37,1.47,1.63,2.23,2.03,1.65,1.87,1.92,1.74,1.88,2.19,1.59,1.45,2.34,2.89,1.43,1.34,2.80,3.41,1.33,1.28,3.23,3.94,,,,,,,,,,,,,,,,,,,,,,,,,,,,,,,,,,,,,,,,
russia,premier-league,2023.0,2023-08-06,Zenit,Dynamo Moscow,2,3,Pinnacle,1.43,5.00,5.83,1.93,3.80,3.94,2.16,3.44,1.68,1.34,1.93,3.06,1.88,1.40,1.67,2.69,2.18,1.51,1.52,2.20,2.50,1.73,1.42,1.93,2.79,1.95,1.30,1.68,3.44,2.28,1.23,1.44,4.07,2.95,1.25,1.34,4.25,3.42,1.26,1.28,4.10,3.89,,,,,,,,,,,,,2.51,4.12,1.52,1.26,,,,,,,,,,,,,,,,,,,,,,,,
russia,premier-league,2023.0,2023-08-11,Ural,Spartak Moscow,3,2,Pinnacle,2.74,3.38,2.50,3.40,3.32,2.28,,,,,,,,,,,,,3.34,4.32,1.31,1.24,2.73,3.36,1.45,1.35,2.36,2.90,1.58,1.45,1.99,2.41,1.82,1.61,1.69,1.93,2.15,1.95,1.53,1.68,2.49,2.27,1.37,1.51,3.00,2.70,1.23,1.32,4.05,3.53,,,,,,,,,1.28,1.27,3.60,3.98,,,,,,,,,,,,,,,,,,,,
russia,premier-league,2023.0,2023-08-12,Orenburg,Krasnodar,0,2,Pinnacle,2.75,3.72,2.34,3.60,3.96,1.98,,,,,,,,,,,,,3.30,4.09,1.32,1.27,2.72,3.55,1.44,1.32,2.40,3.14,1.56,1.39,2.06,2.73,1.75,1.50,1.78,2.19,2.05,1.74,1.60,1.91,2.33,1.98,1.44,1.69,2.74,2.26,1.29,1.49,3.49,2.77,,,,,,,,,1.25,1.39,3.87,3.12,,,,,,,,,1.30,1.33,3.70,3.49,,,,,,,,
russia,premier-league,2023.0,2023-08-12,Lokomotiv Moscow,Krylya Sovetov,1,1,Pinnacle,2.10,3.75,3.13,1.77,4.22,4.28,3.59,3.00,1.30,1.42,3.43,2.68,1.30,1.52,3.05,2.33,1.36,1.65,2.44,1.98,1.55,1.91,2.10,1.76,1.72,2.15,1.85,1.56,1.96,2.54,1.58,1.36,2.36,3.30,1.44,1.29,2.74,3.77,,,,,,,,,,,,,,,,,3.80,3.70,1.29,1.30,,,,,,,,,,,,,,,,,,,,,,,,
russia,premier-league,2023.0,2023-08-12,FK Rostov,Rubin Kazan,3,0,Pinnacle,2.19,3.38,3.25,1.91,3.59,4.30,4.13,3.61,1.26,1.31,3.85,3.18,1.25,1.38,3.40,2.76,1.30,1.49,2.59,2.20,1.49,1.73,2.18,1.91,1.68,1.98,1.88,1.65,1.92,2.35,1.58,1.39,2.37,3.16,1.43,1.30,2.81,3.70,1.33,1.25,3.22,4.24,,,,,,,,,,,,,,,,,,,,,,,,,,,,,,,,,,,,,,,,
russia,premier-league,2023.0,2023-08-13,Zenit,Fakel Voronezh,2,0,Pinnacle,1.43,4.81,6.19,1.40,4.96,8.28,2.22,2.29,1.65,1.68,1.96,1.98,1.85,1.91,1.68,1.66,2.16,2.32,1.52,1.49,2.49,2.75,1.42,1.38,2.81,3.16,1.29,1.26,3.51,4.13,,,,,,,,,,,,,,,,,,,,,3.33,3.56,1.32,1.32,2.61,2.72,1.49,1.50,,,,,,,,,3.72,4.02,1.26,1.27,,,,,,,,,,,,
russia,premier-league,2023.0,2023-08-13,Dynamo Moscow,Baltika,2,0,Pinnacle,1.56,4.20,5.36,2.07,3.66,3.59,2.56,3.84,1.50,1.29,2.26,3.43,1.63,1.34,1.95,3.03,1.85,1.42,1.69,2.40,2.14,1.62,1.55,2.07,2.43,1.83,1.38,1.79,2.98,2.10,1.22,1.52,4.22,2.65,1.23,1.40,4.44,3.10,1.26,1.32,4.06,3.55,1.23,1.23,4.43,4.43,,,,,,,,,,,,,,,,,,,,,,,,,,,,,,,,,,,,
russia,premier-league,2023.0,2023-08-13,CSKA Moscow,Sochi,3,1,Pinnacle,1.56,3.93,5.87,1.75,3.89,4.85,2.65,3.12,1.47,1.39,2.32,2.75,1.60,1.49,1.99,2.36,1.82,1.64,1.70,1.97,2.12,1.92,1.55,1.74,2.43,2.18,1.36,1.52,3.04,2.65,1.19,1.31,4.53,3.65,1.20,1.25,4.99,4.21,1.24,1.25,4.32,4.27,,,,,,,,,,,,,3.24,3.90,1.33,1.28,,,,,,,,,,,,,,,,,,,,,,,,
russia,premier-league,2023.0,2023-08-14,Pari NN,Akhmat Grozny,2,0,Pinnacle,2.22,3.26,3.49,2.73,2.96,3.04,,,,,,,,,3.38,5.02,1.31,1.19,2.57,3.40,1.50,1.34,2.16,2.72,1.68,1.50,1.86,2.28,1.94,1.68,1.54,1.84,2.44,2.06,1.40,1.56,2.91,2.54,1.31,1.42,3.35,3.02,1.21,1.28,4.34,3.88,1.18,1.15,4.75,6.05,,,,,,,,,,,,,,,,,,,,,,,,,,,,,,,,
russia,premier-league,2023.0,2023-08-18,Rubin Kazan,Krylya Sovetov,2,1,Pinnacle,2.43,3.47,2.92,2.92,3.25,2.62,,,,,,,,,3.80,5.15,1.29,1.19,2.89,3.60,1.45,1.31,2.42,2.90,1.61,1.45,2.06,2.48,1.77,1.58,1.77,2.06,2.13,1.84,1.57,1.71,2.52,2.22,1.44,1.54,2.89,2.60,1.32,1.38,3.57,3.18,1.23,1.23,4.08,4.42,,,,,,,,,1.22,1.22,4.66,4.66,,,,,,,,,,,,,,,,,,,,
russia,premier-league,2023.0,2023-08-19,Baltika,Ural,0,1,Pinnacle,2.43,3.34,3.01,2.68,3.06,3.01,,,,,4.37,4.77,1.24,1.21,3.90,4.79,1.28,1.21,2.92,3.31,1.45,1.36,2.42,2.66,1.61,1.52,2.04,2.25,1.78,1.70,1.75,1.83,2.17,2.07,1.55,1.56,2.58,2.53,1.42,1.43,2.98,2.99,1.30,1.29,3.74,3.77,1.23,1.17,4.24,5.57,,,,,,,,,,,,,,,,,,,,,,,,,,,,,,,,
russia,premier-league,2023.0,2023-08-19,Krasnodar,Lokomotiv Moscow,1,1,Pinnacle,1.96,3.79,3.70,1.87,3.90,4.11,3.42,3.16,1.34,1.38,3.06,2.83,1.40,1.46,2.71,2.50,1.51,1.58,2.22,2.10,1.71,1.79,1.92,1.87,1.88,2.02,1.71,1.63,2.22,2.37,1.48,1.40,2.80,3.10,1.37,1.32,3.22,3.57,1.31,1.26,3.65,4.05,,,,,,,,,,,,,,,,,,,,,,,,,,,,,,,,,,,,,,,,
russia,premier-league,2023.0,2023-08-19,Sochi,FK Rostov,4,0,Pinnacle,2.26,3.44,3.06,2.29,3.32,3.40,,,,,3.91,4.15,1.24,1.26,3.48,3.65,1.29,1.31,2.67,2.73,1.47,1.50,2.25,2.27,1.63,1.68,1.95,1.95,1.85,1.93,1.64,1.61,2.24,2.41,1.47,1.45,2.64,2.90,1.37,1.35,3.03,3.36,1.25,1.24,3.80,4.35,,,,,,,,,,,,,,,,,,,,,,,,,,,,,,,,,,,,
russia,premier-league,2023.0,2023-08-19,Dynamo Moscow,CSKA Moscow,2,1,Pinnacle,2.41,3.58,2.95,2.78,3.63,2.51,,,,,,,,,3.76,4.66,1.29,1.22,2.86,3.38,1.46,1.35,2.40,2.77,1.62,1.49,2.04,2.41,1.78,1.62,1.75,2.05,2.16,1.85,1.56,1.75,2.55,2.17,1.43,1.58,2.92,2.50,1.31,1.42,3.63,2.99,1.19,1.27,4.62,3.98,,,,,,,,,1.26,1.26,3.91,4.15,,,,,,,,,,,,,,,,,,,,
russia,premier-league,2023.0,2023-08-20,Spartak Moscow,Zenit,1,3,Pinnacle,2.22,3.72,2.93,2.83,3.42,2.59,,,,,,,,,3.25,4.79,1.33,1.21,2.58,3.44,1.49,1.34,2.21,2.81,1.65,1.47,1.94,2.42,1.86,1.61,1.66,2.03,2.20,1.86,1.50,1.72,2.56,2.21,1.40,1.55,2.90,2.57,1.28,1.40,3.56,3.10,1.22,1.25,4.21,4.20,,,,,,,,,,,,,,,,,,,,,,,,,,,,,,,,
russia,premier-league,2023.0,2023-08-20,Fakel Voronezh,Pari NN,2,0,Pinnacle,2.32,3.24,3.29,2.50,2.83,3.56,,,,,4.21,5.21,1.25,1.18,3.72,4.57,1.30,1.22,2.78,3.12,1.48,1.40,2.31,2.49,1.67,1.58,1.94,2.08,1.86,1.83,1.65,1.64,2.35,2.35,1.47,1.44,2.81,2.95,1.37,1.33,3.26,3.52,1.25,1.21,4.19,4.74,,,,,,,,,,,,,,,,,,,,,,,,,,,,,,,,,,,,
russia,premier-league,2023.0,2023-08-20,Akhmat Grozny,Orenburg,4,0,Pinnacle,1.83,3.94,3.79,1.91,3.85,3.97,3.08,3.31,1.36,1.36,2.76,2.95,1.43,1.43,2.44,2.61,1.54,1.54,2.05,2.16,1.76,1.75,1.83,1.91,1.98,1.98,1.61,1.67,2.30,2.31,1.40,1.43,2.92,2.98,1.31,1.34,3.33,3.44,1.26,1.28,3.74,3.91,,,,,,,,,,,,,,,,,,,,,,,,,,,,,,,,,,,,,,,,
russia,premier-league,2023.0,2023-08-25,Orenburg,CSKA Moscow,1,1,Pinnacle,4.05,4.04,1.75,3.51,3.86,2.04,,,,,,,,,,,,,,,,,3.62,3.47,1.28,1.33,3.57,3.05,1.28,1.41,3.14,2.64,1.35,1.53,2.44,2.12,1.55,1.78,2.07,1.85,1.75,2.04,1.85,1.65,1.96,2.34,1.61,1.45,2.30,2.90,,,,,,,,,1.48,1.36,2.62,3.27,,,,,,,,,1.39,1.31,2.93,3.65,1.28,1.27,3.57,4.03,,,,
russia,premier-league,2023.0,2023-08-25,Fakel Voronezh,Krasnodar,0,0,Pinnacle,2.71,3.41,2.51,3.43,3.29,2.28,,,,,,,,,,,,,3.30,4.41,1.32,1.23,2.70,3.39,1.46,1.35,2.34,2.92,1.59,1.45,1.98,2.42,1.83,1.61,1.68,1.93,2.16,1.95,1.52,1.68,2.50,2.27,1.37,1.50,3.02,2.71,1.23,1.32,4.08,3.55,,,,,,,,,1.26,1.27,3.79,4.02,,,,,,,,,1.28,1.28,3.61,3.86,,,,,,,,
russia,premier-league,2023.0,2023-08-26,Zenit,Ural,4,0,Pinnacle,1.51,4.24,5.83,1.54,4.25,6.56,2.46,2.62,1.53,1.53,2.17,2.28,1.68,1.68,1.87,1.94,1.93,1.94,1.64,1.68,2.24,2.28,1.51,1.53,2.54,2.62,1.34,1.36,3.16,3.32,1.19,1.19,4.60,5.07,,,,,,,,,,,,,,,,,3.92,4.43,1.24,1.23,2.95,3.20,1.38,1.38,,,,,,,,,,,,,,,,,,,,,,,,
russia,premier-league,2023.0,2023-08-26,Spartak Moscow,Akhmat Grozny,0,0,Pinnacle,1.65,4.09,5.13,1.65,4.49,4.77,2.66,2.64,1.46,1.52,2.36,2.35,1.58,1.64,2.05,2.07,1.76,1.83,1.78,1.81,2.04,2.08,1.61,1.65,2.30,2.34,1.43,1.47,2.80,2.80,1.25,1.30,3.84,3.74,1.21,1.25,4.34,4.16,,,,,,,,,,,,,4.36,4.27,1.22,1.25,3.22,3.18,1.33,1.38,,,,,,,,,,,,,,,,,,,,,,,,
russia,premier-league,2023.0,2023-08-26,Rubin Kazan,Dynamo Moscow,2,2,Pinnacle,2.75,3.47,2.56,3.39,3.67,2.14,,,,,,,,,,,,,3.32,4.26,1.36,1.25,2.74,3.35,1.50,1.35,2.37,2.94,1.63,1.44,1.97,2.50,1.83,1.57,1.72,2.03,2.21,1.86,1.56,1.77,2.55,2.13,1.41,1.58,3.05,2.49,1.26,1.39,4.08,3.12,,,,,,,,,1.28,1.33,3.57,3.52,,,,,,,,,,,,,,,,,,,,
russia,premier-league,2023.0,2023-08-26,Pari NN,FK Rostov,1,0,Pinnacle,2.43,3.15,3.02,2.88,3.04,2.80,,,,,,,,,4.14,5.37,1.22,1.18,2.97,3.61,1.39,1.31,2.42,2.86,1.55,1.46,2.07,2.41,1.76,1.61,1.70,1.97,2.13,1.92,1.50,1.65,2.57,2.35,1.38,1.48,2.99,2.79,1.25,1.33,3.83,3.52,1.20,1.18,4.70,5.28,,,,,,,,,,,,,,,,,,,,,,,,,,,,,,,,
russia,premier-league,2023.0,2023-08-27,Sochi,Lokomotiv Moscow,0,1,Pinnacle,2.32,3.57,2.87,2.36,3.68,2.96,,,,,3.93,4.00,1.24,1.26,3.53,3.58,1.29,1.32,2.74,2.78,1.45,1.48,2.31,2.35,1.60,1.65,2.02,2.05,1.79,1.85,1.71,1.74,2.12,2.19,1.53,1.55,2.49,2.57,1.41,1.43,2.84,2.93,1.29,1.31,3.50,3.63,1.20,1.21,4.38,4.70,,,,,,,,,,,,,,,,,,,,,,,,,,,,,,,,
russia,premier-league,2023.0,2023-08-27,Krylya Sovetov,Baltika,2,1,Pinnacle,1.98,3.74,3.43,2.33,3.25,3.38,,,,,3.23,4.25,1.33,1.25,2.85,3.75,1.41,1.30,2.29,2.79,1.61,1.48,1.98,2.32,1.83,1.66,1.73,1.98,2.09,1.90,1.49,1.63,2.60,2.38,1.38,1.46,2.99,2.87,1.31,1.35,3.39,3.34,1.23,1.24,4.25,4.33,,,,,,,,,,,,,,,,,,,,,,,,,,,,,,,,,,,,
russia,premier-league,2023.0,2023-09-02,Krasnodar,Spartak Moscow,2,0,Pinnacle,2.21,3.54,3.24,2.16,3.83,3.23,,,,,3.71,3.50,1.30,1.33,3.29,3.11,1.36,1.39,2.58,2.50,1.55,1.58,2.20,2.15,1.72,1.76,1.88,1.88,1.93,2.00,1.63,1.61,2.39,2.42,1.48,1.47,2.81,2.82,1.38,1.38,3.20,3.20,1.27,1.27,4.04,4.03,,,,,,,,,,,,,,,,,,,,,,,,,,,,,,,,,,,,
russia,premier-league,2023.0,2023-09-02,Pari NN,Rubin Kazan,2,1,Pinnacle,2.21,3.12,3.69,2.40,3.09,3.42,,,,,4.08,4.66,1.26,1.22,3.56,4.09,1.32,1.26,2.64,2.93,1.52,1.44,2.20,2.39,1.72,1.63,1.83,2.02,1.96,1.87,1.54,1.64,2.59,2.35,1.40,1.46,3.14,2.88,1.31,1.35,3.65,3.38,1.20,1.23,4.86,4.46,,,,,,,,,,,,,,,,,,,,,,,,,,,,,,,,,,,,
russia,premier-league,2023.0,2023-09-02,Ural,Akhmat Grozny,0,1,Pinnacle,2.22,3.25,3.32,2.34,3.25,3.35,,,,,3.94,4.33,1.24,1.24,3.48,3.81,1.29,1.29,2.64,2.82,1.48,1.47,2.21,2.33,1.66,1.65,1.90,1.99,1.90,1.89,1.57,1.63,2.38,2.36,1.42,1.46,2.84,2.85,1.32,1.36,3.28,3.31,1.22,1.24,4.22,4.29,,,,,,,,,,,,,,,,,,,,,,,,,,,,,,,,,,,,
russia,premier-league,2023.0,2023-09-02,Krylya Sovetov,Fakel Voronezh,3,0,Pinnacle,2.01,3.40,3.95,1.88,3.52,4.56,3.72,3.57,1.26,1.32,3.31,3.14,1.32,1.39,2.90,2.72,1.40,1.50,2.28,2.16,1.62,1.75,1.97,1.88,1.84,2.01,1.69,1.62,2.15,2.41,1.43,1.36,2.81,3.33,1.32,1.28,3.29,3.91,1.26,1.23,3.78,4.49,,,,,,,,,,,,,,,,,,,,,,,,,,,,,,,,,,,,,,,,
russia,premier-league,2023.0,2023-09-03,Orenburg,Sochi,3,0,Pinnacle,2.48,3.59,2.64,2.53,3.54,2.81,,,,,,,,,3.89,4.14,1.25,1.26,2.95,3.05,1.38,1.41,2.47,2.52,1.53,1.57,2.15,2.18,1.69,1.74,1.84,1.85,1.96,2.05,1.61,1.61,2.30,2.42,1.48,1.48,2.63,2.79,1.34,1.34,3.17,3.43,1.21,1.21,4.27,4.77,,,,,,,,,,,,,,,,,,,,,,,,,,,,,,,,
russia,premier-league,2023.0,2023-09-03,Lokomotiv Moscow,Baltika,3,2,Pinnacle,1.73,3.90,4.73,2.17,3.79,3.24,2.94,3.75,1.43,1.30,2.61,3.61,1.53,1.31,2.27,3.19,1.68,1.38,1.88,2.53,1.92,1.57,1.72,2.16,2.21,1.75,1.52,1.89,2.66,1.99,1.31,1.61,3.60,2.42,1.26,1.47,4.13,2.82,1.26,1.38,3.78,3.20,1.24,1.26,4.28,4.09,,,,,,,,,,,,,,,,,,,,,,,,,,,,,,,,,,,,
russia,premier-league,2023.0,2023-09-03,FK Rostov,Dynamo Moscow,1,2,Pinnacle,2.59,3.48,2.58,3.14,3.63,2.28,,,,,,,,,4.19,4.83,1.22,1.21,3.11,3.88,1.35,1.28,2.58,3.10,1.50,1.40,2.24,2.71,1.64,1.50,1.90,2.30,1.90,1.67,1.64,1.91,2.23,1.98,1.50,1.68,2.57,2.27,1.35,1.51,3.10,2.68,1.22,1.34,4.16,3.45,,,,,,,,,1.26,1.28,4.13,3.89,,,,,,,,,,,,,,,,,,,,
russia,premier-league,2023.0,2023-09-03,CSKA Moscow,Zenit,1,1,Pinnacle,2.73,3.40,2.50,2.75,3.18,2.82,,,,,,,,,4.57,4.88,1.19,1.20,3.32,3.39,1.32,1.34,2.72,2.73,1.45,1.50,2.35,2.32,1.58,1.66,1.99,1.92,1.82,1.97,1.69,1.63,2.15,2.38,1.53,1.48,2.49,2.80,1.38,1.33,2.99,3.47,1.23,1.20,4.01,4.94,,,,,,,,,1.22,1.23,4.20,4.46,,,,,,,,,,,,,,,,,,,,
russia,premier-league,2023.0,2023-09-15,Dynamo Moscow,Pari NN,1,1,Pinnacle,1.66,3.77,5.05,1.74,4.00,4.73,2.88,3.03,1.40,1.41,2.54,2.68,1.51,1.51,2.19,2.32,1.67,1.66,1.85,1.95,1.95,1.93,1.65,1.73,2.22,2.19,1.45,1.53,2.72,2.64,1.25,1.32,3.84,3.59,1.20,1.26,4.41,4.13,,,,,,,,,,,,,,,,,3.58,3.79,1.28,1.29,,,,,,,,,,,,,,,,,,,,,,,,
russia,premier-league,2023.0,2023-09-16,Akhmat Grozny,Krasnodar,1,1,Pinnacle,2.83,3.39,2.42,2.94,3.26,2.59,,,,,,,,,4.87,5.32,1.17,1.19,3.47,3.66,1.29,1.32,2.82,2.93,1.42,1.44,2.44,2.50,1.54,1.58,2.07,2.08,1.76,1.83,1.73,1.72,2.09,2.20,1.56,1.55,2.41,2.58,1.40,1.39,2.89,3.15,1.25,1.24,3.87,4.39,,,,,,,,,,,,,,,,,,,,,,,,,,,,,,,,
russia,premier-league,2023.0,2023-09-16,Baltika,FK Rostov,2,2,Pinnacle,2.26,3.27,3.39,2.08,3.35,3.93,4.14,4.12,1.26,1.26,3.90,3.65,1.24,1.31,3.45,3.19,1.30,1.39,2.62,2.44,1.48,1.60,2.20,2.08,1.66,1.83,1.89,1.77,1.91,2.13,1.57,1.48,2.37,2.81,1.42,1.35,2.83,3.34,1.33,1.28,3.26,3.88,,,,,,,,,,,,,,,,,,,,,,,,,,,,,,,,,,,,,,,,
russia,premier-league,2023.0,2023-09-16,Spartak Moscow,Sochi,1,0,Pinnacle,1.77,3.79,4.24,1.48,4.70,6.70,3.05,2.30,1.36,1.67,2.72,2.04,1.45,1.86,2.37,1.75,1.57,2.16,1.99,1.58,1.81,2.49,1.76,1.47,2.04,2.80,1.55,1.32,2.43,3.55,1.33,1.20,3.22,4.98,,,,,,,,,,,,,,,,,4.17,3.48,1.24,1.33,3.77,2.71,1.26,1.50,,,,,,,,,4.02,3.90,1.27,1.28,,,,,,,,,,,,
russia,premier-league,2023.0,2023-09-16,CSKA Moscow,Krylya Sovetov,2,2,Pinnacle,1.67,3.93,4.69,1.75,3.91,4.77,2.83,3.12,1.41,1.39,2.51,2.75,1.52,1.49,2.18,2.37,1.68,1.63,1.86,1.98,1.94,1.91,1.66,1.75,2.20,2.17,1.47,1.53,2.66,2.62,1.28,1.31,3.61,3.59,1.22,1.25,4.12,4.15,,,,,,,,,,,,,,,,,3.47,3.93,1.29,1.28,,,,,,,,,,,,,,,,,,,,,,,,
russia,premier-league,2023.0,2023-09-17,Ural,Fakel Voronezh,0,0,Pinnacle,1.86,3.26,4.53,1.99,3.29,4.38,3.58,3.89,1.28,1.28,3.15,3.44,1.34,1.34,2.73,2.99,1.45,1.43,2.15,2.32,1.69,1.66,1.86,1.99,1.94,1.90,1.59,1.69,2.34,2.26,1.33,1.40,3.28,3.11,1.25,1.30,3.87,3.71,1.20,1.24,4.46,4.31,,,,,,,,,,,,,,,,,,,,,,,,,,,,,,,,,,,,,,,,
russia,premier-league,2023.0,2023-09-17,Rubin Kazan,Zenit,0,3,Pinnacle,4.51,3.79,1.72,4.67,3.67,1.82,,,,,,,,,,,,,,,,,4.51,4.49,1.23,1.23,3.95,4.02,1.24,1.27,3.43,3.44,1.30,1.34,2.54,2.50,1.51,1.58,2.11,2.07,1.71,1.81,1.86,1.83,1.93,2.07,1.61,1.57,2.30,2.51,,,,,,,,,1.47,1.45,2.66,2.90,,,,,,,,,1.38,1.36,2.99,3.27,1.26,1.26,3.71,4.14,,,,
russia,premier-league,2023.0,2023-09-17,Lokomotiv Moscow,Orenburg,0,2,Pinnacle,1.70,4.18,4.17,1.75,4.40,4.19,2.80,2.91,1.42,1.44,2.51,2.60,1.52,1.54,2.20,2.28,1.66,1.68,1.89,1.95,1.91,1.93,1.69,1.75,2.14,2.17,1.51,1.56,2.53,2.55,1.33,1.36,3.26,3.27,1.27,1.30,3.69,3.70,1.28,1.29,3.77,3.79,,,,,,,,,,,,,3.40,3.57,1.30,1.32,,,,,,,,,,,,,,,,,,,,,,,,
russia,premier-league,2023.0,2023-09-23,Krylya Sovetov,Sochi,2,1,Pinnacle,1.83,3.73,4.33,2.03,3.59,3.80,3.15,3.83,1.35,1.29,2.79,3.40,1.42,1.34,2.44,2.99,1.54,1.43,2.02,2.35,1.78,1.64,1.79,2.03,2.02,1.86,1.56,1.75,2.39,2.16,1.35,1.48,3.17,2.79,1.27,1.36,3.64,3.27,1.22,1.30,4.12,3.75,,,,,,,,,,,,,,,,,,,,,,,,,,,,,,,,,,,,,,,,
russia,premier-league,2023.0,2023-09-23,Baltika,Akhmat Grozny,1,0,Pinnacle,2.35,3.25,3.07,2.42,3.34,3.12,,,,,4.22,4.42,1.22,1.23,3.76,3.92,1.26,1.28,2.81,2.91,1.43,1.45,2.34,2.40,1.59,1.62,2.01,2.07,1.80,1.83,1.67,1.71,2.19,2.22,1.48,1.52,2.63,2.67,1.37,1.40,3.03,3.09,1.25,1.28,3.84,3.92,,,,,,,,,,,,,,,,,,,,,,,,,,,,,,,,,,,,
russia,premier-league,2023.0,2023-09-23,Spartak Moscow,Dynamo Moscow,1,0,Pinnacle,1.93,3.87,3.71,2.24,4.08,2.92,,,,,2.98,3.67,1.42,1.31,2.64,3.28,1.53,1.36,2.19,2.61,1.74,1.54,1.89,2.23,1.91,1.70,1.69,1.98,2.25,1.91,1.47,1.71,2.83,2.23,1.37,1.55,3.25,2.57,1.31,1.44,3.67,2.89,1.27,1.32,4.02,3.56,,,,,,,,,,,,,,,,,,,,,,,,,,,,,,,,,,,,
russia,premier-league,2023.0,2023-09-24,FK Rostov,CSKA Moscow,3,3,Pinnacle,3.33,3.44,2.21,2.76,3.48,2.61,,,,,,,,,5.15,4.89,1.19,1.20,4.20,3.40,1.25,1.34,3.29,2.74,1.36,1.49,2.87,2.37,1.46,1.63,2.43,2.00,1.61,1.89,1.93,1.70,1.87,2.24,1.72,1.54,2.20,2.60,1.54,1.39,2.60,3.15,1.35,1.24,3.34,4.28,,,,,,,,,,,,,,,,,,,,,,,,,,,,,,,,
russia,premier-league,2023.0,2023-09-24,Krasnodar,Ural,2,0,Pinnacle,1.70,3.72,5.24,1.64,4.07,5.52,3.01,2.84,1.41,1.45,2.65,2.50,1.52,1.58,2.27,2.13,1.68,1.77,1.87,1.82,1.93,2.08,1.69,1.63,2.25,2.37,1.49,1.44,2.76,2.94,1.28,1.25,3.93,4.21,1.22,1.21,4.55,4.82,,,,,,,,,,,,,,,,,3.77,3.53,1.29,1.32,,,,,,,,,,,,,,,,,,,,,,,,
russia,premier-league,2023.0,2023-09-24,Pari NN,Orenburg,3,1,Pinnacle,2.09,3.38,3.46,2.94,3.32,2.56,,,,,,,,,3.16,5.40,1.34,1.18,2.46,3.67,1.54,1.31,2.09,2.92,1.73,1.45,1.81,2.50,2.01,1.57,1.51,2.09,2.53,1.81,1.38,1.74,2.99,2.18,1.30,1.56,3.43,2.54,1.20,1.39,4.43,3.12,1.19,1.23,4.87,4.43,,,,,,,,,,,,,,,,,,,,,,,,,,,,,,,,
russia,premier-league,2023.0,2023-09-24,Zenit,Lokomotiv Moscow,1,2,Pinnacle,1.43,4.74,6.19,1.53,4.49,6.12,2.16,2.50,1.64,1.57,1.93,2.20,1.85,1.73,1.66,1.89,2.14,1.99,1.48,1.66,2.42,2.31,1.37,1.53,2.69,2.63,1.22,1.36,3.29,3.28,1.19,1.21,5.13,4.80,,,,,,,,,,,,,,,,,3.05,3.93,1.27,1.28,2.48,2.98,1.46,1.42,,,,,,,,,3.37,4.05,1.20,1.26,,,,,,,,,,,,
russia,premier-league,2023.0,2023-09-25,Fakel Voronezh,Rubin Kazan,0,1,Pinnacle,2.32,3.26,3.28,2.86,3.07,2.80,,,,,,,,,3.69,5.41,1.30,1.19,2.77,3.59,1.49,1.34,2.30,2.73,1.67,1.50,1.94,2.40,1.86,1.67,1.65,1.88,2.34,2.01,1.48,1.60,2.80,2.46,1.37,1.45,3.24,2.91,1.25,1.30,4.17,3.54,1.15,1.16,5.39,5.38,,,,,,,,,,,,,,,,,,,,,,,,,,,,,,,,
russia,premier-league,2023.0,2023-09-29,FK Rostov,Ural,2,2,Pinnacle,2.28,3.12,3.32,2.13,3.31,3.80,,,,,4.21,3.74,1.22,1.30,3.72,3.27,1.26,1.36,2.75,2.51,1.44,1.57,2.27,2.12,1.62,1.78,1.94,1.82,1.86,2.08,1.59,1.51,2.34,2.70,1.42,1.38,2.82,3.24,1.32,1.30,3.28,3.75,1.21,1.19,4.26,5.01,,,,,,,,,,,,,,,,,,,,,,,,,,,,,,,,,,,,
russia,premier-league,2023.0,2023-09-30,Lokomotiv Moscow,Pari NN,1,0,Pinnacle,1.76,3.76,4.36,1.80,3.82,4.57,3.10,3.28,1.35,1.36,2.76,2.90,1.44,1.45,2.39,2.49,1.57,1.58,1.99,2.05,1.82,1.85,1.75,1.79,2.06,2.10,1.53,1.57,2.47,2.52,1.32,1.34,3.31,3.42,1.25,1.27,3.81,3.96,,,,,,,,,,,,,,,,,3.89,4.16,1.25,1.25,,,,,,,,,,,,,,,,,,,,,,,,
russia,premier-league,2023.0,2023-09-30,CSKA Moscow,Baltika,1,0,Pinnacle,1.57,4.09,5.32,1.76,3.87,4.80,2.64,3.18,1.47,1.38,2.32,2.80,1.60,1.48,2.01,2.40,1.81,1.62,1.72,1.99,2.09,1.90,1.57,1.75,2.39,2.16,1.39,1.53,2.93,2.62,1.22,1.31,4.15,3.60,1.21,1.25,4.25,4.17,,,,,,,,,,,,,,,,,3.21,4.00,1.33,1.27,,,,,,,,,,,,,,,,,,,,,,,,
russia,premier-league,2023.0,2023-09-30,Orenburg,Zenit,3,1,Pinnacle,5.01,4.32,1.57,4.68,4.07,1.74,,,,,,,,,,,,,,,,,,,,,4.27,4.09,1.21,1.26,3.97,3.57,1.24,1.32,2.90,2.65,1.40,1.52,2.39,2.20,1.56,1.72,2.12,1.95,1.70,1.93,1.86,1.69,1.94,2.25,,,,,,,,,1.65,1.54,2.22,2.59,,,,,,,,,1.52,1.44,2.50,2.90,1.38,1.32,2.96,3.57,,,,
russia,premier-league,2023.0,2023-09-30,Rubin Kazan,Krasnodar,0,2,Pinnacle,3.19,3.26,2.27,3.11,3.38,2.41,,,,,,,,,,,,,4.02,3.92,1.23,1.28,3.16,3.08,1.34,1.40,2.73,2.66,1.45,1.52,2.29,2.22,1.61,1.71,1.85,1.83,1.94,2.06,1.63,1.62,2.26,2.40,1.45,1.45,2.71,2.90,1.28,1.28,3.58,3.92,,,,,,,,,1.23,1.23,4.03,4.42,,,,,,,,,,,,,,,,,,,,
russia,premier-league,2023.0,2023-10-01,Krylya Sovetov,Spartak Moscow,4,0,Pinnacle,2.38,3.48,2.83,2.88,3.58,2.46,,,,,,,,,3.71,5.02,1.27,1.19,2.83,3.54,1.42,1.32,2.37,2.87,1.57,1.46,2.06,2.49,1.76,1.58,1.74,2.11,2.08,1.80,1.54,1.78,2.45,2.12,1.42,1.60,2.81,2.45,1.30,1.43,3.46,2.93,1.20,1.28,4.42,3.92,,,,,,,,,1.25,1.25,4.03,4.16,,,,,,,,,,,,,,,,,,,,
russia,premier-league,2023.0,2023-10-01,Fakel Voronezh,Sochi,2,0,Pinnacle,2.30,3.17,3.23,2.65,3.04,3.07,,,,,,,,,3.71,4.83,1.27,1.21,2.76,3.29,1.44,1.36,2.29,2.63,1.61,1.53,1.96,2.22,1.85,1.71,1.61,1.81,2.29,2.10,1.44,1.55,2.75,2.57,1.34,1.42,3.19,3.05,1.23,1.28,4.10,3.92,1.16,1.15,5.45,6.13,,,,,,,,,,,,,,,,,,,,,,,,,,,,,,,,
russia,premier-league,2023.0,2023-10-01,Akhmat Grozny,Dynamo Moscow,1,1,Pinnacle,2.55,3.41,2.80,3.32,3.85,2.12,,,,,,,,,,,,,2.97,4.13,1.38,1.26,2.48,3.28,1.53,1.36,2.15,2.90,1.69,1.45,1.81,2.49,1.99,1.58,1.58,2.04,2.35,1.85,1.45,1.79,2.72,2.11,1.32,1.60,3.31,2.44,1.19,1.41,4.54,3.04,,,,,,,,,1.25,1.34,4.25,3.44,,,,,,,,,,,,,,,,,,,,
russia,premier-league,2023.0,2023-10-07,Ural,Lokomotiv Moscow,2,2,Pinnacle,2.61,3.29,2.68,2.58,3.34,2.89,,,,,,,,,4.36,4.35,1.21,1.24,3.17,3.14,1.34,1.39,2.60,2.57,1.49,1.55,2.23,2.20,1.64,1.72,1.88,1.84,1.93,2.06,1.61,1.59,2.30,2.46,1.47,1.46,2.67,2.87,1.32,1.32,3.27,3.58,1.19,1.19,4.56,5.18,,,,,,,,,,,,,,,,,,,,,,,,,,,,,,,,
russia,premier-league,2023.0,2023-10-07,Sochi,Zenit,0,2,Pinnacle,4.19,3.69,1.81,6.81,4.34,1.51,,,,,,,,,,,,,,,,,,,,,,,,,3.17,5.29,1.35,1.18,2.38,3.43,1.57,1.34,2.01,2.70,1.81,1.51,1.76,2.36,2.04,1.64,1.53,2.02,2.48,1.88,,,,,,,,,1.41,1.73,2.84,2.19,,,,,,,,,1.34,1.57,3.20,2.51,1.26,1.41,3.74,3.01,1.20,1.27,4.68,4.02
russia,premier-league,2023.0,2023-10-07,Krasnodar,FK Rostov,3,2,Pinnacle,1.65,3.91,4.94,1.78,3.73,4.83,2.80,3.17,1.42,1.38,2.48,2.81,1.53,1.48,2.14,2.42,1.70,1.61,1.83,2.02,1.98,1.88,1.64,1.78,2.24,2.13,1.45,1.55,2.74,2.58,1.26,1.32,3.80,3.58,1.21,1.25,4.34,4.18,,,,,,,,,,,,,,,,,3.44,3.99,1.30,1.27,,,,,,,,,,,,,,,,,,,,,,,,
russia,premier-league,2023.0,2023-10-07,Baltika,Orenburg,1,0,Pinnacle,1.94,3.61,3.67,2.23,3.73,3.16,,,,,3.13,3.85,1.35,1.29,2.77,3.40,1.44,1.34,2.23,2.62,1.64,1.53,1.94,2.22,1.85,1.71,1.69,1.94,2.15,1.94,1.44,1.65,2.75,2.35,1.34,1.49,3.19,2.75,1.27,1.39,3.63,3.13,1.26,1.27,3.75,3.98,,,,,,,,,,,,,,,,,,,,,,,,,,,,,,,,,,,,
russia,premier-league,2023.0,2023-10-08,Akhmat Grozny,Rubin Kazan,0,1,Pinnacle,1.91,3.57,3.87,2.15,3.66,3.39,,,,,3.12,3.65,1.35,1.31,2.74,3.22,1.45,1.37,2.19,2.52,1.67,1.57,1.91,2.14,1.89,1.76,1.65,1.87,2.22,2.02,1.41,1.58,2.89,2.50,1.31,1.44,3.35,2.93,1.25,1.35,3.82,3.35,1.22,1.24,4.65,4.32,,,,,,,,,,,,,,,,,,,,,,,,,,,,,,,,,,,,
russia,premier-league,2023.0,2023-10-08,Pari NN,Krylya Sovetov,2,0,Pinnacle,2.82,3.22,2.53,2.94,3.21,2.62,,,,,,,,,4.98,5.62,1.17,1.17,3.49,3.71,1.29,1.30,2.81,2.93,1.43,1.44,2.41,2.49,1.56,1.58,2.01,2.07,1.80,1.83,1.68,1.71,2.16,2.22,1.52,1.54,2.52,2.61,1.36,1.37,3.06,3.23,1.22,1.22,4.22,4.66,,,,,,,,,,,,,,,,,,,,,,,,,,,,,,,,
russia,premier-league,2023.0,2023-10-08,Spartak Moscow,CSKA Moscow,2,2,Pinnacle,2.21,3.54,3.24,2.44,3.63,2.87,,,,,3.60,4.19,1.28,1.25,3.20,3.89,1.34,1.28,2.52,2.91,1.51,1.44,2.15,2.43,1.69,1.61,1.88,2.11,1.93,1.79,1.59,1.79,2.34,2.12,1.45,1.58,2.74,2.49,1.35,1.46,3.12,2.86,1.24,1.33,3.91,3.52,1.21,1.20,4.79,4.97,,,,,,,,,,,,,,,,,,,,,,,,,,,,,,,,
russia,premier-league,2023.0,2023-10-08,Dynamo Moscow,Fakel Voronezh,0,0,Pinnacle,1.48,4.39,7.00,1.51,4.46,6.55,2.36,2.48,1.64,1.58,2.03,2.17,1.79,1.75,1.78,1.86,2.13,2.03,1.58,1.64,2.48,2.36,1.47,1.51,2.81,2.70,1.32,1.34,3.59,3.41,1.16,1.19,5.12,5.13,,,,,,,,,,,,,,,,,3.68,3.91,1.30,1.28,2.82,2.95,1.47,1.43,,,,,,,,,,,,,,,,,,,,,,,,
russia,premier-league,2023.0,2023-10-21,Orenburg,Fakel Voronezh,1,2,Pinnacle,1.77,3.69,4.36,1.81,3.83,4.50,3.13,3.20,1.35,1.38,2.78,2.84,1.43,1.47,2.41,2.46,1.56,1.59,2.00,2.05,1.81,1.85,1.76,1.80,2.04,2.09,1.54,1.57,2.45,2.50,1.32,1.35,3.29,3.37,1.25,1.28,3.80,3.91,,,,,,,,,,,,,,,,,3.92,4.04,1.24,1.27,,,,,,,,,,,,,,,,,,,,,,,,
russia,premier-league,2023.0,2023-10-21,Lokomotiv Moscow,Dynamo Moscow,0,0,Pinnacle,2.41,3.37,3.01,2.28,3.79,3.03,,,,,4.29,3.79,1.24,1.29,3.82,3.39,1.29,1.35,2.88,2.66,1.45,1.52,2.40,2.27,1.62,1.68,2.03,1.99,1.79,1.90,1.74,1.69,2.18,2.26,1.54,1.53,2.59,2.64,1.42,1.42,2.98,2.99,1.30,1.30,3.74,3.72,,,,,,,,,,,,,,,,,,,,,,,,,,,,,,,,,,,,
russia,premier-league,2023.0,2023-10-21,Baltika,Krasnodar,2,2,Pinnacle,3.17,3.41,2.21,3.60,3.37,2.18,,,,,,,,,,,,,3.97,4.70,1.24,1.21,3.14,3.56,1.35,1.32,2.74,3.08,1.45,1.41,2.31,2.58,1.60,1.55,1.89,2.03,1.91,1.87,1.66,1.75,2.20,2.17,1.48,1.55,2.61,2.57,1.31,1.35,3.39,3.34,,,,,,,,,1.25,1.29,3.82,3.80,,,,,,,,,,,,,,,,,,,,
russia,premier-league,2023.0,2023-10-21,Rubin Kazan,CSKA Moscow,0,0,Pinnacle,3.18,3.46,2.27,3.28,3.30,2.35,,,,,,,,,,,,,3.98,4.15,1.27,1.26,3.15,3.24,1.39,1.37,2.75,2.79,1.49,1.48,2.33,2.32,1.65,1.66,1.88,1.88,1.93,2.01,1.69,1.65,2.26,2.34,1.51,1.48,2.68,2.80,1.33,1.30,3.48,3.70,,,,,,,,,1.28,1.25,3.92,4.17,,,,,,,,,,,,,,,,,,,,
russia,premier-league,2023.0,2023-10-22,Zenit,Krylya Sovetov,3,1,Pinnacle,1.50,4.40,5.80,1.42,4.82,7.84,2.39,2.18,1.56,1.74,2.10,1.93,1.72,1.96,1.83,1.66,1.99,2.32,1.61,1.51,2.29,2.69,1.49,1.41,2.60,3.03,1.33,1.28,3.22,3.94,,,,,,,,,,,,,,,,,,,,,3.69,3.25,1.27,1.37,2.83,2.56,1.41,1.56,,,,,,,,,4.10,3.67,1.26,1.31,,,,,,,,,,,,
russia,premier-league,2023.0,2023-10-22,Ural,Sochi,1,4,Pinnacle,1.88,3.58,3.96,2.20,3.32,3.61,,,,,3.04,3.92,1.37,1.28,2.66,3.43,1.47,1.34,2.15,2.61,1.69,1.54,1.88,2.19,1.93,1.74,1.63,1.88,2.26,2.01,1.39,1.55,2.96,2.57,1.30,1.41,3.44,3.08,1.24,1.32,3.91,3.57,1.19,1.21,5.07,4.72,,,,,,,,,,,,,,,,,,,,,,,,,,,,,,,,,,,,
russia,premier-league,2023.0,2023-10-22,Spartak Moscow,Pari NN,2,0,Pinnacle,1.63,3.71,5.45,1.70,3.71,5.56,2.76,2.92,1.43,1.44,2.44,2.58,1.54,1.55,2.11,2.23,1.72,1.71,1.81,1.90,2.00,1.99,1.62,1.69,2.27,2.25,1.42,1.48,2.83,2.80,1.22,1.26,4.13,4.12,1.18,1.21,4.75,4.80,,,,,,,,,,,,,,,,,3.38,3.63,1.31,1.31,,,,,,,,,,,,,,,,,,,,,,,,
russia,premier-league,2023.0,2023-10-22,FK Rostov,Akhmat Grozny,3,0,Pinnacle,2.13,3.48,3.28,2.22,3.67,3.22,,,,,3.58,3.70,1.28,1.30,3.17,3.29,1.34,1.36,2.49,2.59,1.53,1.54,2.12,2.21,1.71,1.72,1.85,1.93,1.96,1.96,1.56,1.63,2.42,2.38,1.42,1.48,2.85,2.79,1.33,1.38,3.25,3.19,1.22,1.26,4.12,4.06,,,,,,,,,,,,,,,,,,,,,,,,,,,,,,,,,,,,
russia,premier-league,2023.0,2023-10-27,Rubin Kazan,Baltika,1,0,Pinnacle,2.37,3.18,3.08,2.20,3.26,3.66,,,,,4.34,4.05,1.21,1.26,3.87,3.53,1.25,1.32,2.86,2.63,1.41,1.53,2.36,2.19,1.58,1.73,2.03,1.88,1.79,2.01,1.67,1.55,2.18,2.58,1.48,1.40,2.63,3.11,1.36,1.31,3.05,3.61,1.25,1.21,3.88,4.78,,,,,,,,,,,,,,,,,,,,,,,,,,,,,,,,,,,,
russia,premier-league,2023.0,2023-10-28,Zenit,Akhmat Grozny,2,1,Pinnacle,1.39,4.96,7.90,1.36,5.35,8.55,2.09,2.06,1.80,1.84,1.81,1.80,2.00,2.09,1.59,1.55,2.46,2.57,1.47,1.43,2.84,2.96,1.38,1.35,3.20,3.36,1.26,1.25,4.13,4.25,,,,,,,,,,,,,,,,,,,,,3.00,2.88,1.42,1.45,2.42,2.35,1.61,1.64,,,,,3.69,3.66,1.29,1.31,3.39,3.23,1.34,1.37,,,,,,,,,,,,
russia,premier-league,2023.0,2023-10-28,Krylya Sovetov,Orenburg,1,1,Pinnacle,1.90,3.70,3.73,2.14,3.71,3.37,,,,,3.01,3.51,1.37,1.33,2.66,3.10,1.47,1.40,2.17,2.48,1.68,1.59,1.90,2.13,1.90,1.78,1.66,1.86,2.20,2.03,1.42,1.58,2.82,2.50,1.33,1.44,3.25,2.93,1.27,1.35,3.68,3.34,1.23,1.25,4.46,4.25,,,,,,,,,,,,,,,,,,,,,,,,,,,,,,,,,,,,
russia,premier-league,2023.0,2023-10-28,FK Rostov,Lokomotiv Moscow,1,0,Pinnacle,2.25,3.52,3.17,2.53,3.74,2.70,,,,,,,,,3.30,4.02,1.32,1.27,2.58,3.01,1.49,1.41,2.19,2.52,1.66,1.57,1.92,2.19,1.88,1.73,1.62,1.88,2.28,2.01,1.46,1.65,2.68,2.35,1.36,1.51,3.05,2.69,1.25,1.37,3.81,3.26,1.19,1.23,4.56,4.43,,,,,,,,,,,,,,,,,,,,,,,,,,,,,,,,
russia,premier-league,2023.0,2023-10-28,Fakel Voronezh,Spartak Moscow,2,0,Pinnacle,3.20,3.34,2.23,3.75,3.63,2.03,,,,,,,,,,,,,,,,,3.17,3.70,1.34,1.30,2.75,3.23,1.44,1.37,2.32,2.76,1.60,1.49,1.88,2.16,1.92,1.75,1.65,1.86,2.22,2.03,1.47,1.64,2.65,2.36,1.29,1.43,3.47,3.01,,,,,,,,,1.24,1.34,3.92,3.43,,,,,,,,,1.26,1.28,4.07,3.86,,,,,,,,
russia,premier-league,2023.0,2023-10-29,Dynamo Moscow,Ural,2,1,Pinnacle,1.66,3.99,5.13,1.62,4.16,5.59,2.79,2.71,1.47,1.50,2.47,2.38,1.59,1.63,2.14,2.06,1.77,1.83,1.80,1.78,2.01,2.13,1.65,1.61,2.33,2.42,1.47,1.42,2.84,2.98,1.28,1.24,3.94,4.30,1.23,1.21,4.50,4.73,,,,,,,,,,,,,4.47,4.47,1.23,1.23,3.42,3.29,1.34,1.36,,,,,,,,,,,,,,,,,,,,,,,,
russia,premier-league,2023.0,2023-10-29,Pari NN,Sochi,1,0,Pinnacle,2.69,3.15,2.70,2.61,3.04,3.11,,,,,4.76,4.97,1.20,1.20,4.81,4.69,1.18,1.21,3.33,3.23,1.32,1.37,2.67,2.60,1.46,1.54,2.29,2.19,1.61,1.73,1.90,1.79,1.90,2.13,1.61,1.54,2.29,2.61,1.46,1.41,2.68,3.09,1.31,1.27,3.36,4.00,1.17,1.14,4.94,6.36,,,,,,,,,,,,,,,,,,,,,,,,,,,,,,,,
russia,premier-league,2023.0,2023-10-29,CSKA Moscow,Krasnodar,1,0,Pinnacle,2.11,3.61,3.21,2.33,3.40,3.23,,,,,3.53,4.13,1.29,1.26,3.13,3.66,1.35,1.31,2.46,2.77,1.53,1.49,2.10,2.32,1.72,1.66,1.84,2.00,1.96,1.89,1.56,1.66,2.40,2.31,1.43,1.49,2.80,2.76,1.34,1.38,3.18,3.19,1.23,1.26,4.02,4.07,,,,,,,,,,,,,,,,,,,,,,,,,,,,,,,,,,,,
russia,premier-league,2023.0,2023-11-04,Baltika,Zenit,0,2,Pinnacle,4.05,3.58,1.93,5.29,3.68,1.74,,,,,,,,,,,,,,,,,,,,,3.50,4.56,1.33,1.22,3.01,3.91,1.43,1.28,2.30,2.71,1.67,1.51,1.92,2.20,1.88,1.73,1.72,1.93,2.21,1.96,1.50,1.64,2.73,2.36,,,,,,,,,1.39,1.49,3.12,2.76,,,,,,,,,1.33,1.39,3.52,3.14,1.27,1.27,3.69,3.97,,,,
russia,premier-league,2023.0,2023-11-04,Akhmat Grozny,Fakel Voronezh,1,2,Pinnacle,2.00,3.37,4.02,1.97,3.55,4.08,3.83,3.68,1.29,1.30,3.39,3.26,1.34,1.37,2.96,2.85,1.43,1.46,2.32,2.27,1.66,1.68,1.95,1.97,1.85,1.92,1.72,1.69,2.21,2.25,1.44,1.43,2.92,2.98,1.34,1.33,3.44,3.50,1.27,1.27,3.97,4.03,,,,,,,,,,,,,,,,,,,,,,,,,,,,,,,,,,,,,,,,
russia,premier-league,2023.0,2023-11-05,Krasnodar,Krylya Sovetov,2,1,Pinnacle,1.74,3.86,4.35,1.77,3.94,4.62,2.97,3.04,1.38,1.42,2.65,2.71,1.47,1.52,2.31,2.35,1.60,1.65,1.95,1.98,1.85,1.90,1.73,1.76,2.09,2.15,1.52,1.55,2.50,2.58,1.32,1.33,3.32,3.49,1.25,1.27,3.81,4.02,,,,,,,,,,,,,,,,,3.68,3.79,1.27,1.30,,,,,,,,,,,,,,,,,,,,,,,,
russia,premier-league,2023.0,2023-11-05,CSKA Moscow,Pari NN,3,2,Pinnacle,1.52,4.09,6.95,1.48,4.34,7.54,2.47,2.49,1.53,1.58,2.16,2.16,1.68,1.75,1.85,1.83,1.96,2.07,1.61,1.60,2.29,2.44,1.48,1.48,2.62,2.81,1.31,1.31,3.33,3.63,1.16,1.16,5.13,5.85,,,,,,,,,,,,,,,,,4.03,4.10,1.23,1.26,2.98,3.00,1.38,1.42,,,,,,,,,,,,,,,,,,,,,,,,
russia,premier-league,2023.0,2023-11-05,Lokomotiv Moscow,Spartak Moscow,1,1,Pinnacle,2.40,3.70,2.89,2.60,3.60,2.70,,,,,,,,,3.66,4.16,1.31,1.26,2.83,3.10,1.47,1.40,2.39,2.58,1.63,1.55,2.04,2.24,1.78,1.70,1.77,1.91,2.13,1.98,1.57,1.65,2.51,2.33,1.45,1.51,2.86,2.69,1.33,1.37,3.51,3.25,1.20,1.23,4.50,4.41,,,,,,,,,,,,,,,,,,,,,,,,,,,,,,,,
russia,premier-league,2023.0,2023-11-06,Ural,Rubin Kazan,0,1,Pinnacle,2.11,3.32,3.72,2.36,3.19,3.39,,,,,3.56,4.41,1.28,1.23,3.12,3.88,1.35,1.28,2.42,2.85,1.55,1.47,2.05,2.34,1.75,1.65,1.78,2.00,2.05,1.89,1.48,1.64,2.62,2.36,1.36,1.46,3.11,2.87,1.28,1.35,3.57,3.35,1.19,1.24,4.66,4.38,,,,,,,,,,,,,,,,,,,,,,,,,,,,,,,,,,,,
russia,premier-league,2023.0,2023-11-06,Sochi,Dynamo Moscow,3,3,Pinnacle,3.00,3.35,2.33,3.05,3.51,2.38,,,,,,,,,,,,,3.72,3.78,1.26,1.29,2.97,3.01,1.38,1.41,2.58,2.62,1.49,1.53,2.17,2.21,1.68,1.72,1.81,1.84,2.01,2.06,1.60,1.63,2.32,2.37,1.44,1.47,2.77,2.83,1.27,1.30,3.63,3.72,,,,,,,,,1.23,1.27,4.06,4.17,,,,,,,,,,,,,,,,,,,,
russia,premier-league,2023.0,2023-11-06,Orenburg,FK Rostov,1,1,Pinnacle,2.31,3.49,2.93,2.13,3.84,3.29,,,,,3.96,3.47,1.24,1.33,3.55,3.08,1.28,1.40,2.74,2.46,1.45,1.59,2.30,2.12,1.61,1.78,2.01,1.86,1.81,2.03,1.69,1.59,2.15,2.47,1.51,1.46,2.54,2.87,1.40,1.37,2.90,3.25,1.28,1.26,3.59,4.10,,,,,,,,,,,,,,,,,,,,,,,,,,,,,,,,,,,,
russia,premier-league,2023.0,2023-11-11,Zenit,Krasnodar,1,1,Pinnacle,1.58,4.09,5.20,1.68,4.05,5.15,2.63,2.85,1.48,1.45,2.32,2.52,1.60,1.57,2.01,2.18,1.80,1.74,1.74,1.87,2.08,2.03,1.58,1.67,2.36,2.29,1.40,1.48,2.89,2.81,1.23,1.28,4.06,3.92,1.23,1.23,4.53,4.49,,,,,,,,,,,,,,,,,3.17,3.52,1.34,1.33,,,,,,,,,,,,,,,,,,,,,,,,
russia,premier-league,2023.0,2023-11-11,Lokomotiv Moscow,Akhmat Grozny,2,1,Pinnacle,1.85,3.86,4.05,1.76,4.05,4.52,3.19,3.02,1.38,1.41,2.84,2.68,1.45,1.51,2.50,2.33,1.57,1.65,2.09,1.97,1.81,1.92,1.81,1.75,1.99,2.16,1.63,1.55,2.39,2.58,1.41,1.34,3.09,3.44,1.32,1.27,3.54,3.95,,,,,,,,,,,,,,,,,3.98,3.74,1.27,1.30,,,,,,,,,,,,,,,,,,,,,,,,
russia,premier-league,2023.0,2023-11-11,Krylya Sovetov,Ural,3,1,Pinnacle,1.97,3.33,3.92,2.07,3.43,3.85,3.78,4.01,1.26,1.29,3.36,3.56,1.31,1.32,2.94,3.12,1.40,1.40,2.30,2.42,1.61,1.65,1.97,2.07,1.83,1.83,1.69,1.78,2.15,2.13,1.42,1.49,2.85,2.77,1.31,1.35,3.36,3.28,1.25,1.29,3.87,3.80,,,,,,,,,,,,,,,,,,,,,,,,,,,,,,,,,,,,,,,,
russia,premier-league,2023.0,2023-11-11,Fakel Voronezh,CSKA Moscow,1,1,Pinnacle,3.88,3.40,2.03,3.29,3.23,2.38,,,,,,,,,,,,,5.06,4.23,1.19,1.25,3.83,3.25,1.29,1.37,3.32,2.79,1.36,1.48,2.83,2.31,1.47,1.67,2.17,1.86,1.75,2.03,1.82,1.63,1.98,2.37,1.64,1.45,2.36,2.89,1.43,1.27,3.01,3.99,,,,,,,,,1.34,1.23,3.43,4.53,,,,,,,,,,,,,,,,,,,,
russia,premier-league,2023.0,2023-11-12,Spartak Moscow,FK Rostov,2,1,Pinnacle,1.71,4.03,4.64,1.93,3.87,3.83,2.86,3.41,1.45,1.34,2.55,3.04,1.56,1.41,2.22,2.69,1.71,1.51,1.87,2.20,1.93,1.72,1.71,1.93,2.23,1.95,1.52,1.69,2.67,2.26,1.32,1.45,3.57,2.89,1.26,1.35,4.07,3.33,1.25,1.29,4.26,3.78,,,,,,,,,,,,,,,,,,,,,,,,,,,,,,,,,,,,,,,,
russia,premier-league,2023.0,2023-11-12,Sochi,Rubin Kazan,0,2,Pinnacle,2.15,3.34,3.38,2.26,3.27,3.51,,,,,3.73,4.19,1.26,1.25,3.29,3.66,1.32,1.31,2.53,2.71,1.51,1.50,2.14,2.25,1.70,1.70,1.85,1.93,1.96,1.96,1.54,1.59,2.45,2.48,1.40,1.43,2.91,2.98,1.31,1.33,3.34,3.46,1.21,1.22,4.30,4.57,,,,,,,,,,,,,,,,,,,,,,,,,,,,,,,,,,,,
russia,premier-league,2023.0,2023-11-12,Pari NN,Baltika,0,0,Pinnacle,2.45,2.94,3.22,2.70,2.87,3.19,,,,,,,,,4.28,5.08,1.21,1.19,3.01,3.38,1.38,1.35,2.44,2.69,1.55,1.51,2.06,2.24,1.76,1.70,1.66,1.79,2.20,2.12,1.45,1.52,2.71,2.65,1.34,1.39,3.19,3.17,1.22,1.28,4.16,4.14,1.13,1.13,6.61,6.75,,,,,,,,,,,,,,,,,,,,,,,,,,,,,,,,
russia,premier-league,2023.0,2023-11-12,Dynamo Moscow,Orenburg,2,0,Pinnacle,1.61,4.51,4.90,1.71,4.41,4.38,2.44,2.79,1.54,1.47,2.18,2.50,1.67,1.57,1.93,2.19,1.88,1.73,1.70,1.90,2.13,1.99,1.57,1.70,2.38,2.22,1.41,1.52,2.85,2.64,1.26,1.34,3.77,3.42,1.22,1.28,4.15,3.87,,,,,,,,,,,,,,,,,2.87,3.38,1.40,1.34,,,,,,,,,,,,,,,,,,,,,,,,
russia,premier-league,2023.0,2023-11-25,Baltika,Spartak Moscow,0,2,Pinnacle,3.52,3.35,2.17,3.02,3.35,2.48,,,,,,,,,5.57,5.41,1.17,1.17,4.52,3.79,1.23,1.29,3.48,2.99,1.33,1.42,3.02,2.58,1.42,1.55,2.54,2.15,1.56,1.76,1.97,1.79,1.83,2.12,1.75,1.59,2.16,2.47,1.56,1.43,2.55,3.00,1.36,1.26,3.32,4.09,,,,,,,,,1.29,1.22,3.78,4.60,,,,,,,,,,,,,,,,,,,,
russia,premier-league,2023.0,2023-11-25,Krylya Sovetov,Lokomotiv Moscow,3,3,Pinnacle,2.34,3.45,2.91,2.60,3.58,2.71,,,,,,,,,3.62,4.24,1.28,1.25,2.78,3.13,1.43,1.39,2.33,2.59,1.59,1.54,2.03,2.24,1.79,1.70,1.70,1.91,2.13,1.98,1.52,1.65,2.52,2.33,1.40,1.51,2.88,2.69,1.28,1.36,3.57,3.27,1.21,1.23,4.77,4.48,,,,,,,,,,,,,,,,,,,,,,,,,,,,,,,,
russia,premier-league,2023.0,2023-11-25,CSKA Moscow,Dynamo Moscow,2,3,Pinnacle,2.16,3.53,3.35,2.22,3.69,3.20,,,,,3.62,3.67,1.31,1.31,3.20,3.27,1.38,1.37,2.52,2.59,1.57,1.54,2.15,2.21,1.76,1.72,1.83,1.93,1.96,1.95,1.59,1.64,2.47,2.36,1.45,1.47,2.90,2.77,1.36,1.37,3.31,3.16,1.25,1.26,4.21,3.97,,,,,,,,,,,,,,,,,,,,,,,,,,,,,,,,,,,,
russia,premier-league,2023.0,2023-11-25,Zenit,Sochi,3,0,Pinnacle,1.32,5.29,8.24,1.30,5.68,11.06,1.94,1.96,1.86,1.93,1.70,1.70,2.13,2.24,1.48,1.45,2.63,2.90,1.37,1.35,3.00,3.36,1.31,1.29,3.38,3.84,,,,,,,,,,,,,,,,,,,,,,,,,2.70,2.79,1.46,1.48,2.21,2.24,1.65,1.70,,,,,3.39,3.58,1.31,1.32,3.04,3.18,1.36,1.38,,,,,,,,,,,,
russia,premier-league,2023.0,2023-11-26,Ural,Krasnodar,3,1,Pinnacle,3.13,3.24,2.41,3.39,3.31,2.30,,,,,,,,,,,,,3.81,4.36,1.25,1.24,3.01,3.35,1.37,1.35,2.61,2.89,1.49,1.45,2.18,2.40,1.68,1.62,1.79,1.93,2.02,1.96,1.58,1.68,2.35,2.29,1.42,1.49,2.83,2.75,1.25,1.30,3.80,3.70,,,,,,,,,1.21,1.25,4.27,4.21,,,,,,,,,,,,,,,,,,,,
russia,premier-league,2023.0,2023-11-26,Rubin Kazan,Fakel Voronezh,1,0,Pinnacle,2.01,3.28,3.86,2.14,3.12,4.05,,,,,3.48,3.98,1.29,1.27,3.05,3.45,1.37,1.34,2.35,2.56,1.58,1.55,2.01,2.13,1.81,1.77,1.71,1.81,2.11,2.10,1.43,1.47,2.79,2.81,1.32,1.35,3.30,3.42,1.25,1.27,3.81,4.00,1.18,1.17,5.33,5.44,,,,,,,,,,,,,,,,,,,,,,,,,,,,,,,,,,,,
russia,premier-league,2023.0,2023-11-26,Orenburg,Akhmat Grozny,1,1,Pinnacle,1.93,3.81,3.76,2.20,4.23,2.93,3.28,3.51,1.32,1.33,2.93,3.44,1.39,1.34,2.60,3.09,1.49,1.40,2.15,2.52,1.69,1.57,1.89,2.19,1.91,1.74,1.66,1.94,2.20,1.94,1.43,1.69,2.79,2.26,1.34,1.54,3.19,2.59,1.28,1.44,3.60,2.89,1.28,1.32,3.91,3.54,,,,,,,,,,,,,,,,,,,,,,,,,,,,,,,,,,,,
russia,premier-league,2023.0,2023-11-26,FK Rostov,Pari NN,1,0,Pinnacle,1.79,3.48,4.54,1.79,3.56,5.05,3.32,3.35,1.32,1.35,2.92,2.95,1.39,1.44,2.53,2.52,1.51,1.57,2.05,2.05,1.76,1.85,1.79,1.79,2.02,2.11,1.55,1.55,2.43,2.58,1.32,1.30,3.37,3.69,1.24,1.24,3.92,4.33,,,,,,,,,,,,,,,,,4.25,4.31,1.23,1.24,,,,,,,,,,,,,,,,,,,,,,,,
russia,premier-league,2023.0,2023-12-02,Sochi,Krylya Sovetov,0,2,Pinnacle,3.16,3.39,2.37,3.16,3.39,2.37,,,,,,,,,,5.22,,1.18,,3.97,,1.27,,3.12,,1.39,,2.70,,1.51,,2.26,,1.69,,1.85,,2.04,,1.64,,2.36,,1.47,,2.84,,1.29,,3.79,,,,,,,,,,1.24,,4.28,,,,,,,,,,,,,,,,,,,,
russia,premier-league,2023.0,2023-12-02,Pari NN,Ural,1,0,Pinnacle,3.11,2.82,2.80,3.11,2.82,2.80,,,,,,,,,,6.34,,1.14,,4.00,,1.29,,3.09,,1.43,,2.48,,1.58,,1.99,,1.89,,1.64,,2.36,,1.47,,2.79,,1.32,,3.54,,1.17,,5.45,,,,,,,,,,,,,,,,,,,,,,,,,,,,,,,,
russia,premier-league,2023.0,2023-12-02,Fakel Voronezh,Baltika,0,0,Pinnacle,2.34,2.89,3.83,2.34,2.89,3.83,,,,,,4.65,,1.22,,4.06,,1.26,,2.87,,1.46,,2.33,,1.65,,1.95,,1.93,,1.55,,2.56,,1.39,,3.19,,1.29,,3.79,,1.19,,5.12,,,,,,,,,,,,,,,,,,,,,,,,,,,,,,,,,,,,
russia,premier-league,2023.0,2023-12-03,Lokomotiv Moscow,Zenit,3,1,Pinnacle,3.76,3.36,2.13,3.76,3.36,2.13,,,,,,,,,,,,,,4.85,,1.20,,3.71,,1.30,,3.21,,1.38,,2.69,,1.51,,2.08,,1.82,,1.78,,2.12,,1.58,,2.48,,1.38,,3.16,,,,,,,,,,1.32,,3.60,,,,,,,,,,,,,,,,,,,,
russia,premier-league,2023.0,2023-12-03,Krasnodar,Orenburg,2,1,Pinnacle,1.64,4.09,5.51,1.64,4.09,5.51,,2.75,,1.49,,2.42,,1.61,,2.10,,1.81,,1.80,,2.09,,1.63,,2.38,,1.43,,2.93,,1.25,,4.21,,1.22,,4.56,,,,,,,,,,,,,,4.62,,1.22,,3.35,,1.35,,,,,,,,,,,,,,,,,,,,,,,,
russia,premier-league,2023.0,2023-12-03,CSKA Moscow,FK Rostov,2,0,Pinnacle,1.88,3.88,4.05,1.88,3.88,4.05,,3.35,,1.35,,2.98,,1.42,,2.61,,1.54,,2.14,,1.76,,1.88,,2.00,,1.65,,2.35,,1.42,,3.05,,1.33,,3.52,,1.27,,3.99,,,,,,,,,,,,,,,,,,,,,,,,,,,,,,,,,,,,,,,,
russia,premier-league,2023.0,2023-12-03,Akhmat Grozny,Spartak Moscow,2,1,Pinnacle,2.65,3.61,2.64,2.65,3.61,2.64,,,,,,,,,,4.34,,1.24,,3.19,,1.38,,2.64,,1.53,,2.29,,1.68,,1.95,,1.93,,1.68,,2.28,,1.53,,2.63,,1.38,,3.16,,1.25,,4.25,,,,,,,,,,,,,,,,,,,,,,,,,,,,,,,,
russia,premier-league,2023.0,2023-12-04,Dynamo Moscow,Rubin Kazan,1,0,Pinnacle,1.91,3.90,3.93,1.91,3.90,3.93,,3.30,,1.36,,2.94,,1.43,,2.60,,1.54,,2.15,,1.76,,1.91,,1.98,,1.67,,2.31,,1.43,,2.97,,1.34,,3.42,,1.28,,3.88,,,,,,,,,,,,,,,,,,,,,,,,,,,,,,,,,,,,,,,,
russia,premier-league,2023.0,2023-12-08,Lokomotiv Moscow,Ural,2,0,Pinnacle,1.88,3.52,4.55,1.88,3.52,4.55,,3.38,,1.35,,3.00,,1.42,,2.62,,1.53,,2.14,,1.76,,1.88,,2.01,,1.62,,2.40,,1.36,,3.32,,1.28,,3.90,,1.23,,4.48,,,,,,,,,,,,,,,,,,,,,,,,,,,,,,,,,,,,,,,,
russia,premier-league,,2023-12-08,Akhmat Grozny,FK Rostov,0,0,Pinnacle,2.37,3.43,3.12,2.37,3.43,3.12,,,,,,4.27,,1.25,,3.79,,1.29,,2.84,,1.47,,2.36,,1.64,,2.04,,1.85,,1.70,,2.24,,1.51,,2.68,,1.40,,3.09,,1.28,,3.90,,,,,,,,,,,,,,,,,,,,,,,,,,,,,,,,,,,,
russia,premier-league,,2023-12-08,Spartak Moscow,Krylya Sovetov,3,0,Pinnacle,1.87,3.89,4.11,1.87,3.89,4.11,,3.33,,1.36,,2.95,,1.43,,2.58,,1.55,,2.12,,1.78,,1.87,,2.02,,1.63,,2.37,,1.40,,3.10,,1.32,,3.57,,1.26,,4.05,,,,,,,,,,,,,,,,,,,,,,,,,,,,,,,,,,,,,,,,
russia,premier-league,,2023-12-08,Zenit,Pari NN,1,0,Pinnacle,1.29,5.29,13.84,1.29,5.29,13.84,,2.03,,1.86,,1.74,,2.18,,1.46,,2.86,,1.35,,3.38,,1.28,,3.91,,,,,,,,,,,,,,,,,,,,,,,,,,3.07,,1.41,,2.38,,1.63,,,,,,3.98,,1.27,,3.52,,1.33,,,,,,,,,,,,
russia,premier-league,,2023-12-10,Baltika,Rubin Kazan,0,1,Pinnacle,2.79,2.97,2.96,2.79,2.97,2.96,,,,,,,,,,5.30,,1.18,,3.51,,1.33,,2.78,,1.48,,2.33,,1.65,,1.88,,2.00,,1.59,,2.47,,1.44,,2.94,,1.29,,3.77,,1.16,,5.87,,,,,,,,,,,,,,,,,,,,,,,,,,,,,,,,
russia,premier-league,,2023-12-10,Fakel Voronezh,Dynamo Moscow,1,1,Pinnacle,3.54,3.48,2.16,3.54,3.48,2.16,,,,,,,,,,,,,,4.54,,1.22,,3.50,,1.33,,3.04,,1.42,,2.56,,1.55,,2.04,,1.85,,1.76,,2.15,,1.56,,2.53,,1.36,,3.28,,,,,,,,,,1.30,,3.74,,,,,,,,,,,,,,,,,,,,
russia,premier-league,,2023-12-10,Krasnodar,CSKA Moscow,1,0,Pinnacle,2.30,3.47,3.21,2.30,3.47,3.21,,,,,,4.10,,1.26,,3.62,,1.31,,2.74,,1.50,,2.29,,1.67,,1.99,,1.90,,1.66,,2.32,,1.49,,2.76,,1.38,,3.17,,1.27,,4.05,,,,,,,,,,,,,,,,,,,,,,,,,,,,,,,,,,,,
russia,premier-league,,2023-12-10,Sochi,Orenburg,1,1,Pinnacle,2.06,3.77,3.52,2.06,3.77,3.52,,3.83,,1.29,,3.42,,1.34,,3.02,,1.42,,2.39,,1.63,,2.06,,1.84,,1.79,,2.10,,1.53,,2.63,,1.41,,3.05,,1.33,,3.48,,1.24,,4.38,,,,,,,,,,,,,,,,,,,,,,,,,,,,,,,,,,,,
