referer,id,mandante,visitante,placar,liga,country,round,year,data,bookmaker,HO_Close,DO_Close,AO_Close,HO_Open,DO_Open,AO_Open,Pinnacle_-2_AH_H_Open,Pinnacle_-2_AH_H_Close,Pinnacle_+2_AH_A_Open,Pinnacle_+2_AH_A_Close,Pinnacle_-1.75_AH_H_Open,Pinnacle_-1.75_AH_H_Close,Pinnacle_+1.75_AH_A_Open,Pinnacle_+1.75_AH_A_Close,Pinnacle_-1.5_AH_H_Open,Pinnacle_-1.5_AH_H_Close,Pinnacle_+1.5_AH_A_Open,Pinnacle_+1.5_AH_A_Close,Pinnacle_-1.25_AH_H_Open,Pinnacle_-1.25_AH_H_Close,Pinnacle_+1.25_AH_A_Open,Pinnacle_+1.25_AH_A_Close,Pinnacle_-1_AH_H_Open,Pinnacle_-1_AH_H_Close,Pinnacle_+1_AH_A_Open,Pinnacle_+1_AH_A_Close,Pinnacle_-0.75_AH_H_Open,Pinnacle_-0.75_AH_H_Close,Pinnacle_+0.75_AH_A_Open,Pinnacle_+0.75_AH_A_Close,Pinnacle_-0.5_AH_H_Open,Pinnacle_-0.5_AH_H_Close,Pinnacle_+0.5_AH_A_Open,Pinnacle_+0.5_AH_A_Close,Pinnacle_-0.25_AH_H_Open,Pinnacle_-0.25_AH_H_Close,Pinnacle_+0.25_AH_A_Open,Pinnacle_+0.25_AH_A_Close,Pinnacle_+0_AH_H_Open,Pinnacle_+0_AH_H_Close,Pinnacle_-0_AH_A_Open,Pinnacle_-0_AH_A_Close,Pinnacle_+0.25_AH_H_Open,Pinnacle_+0.25_AH_H_Close,Pinnacle_-0.25_AH_A_Open,Pinnacle_-0.25_AH_A_Close,Pinnacle_+0.5_AH_H_Open,Pinnacle_+0.5_AH_H_Close,Pinnacle_-0.5_AH_A_Open,Pinnacle_-0.5_AH_A_Close,Pinnacle_+0.75_AH_H_Open,Pinnacle_+0.75_AH_H_Close,Pinnacle_-0.75_AH_A_Open,Pinnacle_-0.75_AH_A_Close,Pinnacle_+1_AH_H_Open,Pinnacle_+1_AH_H_Close,Pinnacle_-1_AH_A_Open,Pinnacle_-1_AH_A_Close,Pinnacle_+1.25_AH_H_Open,Pinnacle_+1.25_AH_H_Close,Pinnacle_-1.25_AH_A_Open,Pinnacle_-1.25_AH_A_Close,Pinnacle_+1.5_AH_H_Open,Pinnacle_+1.5_AH_H_Close,Pinnacle_-1.5_AH_A_Open,Pinnacle_-1.5_AH_A_Close,Pinnacle_-2.25_AH_H_Open,Pinnacle_-2.25_AH_H_Close,Pinnacle_+2.25_AH_A_Open,Pinnacle_+2.25_AH_A_Close,Pinnacle_-3.25_AH_H_Open,Pinnacle_-3.25_AH_H_Close,Pinnacle_+3.25_AH_A_Open,Pinnacle_+3.25_AH_A_Close,Pinnacle_-3_AH_H_Open,Pinnacle_-3_AH_H_Close,Pinnacle_+3_AH_A_Open,Pinnacle_+3_AH_A_Close,Pinnacle_-2.75_AH_H_Open,Pinnacle_-2.75_AH_H_Close,Pinnacle_+2.75_AH_A_Open,Pinnacle_+2.75_AH_A_Close,Pinnacle_-2.5_AH_H_Open,Pinnacle_-2.5_AH_H_Close,Pinnacle_+2.5_AH_A_Open,Pinnacle_+2.5_AH_A_Close,Pinnacle_+1.75_AH_H_Open,Pinnacle_+1.75_AH_H_Close,Pinnacle_-1.75_AH_A_Open,Pinnacle_-1.75_AH_A_Close,Pinnacle_+2_AH_H_Open,Pinnacle_+2_AH_H_Close,Pinnacle_-2_AH_A_Open,Pinnacle_-2_AH_A_Close,Pinnacle_+2.25_AH_H_Open,Pinnacle_+2.25_AH_H_Close,Pinnacle_-2.25_AH_A_Open,Pinnacle_-2.25_AH_A_Close
/football/spain/laliga/celta-vigo-cadiz/,Ma4RMXbR,Celta Vigo,Cadiz CF,1:1,laliga,spain,main,2023,2023-12-04,Pinnacle,1.55,4.28,6.64,1.55,4.28,6.64,,4.15,,1.27,,3.08,,1.41,,2.56,,1.57,,2.24,,1.72,,1.93,,1.99,,1.68,,2.31,,1.54,,2.64,,1.36,,3.35,,1.20,,5.14,,,,,,,,,,,,,,,,,,,,,,,,,,,,,,,,,,,,,,,,,,,,,,,,,,,,,,,,
/football/spain/laliga/almeria-betis/,j1TQI3td,Almeria,Betis,0:0,laliga,spain,main,2023,2023-12-03,Pinnacle,3.53,3.78,2.06,3.53,3.78,2.06,,,,,,,,,,,,,,,,,,,,,,,,,,3.56,,1.34,,3.07,,1.41,,2.68,,1.53,,2.12,,1.80,,1.86,,2.07,,1.65,,2.39,,1.45,,3.00,,1.36,,3.42,,1.31,,3.80,,,,,,,,,,,,,,,,,,,,,,,,,,,,,,,,
/football/spain/laliga/barcelona-atl-madrid/,vyFMNDqL,Barcelona,Atl. Madrid,1:0,laliga,spain,main,2023,2023-12-03,Pinnacle,1.95,3.92,3.83,1.95,3.92,3.83,,,,,,,,,,3.47,,1.36,,3.09,,1.43,,2.72,,1.52,,2.23,,1.76,,1.93,,1.96,,1.68,,2.28,,1.45,,2.90,,1.37,,3.35,,1.31,,3.80,,,,,,,,,,,,,,,,,,,,,,,,,,,,,,,,,,,,,,,,,,,,,,,,
/football/spain/laliga/mallorca-alaves/,WYg1GVye,Mallorca,Alaves,0:0,laliga,spain,main,2023,2023-12-03,Pinnacle,2.75,2.90,3.13,2.75,2.90,3.13,,,,,,,,,,,,,,5.64,,1.18,,5.35,,1.19,,3.49,,1.35,,2.75,,1.51,,2.29,,1.70,,1.84,,2.10,,1.56,,2.62,,1.42,,3.13,,1.28,,4.09,,1.14,,6.66,,,,,,,,,,,,,,,,,,,,,,,,,,,,,,,,,,,,,,,,
/football/spain/laliga/sevilla-villarreal/,tjdJOgUE,Sevilla,Villarreal,1:1,laliga,spain,main,2023,2023-12-03,Pinnacle,1.90,3.95,4.01,1.90,3.95,4.01,,,,,,,,,,3.35,,1.37,,2.98,,1.44,,2.62,,1.56,,2.16,,1.78,,1.91,,2.02,,1.67,,2.35,,1.44,,3.04,,1.34,,3.51,,1.29,,3.98,,,,,,,,,,,,,,,,,,,,,,,,,,,,,,,,,,,,,,,,,,,,,,,,
/football/spain/laliga/ath-bilbao-rayo-vallecano/,UiSUHNe2,Ath Bilbao,Rayo Vallecano,4:0,laliga,spain,main,2023,2023-12-02,Pinnacle,1.48,4.77,6.90,1.48,4.77,6.90,,3.55,,1.34,,2.75,,1.51,,2.32,,1.68,,2.05,,1.88,,1.76,,2.19,,1.59,,2.53,,1.47,,2.86,,1.33,,3.64,,,,,,,,,,,,,,,,,,,,,,,,,,,,,,3.99,,1.29,,,,,,,,,,,,,,,,,,,,,,,,,,,,
/football/spain/laliga/girona-valencia/,8xbBQFa2,Girona,Valencia,2:1,laliga,spain,main,2023,2023-12-02,Pinnacle,1.67,4.02,5.48,1.67,4.02,5.48,,,,,,3.54,,1.34,,2.86,,1.47,,2.53,,1.59,,2.17,,1.78,,1.86,,2.07,,1.67,,2.35,,1.47,,2.91,,1.27,,4.17,,1.22,,4.80,,,,,,,,,,,,,,,,,,,,,,,,,,,,,,,,,,,,,,,,,,,,,,,,,,,,
/football/spain/laliga/osasuna-real-sociedad/,nTdFPZE8,Osasuna,Real Sociedad,1:1,laliga,spain,main,2023,2023-12-02,Pinnacle,4.00,3.17,2.16,4.00,3.17,2.16,,,,,,,,,,,,,,,,,,,,,,5.40,,1.19,,3.97,,1.29,,3.40,,1.37,,2.79,,1.50,,2.10,,1.84,,1.78,,2.16,,1.56,,2.60,,1.34,,3.53,,1.28,,4.08,,,,,,,,,,,,,,,,,,,,,,,,,,,,,,,,,,,,
/football/spain/laliga/real-madrid-granada-cf/,hrecHBMl,Real Madrid,Granada CF,2:0,laliga,spain,main,2023,2023-12-02,Pinnacle,1.19,7.75,15.00,1.19,7.75,15.00,,1.79,,2.11,,1.61,,2.41,,1.50,,2.70,,1.35,,3.34,,1.22,,4.59,,,,,,,,,,,,,,,,,,,,,,,,,,,,,,,,,,,,,,,,,,2.07,,1.85,,3.72,,1.30,,3.35,,1.35,,2.69,,1.51,,2.31,,1.67,,,,,,,,,,,,
/football/spain/laliga/las-palmas-getafe/,O8jgIi7r,Las Palmas,Getafe,2:0,laliga,spain,main,2023,2023-12-01,Pinnacle,2.41,2.98,3.62,2.41,2.98,3.62,,,,,,,,,,,,,,4.98,,1.21,,4.34,,1.25,,2.99,,1.45,,2.41,,1.64,,2.02,,1.90,,1.62,,2.45,,1.44,,3.04,,1.33,,3.59,,1.22,,4.86,,,,,,,,,,,,,,,,,,,,,,,,,,,,,,,,,,,,,,,,,,,,
/football/spain/laliga/mallorca-cadiz/,t4abRzTb,Mallorca,Cadiz CF,1:1,laliga,spain,main,2023,2023-11-29,Pinnacle,1.87,3.33,5.15,1.87,3.29,4.96,,,,,,,,,3.55,3.73,1.29,1.31,3.11,3.25,1.36,1.39,2.67,2.78,1.47,1.51,2.11,2.17,1.73,1.78,1.83,1.88,2.00,2.05,1.56,1.60,2.42,2.51,1.31,1.33,3.46,3.69,1.24,1.25,4.07,4.39,1.19,1.20,4.68,5.10,,,,,,,,,,,,,,,,,,,,,,,,,,,,,,,,,,,,,,,,,,,,,,,,
/football/spain/laliga/girona-ath-bilbao/,OnDpwYRA,Girona,Ath Bilbao,1:1,laliga,spain,main,2023,2023-11-27,Pinnacle,2.27,3.66,3.17,2.61,3.31,2.82,,,,,,,,,,,,,4.36,3.85,1.22,1.30,4.36,3.42,1.25,1.35,3.17,2.68,1.40,1.53,2.61,2.27,1.56,1.70,2.25,1.98,1.72,1.94,1.83,1.67,1.98,2.34,1.63,1.51,2.43,2.75,1.49,1.40,2.82,3.15,1.35,1.28,3.47,3.96,,,,,,,,,,,,,,,,,,,,,,,,,,,,,,,,,,,,,,,,,,,,
/football/spain/laliga/betis-las-palmas/,S0XoIWko,Betis,Las Palmas,1:0,laliga,spain,main,2023,2023-11-26,Pinnacle,1.72,3.74,5.55,1.75,3.71,4.97,,,,,3.92,3.90,1.29,1.29,3.12,3.09,1.41,1.41,2.75,2.71,1.51,1.52,2.37,2.33,1.66,1.68,1.93,1.94,1.89,1.98,1.75,1.71,2.21,2.25,1.53,1.50,2.68,2.79,1.31,1.27,3.74,4.12,1.25,1.22,4.34,4.76,,,,,,,,,,,,,,,,,,,,,,,,,,,,,,,,,,,,,,,,,,,,,,,,,,,,
/football/spain/laliga/cadiz-real-madrid/,t4LTtGSo,Cadiz CF,Real Madrid,0:3,laliga,spain,main,2023,2023-11-26,Pinnacle,6.90,4.70,1.48,5.82,4.35,1.56,,,,,,,,,,,,,,,,,,,,,,,,,,,,,,,,,4.61,5.43,1.23,1.18,3.22,3.61,1.39,1.33,2.61,2.83,1.56,1.47,2.30,2.49,1.69,1.60,1.94,2.14,1.87,1.79,1.75,1.84,2.21,2.10,1.60,1.65,2.50,2.38,,,,,,,,,,,,,,,,,,,,,1.44,1.48,2.98,2.84,1.29,1.31,3.92,3.72,1.26,1.26,3.90,4.18
/football/spain/laliga/real-sociedad-sevilla/,f7PXuzrh,Real Sociedad,Sevilla,2:1,laliga,spain,main,2023,2023-11-26,Pinnacle,1.63,3.95,6.09,1.77,3.60,5.01,4.98,5.00,1.21,1.21,4.09,3.51,1.28,1.34,3.22,2.84,1.39,1.49,2.84,2.48,1.49,1.61,2.44,2.13,1.63,1.82,1.95,1.81,1.85,2.12,1.77,1.63,2.18,2.43,1.54,1.43,2.65,3.05,1.31,1.23,3.73,4.62,1.25,1.19,4.36,5.31,,,,,,,,,,,,,,,,,,,,,,,,,,,,,,,,,,,,,,,,,,,,,,,,,,,,
/football/spain/laliga/villarreal-osasuna/,dvUMJqRk,Villarreal,Osasuna,3:1,laliga,spain,main,2023,2023-11-26,Pinnacle,2.20,3.46,3.52,1.76,3.86,4.69,,,,,,,,,,,,,2.69,3.85,1.53,1.30,2.33,3.38,1.68,1.36,1.93,2.60,1.89,1.56,1.76,2.20,2.20,1.76,1.55,1.90,2.64,2.03,1.33,1.58,3.57,2.55,1.27,1.44,4.12,3.04,1.23,1.34,4.08,3.50,1.22,1.24,4.65,4.56,,,,,,,,,,,,,,,,,,,,,,,,,,,,,,,,,,,,,,,,,,,,
/football/spain/laliga/atl-madrid-mallorca/,QioKMCsU,Atl. Madrid,Mallorca,1:0,laliga,spain,main,2023,2023-11-25,Pinnacle,1.36,5.10,9.85,1.43,4.44,8.35,3.59,3.12,1.33,1.41,2.74,2.47,1.52,1.61,2.30,2.11,1.69,1.81,1.95,1.85,1.85,2.08,1.70,1.57,2.28,2.56,1.54,1.44,2.68,3.00,1.43,1.35,3.05,3.42,1.28,1.23,4.02,4.59,,,,,,,,,,,,,,,,,,,,,,,,,,,,,4.06,3.55,1.28,1.33,,,,,,,,,,,,,,,,,,,,,,,,,,,,
/football/spain/laliga/getafe-almeria/,GMDtvEC4,Getafe,Almeria,2:1,laliga,spain,main,2023,2023-11-25,Pinnacle,1.78,3.68,5.06,1.79,3.58,4.88,,,,,4.17,4.18,1.27,1.27,3.28,3.28,1.38,1.38,2.89,2.89,1.47,1.47,2.48,2.48,1.61,1.61,1.99,2.03,1.83,1.89,1.79,1.78,2.14,2.16,1.56,1.55,2.60,2.64,1.33,1.31,3.63,3.74,1.26,1.25,4.24,4.39,,,,,,,,,,,,,,,,,,,,,,,,,,,,,,,,,,,,,,,,,,,,,,,,,,,,
/football/spain/laliga/rayo-vallecano-barcelona/,2wClxhsH,Rayo Vallecano,Barcelona,1:1,laliga,spain,main,2023,2023-11-25,Pinnacle,5.00,4.25,1.68,4.22,3.78,1.85,,,,,,,,,,,,,,,,,,,,,,,,,,,,,3.70,4.41,1.32,1.24,3.21,3.86,1.40,1.29,2.44,2.82,1.63,1.49,2.01,2.32,1.81,1.68,1.83,2.07,2.10,1.86,1.59,1.79,2.53,2.14,1.47,1.61,2.89,2.47,1.38,1.49,3.25,2.77,,,,,,,,,,,,,,,,,,,,,1.29,1.36,3.58,3.38,,,,,,,,
/football/spain/laliga/valencia-celta-vigo/,ryQIKPBq,Valencia,Celta Vigo,0:0,laliga,spain,main,2023,2023-11-25,Pinnacle,2.30,3.32,3.44,2.00,3.38,4.10,,,,,,,,,,,,,3.41,4.23,1.36,1.26,2.97,3.72,1.45,1.32,2.33,2.77,1.68,1.51,1.95,2.30,1.87,1.70,1.72,1.97,2.25,1.95,1.45,1.63,2.99,2.44,1.34,1.46,3.53,2.94,1.28,1.36,4.07,3.42,1.19,1.24,4.74,4.46,,,,,,,,,,,,,,,,,,,,,,,,,,,,,,,,,,,,,,,,,,,,
/football/spain/laliga/alaves-granada-cf/,xWExufcb,Alaves,Granada CF,3:1,laliga,spain,main,2023,2023-11-24,Pinnacle,1.74,3.67,5.45,1.86,3.54,4.51,,,,,4.11,4.09,1.27,1.28,3.44,3.20,1.35,1.40,3.03,2.81,1.43,1.50,2.63,2.39,1.55,1.65,2.13,1.98,1.80,1.94,1.82,1.74,2.00,2.22,1.62,1.51,2.46,2.75,1.38,1.28,3.35,4.03,1.29,1.23,3.91,4.72,,,,,,,,,,,,,,,,,,,,,,,,,,,,,,,,,,,,,,,,,,,,,,,,,,,,
/football/spain/laliga/atl-madrid-villarreal/,fmcnUxqt,Atl. Madrid,Villarreal,3:1,laliga,spain,main,2023,2023-11-12,Pinnacle,1.34,5.81,8.91,1.58,4.30,5.54,4.04,2.58,1.28,1.57,3.05,2.15,1.43,1.79,2.56,1.92,1.58,2.01,2.26,1.70,1.72,2.29,1.92,1.49,1.90,2.82,1.73,1.40,2.24,3.20,1.58,1.33,2.54,3.59,,,,,,,,,,,,,,,,,,,,,,,,,,,,,,,,,3.83,2.89,1.27,1.46,,,,,,,,,,,,,3.59,3.25,1.32,1.39,,,,,,,,,,,,
/football/spain/laliga/barcelona-alaves/,8GjFNhSN,Barcelona,Alaves,2:1,laliga,spain,main,2023,2023-11-12,Pinnacle,1.25,6.51,12.09,1.23,6.57,12.29,2.13,2.37,1.80,1.65,1.81,2.01,2.00,1.90,1.68,1.78,2.32,2.14,1.50,1.57,2.78,2.54,1.32,1.36,3.69,3.37,1.27,1.29,4.18,3.87,1.26,1.27,4.14,4.19,,,,,,,,,,,,,,,,,,,,,,,,,,,,,,,,,2.44,2.72,1.63,1.51,,,,,,,,,3.28,3.76,1.38,1.30,2.73,3.06,1.51,1.41,,,,,,,,,,,,
/football/spain/laliga/sevilla-betis/,2D0fSGDh,Sevilla,Betis,1:1,laliga,spain,main,2023,2023-11-12,Pinnacle,2.24,3.46,3.42,1.95,3.54,4.07,,,,,,,,,,,,,3.20,3.92,1.40,1.29,2.80,3.46,1.50,1.35,2.25,2.66,1.72,1.54,1.91,2.24,1.91,1.73,1.69,1.93,2.30,1.99,1.44,1.61,3.03,2.47,1.34,1.46,3.53,2.95,1.28,1.36,4.04,3.40,1.20,1.25,4.66,4.39,,,,,,,,,,,,,,,,,,,,,,,,,,,,,,,,,,,,,,,,,,,,
/football/spain/laliga/almeria-real-sociedad/,GMRyAZcO,Almeria,Real Sociedad,1:3,laliga,spain,main,2023,2023-11-11,Pinnacle,4.38,3.80,1.85,3.94,3.57,1.97,,,,,,,,,,,,,,,,,,,,,,,,,3.92,4.35,1.29,1.25,3.42,3.82,1.36,1.30,2.94,3.29,1.46,1.39,2.26,2.45,1.71,1.62,1.89,2.07,1.93,1.87,1.71,1.81,2.27,2.12,1.49,1.57,2.83,2.59,1.39,1.44,3.23,2.97,1.33,1.37,3.64,3.36,,,,,,,,,,,,,,,,,,,,,1.26,1.27,3.84,4.16,,,,,,,,
/football/spain/laliga/granada-cf-getafe/,OSl3Qfr5,Granada CF,Getafe,1:1,laliga,spain,main,2023,2023-11-11,Pinnacle,2.49,3.19,3.19,2.52,3.01,3.22,,,,,,,,,,,,,5.03,4.88,1.21,1.22,4.44,4.31,1.25,1.26,3.12,3.07,1.42,1.43,2.52,2.49,1.59,1.60,2.08,2.13,1.76,1.82,1.74,1.74,2.23,2.23,1.52,1.52,2.72,2.71,1.40,1.40,3.20,3.17,1.27,1.27,4.16,4.10,1.14,1.16,5.95,6.03,,,,,,,,,,,,,,,,,,,,,,,,,,,,,,,,,,,,,,,,
/football/spain/laliga/osasuna-las-palmas/,UPiBOYCH,Osasuna,Las Palmas,1:1,laliga,spain,main,2023,2023-11-11,Pinnacle,1.97,3.36,4.47,1.79,3.56,4.92,,,,,,,,,3.29,3.91,1.38,1.29,2.90,3.43,1.47,1.36,2.49,2.97,1.61,1.45,1.99,2.30,1.83,1.69,1.79,1.98,2.14,1.94,1.56,1.68,2.61,2.32,1.32,1.40,3.65,3.21,1.26,1.30,4.27,3.86,1.20,1.25,4.64,4.49,,,,,,,,,,,,,,,,,,,,,,,,,,,,,,,,,,,,,,,,,,,,,,,,
/football/spain/laliga/rayo-vallecano-girona/,z3h7PEcB,Rayo Vallecano,Girona,1:2,laliga,spain,main,2023,2023-11-11,Pinnacle,2.99,3.50,2.46,2.47,3.32,2.99,,,,,,,,,,,,,,,,,4.02,5.36,1.28,1.19,2.99,3.74,1.45,1.31,2.47,2.98,1.61,1.42,2.08,2.58,1.76,1.57,1.78,2.16,2.16,1.78,1.57,1.81,2.58,2.13,1.44,1.65,2.98,2.46,1.31,1.48,3.74,2.98,1.19,1.28,4.61,4.00,1.24,1.24,4.39,4.50,,,,,,,,,,,,,,,,,,,,,,,,,,,,,,,,,,,,
/football/spain/laliga/real-madrid-valencia/,YwdjTdbn,Real Madrid,Valencia,5:1,laliga,spain,main,2023,2023-11-11,Pinnacle,1.32,5.79,10.11,1.41,4.84,7.79,3.15,2.64,1.41,1.55,2.51,2.19,1.60,1.76,2.16,1.93,1.78,1.99,1.85,1.70,1.96,2.30,1.64,1.47,2.42,2.90,1.50,1.37,2.79,3.33,1.40,1.31,3.15,3.76,,,,,,,,,,,,,,,,,,,,,,,,,,,,,,,,,3.55,2.99,1.34,1.44,,,,,,,,,,,,,3.60,3.35,1.29,1.37,,,,,,,,,,,,
/football/spain/laliga/ath-bilbao-celta-vigo/,UPVu9gDU,Ath Bilbao,Celta Vigo,4:3,laliga,spain,main,2023,2023-11-10,Pinnacle,1.71,4.04,5.04,1.54,4.02,5.82,,,,,3.20,3.60,1.34,1.33,2.63,2.92,1.49,1.46,2.30,2.59,1.62,1.57,1.97,2.24,1.85,1.73,1.70,1.92,2.16,2.01,1.54,1.71,2.47,2.27,1.36,1.51,3.08,2.77,1.20,1.30,4.56,3.85,1.23,1.25,4.55,4.43,,,,,,,,,,,,,,,,,,,,,,,,,,,,,,,,,,,,,,,,,,,,,,,,,,,,
/football/spain/laliga/getafe-cadiz/,xdbTDHba,Getafe,Cadiz CF,1:0,laliga,spain,main,2023,2023-11-06,Pinnacle,2.08,3.10,4.41,1.93,3.19,4.87,,,,,,,,,3.88,4.50,1.30,1.24,3.39,3.94,1.36,1.29,2.91,3.40,1.47,1.36,2.25,2.49,1.72,1.60,1.88,2.09,1.93,1.85,1.64,1.75,2.41,2.19,1.36,1.43,3.45,3.05,1.27,1.31,4.12,3.70,1.22,1.25,4.79,4.36,,,,,,,,,,,,,,,,,,,,,,,,,,,,,,,,,,,,,,,,,,,,,,,,
/football/spain/laliga/alaves-almeria/,pbJlLa6P,Alaves,Almeria,1:0,laliga,spain,main,2023,2023-11-05,Pinnacle,1.77,3.77,4.99,1.87,3.64,4.43,,,,,4.08,4.03,1.24,1.28,3.32,3.19,1.33,1.40,2.94,2.81,1.40,1.50,2.56,2.42,1.52,1.64,2.09,2.01,1.76,1.92,1.83,1.77,1.81,2.17,1.59,1.54,2.38,2.65,1.36,1.32,3.19,3.72,1.28,1.25,3.70,4.34,,,,,,,,,,,,,,,,,,,,,,,,,,,,,,,,,,,,,,,,,,,,,,,,,,,,
/football/spain/laliga/real-madrid-rayo-vallecano/,r9TTBeTB,Real Madrid,Rayo Vallecano,0:0,laliga,spain,main,2023,2023-11-05,Pinnacle,1.22,6.90,13.80,1.30,5.81,10.18,2.49,2.14,1.61,1.77,2.09,1.86,1.83,2.05,1.81,1.68,2.01,2.30,1.65,1.49,2.40,2.77,1.43,1.30,3.05,3.73,1.35,1.25,3.47,4.24,,,,,,,,,,,,,,,,,,,,,,,,,,,,,,,,,,,,,2.82,2.47,1.48,1.60,,,,,,,,,3.75,3.35,1.27,1.36,3.16,2.77,1.40,1.48,,,,,,,,,,,,
/football/spain/laliga/valencia-granada-cf/,MaSXAFrI,Valencia,Granada CF,1:0,laliga,spain,main,2023,2023-11-05,Pinnacle,1.67,4.15,5.29,1.54,4.19,5.77,4.13,4.75,1.23,1.22,3.07,3.51,1.37,1.34,2.55,2.85,1.52,1.47,2.23,2.52,1.65,1.60,1.93,2.16,1.89,1.78,1.68,1.85,2.19,2.08,1.53,1.67,2.50,2.36,1.36,1.47,3.10,2.89,1.20,1.27,4.51,4.07,1.21,1.23,4.48,4.66,,,,,,,,,,,,,,,,,,,,,,,,,,,,,,,,,,,,,,,,,,,,,,,,,,,,
/football/spain/laliga/villarreal-ath-bilbao/,n75GGJEt,Villarreal,Ath Bilbao,2:3,laliga,spain,main,2023,2023-11-05,Pinnacle,3.82,3.94,1.95,2.50,3.56,2.68,,,,,,,,,,,,,,,,,,,,,2.99,4.40,1.38,1.25,2.49,3.80,1.54,1.31,2.16,3.34,1.69,1.37,1.85,2.90,1.98,1.47,1.61,2.28,2.32,1.71,1.48,1.96,2.66,1.96,1.34,1.74,3.24,2.23,1.21,1.51,4.44,2.75,1.22,1.41,4.29,3.13,1.30,1.34,3.81,3.53,,,,,,,,,,,,,,,,,,,,,,,,,,,,,,,,
/football/spain/laliga/betis-mallorca/,IiR2cdEI,Betis,Mallorca,2:0,laliga,spain,main,2023,2023-11-04,Pinnacle,1.90,3.45,4.68,1.97,3.28,4.51,,,,,,,,,3.74,3.74,1.27,1.32,3.29,3.27,1.33,1.38,2.86,2.82,1.42,1.50,2.23,2.21,1.66,1.75,1.92,1.91,1.90,2.02,1.64,1.63,2.27,2.42,1.37,1.37,3.12,3.40,1.27,1.28,3.68,4.01,1.22,1.23,4.25,4.64,,,,,,,,,,,,,,,,,,,,,,,,,,,,,,,,,,,,,,,,,,,,,,,,
/football/spain/laliga/celta-vigo-sevilla/,drQ6dGTO,Celta Vigo,Sevilla,1:1,laliga,spain,main,2023,2023-11-04,Pinnacle,2.41,3.41,3.13,2.13,3.40,3.43,,,,,,,,,,,,,3.68,4.43,1.28,1.25,3.24,3.92,1.34,1.29,2.50,2.91,1.53,1.47,2.12,2.41,1.72,1.64,1.83,2.08,1.99,1.85,1.53,1.72,2.49,2.25,1.40,1.53,2.95,2.69,1.31,1.41,3.39,3.11,1.21,1.29,4.37,3.96,,,,,,,,,,,,,,,,,,,,,,,,,,,,,,,,,,,,,,,,,,,,
/football/spain/laliga/osasuna-girona/,GncXCyE5,Osasuna,Girona,2:4,laliga,spain,main,2023,2023-11-04,Pinnacle,2.99,3.31,2.56,2.39,3.31,3.19,,,,,,,,,,,,,,,,,3.71,5.54,1.27,1.18,2.78,3.75,1.44,1.31,2.31,2.99,1.61,1.45,2.00,2.55,1.83,1.58,1.66,2.13,2.22,1.82,1.48,1.76,2.65,2.19,1.37,1.58,3.05,2.56,1.26,1.41,3.86,3.13,1.17,1.25,5.08,4.35,1.23,1.23,4.57,4.61,,,,,,,,,,,,,,,,,,,,,,,,,,,,,,,,,,,,
/football/spain/laliga/real-sociedad-barcelona/,rZbPEcqg,Real Sociedad,Barcelona,0:1,laliga,spain,main,2023,2023-11-04,Pinnacle,3.38,3.29,2.33,3.21,3.40,2.22,,,,,,,,,,,,,,,,,,,,,4.04,4.36,1.24,1.25,3.18,3.36,1.35,1.37,2.77,2.89,1.45,1.47,2.34,2.40,1.60,1.65,1.90,1.93,1.92,2.00,1.67,1.68,2.21,2.33,1.49,1.50,2.63,2.80,1.31,1.31,3.42,3.74,1.26,1.26,3.86,4.23,,,,,,,,,,,,,,,,,,,,,,,,,,,,,,,,,,,,
/football/spain/laliga/las-palmas-atl-madrid/,UVfLFwUn,Las Palmas,Atl. Madrid,2:1,laliga,spain,main,2023,2023-11-03,Pinnacle,5.56,3.69,1.72,4.17,3.59,1.85,,,,,,,,,,,,,,,,,,,,,,,,,,,,,3.61,4.80,1.28,1.22,3.11,4.10,1.37,1.27,2.33,2.78,1.60,1.50,1.97,2.24,1.85,1.72,1.72,1.96,2.11,1.96,1.49,1.66,2.61,2.35,1.38,1.51,2.99,2.76,1.31,1.40,3.38,3.15,,,,,,,,,,,,,,,,,,,,,1.26,1.28,3.93,3.99,,,,,,,,
/football/spain/laliga/granada-cf-villarreal/,juzn1vFg,Granada CF,Villarreal,2:3,laliga,spain,main,2023,2023-10-30,Pinnacle,2.99,3.64,2.39,3.27,3.51,2.15,,,,,,,,,,,,,,,,,,,,,4.12,3.69,1.23,1.32,3.23,2.97,1.34,1.44,2.83,2.59,1.43,1.56,2.41,2.20,1.57,1.76,1.95,1.85,1.86,2.08,1.71,1.65,2.14,2.39,1.52,1.49,2.52,2.85,1.34,1.32,3.24,3.70,1.28,1.27,3.66,4.15,,,,,,,,,,,,,,,,,,,,,,,,,,,,,,,,,,,,
/football/spain/laliga/ath-bilbao-valencia/,MPBOqwpJ,Ath Bilbao,Valencia,2:2,laliga,spain,main,2023,2023-10-29,Pinnacle,1.65,3.97,5.83,1.69,3.67,5.04,4.96,4.87,1.21,1.21,3.83,3.60,1.26,1.33,3.05,2.89,1.37,1.47,2.69,2.53,1.47,1.59,2.30,2.16,1.62,1.78,1.92,1.84,1.90,2.10,1.69,1.65,2.17,2.40,1.48,1.45,2.67,3.00,1.26,1.25,3.78,4.42,1.21,1.20,4.37,5.10,,,,,,,,,,,,,,,,,,,,,,,,,,,,,,,,,,,,,,,,,,,,,,,,,,,,
/football/spain/laliga/atl-madrid-alaves/,zTybbxaC,Atl. Madrid,Alaves,2:1,laliga,spain,main,2023,2023-10-29,Pinnacle,1.45,4.57,8.20,1.33,4.96,9.22,2.99,3.82,1.39,1.30,2.36,2.87,1.59,1.47,2.04,2.39,1.79,1.65,1.77,2.08,2.05,1.85,1.52,1.75,2.55,2.20,1.39,1.56,2.95,2.59,1.32,1.44,3.36,2.97,1.23,1.29,4.53,3.91,,,,,,,,,,,,,,,,,,,,,,,,,,,,,3.38,4.30,1.32,1.25,,,,,,,,,,,,,,,,,,,,,,,,,,,,
/football/spain/laliga/betis-osasuna/,xYgB7txQ,Betis,Osasuna,2:1,laliga,spain,main,2023,2023-10-29,Pinnacle,1.99,3.47,4.21,1.99,3.42,4.17,,,,,,,,,3.79,3.89,1.31,1.30,3.35,3.43,1.37,1.36,2.92,2.98,1.47,1.45,2.30,2.32,1.69,1.68,1.93,2.00,1.88,1.93,1.71,1.71,2.28,2.27,1.44,1.43,3.03,3.06,1.34,1.33,3.57,3.61,1.27,1.27,4.12,4.18,,,,,,,,,,,,,,,,,,,,,,,,,,,,,,,,,,,,,,,,,,,,,,,,
/football/spain/laliga/rayo-vallecano-real-sociedad/,Y3us2Kam,Rayo Vallecano,Real Sociedad,2:2,laliga,spain,main,2023,2023-10-29,Pinnacle,3.38,3.16,2.42,2.86,3.06,2.65,,,,,,,,,,,,,,,,,,,,,3.58,4.41,1.29,1.24,2.84,3.36,1.43,1.36,2.42,2.86,1.56,1.47,1.99,2.34,1.83,1.67,1.65,1.88,2.23,2.03,1.49,1.64,2.63,2.42,1.33,1.47,3.27,2.97,1.19,1.28,4.73,4.17,1.19,1.23,4.67,4.75,,,,,,,,,,,,,,,,,,,,,,,,,,,,,,,,,,,,
/football/spain/laliga/almeria-las-palmas/,rZCKpJUC,Almeria,Las Palmas,1:2,laliga,spain,main,2023,2023-10-28,Pinnacle,2.31,3.30,3.42,2.28,3.35,3.15,,,,,,,,,,,,,4.04,4.27,1.24,1.26,3.58,3.75,1.29,1.31,2.72,2.78,1.46,1.50,2.27,2.31,1.63,1.69,1.96,1.98,1.86,1.94,1.63,1.63,2.27,2.43,1.47,1.47,2.71,2.93,1.36,1.36,3.11,3.40,1.25,1.25,3.96,4.43,,,,,,,,,,,,,,,,,,,,,,,,,,,,,,,,,,,,,,,,,,,,
/football/spain/laliga/barcelona-real-madrid/,OUk78MMJ,Barcelona,Real Madrid,1:2,laliga,spain,main,2023,2023-10-28,Pinnacle,2.58,3.49,2.83,1.94,3.89,3.80,,,,,,,,,,,,,,,,,2.65,4.20,1.55,1.27,2.19,3.11,1.76,1.41,1.89,2.58,1.93,1.57,1.70,2.22,2.29,1.74,1.47,1.87,2.89,2.06,1.37,1.63,3.32,2.44,1.31,1.49,3.75,2.83,1.28,1.35,3.66,3.48,1.22,1.22,4.76,4.89,,,,,,,,,,,,,,,,,,,,,,,,,,,,,,,,,,,,,,,,
/football/spain/laliga/cadiz-sevilla/,fDtw30ps,Cadiz CF,Sevilla,2:2,laliga,spain,main,2023,2023-10-28,Pinnacle,3.90,3.49,2.08,2.93,3.18,2.65,,,,,,,,,,,,,,,,,,,,,,,,,2.82,3.88,1.43,1.30,2.42,3.35,1.56,1.37,2.01,2.84,1.82,1.49,1.68,2.16,2.19,1.78,1.51,1.85,2.56,2.09,1.36,1.62,3.13,2.45,1.21,1.40,4.37,3.21,1.21,1.32,4.47,3.68,1.26,1.27,4.25,4.16,,,,,,,,,,,,,,,,,,,,,,,,,,,,,,,,
/football/spain/laliga/mallorca-getafe/,OhYgaIq6,Mallorca,Getafe,0:0,laliga,spain,main,2023,2023-10-28,Pinnacle,2.33,2.96,3.90,2.19,2.95,4.19,,,,,,,,,,,,,4.21,4.71,1.26,1.22,3.63,4.09,1.33,1.28,2.63,2.87,1.55,1.48,2.18,2.33,1.77,1.68,1.78,1.94,2.04,1.98,1.48,1.55,2.86,2.63,1.35,1.39,3.52,3.27,1.27,1.30,4.13,3.87,1.17,1.19,5.73,5.20,,,,,,,,,,,,,,,,,,,,,,,,,,,,,,,,,,,,,,,,,,,,
/football/spain/laliga/girona-celta-vigo/,UVYk0bUa,Girona,Celta Vigo,1:0,laliga,spain,main,2023,2023-10-27,Pinnacle,1.75,4.12,4.63,2.01,3.56,3.89,,,,,3.87,3.73,1.26,1.31,3.72,3.01,1.32,1.43,3.30,2.67,1.38,1.54,2.90,2.32,1.47,1.68,2.32,1.97,1.68,1.95,1.95,1.75,1.87,2.21,1.74,1.55,2.22,2.65,1.48,1.34,2.87,3.55,1.37,1.28,3.35,4.08,,,,,,,,,,,,,,,,,,,,,,,,,,,,,,,,,,,,,,,,,,,,,,,,,,,,
/football/spain/laliga/valencia-cadiz/,6TLaksGs,Valencia,Cadiz CF,2:0,laliga,spain,main,2023,2023-10-23,Pinnacle,1.68,3.67,6.07,1.63,3.77,5.43,,,,,3.59,3.89,1.29,1.29,2.88,3.07,1.41,1.42,2.53,2.68,1.52,1.53,2.16,2.28,1.69,1.70,1.83,1.90,2.00,2.02,1.63,1.68,2.28,2.31,1.43,1.46,2.84,2.92,1.23,1.24,4.12,4.47,1.19,1.19,4.73,5.23,,,,,,,,,,,,,,,,,,,,,,,,,,,,,,,,,,,,,,,,,,,,,,,,,,,,
/football/spain/laliga/barcelona-ath-bilbao/,Yy5N8VG2,Barcelona,Ath Bilbao,1:0,laliga,spain,main,2023,2023-10-22,Pinnacle,1.86,3.79,4.49,1.50,4.52,6.73,,,,,,,,,2.36,3.31,1.66,1.37,2.03,2.93,1.80,1.45,1.79,2.55,2.14,1.57,1.61,2.10,2.48,1.81,1.49,1.86,2.81,2.07,1.34,1.61,3.55,2.46,1.18,1.38,5.32,3.33,1.23,1.29,4.62,3.86,1.24,1.24,4.43,4.41,,,,,,,,,,,,,,,,,,,,,,,,,,,,,,,,,,,,,,,,,,,,,,,,
/football/spain/laliga/girona-almeria/,KYGupnv2,Girona,Almeria,5:2,laliga,spain,main,2023,2023-10-22,Pinnacle,1.39,5.33,8.24,1.68,4.15,5.05,4.24,2.93,1.23,1.46,3.34,2.37,1.37,1.66,2.75,2.07,1.50,1.86,2.45,1.82,1.63,2.10,2.12,1.58,1.81,2.54,1.80,1.46,2.03,2.91,1.67,1.38,2.35,3.28,1.48,1.27,2.86,4.23,,,,,,,,,,,,,,,,,,,,,,,,,,,,,3.98,3.30,1.27,1.38,,,,,,,,,,,,,3.66,3.68,1.32,1.32,,,,,,,,,,,,
/football/spain/laliga/las-palmas-rayo-vallecano/,MmbxoSOe,Las Palmas,Rayo Vallecano,0:1,laliga,spain,main,2023,2023-10-22,Pinnacle,2.66,3.04,3.15,2.75,3.06,2.75,,,,,,,,,,,,,,,,,4.96,4.89,1.17,1.22,3.41,3.31,1.31,1.38,2.74,2.65,1.46,1.55,2.32,2.22,1.61,1.74,1.91,1.81,1.91,2.15,1.61,1.55,2.32,2.64,1.46,1.42,2.74,3.14,1.31,1.28,3.41,4.05,1.17,1.15,4.94,6.43,,,,,,,,,,,,,,,,,,,,,,,,,,,,,,,,,,,,,,,,
/football/spain/laliga/villarreal-alaves/,z9DGoaF6,Villarreal,Alaves,1:1,laliga,spain,main,2023,2023-10-22,Pinnacle,2.09,3.36,4.05,1.76,3.78,4.41,,,,,,,,,3.14,4.04,1.35,1.28,2.78,3.59,1.44,1.33,2.40,3.15,1.57,1.41,1.99,2.44,1.83,1.63,1.75,2.09,2.08,1.85,1.54,1.78,2.49,2.16,1.32,1.48,3.34,2.87,1.26,1.36,3.85,3.43,1.25,1.28,4.34,3.99,,,,,,,,,,,,,,,,,,,,,,,,,,,,,,,,,,,,,,,,,,,,,,,,
/football/spain/laliga/celta-vigo-atl-madrid/,CS3R7kW8,Celta Vigo,Atl. Madrid,0:3,laliga,spain,main,2023,2023-10-21,Pinnacle,3.43,3.55,2.23,3.25,3.30,2.25,,,,,,,,,,,,,,,,,,,,,4.11,4.37,1.23,1.25,3.21,3.39,1.34,1.37,2.79,2.95,1.44,1.47,2.33,2.48,1.60,1.62,1.88,1.99,1.93,1.93,1.65,1.74,2.24,2.22,1.47,1.55,2.68,2.63,1.29,1.35,3.54,3.42,1.24,1.29,4.00,3.89,,,,,,,,,,,,,,,,,,,,,,,,,,,,,,,,,,,,
/football/spain/laliga/getafe-betis/,U3bW69oF,Getafe,Betis,1:1,laliga,spain,main,2023,2023-10-21,Pinnacle,2.49,3.15,3.29,2.55,2.97,3.28,,,,,,,,,,,,,4.90,4.87,1.18,1.22,4.34,4.30,1.21,1.26,3.06,3.06,1.38,1.43,2.47,2.48,1.55,1.61,2.09,2.11,1.76,1.83,1.69,1.71,2.17,2.27,1.48,1.51,2.67,2.77,1.36,1.38,3.14,3.26,1.24,1.26,4.07,4.24,,,,,,,,,,,,,,,,,,,,,,,,,,,,,,,,,,,,,,,,,,,,
/football/spain/laliga/real-sociedad-mallorca/,0jL3l1Vm,Real Sociedad,Mallorca,1:0,laliga,spain,main,2023,2023-10-21,Pinnacle,1.69,3.59,6.36,1.54,3.81,7.94,,,,,3.26,4.05,1.33,1.28,2.64,3.16,1.48,1.40,2.28,2.75,1.63,1.51,1.93,2.32,1.89,1.68,1.65,1.91,2.25,2.01,1.50,1.68,2.60,2.32,1.31,1.46,3.38,2.95,1.14,1.23,5.61,4.64,1.17,1.18,5.88,5.46,,,,,,,,,,,,,,,,,,,,,,,,,,,,,,,,,,,,,,,,,,,,,,,,,,,,
/football/spain/laliga/sevilla-real-madrid/,EgP7mLpf,Sevilla,Real Madrid,1:1,laliga,spain,main,2023,2023-10-21,Pinnacle,4.80,4.13,1.74,3.32,3.53,2.22,,,,,,,,,,,,,,,,,,,,,,,,,,,,,2.87,4.19,1.48,1.27,2.44,3.65,1.63,1.32,1.94,2.69,1.88,1.53,1.75,2.23,2.21,1.74,1.56,1.98,2.60,1.94,1.37,1.71,3.33,2.26,1.31,1.56,3.76,2.60,1.28,1.46,3.74,2.92,,,,,,,,,,,,,,,,,,,,,1.28,1.33,3.96,3.59,,,,,,,,
/football/spain/laliga/osasuna-granada-cf/,dIECnu00,Osasuna,Granada CF,2:0,laliga,spain,main,2023,2023-10-20,Pinnacle,1.69,3.89,5.67,1.78,3.72,4.36,,,,,3.99,3.70,1.24,1.32,3.17,2.95,1.35,1.45,2.82,2.60,1.43,1.56,2.44,2.23,1.56,1.74,2.02,1.88,1.81,2.04,1.78,1.68,2.05,2.32,1.55,1.47,2.45,2.89,1.33,1.26,3.28,4.23,1.26,1.21,3.79,4.90,,,,,,,,,,,,,,,,,,,,,,,,,,,,,,,,,,,,,,,,,,,,,,,,,,,,
/football/spain/laliga/alaves-betis/,YNPlfW19,Alaves,Betis,1:1,laliga,spain,main,2023,2023-10-08,Pinnacle,2.57,3.25,3.06,2.80,3.04,2.72,,,,,,,,,,,,,,,,,5.24,4.49,1.16,1.24,3.51,3.15,1.30,1.40,2.79,2.56,1.44,1.58,2.36,2.18,1.59,1.77,1.94,1.80,1.88,2.15,1.63,1.56,2.29,2.60,1.47,1.43,2.70,3.05,1.31,1.30,3.38,3.87,1.17,1.17,4.98,5.87,,,,,,,,,,,,,,,,,,,,,,,,,,,,,,,,,,,,,,,,
/football/spain/laliga/atl-madrid-real-sociedad/,MRM1Yluj,Atl. Madrid,Real Sociedad,2:1,laliga,spain,main,2023,2023-10-08,Pinnacle,2.04,3.40,4.39,1.87,3.51,4.63,,,,,,,,,3.48,3.87,1.35,1.30,3.06,3.41,1.42,1.34,2.65,2.97,1.54,1.43,2.14,2.32,1.80,1.68,1.82,2.04,2.00,1.89,1.61,1.70,2.47,2.29,1.37,1.44,3.40,3.13,1.29,1.33,3.98,3.72,1.24,1.27,4.56,4.32,,,,,,,,,,,,,,,,,,,,,,,,,,,,,,,,,,,,,,,,,,,,,,,,
/football/spain/laliga/celta-vigo-getafe/,0ARtdhXd,Celta Vigo,Getafe,2:2,laliga,spain,main,2023,2023-10-08,Pinnacle,2.04,3.29,4.38,1.92,3.25,4.85,,,,,,,,,3.80,4.07,1.31,1.28,3.33,3.58,1.37,1.33,2.86,3.11,1.48,1.42,2.22,2.39,1.74,1.65,1.87,2.04,1.95,1.89,1.63,1.72,2.42,2.25,1.36,1.43,3.46,3.09,1.27,1.32,4.11,3.70,1.22,1.26,4.77,4.32,,,,,,,,,,,,,,,,,,,,,,,,,,,,,,,,,,,,,,,,,,,,,,,,
/football/spain/laliga/granada-cf-barcelona/,UkJchAWL,Granada CF,Barcelona,2:2,laliga,spain,main,2023,2023-10-08,Pinnacle,6.83,5.19,1.45,7.35,5.22,1.36,,,,,,,,,,,,,,,,,,,,,,,,,,,,,,,,,,,,,3.96,3.76,1.28,1.31,3.17,2.98,1.35,1.44,2.82,2.66,1.42,1.54,2.48,2.33,1.54,1.68,2.05,1.99,1.77,1.93,1.82,1.78,2.01,2.17,,,,,,,,,,,,,,,,,,,,,1.62,1.60,2.29,2.52,1.43,1.41,2.81,3.12,1.35,1.34,3.15,3.50
/football/spain/laliga/villarreal-las-palmas/,vP8Xo89k,Villarreal,Las Palmas,1:2,laliga,spain,main,2023,2023-10-08,Pinnacle,1.65,4.12,5.59,1.49,4.37,6.18,3.75,4.66,1.27,1.23,2.85,3.40,1.42,1.36,2.40,2.77,1.57,1.50,2.10,2.45,1.74,1.62,1.81,2.11,2.01,1.81,1.61,1.83,2.33,2.11,1.48,1.65,2.65,2.40,1.32,1.45,3.32,2.97,1.18,1.26,4.90,4.27,1.22,1.21,4.69,4.89,,,,,,,,,,,,,,,,,,,,,,,,,,,,,,,,,,,,,,,,,,,,,,,,,,,,
/football/spain/laliga/cadiz-girona/,0IL5X8fd,Cadiz CF,Girona,0:1,laliga,spain,main,2023,2023-10-07,Pinnacle,3.39,3.43,2.22,2.92,3.32,2.44,,,,,,,,,,,,,,,,,,,,,3.62,4.55,1.28,1.24,2.89,3.35,1.41,1.37,2.50,3.03,1.53,1.47,2.09,2.42,1.74,1.59,1.75,1.95,2.09,1.97,1.56,1.70,2.43,2.28,1.40,1.52,2.94,2.73,1.24,1.33,3.98,3.60,1.20,1.28,4.45,3.89,,,,,,,,,,,,,,,,,,,,,,,,,,,,,,,,,,,,
/football/spain/laliga/mallorca-valencia/,v1QpeCn3,Mallorca,Valencia,1:1,laliga,spain,main,2023,2023-10-07,Pinnacle,2.57,3.00,3.35,2.92,2.86,2.92,,,,,,,,,,,,,4.98,5.31,1.18,1.19,5.75,4.67,1.17,1.23,3.71,3.20,1.32,1.40,2.91,2.55,1.47,1.58,2.43,2.15,1.63,1.81,1.91,1.72,1.91,2.25,1.63,1.50,2.43,2.79,1.47,1.38,2.91,3.31,1.32,1.25,3.71,4.38,,,,,,,,,,,,,,,,,,,,,,,,,,,,,,,,,,,,,,,,,,,,
/football/spain/laliga/real-madrid-osasuna/,8tI1iUoS,Real Madrid,Osasuna,4:0,laliga,spain,main,2023,2023-10-07,Pinnacle,1.27,6.43,11.77,1.33,5.32,7.92,2.76,2.36,1.45,1.66,2.25,2.01,1.65,1.91,1.98,1.79,1.85,2.14,1.74,1.58,2.10,2.53,1.51,1.38,2.58,3.28,1.39,1.31,2.94,3.75,,,,,,,,,,,,,,,,,,,,,,,,,,,,,,,,,,,,,3.10,2.71,1.36,1.52,,,,,,,,,3.86,3.72,1.29,1.31,3.45,3.03,1.30,1.43,,,,,,,,,,,,
/football/spain/laliga/sevilla-rayo-vallecano/,0Y9Tnlfq,Sevilla,Rayo Vallecano,2:2,laliga,spain,main,2023,2023-10-07,Pinnacle,1.83,3.79,4.65,1.94,3.48,3.90,,,,,4.10,4.26,1.24,1.26,3.67,3.34,1.28,1.38,3.26,2.95,1.33,1.47,2.85,2.54,1.43,1.58,2.25,2.09,1.65,1.85,1.94,1.83,1.87,2.10,1.68,1.59,2.19,2.52,1.42,1.35,2.87,3.43,1.32,1.28,3.36,4.01,1.26,1.24,3.85,4.51,,,,,,,,,,,,,,,,,,,,,,,,,,,,,,,,,,,,,,,,,,,,,,,,
/football/spain/laliga/ath-bilbao-almeria/,nRThgjHF,Ath Bilbao,Almeria,3:0,laliga,spain,main,2023,2023-10-06,Pinnacle,1.32,5.66,9.41,1.52,4.48,6.48,3.57,2.51,1.29,1.60,2.75,2.10,1.44,1.83,2.33,1.87,1.60,1.99,2.06,1.65,1.77,2.38,1.78,1.45,2.05,2.99,1.59,1.40,2.36,3.20,1.47,1.31,2.68,3.59,,,,,,,,,,,,,,,,,,,,,,,,,,,,,,,,,3.94,2.85,1.25,1.47,,,,,,,,,3.89,3.89,1.30,1.30,3.75,3.21,1.30,1.39,,,,,,,,,,,,
/football/spain/laliga/las-palmas-celta-vigo/,jqWVwBHS,Las Palmas,Celta Vigo,2:1,laliga,spain,main,2023,2023-10-02,Pinnacle,3.02,3.09,2.72,2.66,3.08,2.77,,,,,,,,,,,,,,,,,4.71,5.82,1.18,1.17,3.28,3.82,1.31,1.30,2.65,3.01,1.46,1.45,2.25,2.53,1.62,1.59,1.87,2.07,1.95,1.86,1.57,1.70,2.35,2.28,1.43,1.53,2.76,2.71,1.29,1.36,3.45,3.37,1.16,1.21,5.00,4.92,,,,,,,,,,,,,,,,,,,,,,,,,,,,,,,,,,,,,,,,
/football/spain/laliga/alaves-osasuna/,UTsNuXnG,Alaves,Osasuna,0:2,laliga,spain,main,2023,2023-10-01,Pinnacle,2.59,3.02,3.32,2.65,2.93,2.92,,,,,,,,,,,,,5.38,5.44,1.19,1.19,4.85,4.79,1.17,1.23,3.30,3.22,1.31,1.39,2.64,2.57,1.47,1.58,2.22,2.17,1.64,1.79,1.81,1.73,2.01,2.22,1.53,1.49,2.45,2.75,1.40,1.38,2.90,3.28,1.26,1.25,3.70,4.33,,,,,,,,,,,,,,,,,,,,,,,,,,,,,,,,,,,,,,,,,,,,
/football/spain/laliga/almeria-granada-cf/,zBbKLBep,Almeria,Granada CF,3:3,laliga,spain,main,2023,2023-10-01,Pinnacle,1.98,3.73,3.99,1.91,3.69,3.81,,,,,,,,,3.42,3.56,1.31,1.34,3.05,3.17,1.37,1.40,2.68,2.79,1.47,1.50,2.18,2.26,1.68,1.71,1.91,1.98,1.91,1.94,1.66,1.71,2.23,2.27,1.42,1.46,2.87,2.95,1.32,1.35,3.32,3.44,1.27,1.29,3.77,3.94,,,,,,,,,,,,,,,,,,,,,,,,,,,,,,,,,,,,,,,,,,,,,,,,
/football/spain/laliga/atl-madrid-cadiz/,E1cOKVAj,Atl. Madrid,Cadiz CF,3:2,laliga,spain,main,2023,2023-10-01,Pinnacle,1.34,5.31,10.48,1.35,5.24,9.25,2.84,3.00,1.49,1.45,2.30,2.39,1.69,1.65,1.96,2.07,1.85,1.86,1.77,1.79,2.18,2.14,1.53,1.53,2.70,2.69,1.41,1.41,3.10,3.13,1.34,1.33,3.51,3.58,,,,,,,,,,,,,,,,,,,,,,,,,,,,,,,,,3.21,3.40,1.39,1.36,,,,,,,,,,,,,3.59,3.81,1.33,1.30,,,,,,,,,,,,
/football/spain/laliga/betis-valencia/,vukArZ2c,Betis,Valencia,3:0,laliga,spain,main,2023,2023-10-01,Pinnacle,2.07,3.41,4.04,2.50,3.19,3.11,,,,,,,,,4.30,4.18,1.26,1.27,4.74,3.68,1.22,1.32,4.20,3.20,1.27,1.40,3.05,2.44,1.44,1.63,2.49,2.07,1.60,1.86,2.08,1.77,1.76,2.18,1.76,1.47,2.19,2.89,1.55,1.36,2.64,3.43,1.42,1.29,3.08,3.99,1.29,1.21,3.93,4.98,,,,,,,,,,,,,,,,,,,,,,,,,,,,,,,,,,,,,,,,,,,,
/football/spain/laliga/getafe-villarreal/,M3vFsgI3,Getafe,Villarreal,0:0,laliga,spain,main,2023,2023-09-30,Pinnacle,2.79,3.14,2.86,2.97,3.18,2.61,,,,,,,,,,,,,,,,,5.47,5.04,1.18,1.21,3.71,3.45,1.32,1.35,2.95,2.77,1.46,1.51,2.52,2.35,1.59,1.67,2.04,1.93,1.79,1.99,1.75,1.63,2.22,2.42,1.56,1.48,2.60,2.85,1.40,1.33,3.18,3.58,1.24,1.19,4.46,5.30,,,,,,,,,,,,,,,,,,,,,,,,,,,,,,,,,,,,,,,,
/football/spain/laliga/girona-real-madrid/,0fwJtDX9,Girona,Real Madrid,0:3,laliga,spain,main,2023,2023-09-30,Pinnacle,4.08,4.06,1.88,3.52,3.73,2.07,,,,,,,,,,,,,,,,,,,,,,,,,3.47,4.02,1.35,1.28,3.05,3.55,1.43,1.34,2.64,3.10,1.55,1.43,2.12,2.39,1.81,1.65,1.81,2.05,2.01,1.88,1.65,1.81,2.38,2.12,1.46,1.58,2.95,2.55,1.37,1.46,3.33,2.91,1.32,1.38,3.71,3.27,,,,,,,,,,,,,,,,,,,,,,,,,,,,,,,,
/football/spain/laliga/rayo-vallecano-mallorca/,S4NcZUPq,Rayo Vallecano,Mallorca,2:2,laliga,spain,main,2023,2023-09-30,Pinnacle,2.03,3.26,4.46,2.06,3.26,3.79,,,,,,,,,4.16,4.17,1.23,1.27,3.69,3.66,1.27,1.33,3.22,3.16,1.35,1.41,2.43,2.39,1.56,1.65,2.06,2.03,1.78,1.89,1.75,1.72,2.08,2.26,1.46,1.42,2.72,3.13,1.34,1.31,3.23,3.75,1.27,1.25,3.75,4.39,,,,,,,,,,,,,,,,,,,,,,,,,,,,,,,,,,,,,,,,,,,,,,,,
/football/spain/laliga/real-sociedad-ath-bilbao/,8KtRvi2M,Real Sociedad,Ath Bilbao,3:0,laliga,spain,main,2023,2023-09-30,Pinnacle,2.32,3.14,3.66,1.79,3.53,4.60,,,,,,,,,,,,,2.91,4.45,1.40,1.24,2.52,3.89,1.53,1.30,2.04,2.81,1.78,1.50,1.79,2.31,2.05,1.69,1.55,1.96,2.46,1.96,1.32,1.60,3.42,2.52,1.24,1.43,3.98,3.08,1.20,1.33,4.53,3.62,1.21,1.22,4.46,4.84,,,,,,,,,,,,,,,,,,,,,,,,,,,,,,,,,,,,,,,,,,,,
/football/spain/laliga/barcelona-sevilla/,S4o6qFmi,Barcelona,Sevilla,1:0,laliga,spain,main,2023,2023-09-29,Pinnacle,1.35,5.74,8.70,1.43,4.83,7.51,3.21,2.66,1.39,1.54,2.55,2.21,1.58,1.75,2.19,1.96,1.76,1.96,1.88,1.73,1.93,2.24,1.67,1.51,2.35,2.75,1.52,1.41,2.72,3.12,1.42,1.34,3.07,3.51,,,,,,,,,,,,,,,,,,,,,,,,,,,,,,,,,3.62,2.99,1.33,1.44,,,,,,,,,,,,,3.47,3.33,1.31,1.37,,,,,,,,,,,,
/football/spain/laliga/celta-vigo-alaves/,fHGiQimT,Celta Vigo,Alaves,1:1,laliga,spain,main,2023,2023-09-28,Pinnacle,1.59,3.99,6.84,1.91,3.27,4.39,5.15,4.83,1.20,1.22,4.21,3.40,1.23,1.36,3.74,2.76,1.27,1.51,3.29,2.40,1.33,1.65,2.85,2.05,1.43,1.88,2.22,1.75,1.66,2.21,1.91,1.58,1.91,2.54,1.63,1.39,2.29,3.24,1.36,1.20,3.17,5.13,1.27,1.18,3.75,5.60,,,,,,,,,,,,,,,,,,,,,,,,,,,,,,,,,,,,,,,,,,,,,,,,,,,,
/football/spain/laliga/granada-cf-betis/,QyPzUZm4,Granada CF,Betis,1:1,laliga,spain,main,2023,2023-09-28,Pinnacle,2.79,3.46,2.68,3.25,3.38,2.21,,,,,,,,,,,,,,,,,4.75,4.89,1.19,1.21,4.11,3.43,1.23,1.36,3.21,2.77,1.34,1.51,2.80,2.38,1.44,1.65,2.36,2.00,1.59,1.93,1.91,1.70,1.91,2.29,1.67,1.54,2.20,2.66,1.49,1.38,2.63,3.26,1.31,1.24,3.44,4.56,,,,,,,,,,,,,,,,,,,,,,,,,,,,,,,,,,,,,,,,
/football/spain/laliga/osasuna-atl-madrid/,hABTVeJi,Osasuna,Atl. Madrid,0:2,laliga,spain,main,2023,2023-09-28,Pinnacle,4.21,3.48,2.01,3.86,3.58,1.93,,,,,,,,,,,,,,,,,,,,,,,,,3.81,4.15,1.26,1.27,3.34,3.59,1.32,1.33,2.87,3.03,1.42,1.44,2.21,2.26,1.67,1.72,1.89,1.92,1.93,2.01,1.67,1.67,2.21,2.34,1.45,1.44,2.76,3.03,1.35,1.34,3.14,3.50,1.29,1.29,3.53,3.98,,,,,,,,,,,,,,,,,,,,,,,,,,,,,,,,
/football/spain/laliga/ath-bilbao-getafe/,zgsFCYIT,Ath Bilbao,Getafe,2:2,laliga,spain,main,2023,2023-09-27,Pinnacle,1.53,4.06,7.73,1.71,3.42,5.44,5.08,4.39,1.17,1.25,4.14,3.16,1.23,1.40,3.23,2.60,1.34,1.56,2.82,2.26,1.43,1.71,2.40,1.93,1.57,2.00,1.95,1.67,1.87,2.34,1.70,1.52,2.15,2.69,1.47,1.34,2.68,3.51,1.24,1.17,3.99,5.85,,,,,,,,,,,,,,,,,,,,,,,,,,,,,,,,,,,,,,,,,,,,,,,,,,,,,,,,
/football/spain/laliga/cadiz-rayo-vallecano/,CEYt8hRp,Cadiz CF,Rayo Vallecano,0:0,laliga,spain,main,2023,2023-09-27,Pinnacle,2.72,3.11,3.00,2.59,3.06,3.11,,,,,,,,,,,,,,,,,4.55,4.92,1.24,1.21,3.18,3.37,1.40,1.36,2.58,2.70,1.57,1.53,2.18,2.28,1.76,1.70,1.75,1.87,2.10,2.07,1.55,1.59,2.62,2.52,1.43,1.45,3.09,2.99,1.29,1.31,3.96,3.80,1.16,1.17,6.09,5.77,,,,,,,,,,,,,,,,,,,,,,,,,,,,,,,,,,,,,,,,
/football/spain/laliga/real-madrid-las-palmas/,GQHmRXXM,Real Madrid,Las Palmas,2:0,laliga,spain,main,2023,2023-09-27,Pinnacle,1.18,8.00,16.50,1.20,6.76,11.30,1.97,1.88,1.83,2.03,1.74,1.67,2.08,2.32,1.59,1.53,2.34,2.62,1.42,1.38,2.78,3.22,1.27,1.23,3.66,4.57,,,,,,,,,,,,,,,,,,,,,,,,,,,,,,,,,,,,,,,,,2.25,2.15,1.64,1.76,,,,,3.82,3.68,1.25,1.31,2.97,2.86,1.38,1.46,2.52,2.43,1.52,1.61,,,,,,,,,,,,
/football/spain/laliga/valencia-real-sociedad/,M3IqSDIG,Valencia,Real Sociedad,0:1,laliga,spain,main,2023,2023-09-27,Pinnacle,2.57,3.02,3.31,2.33,3.14,3.26,,,,,,,,,,,,,4.42,5.33,1.21,1.19,3.90,4.69,1.25,1.23,2.83,3.20,1.43,1.40,2.32,2.56,1.61,1.58,1.98,2.16,1.84,1.80,1.63,1.74,2.29,2.24,1.45,1.51,2.77,2.77,1.34,1.38,3.22,3.27,1.23,1.26,4.17,4.30,,,,,,,,,,,,,,,,,,,,,,,,,,,,,,,,,,,,,,,,,,,,
/football/spain/laliga/villarreal-girona/,80EuTg3A,Villarreal,Girona,1:2,laliga,spain,main,2023,2023-09-27,Pinnacle,2.17,3.72,3.42,1.71,4.14,4.72,,,,,,,,,,,,,2.52,3.57,1.60,1.34,2.19,3.16,1.76,1.40,1.85,2.51,1.97,1.60,1.71,2.16,2.28,1.78,1.52,1.88,2.73,2.05,1.33,1.59,3.64,2.52,1.27,1.45,4.15,2.96,1.22,1.36,4.29,3.38,1.22,1.26,4.38,4.29,,,,,,,,,,,,,,,,,,,,,,,,,,,,,,,,,,,,,,,,,,,,
/football/spain/laliga/mallorca-barcelona/,noQWUFYc,Mallorca,Barcelona,2:2,laliga,spain,main,2023,2023-09-26,Pinnacle,7.50,4.40,1.50,5.49,3.92,1.67,,,,,,,,,,,,,,,,,,,,,,,,,,,,,,,,,4.17,5.68,1.27,1.17,2.92,3.58,1.47,1.33,2.37,2.79,1.66,1.50,2.03,2.43,1.81,1.63,1.78,2.09,2.16,1.85,1.60,1.78,2.51,2.16,1.47,1.61,2.85,2.48,,,,,,,,,,,,,,,,,,,,,1.34,1.44,3.52,2.98,1.21,1.28,4.48,4.03,1.26,1.25,4.26,4.38
/football/spain/laliga/sevilla-almeria/,EJCPWy4o,Sevilla,Almeria,5:1,laliga,spain,main,2023,2023-09-26,Pinnacle,1.71,3.97,5.18,1.67,4.08,5.18,,,,,3.39,3.75,1.36,1.31,2.78,3.01,1.50,1.43,2.46,2.66,1.62,1.54,2.13,2.29,1.80,1.69,1.80,1.93,2.03,1.99,1.66,1.72,2.36,2.25,1.48,1.51,2.88,2.75,1.29,1.30,3.98,3.86,1.24,1.24,4.54,4.46,,,,,,,,,,,,,,,,,,,,,,,,,,,,,,,,,,,,,,,,,,,,,,,,,,,,
/football/spain/laliga/atl-madrid-real-madrid/,hCtzC1SI,Atl. Madrid,Real Madrid,3:1,laliga,spain,main,2023,2023-09-24,Pinnacle,2.87,3.38,2.65,2.82,3.67,2.33,,,,,,,,,,,,,,,,,4.38,5.09,1.21,1.20,3.44,3.54,1.31,1.34,2.79,2.85,1.43,1.48,2.46,2.44,1.55,1.63,2.10,2.04,1.74,1.88,1.79,1.72,2.04,2.26,1.61,1.55,2.32,2.64,1.45,1.39,2.76,3.23,1.29,1.24,3.59,4.52,,,,,,,,,,,,,,,,,,,,,,,,,,,,,,,,,,,,,,,,
/football/spain/laliga/betis-cadiz/,IicoJIZo,Betis,Cadiz CF,1:1,laliga,spain,main,2023,2023-09-24,Pinnacle,1.81,3.66,5.07,1.87,3.56,4.54,,,,,4.31,4.30,1.26,1.26,3.44,3.36,1.35,1.37,3.03,2.95,1.43,1.46,2.63,2.53,1.55,1.59,2.13,2.06,1.80,1.87,1.82,1.80,2.00,2.13,1.62,1.56,2.46,2.61,1.38,1.32,3.35,3.70,1.29,1.25,3.91,4.35,,,,,,,,,,,,,,,,,,,,,,,,,,,,,,,,,,,,,,,,,,,,,,,,,,,,
/football/spain/laliga/las-palmas-granada-cf/,tWsBDE3N,Las Palmas,Granada CF,1:0,laliga,spain,main,2023,2023-09-24,Pinnacle,1.95,3.73,4.10,2.14,3.21,3.61,,,,,,,,,3.68,3.64,1.28,1.33,3.84,3.22,1.26,1.39,3.36,2.81,1.32,1.50,2.54,2.25,1.52,1.72,2.13,1.95,1.71,1.97,1.83,1.69,2.00,2.30,1.51,1.44,2.57,3.03,1.37,1.34,3.08,3.53,1.29,1.28,3.56,4.04,,,,,,,,,,,,,,,,,,,,,,,,,,,,,,,,,,,,,,,,,,,,,,,,
/football/spain/laliga/rayo-vallecano-villarreal/,6DkbGGJ4,Rayo Vallecano,Villarreal,1:1,laliga,spain,main,2023,2023-09-24,Pinnacle,2.64,3.53,2.78,2.72,3.40,2.69,,,,,,,,,,,,,,,,,4.35,4.38,1.21,1.25,3.19,3.19,1.35,1.40,2.62,2.62,1.49,1.55,2.27,2.26,1.63,1.71,1.92,1.91,1.90,2.02,1.65,1.65,2.25,2.39,1.50,1.51,2.60,2.77,1.35,1.36,3.15,3.40,1.22,1.22,4.28,4.77,,,,,,,,,,,,,,,,,,,,,,,,,,,,,,,,,,,,,,,,
/football/spain/laliga/real-sociedad-getafe/,2uq7EflH,Real Sociedad,Getafe,4:3,laliga,spain,main,2023,2023-09-24,Pinnacle,1.71,3.43,6.71,1.56,3.63,6.83,,,,,3.52,4.25,1.30,1.26,2.82,3.29,1.43,1.38,2.44,2.85,1.56,1.48,2.06,2.39,1.78,1.64,1.73,1.95,2.11,1.97,1.56,1.70,2.44,2.28,1.35,1.46,3.15,2.92,1.17,1.22,5.13,4.75,1.15,1.17,5.73,5.65,,,,,,,,,,,,,,,,,,,,,,,,,,,,,,,,,,,,,,,,,,,,,,,,,,,,
/football/spain/laliga/almeria-valencia/,ELsWCsDC,Almeria,Valencia,2:2,laliga,spain,main,2023,2023-09-23,Pinnacle,2.72,3.43,2.76,2.82,3.34,2.63,,,,,,,,,,,,,,,,,4.86,4.77,1.22,1.22,3.45,3.34,1.35,1.37,2.81,2.70,1.50,1.53,2.42,2.32,1.64,1.68,1.97,1.94,1.84,1.98,1.72,1.67,2.25,2.36,1.56,1.51,2.62,2.75,1.40,1.36,3.18,3.40,1.25,1.22,4.37,4.88,,,,,,,,,,,,,,,,,,,,,,,,,,,,,,,,,,,,,,,,
/football/spain/laliga/barcelona-celta-vigo/,v1bsKbKu,Barcelona,Celta Vigo,3:2,laliga,spain,main,2023,2023-09-23,Pinnacle,1.26,6.77,12.30,1.42,4.91,7.70,3.12,2.22,1.41,1.78,2.50,1.93,1.60,2.04,2.15,1.74,1.79,2.28,1.85,1.55,1.96,2.71,1.64,1.36,2.41,3.54,1.50,1.30,2.78,3.99,,,,,,,,,,,,,,,,,,,,,,,,,,,,,,,,,,,,,3.52,2.43,1.34,1.58,,,,,,,,,3.86,3.26,1.29,1.35,3.63,2.71,1.29,1.50,,,,,,,,,,,,
/football/spain/laliga/girona-mallorca/,0GnjIxkh,Girona,Mallorca,5:3,laliga,spain,main,2023,2023-09-23,Pinnacle,1.91,3.40,4.88,1.89,3.34,4.33,,,,,,,,,3.65,3.76,1.28,1.31,3.22,3.29,1.34,1.38,2.79,2.83,1.44,1.49,2.19,2.21,1.68,1.75,1.89,1.91,1.93,2.02,1.62,1.63,2.30,2.44,1.36,1.36,3.15,3.49,1.27,1.27,3.71,4.14,1.22,1.22,4.27,4.80,,,,,,,,,,,,,,,,,,,,,,,,,,,,,,,,,,,,,,,,,,,,,,,,
/football/spain/laliga/osasuna-sevilla/,CjjfHd4b,Osasuna,Sevilla,0:0,laliga,spain,main,2023,2023-09-23,Pinnacle,2.45,3.24,3.28,2.41,3.16,3.09,,,,,,,,,,,,,4.53,4.70,1.20,1.23,4.02,4.14,1.24,1.27,2.93,2.98,1.41,1.45,2.40,2.44,1.57,1.63,2.06,2.08,1.78,1.85,1.69,1.70,2.17,2.29,1.49,1.51,2.63,2.78,1.37,1.39,3.06,3.24,1.25,1.26,3.90,4.21,,,,,,,,,,,,,,,,,,,,,,,,,,,,,,,,,,,,,,,,,,,,
/football/spain/laliga/alaves-ath-bilbao/,p4l2FzZA,Alaves,Ath Bilbao,0:2,laliga,spain,main,2023,2023-09-22,Pinnacle,4.25,3.10,2.16,3.83,3.11,2.11,,,,,,,,,,,,,,,,,,,,,5.07,5.78,1.17,1.17,3.79,4.19,1.26,1.27,3.26,3.57,1.34,1.34,2.70,2.91,1.47,1.47,2.04,2.13,1.79,1.81,1.74,1.79,2.10,2.14,1.53,1.57,2.52,2.58,1.32,1.34,3.36,3.52,1.26,1.28,3.85,4.08,1.24,1.24,4.37,4.50,,,,,,,,,,,,,,,,,,,,,,,,,,,,,,,,
/football/spain/laliga/granada-cf-girona/,OWlJFqTg,Granada CF,Girona,2:4,laliga,spain,main,2023,2023-09-18,Pinnacle,3.01,3.58,2.43,3.15,3.19,2.36,,,,,,,,,,,,,,,,,5.63,5.03,1.15,1.21,4.00,3.72,1.24,1.32,3.12,2.98,1.36,1.44,2.69,2.59,1.47,1.56,2.23,2.19,1.66,1.76,1.81,1.84,2.01,2.10,1.60,1.63,2.35,2.42,1.42,1.47,2.86,3.00,1.25,1.30,3.90,3.85,1.21,1.26,4.40,4.32,,,,,,,,,,,,,,,,,,,,,,,,,,,,,,,,,,,,
/football/spain/laliga/getafe-osasuna/,8bmnNRzK,Getafe,Osasuna,3:2,laliga,spain,main,2023,2023-09-17,Pinnacle,2.69,2.95,3.21,2.31,2.92,3.85,,,,,,,,,,,,,,,,,3.96,5.21,1.29,1.20,2.81,3.39,1.50,1.37,2.30,2.68,1.70,1.55,1.88,2.24,1.93,1.73,1.56,1.80,2.61,2.15,1.40,1.54,3.22,2.67,1.31,1.39,3.80,3.19,1.20,1.27,5.18,4.18,1.16,1.14,5.26,6.91,,,,,,,,,,,,,,,,,,,,,,,,,,,,,,,,,,,,,,,,
/football/spain/laliga/real-madrid-real-sociedad/,2LnjMojQ,Real Madrid,Real Sociedad,2:1,laliga,spain,main,2023,2023-09-17,Pinnacle,1.75,3.77,5.23,1.78,3.76,4.78,,,,,3.94,3.87,1.29,1.30,3.14,3.09,1.41,1.42,2.78,2.73,1.51,1.52,2.40,2.35,1.65,1.67,1.95,1.97,1.87,1.95,1.78,1.75,2.17,2.21,1.56,1.52,2.62,2.72,1.33,1.30,3.58,3.88,1.27,1.24,4.15,4.53,,,,,,,,,,,,,,,,,,,,,,,,,,,,,,,,,,,,,,,,,,,,,,,,,,,,
/football/spain/laliga/sevilla-las-palmas/,IglNE3r0,Sevilla,Las Palmas,1:0,laliga,spain,main,2023,2023-09-17,Pinnacle,1.60,4.15,6.24,1.75,3.65,4.65,4.69,4.46,1.19,1.24,3.98,3.26,1.24,1.38,3.16,2.68,1.35,1.53,2.79,2.35,1.44,1.67,2.41,2.02,1.57,1.90,1.99,1.75,1.83,2.21,1.75,1.59,2.08,2.52,1.52,1.40,2.52,3.16,1.30,1.22,3.48,4.77,1.24,1.21,4.03,5.03,,,,,,,,,,,,,,,,,,,,,,,,,,,,,,,,,,,,,,,,,,,,,,,,,,,,
/football/spain/laliga/villarreal-almeria/,4UYHH5bs,Villarreal,Almeria,2:1,laliga,spain,main,2023,2023-09-17,Pinnacle,1.53,4.98,5.73,1.51,4.84,6.00,3.30,3.39,1.38,1.36,2.65,2.72,1.55,1.52,2.27,2.33,1.71,1.68,1.97,2.09,1.84,1.85,1.77,1.82,2.18,2.11,1.61,1.64,2.49,2.41,1.49,1.52,2.78,2.69,1.35,1.38,3.44,3.31,,,,,,,,,,,,,,,,,,,,,,,,,,,,,3.68,3.76,1.32,1.31,,,,,,,,,,,,,,,,,,,,,,,,,,,,
/football/spain/laliga/ath-bilbao-cadiz/,CWJcGe27,Ath Bilbao,Cadiz CF,3:0,laliga,spain,main,2023,2023-09-16,Pinnacle,1.61,4.01,6.42,1.58,4.00,6.40,4.56,4.98,1.24,1.21,3.29,3.49,1.38,1.35,2.69,2.82,1.53,1.49,2.35,2.45,1.67,1.62,1.95,2.09,1.85,1.85,1.74,1.78,2.23,2.17,1.58,1.60,2.56,2.50,1.39,1.40,3.22,3.16,1.22,1.22,4.88,4.86,,,,,,,,,,,,,,,,,,,,,,,,,,,,,,,,,,,,,,,,,,,,,,,,,,,,,,,,
/football/spain/laliga/barcelona-betis/,jNI1FFHD,Barcelona,Betis,5:0,laliga,spain,main,2023,2023-09-16,Pinnacle,1.32,6.05,9.44,1.33,5.53,9.41,2.64,2.46,1.55,1.62,2.19,2.08,1.76,1.84,1.88,1.86,1.93,2.07,1.70,1.65,2.28,2.38,1.49,1.45,2.85,2.97,1.39,1.37,3.25,3.35,1.32,1.31,3.66,3.75,,,,,,,,,,,,,,,,,,,,,,,,,,,,,,,,,2.99,2.79,1.44,1.49,,,,,,,,,,,,,3.34,3.12,1.37,1.41,,,,,,,,,,,,
/football/spain/laliga/celta-vigo-mallorca/,feqrO7LD,Celta Vigo,Mallorca,0:1,laliga,spain,main,2023,2023-09-16,Pinnacle,2.13,3.14,4.29,1.90,3.24,4.46,,,,,,,,,3.76,4.45,1.27,1.25,3.31,3.92,1.33,1.29,2.86,3.41,1.42,1.37,2.22,2.53,1.66,1.59,1.90,2.13,1.92,1.82,1.62,1.79,2.30,2.15,1.35,1.46,3.21,2.96,1.26,1.33,3.80,3.59,1.21,1.26,4.40,4.23,,,,,,,,,,,,,,,,,,,,,,,,,,,,,,,,,,,,,,,,,,,,,,,,
/football/spain/laliga/valencia-atl-madrid/,ptjFGPDm,Valencia,Atl. Madrid,3:0,laliga,spain,main,2023,2023-09-16,Pinnacle,3.53,3.22,2.33,3.04,3.39,2.51,,,,,,,,,,,,,,,,,,,,,3.81,4.60,1.30,1.23,3.01,3.49,1.43,1.35,2.60,2.99,1.56,1.45,2.16,2.46,1.78,1.62,1.76,1.94,2.09,1.98,1.60,1.68,2.50,2.32,1.44,1.49,3.04,2.82,1.27,1.30,4.15,3.86,1.23,1.25,4.68,4.41,,,,,,,,,,,,,,,,,,,,,,,,,,,,,,,,,,,,
/football/spain/laliga/rayo-vallecano-alaves/,WdhRDNc6,Rayo Vallecano,Alaves,2:0,laliga,spain,main,2023,2023-09-15,Pinnacle,2.04,3.27,4.41,1.94,3.26,4.24,,,,,,,,,3.89,4.22,1.25,1.26,3.43,3.70,1.31,1.32,2.97,3.20,1.40,1.40,2.28,2.41,1.63,1.64,1.94,2.04,1.88,1.88,1.65,1.72,2.23,2.24,1.38,1.43,3.05,3.09,1.28,1.32,3.62,3.71,1.23,1.25,4.18,4.34,,,,,,,,,,,,,,,,,,,,,,,,,,,,,,,,,,,,,,,,,,,,,,,,
/football/spain/laliga/girona-las-palmas/,SQMBPauL,Girona,Las Palmas,1:0,laliga,spain,main,2023,2023-09-03,Pinnacle,1.74,3.88,5.15,1.56,3.84,6.23,,,,,3.40,3.84,1.31,1.30,2.76,3.07,1.45,1.42,2.39,2.71,1.57,1.53,2.03,2.33,1.80,1.68,1.72,1.96,2.12,1.96,1.55,1.74,2.45,2.23,1.36,1.52,3.09,2.73,1.19,1.30,4.76,3.86,1.16,1.24,5.28,4.48,,,,,,,,,,,,,,,,,,,,,,,,,,,,,,,,,,,,,,,,,,,,,,,,,,,,
/football/spain/laliga/mallorca-ath-bilbao/,Od8sKw3r,Mallorca,Ath Bilbao,0:0,laliga,spain,main,2023,2023-09-03,Pinnacle,3.24,3.02,2.63,3.28,3.00,2.53,,,,,,,,,,,,,,,,,6.18,6.90,1.13,1.14,4.24,4.22,1.26,1.26,3.25,3.22,1.39,1.40,2.76,2.71,1.51,1.53,2.25,2.19,1.72,1.78,1.77,1.76,2.07,2.19,1.60,1.56,2.51,2.61,1.42,1.38,3.12,3.27,1.24,1.22,4.45,4.86,1.21,1.19,5.05,5.45,,,,,,,,,,,,,,,,,,,,,,,,,,,,,,,,,,,,
/football/spain/laliga/osasuna-barcelona/,MsRpJcIl,Osasuna,Barcelona,1:2,laliga,spain,main,2023,2023-09-03,Pinnacle,6.77,4.67,1.50,4.80,3.91,1.75,,,,,,,,,,,,,,,,,,,,,,,,,,,,,,,,,3.64,5.30,1.33,1.19,2.68,3.54,1.53,1.34,2.22,2.79,1.74,1.49,1.92,2.46,1.90,1.62,1.69,2.12,2.30,1.81,1.54,1.83,2.66,2.11,1.44,1.65,2.99,2.39,,,,,,,,,,,,,,,,,,,,,1.32,1.49,3.71,2.85,1.23,1.32,4.52,3.70,1.27,1.27,4.16,4.14
/football/spain/laliga/alaves-valencia/,6HLFOJfR,Alaves,Valencia,1:0,laliga,spain,main,2023,2023-09-02,Pinnacle,3.33,2.98,2.59,3.55,2.96,2.29,,,,,,,,,,,,,,,,,,,,,4.67,4.34,1.19,1.25,3.51,3.29,1.30,1.38,2.99,2.78,1.39,1.51,2.44,2.24,1.56,1.73,1.89,1.79,1.93,2.16,1.63,1.57,2.28,2.57,1.44,1.40,2.79,3.23,1.25,1.22,3.90,4.75,1.21,1.19,4.45,5.40,,,,,,,,,,,,,,,,,,,,,,,,,,,,,,,,,,,,
/football/spain/laliga/betis-rayo-vallecano/,WbT2RLA8,Betis,Rayo Vallecano,1:0,laliga,spain,main,2023,2023-09-02,Pinnacle,2.09,3.35,4.07,2.22,3.30,3.55,,,,,,,,,3.93,4.20,1.25,1.27,3.95,3.71,1.29,1.32,3.46,3.23,1.35,1.40,2.63,2.46,1.55,1.62,2.21,2.09,1.75,1.85,1.85,1.78,1.96,2.16,1.58,1.48,2.54,2.88,1.44,1.35,3.03,3.44,1.34,1.28,3.50,4.01,,,,,,,,,,,,,,,,,,,,,,,,,,,,,,,,,,,,,,,,,,,,,,,,
/football/spain/laliga/real-madrid-getafe/,46GkIHXf,Real Madrid,Getafe,2:1,laliga,spain,main,2023,2023-09-02,Pinnacle,1.37,4.91,10.26,1.35,5.19,9.69,2.87,3.35,1.48,1.37,2.31,2.58,1.69,1.57,1.96,2.18,1.85,1.76,1.76,1.90,2.18,2.02,1.52,1.60,2.72,2.50,1.41,1.46,3.13,2.94,1.34,1.37,3.55,3.37,1.23,1.24,4.63,4.56,,,,,,,,,,,,,,,,,,,,,,,,,,,,,3.25,3.82,1.39,1.30,,,,,,,,,,,,,,,,,,,,,,,,,,,,
/football/spain/laliga/real-sociedad-granada-cf/,rcFgHym1,Real Sociedad,Granada CF,5:3,laliga,spain,main,2023,2023-09-02,Pinnacle,1.47,4.54,7.92,1.40,4.66,7.40,3.30,3.67,1.33,1.32,2.58,2.80,1.51,1.50,2.19,2.35,1.68,1.67,1.93,2.06,1.89,1.88,1.65,1.76,2.25,2.20,1.49,1.58,2.62,2.57,1.39,1.46,2.96,2.92,1.26,1.31,3.82,3.81,,,,,,,,,,,,,,,,,,,,,,,,,,,,,3.71,4.14,1.27,1.27,,,,,,,,,,,,,,,,,,,,,,,,,,,,
/football/spain/laliga/almeria-celta-vigo/,4hyH3II1,Almeria,Celta Vigo,2:3,laliga,spain,main,2023,2023-09-01,Pinnacle,2.95,3.38,2.58,2.51,3.37,2.95,,,,,,,,,,,,,,,,,4.07,5.38,1.28,1.19,3.01,3.68,1.43,1.32,2.50,2.94,1.60,1.46,2.15,2.52,1.79,1.60,1.76,2.10,2.07,1.84,1.59,1.75,2.53,2.20,1.46,1.57,2.94,2.57,1.33,1.41,3.64,3.13,1.20,1.25,5.22,4.36,,,,,,,,,,,,,,,,,,,,,,,,,,,,,,,,,,,,,,,,
/football/spain/laliga/cadiz-villarreal/,AkS6QuQE,Cadiz CF,Villarreal,3:1,laliga,spain,main,2023,2023-09-01,Pinnacle,3.27,3.66,2.25,3.15,3.42,2.35,,,,,,,,,,,,,,,,,,,,,3.94,4.09,1.29,1.27,3.12,3.22,1.41,1.38,2.71,2.81,1.52,1.48,2.29,2.39,1.70,1.64,1.84,1.97,1.97,1.95,1.68,1.72,2.34,2.23,1.50,1.54,2.79,2.63,1.32,1.35,3.67,3.39,1.27,1.29,4.14,3.84,,,,,,,,,,,,,,,,,,,,,,,,,,,,,,,,,,,,
/football/spain/laliga/getafe-alaves/,MToC4b3e,Getafe,Alaves,1:0,laliga,spain,main,2023,2023-08-28,Pinnacle,2.62,2.71,3.68,2.14,3.13,3.70,,,,,,,,,,,,,4.00,6.14,1.24,1.16,3.48,5.35,1.30,1.19,2.57,3.36,1.51,1.38,2.14,2.61,1.71,1.56,1.82,2.15,2.00,1.81,1.50,1.67,2.61,2.35,1.36,1.44,3.15,3.01,1.28,1.33,3.65,3.63,1.18,1.21,4.88,5.03,,,,,,,,,,,,,,,,,,,,,,,,,,,,,,,,,,,,,,,,,,,,
/football/spain/laliga/rayo-vallecano-atl-madrid/,juCXBtBL,Rayo Vallecano,Atl. Madrid,0:7,laliga,spain,main,2023,2023-08-28,Pinnacle,4.05,3.38,2.08,3.60,3.46,2.14,,,,,,,,,,,,,,,,,,,,,,,,,3.43,4.00,1.31,1.28,3.01,3.44,1.39,1.35,2.55,2.88,1.52,1.48,2.03,2.17,1.80,1.78,1.76,1.85,2.07,2.08,1.56,1.62,2.43,2.45,1.36,1.40,3.09,3.22,1.30,1.32,3.51,3.69,1.33,1.27,3.33,4.18,,,,,,,,,,,,,,,,,,,,,,,,,,,,,,,,
/football/spain/laliga/ath-bilbao-betis/,lGRYjuZe,Ath Bilbao,Betis,4:2,laliga,spain,main,2023,2023-08-27,Pinnacle,2.00,3.43,4.30,1.67,3.91,5.46,,,,,,,,,2.86,3.90,1.47,1.29,2.52,3.44,1.59,1.35,2.17,2.99,1.78,1.45,1.81,2.33,2.02,1.68,1.67,2.00,2.36,1.92,1.47,1.71,2.91,2.27,1.27,1.43,4.14,3.08,1.22,1.32,4.75,3.66,1.25,1.26,4.01,4.24,,,,,,,,,,,,,,,,,,,,,,,,,,,,,,,,,,,,,,,,,,,,,,,,
/football/spain/laliga/valencia-osasuna/,rwm85vlk,Valencia,Osasuna,1:2,laliga,spain,main,2023,2023-08-27,Pinnacle,1.76,3.52,5.51,1.79,3.58,5.05,,,,,4.00,4.72,1.24,1.24,3.16,3.60,1.35,1.33,2.79,3.14,1.44,1.45,2.40,2.65,1.57,1.60,1.98,2.10,1.85,1.91,1.74,1.75,2.10,2.12,1.51,1.51,2.56,2.63,1.29,1.27,3.58,3.92,1.23,1.21,4.16,4.67,,,,,,,,,,,,,,,,,,,,,,,,,,,,,,,,,,,,,,,,,,,,,,,,,,,,
/football/spain/laliga/villarreal-barcelona/,Y31xB0QR,Villarreal,Barcelona,3:4,laliga,spain,main,2023,2023-08-27,Pinnacle,3.57,3.75,2.10,3.00,3.65,2.34,,,,,,,,,,,,,,,,,,,,,3.54,4.50,1.29,1.24,2.88,3.53,1.41,1.34,2.54,3.08,1.52,1.42,2.17,2.64,1.69,1.55,1.83,2.11,1.99,1.82,1.63,1.84,2.27,2.10,1.47,1.64,2.67,2.42,1.31,1.44,3.39,3.02,1.26,1.36,3.78,3.41,1.28,1.31,3.68,3.80,,,,,,,,,,,,,,,,,,,,,,,,,,,,,,,,
/football/spain/laliga/cadiz-almeria/,xx8TCMeF,Cadiz CF,Almeria,1:1,laliga,spain,main,2023,2023-08-26,Pinnacle,2.15,3.49,3.68,2.12,3.46,3.65,,,,,,,,,,,,,3.60,3.78,1.33,1.31,3.15,3.30,1.40,1.38,2.47,2.54,1.61,1.59,2.11,2.14,1.82,1.79,1.78,1.85,2.05,2.08,1.54,1.54,2.66,2.65,1.41,1.41,3.15,3.16,1.33,1.33,3.61,3.64,1.23,1.22,4.70,4.78,,,,,,,,,,,,,,,,,,,,,,,,,,,,,,,,,,,,,,,,,,,,
/football/spain/laliga/granada-cf-mallorca/,4O9LErR2,Granada CF,Mallorca,3:2,laliga,spain,main,2023,2023-08-26,Pinnacle,2.81,3.01,3.03,2.30,3.12,3.33,,,,,,,,,,,,,,,,,3.91,5.45,1.25,1.19,2.80,3.56,1.44,1.35,2.29,2.76,1.63,1.51,1.95,2.34,1.86,1.68,1.60,1.88,2.34,2.05,1.43,1.59,2.83,2.53,1.33,1.44,3.29,3.00,1.22,1.30,4.32,3.88,1.13,1.16,6.03,6.10,,,,,,,,,,,,,,,,,,,,,,,,,,,,,,,,,,,,,,,,
/football/spain/laliga/sevilla-girona/,zDm46KYr,Sevilla,Girona,1:2,laliga,spain,main,2023,2023-08-26,Pinnacle,1.98,3.60,4.17,1.94,3.59,4.12,,,,,,,,,3.57,3.72,1.34,1.32,3.16,3.29,1.40,1.38,2.77,2.88,1.51,1.48,2.23,2.28,1.74,1.70,1.89,1.98,1.93,1.94,1.68,1.70,2.32,2.29,1.43,1.44,3.05,3.04,1.34,1.34,3.55,3.57,1.28,1.27,4.07,4.11,,,,,,,,,,,,,,,,,,,,,,,,,,,,,,,,,,,,,,,,,,,,,,,,
/football/spain/laliga/celta-vigo-real-madrid/,S6Qxjal2,Celta Vigo,Real Madrid,0:1,laliga,spain,main,2023,2023-08-25,Pinnacle,4.41,3.72,1.89,3.32,3.54,2.22,,,,,,,,,,,,,,,,,,,,,,,,,3.28,4.33,1.38,1.25,2.87,3.78,1.48,1.30,2.44,3.25,1.63,1.39,1.94,2.41,1.88,1.64,1.75,2.03,2.21,1.89,1.56,1.78,2.60,2.15,1.37,1.54,3.32,2.66,1.31,1.42,3.75,3.05,1.28,1.35,3.61,3.45,,,,,,,,,,,,,,,,,,,,,1.26,1.27,3.84,4.10,,,,,,,,
/football/spain/laliga/las-palmas-real-sociedad/,rF8PD2t9,Las Palmas,Real Sociedad,0:0,laliga,spain,main,2023,2023-08-25,Pinnacle,4.74,3.34,1.95,3.99,3.04,2.10,,,,,,,,,,,,,,,,,,,,,,,,,3.94,4.67,1.25,1.23,3.38,4.01,1.32,1.28,2.78,3.36,1.44,1.38,2.07,2.38,1.77,1.66,1.75,1.97,2.09,1.95,1.53,1.71,2.50,2.27,1.32,1.47,3.37,2.93,1.25,1.36,3.89,3.40,1.23,1.30,4.21,3.88,,,,,,,,,,,,,,,,,,,,,,,,,,,,,,,,
/football/spain/laliga/alaves-sevilla/,jLqn0qC9,Alaves,Sevilla,4:3,laliga,spain,main,2023,2023-08-21,Pinnacle,3.40,3.08,2.48,2.92,3.12,2.55,,,,,,,,,,,,,,,,,,,,,3.72,4.43,1.27,1.25,2.91,3.36,1.41,1.37,2.48,2.85,1.54,1.49,2.05,2.32,1.79,1.68,1.69,1.85,2.16,2.09,1.52,1.61,2.54,2.47,1.35,1.43,3.16,3.06,1.20,1.24,4.58,4.52,1.18,1.21,4.84,4.98,,,,,,,,,,,,,,,,,,,,,,,,,,,,,,,,,,,,
/football/spain/laliga/granada-cf-rayo-vallecano/,8dfs1Pd3,Granada CF,Rayo Vallecano,0:2,laliga,spain,main,2023,2023-08-21,Pinnacle,2.94,3.15,2.74,2.67,3.03,2.86,,,,,,,,,,,,,,,,,4.79,5.61,1.18,1.18,3.31,3.71,1.33,1.32,2.66,2.92,1.48,1.47,2.25,2.48,1.65,1.61,1.85,2.03,1.98,1.89,1.57,1.69,2.41,2.31,1.43,1.52,2.84,2.73,1.29,1.36,3.58,3.41,1.16,1.21,5.31,5.04,,,,,,,,,,,,,,,,,,,,,,,,,,,,,,,,,,,,,,,,
/football/spain/laliga/barcelona-cadiz/,tj2ewM4d,Barcelona,Cadiz CF,2:0,laliga,spain,main,2023,2023-08-20,Pinnacle,1.26,6.32,12.21,1.23,6.10,10.91,2.27,2.46,1.62,1.60,1.93,2.06,1.87,1.85,1.72,1.85,2.10,2.08,1.53,1.60,2.49,2.44,1.33,1.39,3.25,3.24,1.27,1.30,3.70,3.73,1.26,1.26,4.18,4.18,,,,,,,,,,,,,,,,,,,,,,,,,,,,,,,,,2.60,2.82,1.49,1.48,,,,,,,,,3.56,3.92,1.28,1.28,2.91,3.16,1.39,1.39,,,,,,,,,,,,
/football/spain/laliga/betis-atl-madrid/,bomfbNtM,Betis,Atl. Madrid,0:0,laliga,spain,main,2023,2023-08-20,Pinnacle,3.86,3.53,2.08,3.83,3.29,2.04,,,,,,,,,,,,,,,,,,,,,,,,,3.78,3.81,1.26,1.30,3.27,3.30,1.33,1.38,2.76,2.80,1.45,1.50,1.82,2.16,2.00,1.78,1.80,1.85,2.04,2.08,1.57,1.64,2.40,2.42,1.36,1.43,3.15,3.10,1.28,1.34,3.60,3.53,1.24,1.29,4.06,3.97,,,,,,,,,,,,,,,,,,,,,,,,,,,,,,,,
/football/spain/laliga/girona-getafe/,rJOQh14q,Girona,Getafe,3:0,laliga,spain,main,2023,2023-08-20,Pinnacle,1.98,3.21,4.84,2.50,2.91,3.22,,,,,,,,,4.46,4.07,1.23,1.28,5.05,3.55,1.17,1.34,4.48,3.05,1.20,1.43,3.10,2.32,1.37,1.68,2.49,1.98,1.54,1.94,2.10,1.67,1.75,2.35,1.68,1.37,2.18,3.37,1.47,1.28,2.70,4.06,1.35,1.22,3.19,4.76,,,,,,,,,,,,,,,,,,,,,,,,,,,,,,,,,,,,,,,,,,,,,,,,
/football/spain/laliga/almeria-real-madrid/,2a3iv2kj,Almeria,Real Madrid,1:3,laliga,spain,main,2023,2023-08-19,Pinnacle,6.87,5.24,1.44,6.98,4.69,1.41,,,,,,,,,,,,,,,,,,,,,,,,,,,,,,,,,,,,,3.71,3.79,1.27,1.31,2.90,3.01,1.40,1.43,2.57,2.68,1.51,1.53,2.22,2.33,1.66,1.68,1.88,1.98,1.93,1.94,1.68,1.79,2.20,2.18,,,,,,,,,,,,,,,,,,,,,1.50,1.60,2.58,2.52,1.33,1.42,3.29,3.08,1.27,1.35,3.69,3.44
/football/spain/laliga/osasuna-ath-bilbao/,UBrja3RF,Osasuna,Ath Bilbao,0:2,laliga,spain,main,2023,2023-08-19,Pinnacle,2.96,3.01,2.85,2.81,3.02,2.72,,,,,,,,,,,,,,,,,5.17,5.82,1.16,1.17,3.51,3.76,1.30,1.31,2.80,2.94,1.44,1.46,2.37,2.47,1.58,1.61,1.94,2.00,1.88,1.93,1.63,1.66,2.29,2.38,1.47,1.49,2.70,2.83,1.32,1.33,3.37,3.59,1.18,1.18,4.91,5.47,,,,,,,,,,,,,,,,,,,,,,,,,,,,,,,,,,,,,,,,
/football/spain/laliga/real-sociedad-celta-vigo/,xxnbcsdS,Real Sociedad,Celta Vigo,1:1,laliga,spain,main,2023,2023-08-19,Pinnacle,1.69,3.62,6.38,1.71,3.52,5.24,,,,,4.00,4.03,1.24,1.28,3.15,3.15,1.35,1.40,2.77,2.74,1.45,1.52,2.36,2.31,1.59,1.69,1.93,1.91,1.88,2.02,1.70,1.68,2.16,2.32,1.48,1.46,2.67,2.95,1.25,1.23,3.88,4.64,1.20,1.19,4.53,5.45,,,,,,,,,,,,,,,,,,,,,,,,,,,,,,,,,,,,,,,,,,,,,,,,,,,,
/football/spain/laliga/mallorca-villarreal/,fgjw25sc,Mallorca,Villarreal,0:1,laliga,spain,main,2023,2023-08-18,Pinnacle,2.82,3.19,2.82,3.36,3.12,2.29,,,,,,,,,,,,,,,,,5.85,5.21,1.14,1.20,4.32,3.52,1.21,1.34,3.32,2.81,1.32,1.50,2.85,2.38,1.43,1.65,2.35,1.96,1.59,1.96,1.88,1.65,1.94,2.38,1.63,1.50,2.28,2.81,1.45,1.34,2.76,3.52,1.27,1.20,3.77,5.17,,,,,,,,,,,,,,,,,,,,,,,,,,,,,,,,,,,,,,,,
/football/spain/laliga/valencia-las-palmas/,fgSUiLJk,Valencia,Las Palmas,1:0,laliga,spain,main,2023,2023-08-18,Pinnacle,1.63,3.95,6.33,1.81,3.40,4.71,4.88,5.05,1.21,1.21,3.78,3.53,1.27,1.34,3.44,2.85,1.31,1.49,3.02,2.48,1.38,1.61,2.60,2.12,1.50,1.83,2.08,1.80,1.75,2.13,1.81,1.62,2.02,2.45,1.56,1.42,2.44,3.09,1.31,1.22,3.46,4.74,,,,,,,,,,,,,,,,,,,,,,,,,,,,,,,,,,,,,,,,,,,,,,,,,,,,,,,,
/football/spain/laliga/atl-madrid-granada-cf/,M7E22Eyt,Atl. Madrid,Granada CF,3:1,laliga,spain,main,2023,2023-08-14,Pinnacle,1.31,5.90,10.50,1.29,5.40,9.45,2.66,2.70,1.48,1.52,2.17,2.22,1.69,1.74,1.91,1.96,1.91,1.96,1.67,1.71,2.20,2.27,1.44,1.47,2.78,2.88,1.35,1.37,3.19,3.32,1.28,1.31,3.60,3.77,,,,,,,,,,,,,,,,,,,,,,,,,,,,,,,,,3.01,3.06,1.38,1.42,,,,,,,,,,,,,3.37,3.43,1.32,1.35,,,,,,,,,,,,
/football/spain/laliga/cadiz-alaves/,zwXfurzp,Cadiz CF,Alaves,1:0,laliga,spain,main,2023,2023-08-14,Pinnacle,2.33,2.96,3.91,2.05,3.12,4.03,,,,,,,,,,,,,3.71,4.72,1.27,1.23,3.23,4.09,1.35,1.28,2.43,2.86,1.56,1.48,2.05,2.32,1.79,1.68,1.73,1.94,2.11,1.98,1.43,1.56,2.85,2.62,1.31,1.39,3.41,3.26,1.24,1.30,3.98,3.86,1.16,1.19,5.17,5.29,,,,,,,,,,,,,,,,,,,,,,,,,,,,,,,,,,,,,,,,,,,,
/football/spain/laliga/celta-vigo-osasuna/,0bD61Yjn,Celta Vigo,Osasuna,0:2,laliga,spain,main,2023,2023-08-13,Pinnacle,2.16,3.22,4.02,2.14,3.19,3.64,,,,,,,,,,,,,3.86,3.94,1.26,1.29,3.38,3.42,1.32,1.36,2.54,2.57,1.52,1.57,2.13,2.15,1.71,1.79,1.83,1.83,2.00,2.11,1.50,1.50,2.58,2.80,1.37,1.37,3.11,3.40,1.29,1.29,3.59,3.96,1.19,1.19,4.74,5.36,,,,,,,,,,,,,,,,,,,,,,,,,,,,,,,,,,,,,,,,,,,,
/football/spain/laliga/getafe-barcelona/,jm6JbWz5,Getafe,Barcelona,0:0,laliga,spain,main,2023,2023-08-13,Pinnacle,7.46,4.04,1.55,4.93,3.66,1.71,,,,,,,,,,,,,,,,,,,,,,,,,,,,,,,,,3.70,5.66,1.27,1.18,2.62,3.43,1.49,1.35,2.15,2.65,1.70,1.55,1.88,2.29,1.93,1.70,1.61,1.93,2.32,1.99,1.47,1.67,2.70,2.36,1.37,1.52,3.06,2.74,,,,,,,,,,,,,,,,,,,,,1.26,1.37,3.85,3.39,1.18,1.22,4.85,4.85,,,,
/football/spain/laliga/villarreal-betis/,4jANcjjB,Villarreal,Betis,1:2,laliga,spain,main,2023,2023-08-13,Pinnacle,1.75,4.10,4.79,1.83,3.74,4.09,,,,,3.65,3.76,1.28,1.31,3.23,3.03,1.34,1.43,2.87,2.68,1.41,1.53,2.51,2.32,1.53,1.68,2.07,1.96,1.76,1.96,1.83,1.74,2.00,2.22,1.60,1.53,2.35,2.68,1.37,1.33,3.10,3.63,1.29,1.27,3.57,4.18,,,,,,,,,,,,,,,,,,,,,,,,,,,,,,,,,,,,,,,,,,,,,,,,,,,,
/football/spain/laliga/ath-bilbao-real-madrid/,dpmdsV5U,Ath Bilbao,Real Madrid,0:2,laliga,spain,main,2023,2023-08-12,Pinnacle,3.44,3.50,2.24,3.38,3.51,2.10,,,,,,,,,,,,,,,,,,,,,4.28,4.38,1.22,1.25,3.35,3.40,1.32,1.36,2.93,2.95,1.40,1.46,2.49,2.48,1.53,1.61,2.01,1.99,1.82,1.93,1.74,1.74,2.09,2.23,1.55,1.55,2.45,2.64,1.36,1.36,3.11,3.43,1.29,1.30,3.53,3.89,,,,,,,,,,,,,,,,,,,,,,,,,,,,,,,,,,,,
/football/spain/laliga/las-palmas-mallorca/,8OGEaCLb,Las Palmas,Mallorca,1:1,laliga,spain,main,2023,2023-08-12,Pinnacle,2.64,2.93,3.32,2.73,2.93,2.88,,,,,,,,,,,,,4.84,5.73,1.18,1.17,5.07,5.04,1.17,1.21,3.42,3.33,1.31,1.38,2.72,2.62,1.46,1.55,2.29,2.20,1.63,1.77,1.86,1.75,1.96,2.21,1.56,1.51,2.41,2.76,1.42,1.38,2.87,3.29,1.28,1.25,3.64,4.37,,,,,,,,,,,,,,,,,,,,,,,,,,,,,,,,,,,,,,,,,,,,
/football/spain/laliga/real-sociedad-girona/,bD9RdA5H,Real Sociedad,Girona,1:1,laliga,spain,main,2023,2023-08-12,Pinnacle,1.85,3.60,4.91,1.61,4.01,5.28,,,,,3.31,4.24,1.32,1.26,2.71,3.43,1.45,1.36,2.39,3.01,1.58,1.43,2.06,2.60,1.76,1.56,1.78,2.10,2.06,1.82,1.60,1.85,2.34,2.09,1.42,1.59,2.88,2.53,1.23,1.34,4.08,3.58,1.19,1.27,4.64,4.20,1.22,1.22,4.73,4.83,,,,,,,,,,,,,,,,,,,,,,,,,,,,,,,,,,,,,,,,,,,,,,,,
/football/spain/laliga/almeria-rayo-vallecano/,pAqhrBjO,Almeria,Rayo Vallecano,0:2,laliga,spain,main,2023,2023-08-11,Pinnacle,2.66,3.25,2.96,2.39,3.34,2.96,,,,,,,,,,,,,,,,,3.83,4.73,1.26,1.23,2.87,3.28,1.42,1.38,2.38,2.65,1.58,1.55,2.06,2.25,1.78,1.72,1.71,1.86,2.13,2.07,1.52,1.60,2.54,2.50,1.40,1.46,2.93,2.94,1.28,1.32,3.68,3.72,1.18,1.18,4.99,5.59,,,,,,,,,,,,,,,,,,,,,,,,,,,,,,,,,,,,,,,,
/football/spain/laliga/sevilla-valencia/,UXHA0h6h,Sevilla,Valencia,1:2,laliga,spain,main,2023,2023-08-11,Pinnacle,1.94,3.46,4.58,2.08,3.29,3.69,,,,,,,,,3.97,3.77,1.25,1.31,3.64,3.31,1.28,1.37,3.18,2.86,1.35,1.48,2.45,2.24,1.55,1.73,2.07,1.94,1.76,1.98,1.78,1.66,2.06,2.37,1.48,1.39,2.65,3.29,1.36,1.30,3.16,3.89,1.28,1.24,3.64,4.51,,,,,,,,,,,,,,,,,,,,,,,,,,,,,,,,,,,,,,,,,,,,,,,,
/football/spain/laliga/getafe-valencia/,KfzdxDbE,Getafe,Valencia,1:0,laliga,spain,main,2023,2023-12-07,Pinnacle,2.67,2.94,3.19,2.67,2.94,3.19,,,,,,,,,,,,,,,,,,5.10,,1.20,,3.37,,1.37,,2.67,,1.54,,2.23,,1.74,,1.80,,2.16,,1.54,,2.67,,1.41,,3.19,,1.27,,4.17,,1.14,,6.80,,,,,,,,,,,,,,,,,,,,,,,,,,,,,,,,,,,,,,,,
