Country,League,Date,Home,Away,FTHG,FTAG,Pinnacle_-2.5_AH_H_Open,Pinnacle_-2.5_AH_H_Close,Pinnacle_+2.5_AH_A_Open,Pinnacle_+2.5_AH_A_Close,Pinnacle_-2.25_AH_H_Open,Pinnacle_-2.25_AH_H_Close,Pinnacle_+2.25_AH_A_Open,Pinnacle_+2.25_AH_A_Close,Pinnacle_-2_AH_H_Open,Pinnacle_-2_AH_H_Close,Pinnacle_+2_AH_A_Open,Pinnacle_+2_AH_A_Close,Pinnacle_-1.75_AH_H_Open,Pinnacle_-1.75_AH_H_Close,Pinnacle_+1.75_AH_A_Open,Pinnacle_+1.75_AH_A_Close,Pinnacle_-1.5_AH_H_Open,Pinnacle_-1.5_AH_H_Close,Pinnacle_+1.5_AH_A_Open,Pinnacle_+1.5_AH_A_Close,Pinnacle_-1.25_AH_H_Open,Pinnacle_-1.25_AH_H_Close,Pinnacle_+1.25_AH_A_Open,Pinnacle_+1.25_AH_A_Close,Pinnacle_-1_AH_H_Open,Pinnacle_-1_AH_H_Close,Pinnacle_+1_AH_A_Open,Pinnacle_+1_AH_A_Close,Pinnacle_-0.75_AH_H_Open,Pinnacle_-0.75_AH_H_Close,Pinnacle_+0.75_AH_A_Open,Pinnacle_+0.75_AH_A_Close,Pinnacle_-0.5_AH_H_Open,Pinnacle_-0.5_AH_H_Close,Pinnacle_+0.5_AH_A_Open,Pinnacle_+0.5_AH_A_Close,Pinnacle_-0.25_AH_H_Open,Pinnacle_-0.25_AH_H_Close,Pinnacle_+0.25_AH_A_Open,Pinnacle_+0.25_AH_A_Close,Pinnacle_+0_AH_H_Open,Pinnacle_+0_AH_H_Close,Pinnacle_-0_AH_A_Open,Pinnacle_-0_AH_A_Close,Pinnacle_+0.25_AH_H_Open,Pinnacle_+0.25_AH_H_Close,Pinnacle_-0.25_AH_A_Open,Pinnacle_-0.25_AH_A_Close,Pinnacle_+0.5_AH_H_Open,Pinnacle_+0.5_AH_H_Close,Pinnacle_-0.5_AH_A_Open,Pinnacle_-0.5_AH_A_Close,Pinnacle_+0.75_AH_H_Open,Pinnacle_+0.75_AH_H_Close,Pinnacle_-0.75_AH_A_Open,Pinnacle_-0.75_AH_A_Close,Pinnacle_+1_AH_H_Open,Pinnacle_+1_AH_H_Close,Pinnacle_-1_AH_A_Open,Pinnacle_-1_AH_A_Close,Pinnacle_+1.25_AH_H_Open,Pinnacle_+1.25_AH_H_Close,Pinnacle_-1.25_AH_A_Open,Pinnacle_-1.25_AH_A_Close,Pinnacle_+1.5_AH_H_Open,Pinnacle_+1.5_AH_H_Close,Pinnacle_-1.5_AH_A_Open,Pinnacle_-1.5_AH_A_Close,Pinnacle_+1.75_AH_H_Open,Pinnacle_+1.75_AH_H_Close,Pinnacle_-1.75_AH_A_Open,Pinnacle_-1.75_AH_A_Close,Pinnacle_+2_AH_H_Open,Pinnacle_+2_AH_H_Close,Pinnacle_-2_AH_A_Open,Pinnacle_-2_AH_A_Close,Pinnacle_+2.25_AH_H_Open,Pinnacle_+2.25_AH_H_Close,Pinnacle_-2.25_AH_A_Open,Pinnacle_-2.25_AH_A_Close,bet365_-3.5_AH_H_Open,bet365_-3.5_AH_H_Close,bet365_+3.5_AH_A_Open,bet365_+3.5_AH_A_Close,bet365_-3.25_AH_H_Open,bet365_-3.25_AH_H_Close,bet365_+3.25_AH_A_Open,bet365_+3.25_AH_A_Close,bet365_-3_AH_H_Open,bet365_-3_AH_H_Close,bet365_+3_AH_A_Open,bet365_+3_AH_A_Close,bet365_-2.75_AH_H_Open,bet365_-2.75_AH_H_Close,bet365_+2.75_AH_A_Open,bet365_+2.75_AH_A_Close,bet365_-2.5_AH_H_Open,bet365_-2.5_AH_H_Close,bet365_+2.5_AH_A_Open,bet365_+2.5_AH_A_Close,bet365_-2.25_AH_H_Open,bet365_-2.25_AH_H_Close,bet365_+2.25_AH_A_Open,bet365_+2.25_AH_A_Close,bet365_-2_AH_H_Open,bet365_-2_AH_H_Close,bet365_+2_AH_A_Open,bet365_+2_AH_A_Close,bet365_-1.75_AH_H_Open,bet365_-1.75_AH_H_Close,bet365_+1.75_AH_A_Open,bet365_+1.75_AH_A_Close,bet365_-1.5_AH_H_Open,bet365_-1.5_AH_H_Close,bet365_+1.5_AH_A_Open,bet365_+1.5_AH_A_Close,bet365_-1.25_AH_H_Open,bet365_-1.25_AH_H_Close,bet365_+1.25_AH_A_Open,bet365_+1.25_AH_A_Close,bet365_-1_AH_H_Open,bet365_-1_AH_H_Close,bet365_+1_AH_A_Open,bet365_+1_AH_A_Close,bet365_-0.75_AH_H_Open,bet365_-0.75_AH_H_Close,bet365_+0.75_AH_A_Open,bet365_+0.75_AH_A_Close,bet365_-0.5_AH_H_Open,bet365_-0.5_AH_H_Close,bet365_+0.5_AH_A_Open,bet365_+0.5_AH_A_Close,bet365_-0.25_AH_H_Open,bet365_-0.25_AH_H_Close,bet365_+0.25_AH_A_Open,bet365_+0.25_AH_A_Close,bet365_+0_AH_H_Open,bet365_+0_AH_H_Close,bet365_-0_AH_A_Open,bet365_-0_AH_A_Close,bet365_+0.25_AH_H_Open,bet365_+0.25_AH_H_Close,bet365_-0.25_AH_A_Open,bet365_-0.25_AH_A_Close,bet365_+0.5_AH_H_Open,bet365_+0.5_AH_H_Close,bet365_-0.5_AH_A_Open,bet365_-0.5_AH_A_Close,bet365_+0.75_AH_H_Open,bet365_+0.75_AH_H_Close,bet365_-0.75_AH_A_Open,bet365_-0.75_AH_A_Close,bet365_+1_AH_H_Open,bet365_+1_AH_H_Close,bet365_-1_AH_A_Open,bet365_-1_AH_A_Close,bet365_+1.25_AH_H_Open,bet365_+1.25_AH_H_Close,bet365_-1.25_AH_A_Open,bet365_-1.25_AH_A_Close,bet365_+1.5_AH_H_Open,bet365_+1.5_AH_H_Close,bet365_-1.5_AH_A_Open,bet365_-1.5_AH_A_Close,bet365_+1.75_AH_H_Open,bet365_+1.75_AH_H_Close,bet365_-1.75_AH_A_Open,bet365_-1.75_AH_A_Close,bet365_+2_AH_H_Open,bet365_+2_AH_H_Close,bet365_-2_AH_A_Open,bet365_-2_AH_A_Close,bet365_+2.25_AH_H_Open,bet365_+2.25_AH_H_Close,bet365_-2.25_AH_A_Open,bet365_-2.25_AH_A_Close,bet365_+2.5_AH_H_Open,bet365_+2.5_AH_H_Close,bet365_-2.5_AH_A_Open,bet365_-2.5_AH_A_Close,bet365_+2.75_AH_H_Open,bet365_+2.75_AH_H_Close,bet365_-2.75_AH_A_Open,bet365_-2.75_AH_A_Close,bet365_+3_AH_H_Open,bet365_+3_AH_H_Close,bet365_-3_AH_A_Open,bet365_-3_AH_A_Close
scotland,championship,2023-08-04,Arbroath,Dundee Utd,0,4,,,,,,,,,,,,,,,,,,,,,,,,,,,,,4.42,4.88,1.21,1.19,3.89,3.7,1.27,1.29,3.43,3.2,1.32,1.37,2.98,2.66,1.41,1.5,2.3,2.05,1.65,1.81,1.93,1.76,1.85,2.11,1.74,1.56,2.14,2.49,1.51,1.36,2.61,3.21,1.41,1.29,2.97,3.66,,,,,,,,,,,,,,,,,,,,,,,,,,,,,,,,,,,,,,,,,,,,,,,,,,,,,,,,,5.9,6.8,1.13,1.11,5.0,4.4,1.17,1.2,3.8,3.45,1.25,1.3,3.45,3.0,1.3,1.38,3.0,2.5,1.38,1.5,2.35,2.05,1.58,1.8,2.05,1.75,1.8,2.05,1.8,1.55,2.0,2.38,1.58,1.35,2.35,3.1,1.45,1.3,2.68,3.45,1.38,1.24,3.0,3.9,1.26,1.16,3.7,5.25,,,,,,,,,,,,,,,,,,,,
scotland,championship,2023-08-05,Dunfermline,Airdrieonians,2,1,,,,,,,,,,,,,,,,,2.78,3.67,1.45,1.29,2.47,3.45,1.57,1.32,2.14,3.05,1.74,1.39,1.8,2.42,1.98,1.59,1.65,2.08,2.29,1.78,1.46,1.81,2.78,2.06,1.27,1.52,3.83,2.6,1.22,1.4,4.36,3.06,1.3,1.31,3.56,3.5,1.23,1.21,4.27,4.52,,,,,,,,,,,,,,,,,,,,,,,,,,,,,,,,,,,,,,,,,,,,,5.25,7.0,1.16,1.1,4.65,7.0,1.18,1.1,3.45,4.65,1.3,1.18,2.85,3.55,1.4,1.28,2.5,3.3,1.5,1.33,2.2,2.85,1.65,1.4,1.93,2.35,1.93,1.58,1.7,2.05,2.1,1.8,1.5,1.75,2.5,2.05,1.3,1.5,3.45,2.5,1.24,1.38,3.9,3.0,1.2,1.3,4.4,3.45,1.13,1.21,5.9,4.25,1.11,1.12,6.8,6.4,1.11,1.1,6.8,7.0,,,,,,,,,,,,,,,,,,,,,,,,,,,,
scotland,championship,2023-08-05,Partick Thistle,Raith,2,2,,,,,,,,,,,,,3.15,3.91,1.33,1.26,2.6,3.12,1.47,1.37,2.28,2.77,1.6,1.47,1.96,2.39,1.81,1.6,1.69,1.99,2.1,1.87,1.54,1.75,2.4,2.12,1.36,1.53,2.97,2.55,1.2,1.32,4.3,3.47,1.36,1.25,3.02,4.01,,,,,,,,,,,,,,,,,,,,,,,,,,,,,,,,,,,,,,,,,,,,,,,,,7.0,6.0,1.1,1.13,6.8,5.75,1.11,1.14,7.0,5.25,1.1,1.16,4.65,3.7,1.18,1.26,3.7,3.0,1.26,1.38,3.3,2.68,1.33,1.45,3.0,2.35,1.38,1.58,2.35,2.0,1.58,1.85,2.05,1.75,1.8,2.05,1.78,1.55,2.03,2.38,1.53,1.35,2.43,3.1,1.43,1.3,2.75,3.45,1.33,1.24,3.3,3.9,1.23,1.16,4.0,5.25,,,,,,,,,,,,,,,,,,,,,,,,,,,,,,,,,,,,
scotland,championship,2023-08-05,Morton,Ayr,3,1,,,,,,,,,,,,,,,,,,,,,,,,,3.83,4.33,1.27,1.23,2.84,3.12,1.45,1.37,2.35,2.56,1.62,1.53,1.98,2.2,1.8,1.7,1.67,1.83,2.26,2.03,1.48,1.58,2.72,2.43,1.37,1.45,3.15,2.83,1.25,1.31,4.03,3.52,1.18,1.18,5.11,5.08,,,,,,,,,,,,,,,,,,,,,,,,,,,,,,,,,,,,,,,,,,,,,,,,,5.75,6.25,1.14,1.12,4.25,4.65,1.21,1.18,3.8,4.25,1.25,1.21,3.45,3.8,1.3,1.25,2.6,2.85,1.48,1.4,2.25,2.38,1.63,1.55,2.0,2.08,1.85,1.73,1.68,1.8,2.15,2.05,1.5,1.58,2.5,2.35,1.4,1.45,2.85,2.68,1.28,1.33,3.55,3.3,1.16,1.19,5.25,4.5,1.14,1.16,5.75,5.25,1.13,1.14,6.0,5.75,,,,,,,,,,,,,,,,,,,,,,,,
scotland,championship,2023-08-05,Inverness,Queen's Park,1,2,,,,,,,,,,,,,,,,,,,,,3.81,3.98,1.27,1.26,3.39,3.55,1.33,1.31,2.63,2.74,1.51,1.47,2.23,2.31,1.68,1.64,1.9,2.01,1.87,1.85,1.63,1.7,2.32,2.2,1.48,1.52,2.73,2.6,1.37,1.41,3.12,2.97,1.26,1.29,3.93,3.71,,,,,,,,,,,,,,,,,,,,,,,,,,,,,,,,,,,,,,,,,,,,,,,,,,,,,4.8,5.5,1.18,1.15,3.8,4.1,1.25,1.23,3.45,3.7,1.3,1.26,3.1,3.45,1.35,1.3,2.43,2.6,1.53,1.48,2.1,2.2,1.7,1.65,1.88,2.0,1.98,1.85,1.58,1.68,2.35,2.15,1.45,1.53,2.68,2.43,1.38,1.4,3.0,2.85,1.26,1.3,3.7,3.45,1.15,1.18,5.5,4.8,1.13,1.15,5.9,5.5,1.12,1.14,6.25,5.75,,,,,,,,,,,,,,,,,,,,,,,,
scotland,championship,2023-08-12,Raith,Morton,3,2,,,,,,,,,,,,,,,,,,,,,4.49,4.49,1.21,1.22,4.77,4.0,1.17,1.26,3.35,2.95,1.3,1.42,2.71,2.43,1.43,1.58,2.33,2.1,1.57,1.78,1.94,1.74,1.83,2.13,1.64,1.54,2.19,2.54,1.48,1.41,2.56,2.94,1.33,1.29,3.13,3.67,1.19,1.18,4.36,4.98,,,,,,,,,,,,,,,,,,,,,,,,,,,,,,,,,,,,,,,,,,,,,,,,,7.0,6.0,1.1,1.13,5.5,4.5,1.15,1.19,4.65,4.1,1.18,1.23,4.25,3.7,1.21,1.26,3.1,2.75,1.35,1.43,2.5,2.35,1.5,1.58,2.2,2.1,1.65,1.78,1.9,1.75,1.95,2.05,1.63,1.55,2.25,2.38,1.48,1.43,2.6,2.75,1.35,1.3,3.1,3.45,1.2,1.18,4.4,4.65,1.17,1.16,5.0,5.25,1.15,1.14,5.5,5.75,,,,,,,,,,,,,,,,,,,,,,,,
scotland,championship,2023-08-12,Queen's Park,Arbroath,2,1,,,,,,,,,,,,,3.69,3.75,1.25,1.28,2.98,3.03,1.36,1.39,2.65,2.68,1.45,1.49,2.3,2.31,1.59,1.64,1.93,1.93,1.84,1.91,1.71,1.72,2.08,2.17,1.5,1.5,2.5,2.65,1.29,1.28,3.37,3.72,1.24,1.23,3.87,4.31,,,,,,,,,,,,,,,,,,,,,,,,,,,,,,,,,,,,,,,,,,,,,,,,,5.75,5.75,1.14,1.14,5.25,5.25,1.16,1.16,4.65,4.65,1.18,1.18,3.45,3.45,1.3,1.3,2.85,2.85,1.4,1.4,2.5,2.5,1.5,1.5,2.25,2.25,1.63,1.63,1.95,1.95,1.9,1.9,1.7,1.7,2.1,2.1,1.5,1.5,2.5,2.5,1.3,1.3,3.45,3.45,1.25,1.25,3.8,3.8,1.2,1.2,4.4,4.4,1.13,1.13,5.9,5.9,,,,,,,,,,,,,,,,,,,,,,,,,,,,,,,,,,,,
scotland,championship,2023-08-12,Dundee Utd,Dunfermline,1,1,,,,,,,,,,,,,2.81,4.13,1.41,1.24,2.35,3.26,1.56,1.35,2.05,2.89,1.75,1.43,1.73,2.49,2.05,1.56,1.53,2.05,2.41,1.82,1.41,1.79,2.75,2.07,1.27,1.57,3.54,2.47,1.14,1.34,5.34,3.3,1.22,1.27,4.42,3.82,,,,,,,,,,,,,,,,,,,,,,,,,,,,,,,,,,,,,,,,,,,,,,,,,4.65,6.4,1.18,1.12,4.25,5.9,1.21,1.13,3.9,5.5,1.24,1.15,3.0,3.8,1.38,1.25,2.5,3.1,1.5,1.35,2.25,2.75,1.63,1.43,2.0,2.38,1.85,1.55,1.73,2.05,2.08,1.8,1.58,1.78,2.35,2.03,1.4,1.58,2.85,2.35,1.24,1.38,3.9,3.0,1.2,1.3,4.4,3.45,1.17,1.24,5.0,3.9,1.11,1.16,6.6,5.25,,,,,,,,,,,,,,,,,,,,,,,,,,,,,,,,,,,,
scotland,championship,2023-08-12,Ayr,Inverness,1,0,,,,,,,,,,,,,,,,,3.82,3.79,1.27,1.28,3.4,3.38,1.33,1.33,2.99,2.97,1.41,1.41,2.35,2.35,1.62,1.62,1.99,2.02,1.79,1.83,1.75,1.75,2.13,2.13,1.48,1.48,2.73,2.73,1.36,1.36,3.2,3.2,1.29,1.29,3.68,3.67,,,,,,,,,,,,,,,,,,,,,,,,,,,,,,,,,,,,,,,,,,,,,,,,,,,,,6.8,6.8,1.11,1.11,4.5,4.5,1.19,1.19,3.55,3.55,1.28,1.28,3.3,3.3,1.33,1.33,2.85,2.85,1.4,1.4,2.3,2.3,1.6,1.6,2.03,2.03,1.83,1.83,1.73,1.73,2.08,2.08,1.48,1.48,2.6,2.6,1.38,1.38,3.0,3.0,1.3,1.3,3.45,3.45,1.2,1.2,4.4,4.4,1.11,1.11,6.6,6.6,,,,,,,,,,,,,,,,,,,,,,,,,,,,,,,,
scotland,championship,2023-08-12,Airdrieonians,Partick Thistle,2,1,,,,,,,,,,,,,,,,,,,,,,,,,,,,,3.71,4.09,1.25,1.25,2.97,3.37,1.36,1.33,2.61,2.96,1.47,1.41,2.22,2.56,1.63,1.53,1.85,2.06,1.93,1.79,1.64,1.81,2.2,2.06,1.47,1.6,2.6,2.38,1.3,1.41,3.35,3.01,1.25,1.33,3.76,3.39,1.28,1.28,3.8,3.79,,,,,,,,,,,,,,,,,,,,,,,,,,,,,,,,,,,,,,,,,,,,,5.9,7.0,1.13,1.1,7.0,6.8,1.1,1.11,6.6,6.4,1.11,1.12,4.4,4.4,1.2,1.2,3.45,3.45,1.3,1.3,3.0,3.0,1.38,1.38,2.6,2.6,1.48,1.48,2.05,2.08,1.75,1.73,1.8,1.83,2.05,2.03,1.6,1.6,2.3,2.3,1.4,1.43,2.85,2.75,1.33,1.35,3.3,3.1,1.28,1.3,3.55,3.45,1.19,1.2,4.5,4.4,1.11,1.12,6.8,6.4,1.1,1.11,7.0,6.8,,,,,,,,,,,,
scotland,championship,2023-08-19,Arbroath,Queen's Park,0,1,,,,,,,,,,,,,,,,,,,,,,,,,,,,,3.78,4.22,1.28,1.24,3.0,3.3,1.4,1.34,2.61,2.88,1.52,1.44,2.19,2.43,1.7,1.58,1.78,1.97,2.0,1.88,1.61,1.71,2.36,2.17,1.45,1.53,2.83,2.57,1.28,1.34,3.75,3.34,1.24,1.28,4.22,3.79,,,,,,,,,,,,,,,,,,,,,,,,,,,,,,,,,,,,,,,,,,,,,,,,,5.5,6.6,1.15,1.11,5.0,6.0,1.17,1.13,4.5,5.75,1.19,1.14,3.3,3.7,1.33,1.26,2.68,3.0,1.45,1.38,2.38,2.68,1.55,1.45,2.08,2.35,1.73,1.58,1.83,2.03,2.03,1.83,1.63,1.78,2.25,2.03,1.48,1.58,2.6,2.35,1.3,1.38,3.45,3.0,1.26,1.3,3.7,3.45,1.22,1.26,4.15,3.7,1.15,1.18,5.5,4.65,1.1,1.1,7.0,7.0,,,,,,,,,,,,,,,,
scotland,championship,2023-08-26,Partick Thistle,Queen's Park,3,1,,,,,,,,,,,,,,,,,3.01,3.68,1.36,1.29,2.7,3.38,1.44,1.33,2.36,3.0,1.56,1.4,1.99,2.42,1.79,1.58,1.76,2.1,2.01,1.77,1.56,1.84,2.36,2.02,1.35,1.57,3.02,2.45,1.28,1.44,3.45,2.85,1.25,1.35,3.76,3.23,1.26,1.25,3.66,4.06,,,,,,,,,,,,,,,,,,,,,,,,,,,,,,,,,,,,,,,,,,,,,6.4,6.8,1.12,1.11,5.9,6.25,1.13,1.12,4.15,4.4,1.22,1.2,3.45,3.55,1.3,1.28,3.0,3.3,1.38,1.33,2.68,2.85,1.45,1.4,2.2,2.35,1.65,1.58,1.98,2.03,1.88,1.78,1.7,1.8,2.1,2.05,1.48,1.53,2.6,2.43,1.38,1.4,3.0,2.85,1.3,1.33,3.45,3.3,1.21,1.23,4.25,4.0,1.12,1.14,6.25,5.75,1.11,1.13,6.8,6.0,1.1,1.11,7.0,6.6,,,,,,,,,,,,,,,,,,,,,,,,
scotland,championship,2023-08-26,Morton,Arbroath,0,3,,,,,,,,,,,,,3.03,4.03,1.35,1.25,2.5,3.17,1.5,1.36,2.16,2.78,1.66,1.46,1.83,2.36,1.94,1.62,1.59,1.93,2.29,1.92,1.45,1.7,2.64,2.2,1.29,1.47,3.37,2.74,1.14,1.25,5.23,4.05,1.17,1.2,4.78,4.73,,,,,,,,,,,,,,,,,,,,,,,,,,,,,,,,,,,,,,,,,,,,,,,,,6.25,5.9,1.12,1.13,5.75,5.5,1.14,1.15,5.25,5.0,1.16,1.17,3.7,3.55,1.26,1.28,3.0,2.85,1.38,1.4,2.6,2.5,1.48,1.5,2.3,2.25,1.6,1.63,1.95,1.93,1.9,1.93,1.7,1.7,2.1,2.1,1.5,1.48,2.5,2.6,1.3,1.26,3.45,3.7,1.24,1.21,3.9,4.25,1.2,1.18,4.4,4.8,1.13,1.11,6.0,6.6,,,,,,,,,,,,,,,,,,,,,,,,,,,,,,,,,,,,
scotland,championship,2023-08-26,Dunfermline,Raith,0,1,,,,,,,,,,,,,,,,,,,,,,,,,3.07,4.18,1.35,1.24,2.38,3.04,1.55,1.39,2.03,2.5,1.76,1.55,1.75,2.15,2.03,1.73,1.47,1.79,2.59,2.08,1.35,1.56,3.04,2.48,1.28,1.43,3.49,2.88,1.21,1.3,4.39,3.6,1.21,1.17,4.61,5.2,,,,,,,,,,,,,,,,,,,,,,,,,,,,,,,,,,,,,,,,,,,,,,,,,5.25,6.4,1.16,1.12,3.9,4.8,1.24,1.18,3.55,4.4,1.28,1.2,3.1,3.9,1.35,1.24,2.38,2.85,1.55,1.4,2.08,2.38,1.73,1.55,1.83,2.08,2.03,1.73,1.53,1.8,2.43,2.05,1.4,1.58,2.85,2.35,1.33,1.45,3.3,2.68,1.21,1.3,4.25,3.45,1.11,1.18,6.6,4.65,1.1,1.16,7.0,5.25,1.1,1.14,7.0,5.75,,,,,,,,,,,,,,,,,,,,,,,,
scotland,championship,2023-08-26,Ayr,Dundee Utd,0,3,,,,,,,,,,,,,,,,,,,,,,,,,,,,,2.69,4.23,1.44,1.23,2.24,3.29,1.62,1.34,1.93,2.86,1.75,1.44,1.57,2.4,2.32,1.6,1.41,1.94,2.79,1.91,1.32,1.69,3.24,2.21,1.21,1.5,4.16,2.64,1.16,1.31,4.87,3.5,1.23,1.26,4.28,3.98,,,,,,,,,,,,,,,,,,,,,,,,,,,,,,,,,,,,,,,,,,,,,,,,,4.4,7.0,1.2,1.1,4.0,6.4,1.23,1.12,3.55,5.9,1.28,1.13,2.68,3.9,1.45,1.24,2.3,3.1,1.6,1.35,2.03,2.75,1.83,1.43,1.68,2.35,2.15,1.58,1.5,1.95,2.5,1.9,1.4,1.68,2.85,2.15,1.28,1.5,3.55,2.5,1.16,1.33,5.25,3.3,1.14,1.26,5.75,3.7,1.12,1.22,6.25,4.15,1.1,1.15,7.0,5.5,,,,,,,,,,,,,,,,,,,,
scotland,championship,2023-08-26,Airdrieonians,Inverness,2,1,,,,,,,,,,,,,,,,,3.77,3.81,1.28,1.27,3.57,3.57,1.3,1.3,3.15,3.15,1.37,1.37,2.48,2.47,1.56,1.56,2.11,2.11,1.75,1.76,1.8,1.84,1.98,2.02,1.56,1.56,2.5,2.5,1.42,1.42,2.94,2.94,1.33,1.34,3.36,3.35,1.23,1.23,4.29,4.3,,,,,,,,,,,,,,,,,,,,,,,,,,,,,,,,,,,,,,,,,,,,,,,,,6.6,6.8,1.11,1.11,5.25,5.0,1.16,1.17,4.0,3.8,1.23,1.25,3.55,3.45,1.28,1.3,3.3,3.1,1.33,1.35,2.5,2.38,1.5,1.55,2.15,2.08,1.68,1.73,1.93,1.85,1.93,2.0,1.6,1.58,2.3,2.35,1.45,1.43,2.68,2.75,1.38,1.35,3.0,3.1,1.26,1.24,3.7,3.9,1.15,1.14,5.5,5.75,1.13,1.12,5.9,6.25,1.12,1.11,6.4,6.6,,,,,,,,,,,,,,,,,,,,,,,,
scotland,championship,2023-09-02,Dundee Utd,Airdrieonians,2,0,,,,,,,,,4.49,4.26,1.2,1.23,3.52,3.15,1.27,1.37,2.86,2.6,1.39,1.52,2.54,2.29,1.49,1.65,2.2,1.97,1.64,1.88,1.86,1.71,1.91,2.18,1.66,1.56,2.16,2.48,1.47,1.39,2.61,3.06,1.27,1.22,3.56,4.38,,,,,,,,,,,,,,,,,,,,,,,,,,,,,,,,,,,,,,,,,,,,,,,,,7.0,5.9,1.1,1.13,5.9,4.5,1.13,1.19,5.5,4.15,1.15,1.22,5.0,3.8,1.17,1.25,3.55,2.85,1.28,1.4,2.85,2.43,1.4,1.53,2.6,2.2,1.48,1.65,2.3,1.95,1.6,1.9,1.98,1.68,1.88,2.15,1.73,1.55,2.08,2.38,1.53,1.4,2.43,2.85,1.33,1.24,3.3,3.9,1.28,1.2,3.55,4.4,1.23,1.18,4.0,4.8,1.15,1.11,5.5,6.6,,,,,,,,,,,,,,,,,,,,,,,,,,,,,,,,,,,,
scotland,championship,2023-09-02,Arbroath,Ayr,2,1,,,,,,,,,,,,,,,,,,,,,,,,,5.46,5.04,1.15,1.18,3.88,3.46,1.27,1.32,3.06,2.77,1.39,1.47,2.64,2.34,1.51,1.62,2.2,1.92,1.69,1.93,1.78,1.61,2.01,2.36,1.61,1.46,2.38,2.79,1.44,1.32,2.88,3.47,1.27,1.18,3.88,5.02,,,,,,,,,,,,,,,,,,,,,,,,,,,,,,,,,,,,,,,,,,,,,,,,,7.0,7.0,1.1,1.1,6.4,5.5,1.12,1.15,5.9,4.8,1.13,1.18,5.5,4.25,1.15,1.21,3.55,3.1,1.28,1.35,2.85,2.5,1.4,1.5,2.5,2.2,1.5,1.65,2.1,1.88,1.7,1.98,1.8,1.6,2.05,2.3,1.6,1.48,2.3,2.6,1.43,1.33,2.75,3.3,1.26,1.19,3.7,4.5,1.22,1.16,4.15,5.25,1.18,1.14,4.65,5.75,,,,,,,,,,,,,,,,,,,,,,,,
scotland,championship,2023-09-02,Morton,Partick Thistle,1,4,,,,,,,,,,,,,,,,,,,,,,,,,4.67,4.73,1.17,1.2,3.34,3.37,1.3,1.33,2.71,2.74,1.43,1.47,2.34,2.39,1.56,1.6,1.97,2.05,1.81,1.82,1.67,1.75,2.15,2.13,1.51,1.58,2.49,2.44,1.36,1.41,3.01,2.93,1.21,1.26,4.1,3.94,1.2,1.23,4.27,4.32,,,,,,,,,,,,,,,,,,,,,,,,,,,,,,,,,,,,,,,,,,,,,,,,,5.0,5.5,1.17,1.15,4.4,5.0,1.2,1.17,4.0,4.5,1.23,1.19,3.0,3.3,1.38,1.33,2.43,2.68,1.53,1.45,2.2,2.35,1.65,1.58,1.93,2.05,1.93,1.75,1.65,1.8,2.2,2.05,1.53,1.6,2.43,2.3,1.38,1.45,3.0,2.68,1.23,1.3,4.0,3.45,1.2,1.24,4.4,3.9,1.17,1.21,5.0,4.25,1.11,1.14,6.6,5.75,,,,,,,,,,,,,,,,,,,,
scotland,championship,2023-09-02,Inverness,Dunfermline,1,1,,,,,,,,,,,,,,,,,,,,,3.69,4.57,1.25,1.21,3.26,4.08,1.31,1.25,2.52,2.99,1.5,1.41,2.13,2.46,1.68,1.57,1.84,2.11,1.93,1.77,1.54,1.75,2.4,2.12,1.4,1.53,2.85,2.55,1.31,1.41,3.27,2.96,1.21,1.28,4.18,3.74,,,,,,,,,,,,,,,,,,,,,,,,,,,,,,,,,,,,,,,,,,,,,,,,,,,,,5.75,5.9,1.14,1.13,4.25,4.5,1.21,1.19,3.8,4.1,1.25,1.23,3.45,3.7,1.3,1.26,2.6,2.75,1.48,1.43,2.2,2.35,1.65,1.58,1.95,2.05,1.9,1.8,1.58,1.68,2.35,2.15,1.43,1.48,2.75,2.6,1.33,1.38,3.3,3.0,1.23,1.26,4.0,3.7,1.13,1.15,5.9,5.5,1.12,1.13,6.4,5.9,1.1,1.12,7.0,6.25,,,,,,,,,,,,,,,,,,,,,,,,
scotland,championship,2023-09-02,Raith,Queen's Park,3,2,,,,,,,,,,,,,,,,,,,,,3.71,3.52,1.27,1.31,4.49,3.11,1.18,1.38,3.77,2.46,1.28,1.57,3.02,2.11,1.4,1.76,2.64,1.84,1.51,2.02,2.24,1.56,1.68,2.49,1.82,1.43,1.94,2.91,1.65,1.34,2.29,3.31,1.48,1.23,2.71,4.23,,,,,,,,,,,,,,,,,,,,,,,,,,,,,,,,,,,,,,,,,,,,,,,,,,,,,6.6,5.0,1.11,1.17,5.0,3.8,1.17,1.25,4.5,3.45,1.19,1.3,4.15,3.1,1.22,1.35,3.1,2.43,1.35,1.53,2.6,2.1,1.48,1.7,2.25,1.88,1.63,1.98,1.98,1.6,1.88,2.3,1.68,1.45,2.15,2.68,1.53,1.38,2.43,3.0,1.38,1.26,3.0,3.7,1.24,1.15,3.9,5.5,1.21,1.13,4.25,5.9,1.18,1.12,4.65,6.4,,,,,,,,,,,,,,,,,,,,,,,,
scotland,championship,2023-09-15,Ayr,Partick Thistle,0,4,,,,,,,,,,,,,,,,,,,,,,,,,,,,,3.46,4.15,1.32,1.24,2.81,3.28,1.45,1.35,2.42,2.9,1.58,1.43,2.0,2.5,1.79,1.56,1.72,2.05,2.17,1.82,1.55,1.79,2.52,2.06,1.39,1.6,3.04,2.4,1.24,1.4,4.12,3.02,1.25,1.32,3.73,3.42,1.28,1.3,3.79,3.62,,,,,,,,,,,,,,,,,,,,,,,,,,,,,,,,,,,,,,,,,,,,,5.75,7.0,1.14,1.1,5.25,6.6,1.16,1.11,4.65,6.0,1.18,1.13,3.45,4.15,1.3,1.22,2.68,3.3,1.45,1.33,2.38,2.85,1.55,1.4,2.08,2.5,1.73,1.5,1.8,2.05,2.05,1.75,1.6,1.83,2.3,2.03,1.45,1.6,2.68,2.3,1.28,1.43,3.55,2.75,1.23,1.35,4.0,3.1,1.2,1.3,4.4,3.45,1.13,1.2,5.9,4.4,1.1,1.12,7.0,6.4,1.11,1.11,6.8,6.8,1.1,1.1,7.0,7.0,,,,,,,,
scotland,championship,2023-09-16,Arbroath,Airdrieonians,4,0,,,,,,,,,,,,,,,,,,,,,,,,,3.44,4.48,1.32,1.22,2.67,3.23,1.5,1.35,2.25,2.65,1.67,1.5,1.92,2.29,1.85,1.65,1.65,1.94,2.28,1.91,1.49,1.67,2.69,2.25,1.38,1.52,3.08,2.59,1.27,1.37,3.87,3.15,1.18,1.23,4.52,4.33,,,,,,,,,,,,,,,,,,,,,,,,,,,,,,,,,,,,,,,,,,,,,,,,,6.25,7.0,1.12,1.1,4.65,5.25,1.18,1.16,4.25,4.65,1.21,1.18,3.9,4.25,1.24,1.21,3.0,3.1,1.38,1.35,2.43,2.6,1.53,1.48,2.2,2.25,1.7,1.63,1.83,1.95,1.98,1.9,1.6,1.65,2.3,2.2,1.48,1.5,2.6,2.5,1.35,1.35,3.1,3.1,1.21,1.22,4.25,4.15,1.18,1.19,4.65,4.5,1.16,1.16,5.25,5.25,1.11,1.11,6.8,6.8,,,,,,,,,,,,,,,,,,,,
scotland,championship,2023-09-16,Raith,Inverness,1,0,,,,,,,,,,,,,,,,,2.74,3.25,1.47,1.35,2.43,2.88,1.58,1.43,2.1,2.52,1.76,1.55,1.78,2.08,2.01,1.78,1.63,1.83,2.32,2.03,1.45,1.6,2.84,2.4,1.26,1.37,3.94,3.21,1.22,1.29,4.48,3.71,1.26,1.24,3.67,4.21,,,,,,,,,,,,,,,,,,,,,,,,,,,,,,,,,,,,,,,,,,,,,7.0,6.4,1.1,1.12,6.6,5.9,1.11,1.13,6.25,5.5,1.12,1.15,4.25,3.8,1.21,1.25,3.45,3.1,1.3,1.35,3.0,2.75,1.38,1.43,2.6,2.43,1.48,1.53,2.15,2.05,1.68,1.75,1.93,1.83,1.93,2.03,1.68,1.6,2.15,2.3,1.45,1.38,2.68,3.0,1.35,1.3,3.1,3.45,1.3,1.25,3.45,3.8,1.2,1.17,4.4,5.0,,,,,,,,,,,,,,,,,,,,,,,,,,,,,,,,,,,,
scotland,championship,2023-09-16,Queen's Park,Dunfermline,0,2,,,,,,,,,,,,,,,,,,,,,3.87,4.33,1.24,1.23,3.44,4.4,1.28,1.22,2.64,3.2,1.46,1.36,2.22,2.63,1.63,1.51,1.93,2.27,1.85,1.66,1.61,1.91,2.24,1.94,1.45,1.64,2.65,2.3,1.35,1.5,3.03,2.67,1.24,1.35,3.82,3.28,1.18,1.21,5.12,4.62,,,,,,,,,,,,,,,,,,,,,,,,,,,,,,,,,,,,,,,,,,,,,,,,,5.75,6.6,1.14,1.11,4.25,5.0,1.21,1.17,3.8,4.5,1.25,1.19,3.45,4.1,1.3,1.23,2.6,3.1,1.48,1.35,2.25,2.5,1.63,1.5,2.0,2.2,1.85,1.65,1.68,1.93,2.15,1.93,1.5,1.65,2.5,2.2,1.4,1.5,2.85,2.5,1.28,1.35,3.55,3.1,1.16,1.23,5.25,4.1,1.14,1.19,5.75,4.5,1.13,1.17,6.0,5.0,1.11,1.11,6.8,6.6,,,,,,,,,,,,,,,,,,,,
scotland,championship,2023-09-16,Dundee Utd,Morton,1,1,,,,,,,,,4.37,4.42,1.22,1.22,3.23,3.23,1.36,1.36,2.67,2.65,1.5,1.5,2.35,2.33,1.62,1.63,2.0,2.0,1.79,1.85,1.76,1.73,2.1,2.15,1.6,1.57,2.39,2.46,1.42,1.39,2.92,3.04,1.24,1.22,4.12,4.4,,,,,,,,,,,,,,,,,,,,,,,,,,,,,,,,,,,,,,,,,,,,,,,,,7.0,5.9,1.1,1.13,5.5,4.5,1.15,1.19,4.8,4.15,1.18,1.22,4.4,3.7,1.2,1.26,3.3,2.85,1.33,1.4,2.68,2.43,1.45,1.53,2.38,2.2,1.55,1.65,2.1,1.98,1.7,1.88,1.85,1.68,2.0,2.15,1.65,1.55,2.2,2.38,1.48,1.38,2.6,3.0,1.3,1.22,3.45,4.15,1.25,1.18,3.8,4.65,1.22,1.16,4.15,5.25,1.14,1.1,5.75,7.0,,,,,,,,,,,,,,,,,,,,,,,,,,,,,,,,,,,,
scotland,championship,2023-09-22,Queen's Park,Ayr,2,5,,,,,,,,,,,,,,,,,3.54,3.72,1.27,1.28,3.18,3.34,1.32,1.34,2.82,2.96,1.41,1.42,2.27,2.37,1.6,1.61,1.98,2.05,1.8,1.81,1.71,1.78,2.07,2.08,1.47,1.51,2.61,2.63,1.35,1.38,3.02,3.07,1.29,1.31,3.43,3.52,1.22,1.23,4.39,4.35,,,,,,,,,,,,,,,,,,,,,,,,,,,,,,,,,,,,,,,,,,,,,7.0,6.8,1.1,1.11,6.4,6.8,1.12,1.11,4.4,4.65,1.2,1.18,3.55,3.7,1.28,1.26,3.1,3.45,1.35,1.3,2.75,3.0,1.43,1.38,2.3,2.38,1.6,1.55,2.03,2.08,1.83,1.73,1.73,1.83,2.08,2.03,1.5,1.58,2.5,2.35,1.38,1.43,3.0,2.75,1.3,1.35,3.45,3.1,1.21,1.25,4.25,3.8,1.12,1.15,6.25,5.5,1.11,1.13,6.8,5.9,1.1,1.12,7.0,6.4,,,,,,,,,,,,,,,,,,,,,,,,
scotland,championship,2023-09-23,Partick Thistle,Arbroath,0,3,,,,,,,,,4.23,4.16,1.22,1.24,3.74,3.24,1.28,1.35,3.02,2.66,1.4,1.49,2.68,2.38,1.49,1.61,2.33,2.08,1.63,1.78,1.93,1.81,1.85,2.05,1.75,1.65,2.13,2.3,1.54,1.46,2.55,2.8,1.33,1.27,3.4,3.87,1.26,1.22,3.91,4.42,,,,,,,,,,,,,,,,,,,,,,,,,,,,,,,,,,,,,,,,,,,,,6.25,6.25,1.12,1.12,6.25,4.8,1.12,1.18,5.9,4.4,1.13,1.2,5.5,4.0,1.15,1.23,3.8,3.0,1.25,1.38,3.1,2.5,1.35,1.5,2.75,2.3,1.43,1.6,2.38,2.03,1.55,1.83,2.05,1.73,1.75,2.08,1.83,1.58,2.03,2.35,1.58,1.4,2.35,2.85,1.35,1.23,3.1,4.0,1.28,1.19,3.55,4.5,1.23,1.16,4.0,5.25,1.16,1.11,5.25,6.8,,,,,,,,,,,,,,,,,,,,,,,,,,,,,,,,,,,,
scotland,championship,2023-09-23,Inverness,Dundee Utd,0,1,,,,,,,,,,,,,,,,,,,,,,,,,,,,,,,,,,,,,2.84,3.97,1.4,1.26,2.42,3.42,1.53,1.32,1.96,2.51,1.81,1.55,1.7,2.09,2.09,1.78,1.52,1.83,2.45,2.03,1.34,1.57,3.11,2.47,1.27,1.44,3.52,2.87,1.28,1.35,3.63,3.24,1.24,1.25,4.11,4.08,,,,,,,,,,,,,,,,,,,,,,,,,,,,,,,,,,,,,,,,,,,,,,,,,,,,,3.8,5.5,1.25,1.15,3.1,4.1,1.35,1.23,2.68,3.55,1.45,1.28,2.3,3.3,1.6,1.33,1.95,2.38,1.9,1.55,1.68,2.1,2.15,1.78,1.5,1.8,2.5,2.0,1.33,1.58,3.3,2.35,1.28,1.45,3.55,2.68,1.23,1.38,4.0,3.0,1.16,1.26,5.25,3.7,1.1,1.16,7.0,5.25,1.1,1.14,7.0,5.75,1.11,1.12,6.8,6.25,,,,,,,,
scotland,championship,2023-09-23,Airdrieonians,Raith,1,0,,,,,,,,,,,,,,,,,,,,,,,,,3.99,4.81,1.26,1.19,2.98,3.41,1.4,1.33,2.49,2.77,1.56,1.47,2.15,2.39,1.73,1.6,1.78,2.02,2.01,1.84,1.59,1.71,2.42,2.18,1.46,1.55,2.8,2.52,1.32,1.39,3.43,3.05,1.2,1.24,4.77,4.17,,,,,,,,,,,,,,,,,,,,,,,,,,,,,,,,,,,,,,,,,,,,,,,,,,,,,5.0,5.5,1.17,1.15,4.4,5.0,1.2,1.17,4.0,4.5,1.23,1.19,3.0,3.3,1.38,1.33,2.5,2.68,1.5,1.45,2.2,2.35,1.65,1.58,1.9,2.03,1.95,1.83,1.63,1.68,2.25,2.15,1.5,1.53,2.5,2.43,1.35,1.38,3.1,3.0,1.22,1.24,4.15,3.9,1.19,1.2,4.5,4.4,1.17,1.18,5.0,4.8,1.11,1.12,6.6,6.4,,,,,,,,,,,,,,,,,,,,
scotland,championship,2023-09-23,Dunfermline,Morton,3,1,,,,,,,,,,,,,,,,,,,,,3.26,3.7,1.35,1.29,2.88,3.26,1.44,1.35,2.31,2.53,1.64,1.54,1.97,2.15,1.81,1.74,1.74,1.85,2.13,2.01,1.49,1.53,2.7,2.57,1.37,1.39,3.13,3.08,1.3,1.31,3.57,3.55,1.2,1.21,4.64,4.62,,,,,,,,,,,,,,,,,,,,,,,,,,,,,,,,,,,,,,,,,,,,,,,,,,,,,4.65,4.8,1.18,1.18,3.7,3.7,1.26,1.26,3.45,3.45,1.3,1.3,3.0,3.0,1.38,1.38,2.38,2.35,1.55,1.58,2.05,2.05,1.75,1.75,1.83,1.8,2.03,2.05,1.53,1.53,2.43,2.43,1.4,1.4,2.85,2.85,1.33,1.33,3.3,3.3,1.23,1.22,4.0,4.15,1.13,1.12,5.9,6.25,1.12,1.11,6.4,6.8,,,,,,,,,,,,,,,,,,,,,,,,,,,,
scotland,championship,2023-09-30,Partick Thistle,Dunfermline,3,0,,,,,,,,,,,,,,,,,,,,,3.19,4.16,1.32,1.24,2.82,3.8,1.4,1.28,2.27,2.87,1.6,1.43,1.97,2.41,1.81,1.59,1.71,2.1,2.08,1.76,1.47,1.79,2.6,2.08,1.36,1.58,3.0,2.43,1.29,1.46,3.4,2.78,1.27,1.32,3.74,3.43,1.19,1.19,4.82,4.82,,,,,,,,,,,,,,,,,,,,,,,,,,,,,,,,,,,,,,,,,,,,,,,,,4.5,5.9,1.19,1.13,3.55,4.5,1.28,1.19,3.3,4.15,1.33,1.22,2.85,3.7,1.4,1.26,2.3,2.85,1.6,1.4,2.03,2.38,1.83,1.55,1.73,2.08,2.08,1.73,1.48,1.8,2.6,2.05,1.35,1.58,3.1,2.35,1.28,1.45,3.55,2.68,1.2,1.33,4.4,3.3,1.11,1.2,6.8,4.4,1.13,1.17,5.9,5.0,1.12,1.15,6.25,5.5,1.1,1.1,7.0,7.0,,,,,,,,,,,,,,,,,,,,
scotland,championship,2023-09-30,Morton,Airdrieonians,0,1,,,,,,,,,,,,,,,,,,,,,3.08,3.98,1.38,1.26,2.71,3.55,1.48,1.31,2.19,2.74,1.7,1.48,1.88,2.3,1.89,1.64,1.67,2.01,2.25,1.85,1.43,1.69,2.92,2.21,1.33,1.52,3.38,2.6,1.27,1.41,3.85,2.97,1.2,1.29,4.22,3.71,,,,,,,,,,,,,,,,,,,,,,,,,,,,,,,,,,,,,,,,,,,,,,,,,,,,,4.4,5.5,1.2,1.15,3.55,4.1,1.28,1.23,3.3,3.7,1.33,1.26,2.75,3.3,1.43,1.33,2.3,2.6,1.6,1.48,2.03,2.25,1.83,1.63,1.73,1.98,2.08,1.88,1.45,1.63,2.68,2.25,1.35,1.45,3.1,2.68,1.28,1.35,3.55,3.1,1.19,1.26,4.5,3.7,1.11,1.15,6.8,5.5,1.1,1.14,7.0,5.75,1.11,1.12,6.6,6.25,,,,,,,,,,,,,,,,,,,,,,,,
scotland,championship,2023-09-30,Dundee Utd,Queen's Park,4,1,,,,,,,,,4.3,3.78,1.2,1.28,3.2,2.89,1.32,1.42,2.64,2.44,1.45,1.58,2.33,2.14,1.57,1.74,2.02,1.84,1.76,2.02,1.74,1.63,2.04,2.34,1.57,1.5,2.32,2.66,1.4,1.34,2.83,3.32,1.23,1.19,3.94,4.83,,,,,,,,,,,,,,,,,,,,,,,,,,,,,,,,,,,,,,,,,,,,,,,,,6.25,5.25,1.12,1.16,5.9,4.0,1.13,1.23,5.5,3.55,1.15,1.28,5.0,3.3,1.17,1.33,3.55,2.68,1.28,1.45,2.85,2.3,1.4,1.6,2.6,2.05,1.48,1.75,2.3,1.83,1.6,2.03,1.98,1.63,1.88,2.25,1.73,1.5,2.08,2.5,1.53,1.35,2.43,3.1,1.33,1.19,3.3,4.5,1.26,1.16,3.7,5.25,1.21,1.14,4.25,5.75,,,,,,,,,,,,,,,,,,,,,,,,,,,,,,,,,,,,,,,,
scotland,championship,2023-09-30,Ayr,Raith,1,2,,,,,,,,,,,,,,,,,,,,,,,,,,,,,2.19,3.69,1.64,1.29,1.91,2.93,1.86,1.41,2.06,2.55,1.72,1.54,1.76,2.14,2.02,1.74,1.32,1.79,3.23,2.08,1.26,1.6,3.67,2.4,1.3,1.43,3.3,2.91,1.18,1.26,4.59,3.93,1.31,1.22,3.27,4.42,,,,,,,,,,,,,,,,,,,,,,,,,,,,,,,,,,,,,,,,,,,,,,,,,6.6,5.9,1.11,1.13,6.0,5.5,1.13,1.15,5.75,5.0,1.14,1.17,3.8,3.45,1.25,1.3,3.1,2.85,1.35,1.4,2.68,2.43,1.45,1.53,2.3,2.1,1.6,1.7,1.95,1.8,1.9,2.05,1.68,1.6,2.15,2.3,1.5,1.43,2.5,2.75,1.33,1.28,3.3,3.55,1.28,1.23,3.55,4.1,1.23,1.19,4.0,4.5,1.16,1.13,5.25,5.9,,,,,,,,,,,,,,,,,,,,
scotland,championship,2023-09-30,Arbroath,Inverness,2,3,,,,,,,,,,,,,,,,,,,,,4.18,4.08,1.21,1.25,4.43,3.61,1.19,1.3,3.18,2.72,1.32,1.48,2.59,2.27,1.47,1.66,2.23,1.97,1.62,1.88,1.87,1.66,1.9,2.27,1.6,1.49,2.26,2.69,1.46,1.38,2.63,3.08,1.32,1.26,3.23,3.91,,,,,,,,,,,,,,,,,,,,,,,,,,,,,,,,,,,,,,,,,,,,,,,,,,,,,5.75,5.75,1.14,1.14,4.15,4.25,1.22,1.21,3.8,3.8,1.25,1.25,3.45,3.45,1.3,1.3,2.6,2.6,1.48,1.48,2.2,2.2,1.65,1.65,1.98,1.95,1.88,1.9,1.63,1.6,2.25,2.3,1.48,1.45,2.6,2.68,1.38,1.35,3.0,3.1,1.26,1.24,3.7,3.9,1.15,1.14,5.5,5.75,1.13,1.12,5.9,6.25,1.12,1.11,6.4,6.8,,,,,,,,,,,,,,,,,,,,,,,,
scotland,championship,2023-10-07,Airdrieonians,Ayr,1,2,,,,,,,,,,,,,,,,,,,,,3.68,3.73,1.25,1.28,4.14,3.3,1.24,1.34,3.06,2.57,1.39,1.53,2.53,2.17,1.54,1.71,2.18,1.88,1.71,1.97,1.8,1.58,1.98,2.44,1.6,1.43,2.39,2.9,1.47,1.34,2.77,3.32,1.33,1.23,3.4,4.24,,,,,,,,,,,,,,,,,,,,,,,,,,,,,,,,,,,,,,,,,,,,,,,,,,,,,5.25,5.0,1.16,1.17,4.0,3.9,1.23,1.24,3.55,3.45,1.28,1.3,3.3,3.1,1.33,1.35,2.5,2.43,1.5,1.53,2.15,2.1,1.68,1.7,1.93,1.88,1.93,1.98,1.63,1.58,2.25,2.35,1.48,1.45,2.6,2.68,1.38,1.35,3.0,3.1,1.26,1.25,3.7,3.8,1.15,1.14,5.5,5.75,1.13,1.13,5.9,6.0,1.12,1.11,6.4,6.6,,,,,,,,,,,,,,,,,,,,,,,,
scotland,championship,2023-10-07,Raith,Dundee Utd,1,1,,,,,,,,,,,,,,,,,,,,,,,,,,,,,3.05,4.1,1.35,1.25,2.53,3.24,1.49,1.35,2.2,2.81,1.64,1.46,1.87,2.34,1.9,1.62,1.62,1.89,2.23,1.95,1.48,1.66,2.56,2.27,1.34,1.49,3.1,2.68,1.2,1.32,4.22,3.45,1.21,1.27,4.15,3.86,,,,,,,,,,,,,,,,,,,,,,,,,,,,,,,,,,,,,,,,,,,,,,,,,4.25,6.4,1.21,1.12,3.8,5.9,1.25,1.13,3.45,5.5,1.3,1.15,2.68,3.7,1.45,1.26,2.25,3.0,1.63,1.38,2.03,2.6,1.83,1.48,1.7,2.2,2.1,1.65,1.53,1.88,2.43,1.98,1.4,1.65,2.85,2.2,1.3,1.48,3.45,2.6,1.18,1.3,4.8,3.45,1.15,1.25,5.5,3.8,1.13,1.21,5.9,4.25,1.1,1.14,7.0,5.75,,,,,,,,,,,,,,,,,,,,
scotland,championship,2023-10-07,Queen's Park,Morton,0,0,,,,,,,,,,,,,,,,,,,,,3.46,4.05,1.32,1.25,3.06,3.62,1.39,1.3,2.43,2.8,1.58,1.46,2.09,2.35,1.78,1.62,1.78,2.06,2.0,1.81,1.54,1.75,2.53,2.13,1.42,1.56,2.96,2.49,1.33,1.44,3.37,2.84,1.23,1.31,4.3,3.51,,,,,,,,,,,,,,,,,,,,,,,,,,,,,,,,,,,,,,,,,,,,,,,,,,,,,4.25,5.5,1.21,1.15,3.45,4.15,1.3,1.22,3.1,3.7,1.35,1.26,2.75,3.45,1.43,1.3,2.25,2.68,1.63,1.45,2.0,2.25,1.85,1.63,1.7,2.03,2.1,1.83,1.45,1.7,2.68,2.1,1.35,1.53,3.1,2.43,1.3,1.4,3.45,2.85,1.2,1.3,4.4,3.45,1.11,1.18,6.6,4.65,1.13,1.16,6.0,5.25,1.11,1.14,6.6,5.75,,,,,,,,,,,,,,,,,,,,,,,,
scotland,championship,2023-10-07,Inverness,Partick Thistle,0,0,,,,,,,,,,,,,,,,,,,,,,,,,4.4,4.74,1.21,1.2,3.96,3.41,1.26,1.33,3.14,2.78,1.37,1.46,2.75,2.41,1.47,1.59,2.33,2.04,1.63,1.82,1.88,1.73,1.88,2.15,1.69,1.56,2.22,2.48,1.51,1.4,2.61,2.98,1.33,1.26,3.36,4.0,1.28,1.25,3.78,4.1,,,,,,,,,,,,,,,,,,,,,,,,,,,,,,,,,,,,,,,,,,,,,6.8,6.8,1.11,1.11,6.8,5.25,1.11,1.16,6.4,4.65,1.12,1.18,5.9,4.25,1.13,1.21,4.0,3.3,1.23,1.33,3.3,2.68,1.33,1.45,2.85,2.35,1.4,1.58,2.43,2.03,1.53,1.83,2.03,1.8,1.83,2.05,1.73,1.55,2.08,2.38,1.55,1.4,2.38,2.85,1.38,1.26,3.0,3.7,1.3,1.22,3.45,4.15,1.26,1.19,3.7,4.5,1.18,1.13,4.65,5.9,,,,,,,,,,,,,,,,,,,,
scotland,championship,2023-10-20,Airdrieonians,Queen's Park,1,1,,,,,,,,,,,,,,,,,3.54,3.68,1.31,1.29,3.16,3.4,1.37,1.33,2.79,3.01,1.46,1.4,2.25,2.41,1.67,1.59,1.92,2.08,1.85,1.78,1.7,1.83,2.19,2.04,1.45,1.56,2.81,2.49,1.35,1.43,3.26,2.9,1.29,1.35,3.71,3.28,1.22,1.24,4.26,4.15,,,,,,,,,,,,,,,,,,,,,,,,,,,,,,,,,,,,,,,,,,,,,,,,,,,,,,,,,,,,,,,,,,,,,,,,,1.83,2.05,2.03,1.8,2.05,1.83,1.8,2.03,,,,,,,,,,,,,,,,,,,,,,,,,,,,,,,,,,,,,,,,,,,,,,,,,,,,
scotland,championship,2023-10-21,Dunfermline,Ayr,0,1,,,,,,,,,,,,,,,,,3.23,3.56,1.35,1.3,2.87,3.17,1.43,1.36,2.52,2.79,1.55,1.46,2.08,2.24,1.78,1.68,1.8,1.95,1.98,1.9,1.6,1.68,2.38,2.23,1.38,1.43,3.14,2.92,1.3,1.33,3.61,3.41,1.25,1.26,4.09,3.91,,,,,,,,,,,,,,,,,,,,,,,,,,,,,,,,,,,,,,,,,,,,,7.0,7.0,1.1,1.1,6.6,6.6,1.11,1.11,6.0,6.0,1.13,1.13,4.15,4.15,1.22,1.22,3.3,3.45,1.33,1.3,3.0,3.0,1.38,1.38,2.6,2.6,1.48,1.48,2.15,2.15,1.68,1.68,1.93,1.95,1.93,1.9,1.65,1.65,2.2,2.2,1.43,1.43,2.75,2.75,1.33,1.33,3.3,3.3,1.28,1.28,3.55,3.55,1.18,1.18,4.65,4.65,1.1,1.1,7.0,7.0,,,,,,,,,,,,,,,,,,,,,,,,,,,,,,,,
scotland,championship,2023-10-21,Partick Thistle,Dundee Utd,0,5,,,,,,,,,,,,,,,,,,,,,,,,,4.19,4.83,1.21,1.19,3.1,3.61,1.34,1.3,2.57,2.9,1.48,1.42,2.24,2.54,1.62,1.54,1.91,2.16,1.86,1.72,1.65,1.82,2.19,2.04,1.5,1.63,2.51,2.34,1.35,1.46,3.02,2.8,1.22,1.29,4.06,3.69,1.24,1.24,4.14,4.14,,,,,,,,,,,,,,,,,,,,,,,,,,,,,,,,,,,,,,,,,,,,,,,,,4.25,5.75,1.21,1.14,3.9,5.25,1.24,1.16,3.45,4.65,1.3,1.18,2.68,3.45,1.45,1.3,2.25,2.75,1.63,1.43,2.03,2.38,1.83,1.55,1.7,2.13,2.1,1.75,1.53,1.78,2.43,2.03,1.4,1.6,2.85,2.3,1.3,1.43,3.45,2.75,1.17,1.28,5.0,3.55,1.15,1.23,5.5,4.0,1.13,1.2,5.9,4.4,1.11,1.13,6.8,5.9,,,,,,,,,,,,,,,,,,,,
scotland,championship,2023-10-27,Dundee Utd,Arbroath,6,0,,,,,3.93,3.6,1.23,1.3,3.77,3.19,1.28,1.36,2.87,2.52,1.43,1.55,2.41,2.15,1.59,1.73,2.12,1.9,1.75,1.95,1.79,1.63,1.99,2.34,1.62,1.48,2.35,2.71,1.5,1.39,2.67,3.06,1.34,1.25,3.33,4.02,,,,,,,,,,,,,,,,,,,,,,,,,,,,,,,,,,,,,,,,,,,,,7.0,6.8,1.1,1.11,7.0,6.4,1.1,1.12,5.9,4.5,1.13,1.19,4.5,3.55,1.19,1.28,4.15,3.3,1.22,1.33,3.7,3.0,1.26,1.38,2.85,2.38,1.4,1.55,2.43,2.08,1.53,1.73,2.15,1.88,1.68,1.98,1.93,1.6,1.93,2.3,1.68,1.48,2.15,2.6,1.53,1.4,2.43,2.85,1.38,1.26,3.0,3.7,1.22,1.14,4.15,5.75,1.18,1.13,4.65,6.0,1.15,1.11,5.5,6.6,,,,,,,,,,,,,,,,,,,,,,,,,,,,,,,,,,,,,,,,
scotland,championship,2023-10-27,Queen's Park,Partick Thistle,2,2,,,,,,,,,,,,,,,,,,,,,,,,,4.77,4.6,1.2,1.21,3.68,3.35,1.29,1.33,2.95,2.75,1.41,1.47,2.58,2.41,1.53,1.59,2.18,2.08,1.71,1.79,1.79,1.77,2.0,2.09,1.63,1.6,2.34,2.39,1.46,1.44,2.79,2.83,1.29,1.29,3.65,3.71,1.25,1.25,4.09,4.06,,,,,,,,,,,,,,,,,,,,,,,,,,,,,,,,,,,,,,,,,,,,,,,,,6.4,5.75,1.12,1.14,6.0,5.25,1.13,1.16,5.5,4.65,1.15,1.18,3.8,3.45,1.25,1.3,3.0,2.85,1.38,1.4,2.68,2.5,1.45,1.5,2.3,2.15,1.6,1.68,1.93,1.85,1.93,2.0,1.68,1.63,2.15,2.25,1.5,1.48,2.5,2.6,1.33,1.33,3.3,3.3,1.28,1.28,3.55,3.55,1.23,1.23,4.0,4.0,1.15,1.16,5.5,5.25,,,,,,,,,,,,,,,,,,,,
scotland,championship,2023-10-28,Raith,Dunfermline,1,0,,,,,,,,,,,,,,,,,,,,,2.9,3.7,1.42,1.29,2.54,3.26,1.54,1.35,2.08,2.54,1.78,1.54,1.8,2.15,1.98,1.73,1.6,1.87,2.39,1.99,1.37,1.56,3.18,2.47,1.29,1.43,3.67,2.92,1.24,1.34,4.17,3.35,1.21,1.23,4.18,4.33,,,,,,,,,,,,,,,,,,,,,,,,,,,,,,,,,,,,,,,,,,,,,,,,,,,,,4.25,5.25,1.21,1.16,3.45,4.0,1.3,1.23,3.0,3.55,1.38,1.28,2.6,3.3,1.48,1.33,2.15,2.43,1.68,1.53,1.93,2.1,1.93,1.7,1.68,1.88,2.15,1.98,1.45,1.58,2.68,2.35,1.35,1.43,3.1,2.75,1.3,1.35,3.45,3.1,1.19,1.24,4.5,3.9,1.1,1.13,7.0,5.9,1.11,1.12,6.8,6.4,1.11,1.11,6.8,6.8,,,,,,,,,,,,,,,,,,,,,,,,
scotland,championship,2023-10-28,Inverness,Airdrieonians,1,0,,,,,,,,,,,,,,,,,,,,,3.91,3.74,1.23,1.28,4.19,3.31,1.24,1.34,3.08,2.57,1.38,1.53,2.54,2.18,1.54,1.71,2.19,1.89,1.7,1.96,1.8,1.6,1.98,2.4,1.6,1.45,2.4,2.83,1.46,1.35,2.78,3.24,1.32,1.25,3.42,4.11,,,,,,,,,,,,,,,,,,,,,,,,,,,,,,,,,,,,,,,,,,,,,,,,,,,,,6.8,5.25,1.11,1.16,5.25,3.9,1.16,1.24,4.5,3.55,1.19,1.28,4.15,3.3,1.22,1.33,3.0,2.43,1.38,1.53,2.5,2.1,1.5,1.7,2.2,1.9,1.65,1.95,1.93,1.6,1.93,2.3,1.65,1.45,2.2,2.68,1.5,1.38,2.5,3.0,1.38,1.26,3.0,3.7,1.22,1.15,4.15,5.5,1.19,1.13,4.5,5.9,1.16,1.12,5.25,6.4,,,,,,,,,,,,,,,,,,,,,,,,
scotland,championship,2023-10-28,Ayr,Morton,0,1,,,,,,,,,,,,,,,,,,,,,3.19,3.67,1.32,1.29,2.81,3.23,1.41,1.35,2.25,2.51,1.61,1.55,1.95,2.13,1.83,1.75,1.68,1.85,2.12,2.0,1.43,1.57,2.71,2.45,1.33,1.44,3.16,2.88,1.26,1.35,3.6,3.28,1.21,1.24,4.36,4.2,,,,,,,,,,,,,,,,,,,,,,,,,,,,,,,,,,,,,,,,,,,,,,,,,,,,,5.0,5.25,1.17,1.16,3.8,4.0,1.25,1.23,3.45,3.55,1.3,1.28,3.1,3.3,1.35,1.33,2.38,2.5,1.55,1.5,2.08,2.15,1.73,1.68,1.83,1.9,2.03,1.95,1.53,1.58,2.43,2.35,1.38,1.43,3.0,2.75,1.3,1.33,3.45,3.3,1.21,1.23,4.25,4.0,1.12,1.13,6.25,5.9,1.11,1.12,6.8,6.25,1.1,1.11,7.0,6.8,,,,,,,,,,,,,,,,,,,,,,,,
scotland,championship,2023-10-31,Partick Thistle,Ayr,2,2,,,,,,,,,,,,,,,,,3.08,3.58,1.38,1.3,2.73,3.22,1.48,1.36,2.36,2.86,1.61,1.44,1.93,2.32,1.85,1.63,1.74,2.03,2.13,1.83,1.53,1.77,2.57,2.09,1.31,1.52,3.51,2.59,1.25,1.4,4.05,2.99,1.29,1.33,3.36,3.39,,,,,,,,,,,,,,,,,,,,,,,,,,,,,,,,,,,,,,,,,,,,,6.6,7.0,1.11,1.1,6.0,6.6,1.13,1.11,5.75,6.0,1.14,1.13,3.9,4.25,1.24,1.21,3.1,3.45,1.35,1.3,2.75,3.1,1.43,1.35,2.43,2.75,1.53,1.43,2.05,2.25,1.75,1.63,1.83,2.03,2.03,1.83,1.58,1.75,2.35,2.05,1.35,1.5,3.1,2.5,1.28,1.4,3.55,2.85,1.23,1.33,4.0,3.3,1.15,1.23,5.5,4.0,1.1,1.14,7.0,5.75,1.1,1.12,7.0,6.25,1.1,1.11,7.0,6.6,,,,,,,,,,,,,,,,,,,,,,,,
scotland,championship,2023-10-31,Morton,Raith,1,2,,,,,,,,,,,,,,,,,,,,,,,,,5.09,5.31,1.18,1.17,3.57,3.58,1.3,1.3,2.88,2.85,1.44,1.44,2.48,2.42,1.56,1.59,2.04,1.99,1.75,1.86,1.74,1.66,2.13,2.26,1.56,1.5,2.48,2.66,1.4,1.34,2.99,3.3,1.25,1.2,4.05,4.74,1.19,1.2,4.97,4.77,,,,,,,,,,,,,,,,,,,,,,,,,,,,,,,,,,,,,,,,,,,,,,,,,6.6,5.75,1.11,1.14,6.0,5.5,1.13,1.15,5.75,4.65,1.14,1.18,3.8,3.3,1.25,1.33,3.1,2.68,1.35,1.45,2.68,2.35,1.45,1.58,2.3,2.13,1.6,1.75,1.93,1.65,1.93,2.2,1.68,1.5,2.15,2.5,1.5,1.35,2.5,3.1,1.33,1.21,3.3,4.25,1.26,1.18,3.7,4.65,1.23,1.15,4.1,5.5,1.15,1.1,5.5,7.0,,,,,,,,,,,,,,,,,,,,
scotland,championship,2023-10-31,Airdrieonians,Dundee Utd,0,2,,,,,,,,,,,,,,,,,,,,,,,,,,,,,,,,,,,,,,,,,3.14,4.56,1.34,1.21,2.37,3.1,1.56,1.38,2.0,2.49,1.78,1.56,1.75,2.2,2.02,1.7,1.52,1.91,2.45,1.94,1.4,1.68,2.81,2.23,1.33,1.54,3.17,2.53,1.25,1.39,3.69,3.04,1.22,1.25,4.43,4.06,,,,,,,,,,,,,,,,,,,,,,,,,,,,,,,,,,,,,,,,,,,,,,,,,4.65,7.0,1.18,1.1,3.55,5.25,1.28,1.16,3.3,4.65,1.33,1.18,2.75,4.15,1.43,1.22,2.2,3.0,1.65,1.38,1.93,2.38,1.93,1.55,1.68,2.15,2.15,1.68,1.48,1.93,2.6,1.93,1.38,1.68,3.0,2.15,1.3,1.55,3.45,2.38,1.22,1.4,4.15,2.85,1.13,1.26,6.0,3.7,1.11,1.23,6.6,4.0,1.1,1.2,7.0,4.4,1.1,1.14,7.0,5.75,,,,
scotland,championship,2023-11-03,Morton,Dunfermline,1,2,,,,,,,,,,,,,,,,,,,,,4.17,4.58,1.21,1.21,4.19,4.1,1.24,1.25,3.08,3.02,1.38,1.4,2.54,2.49,1.54,1.56,2.19,2.13,1.7,1.76,1.8,1.75,1.98,2.12,1.6,1.53,2.4,2.57,1.46,1.4,2.78,2.99,1.32,1.28,3.42,3.76,1.19,1.17,4.8,5.27,,,,,,,,,,,,,,,,,,,,,,,,,,,,,,,,,,,,,,,,,,,,,,,,,6.8,6.25,1.11,1.12,5.25,4.65,1.16,1.18,4.5,4.25,1.19,1.21,4.15,3.8,1.22,1.25,3.1,2.85,1.35,1.4,2.5,2.38,1.5,1.55,2.25,2.08,1.63,1.73,1.93,1.8,1.93,2.05,1.63,1.58,2.25,2.35,1.5,1.45,2.5,2.68,1.35,1.33,3.1,3.3,1.22,1.19,4.15,4.5,1.19,1.16,4.5,5.25,1.16,1.14,5.25,5.75,,,,,,,,,,,,,,,,,,,,,,,,
scotland,championship,2023-11-04,Dundee Utd,Inverness,1,1,,,,,3.37,3.67,1.29,1.29,2.99,3.24,1.36,1.35,2.39,2.53,1.54,1.54,2.06,2.15,1.72,1.73,1.81,1.88,1.96,1.96,1.56,1.61,2.35,2.36,1.43,1.47,2.72,2.75,1.35,1.38,3.06,3.11,1.23,1.25,3.94,4.09,,,,,,,,,,,,,,,,,,,,,,,,,,,,,,,,,,,,,,,,,,,,,7.0,7.0,1.1,1.1,6.8,6.8,1.11,1.11,4.65,4.65,1.18,1.18,3.7,3.7,1.26,1.26,3.45,3.45,1.3,1.3,3.1,3.0,1.35,1.38,2.43,2.43,1.53,1.53,2.1,2.1,1.7,1.7,1.93,1.9,1.93,1.95,1.65,1.63,2.2,2.25,1.5,1.48,2.5,2.6,1.4,1.4,2.85,2.85,1.28,1.28,3.55,3.55,1.17,1.15,5.0,5.5,1.14,1.13,5.75,5.9,1.13,1.12,6.0,6.25,,,,,,,,,,,,,,,,,,,,,,,,,,,,,,,,,,,,,,,,
scotland,championship,2023-11-04,Ayr,Queen's Park,2,2,,,,,,,,,,,,,,,,,,,,,3.24,4.08,1.35,1.25,2.87,3.81,1.44,1.27,2.31,2.89,1.64,1.43,1.97,2.43,1.81,1.58,1.74,2.13,2.13,1.75,1.49,1.83,2.69,2.03,1.38,1.61,3.12,2.36,1.31,1.49,3.55,2.69,1.22,1.35,4.35,3.28,1.21,1.21,4.49,4.49,,,,,,,,,,,,,,,,,,,,,,,,,,,,,,,,,,,,,,,,,,,,,,,,,4.65,5.75,1.18,1.14,3.7,4.4,1.26,1.2,3.45,3.9,1.3,1.24,3.0,3.55,1.38,1.28,2.38,2.75,1.55,1.43,2.05,2.35,1.75,1.58,1.83,2.1,2.03,1.78,1.55,1.75,2.38,2.05,1.43,1.58,2.75,2.35,1.33,1.45,3.3,2.68,1.24,1.33,3.9,3.3,1.13,1.2,5.9,4.4,1.12,1.17,6.25,5.0,1.11,1.15,6.8,5.5,1.1,1.1,7.0,7.0,,,,,,,,,,,,,,,,,,,,
scotland,championship,2023-11-04,Arbroath,Partick Thistle,1,3,,,,,,,,,,,,,,,,,,,,,,,,,,,,,3.44,3.63,1.32,1.3,2.82,2.93,1.45,1.41,2.45,2.58,1.57,1.52,2.03,2.21,1.76,1.69,1.76,1.86,2.11,1.99,1.58,1.66,2.43,2.27,1.43,1.49,2.89,2.68,1.27,1.32,3.81,3.44,1.24,1.27,4.19,3.86,,,,,,,,,,,,,,,,,,,,,,,,,,,,,,,,,,,,,,,,,,,,,,,,,6.25,5.9,1.12,1.13,5.9,5.5,1.13,1.15,5.5,5.0,1.15,1.17,3.7,3.55,1.26,1.28,3.0,3.0,1.38,1.38,2.68,2.6,1.45,1.48,2.3,2.25,1.6,1.63,1.93,1.9,1.93,1.95,1.68,1.68,2.15,2.15,1.5,1.5,2.5,2.5,1.33,1.33,3.3,3.3,1.28,1.28,3.55,3.55,1.24,1.24,3.9,3.9,1.16,1.17,5.25,5.0,,,,,,,,,,,,,,,,,,,,
scotland,championship,2023-11-04,Raith,Airdrieonians,1,1,,,,,,,,,,,,,3.74,3.99,1.25,1.26,3.23,3.28,1.35,1.35,2.87,2.9,1.43,1.42,2.52,2.52,1.55,1.55,2.08,2.06,1.78,1.79,1.8,1.81,1.98,2.05,1.6,1.57,2.38,2.46,1.38,1.34,3.14,3.4,1.3,1.26,3.61,3.95,1.25,1.21,4.09,4.5,,,,,,,,,,,,,,,,,,,,,,,,,,,,,,,,,,,,,,,,,,,,,7.0,6.4,1.1,1.12,6.4,5.9,1.12,1.13,6.0,5.5,1.13,1.15,4.15,3.8,1.22,1.25,3.3,3.1,1.33,1.35,3.0,2.75,1.38,1.43,2.6,2.43,1.48,1.53,2.15,2.05,1.68,1.75,1.93,1.83,1.93,2.03,1.65,1.58,2.2,2.35,1.43,1.38,2.75,3.0,1.35,1.3,3.1,3.45,1.28,1.25,3.55,3.8,1.19,1.16,4.5,5.25,,,,,,,,,,,,,,,,,,,,,,,,,,,,,,,,,,,,
scotland,championship,2023-11-10,Dunfermline,Dundee Utd,1,2,,,,,,,,,,,,,,,,,,,,,,,,,,,,,,,,,,,,,4.28,4.23,1.2,1.23,3.77,3.64,1.25,1.29,2.75,2.6,1.43,1.52,2.26,2.13,1.61,1.74,1.99,1.88,1.79,1.97,1.71,1.61,2.08,2.36,1.54,1.48,2.4,2.73,1.43,1.38,2.71,3.09,1.3,1.27,3.31,3.86,,,,,,,,,,,,,,,,,,,,,,,,,,,,,,,,,,,,,,,,,,,,,,,,,,,,,5.9,5.75,1.13,1.14,4.25,4.25,1.21,1.21,3.8,3.7,1.25,1.26,3.45,3.3,1.3,1.33,2.5,2.5,1.5,1.5,2.15,2.1,1.68,1.7,1.95,1.9,1.9,1.95,1.65,1.63,2.2,2.25,1.5,1.48,2.5,2.6,1.43,1.4,2.75,2.85,1.3,1.28,3.45,3.55,1.19,1.17,4.5,5.0,1.16,1.15,5.25,5.5,1.14,1.13,5.75,5.9,,,,,,,,
scotland,championship,2023-11-11,Queen's Park,Raith,2,3,,,,,,,,,,,,,,,,,,,,,,,,,,,,,3.73,3.87,1.25,1.27,2.99,3.04,1.36,1.39,2.61,2.64,1.47,1.5,2.21,2.22,1.63,1.68,1.83,1.84,1.93,2.02,1.62,1.63,2.23,2.33,1.46,1.46,2.64,2.78,1.29,1.29,3.4,3.64,1.24,1.25,3.81,4.09,,,,,,,,,,,,,,,,,,,,,,,,,,,,,,,,,,,,,,,,,,,,,,,,,6.4,5.9,1.12,1.13,5.9,5.5,1.13,1.15,5.5,4.8,1.15,1.18,3.7,3.45,1.26,1.3,3.0,2.75,1.38,1.43,2.68,2.38,1.45,1.55,2.3,2.08,1.6,1.73,1.98,1.78,1.88,2.1,1.7,1.58,2.1,2.35,1.53,1.43,2.43,2.75,1.35,1.26,3.1,3.7,1.3,1.22,3.45,4.15,1.25,1.19,3.8,4.5,1.17,1.13,5.0,6.0,,,,,,,,,,,,,,,,,,,,
scotland,championship,2023-11-11,Partick Thistle,Morton,2,1,,,,,,,,,,,,,3.58,3.72,1.27,1.28,2.91,3.01,1.38,1.4,2.6,2.69,1.47,1.49,2.27,2.35,1.6,1.62,1.93,1.99,1.85,1.87,1.71,1.76,2.08,2.1,1.52,1.55,2.45,2.51,1.33,1.34,3.16,3.33,1.27,1.27,3.58,3.83,1.26,1.25,3.81,4.02,,,,,,,,,,,,,,,,,,,,,,,,,,,,,,,,,,,,,,,,,,,,,5.75,5.75,1.14,1.14,5.25,5.25,1.16,1.16,4.65,4.65,1.18,1.18,3.45,3.45,1.3,1.3,2.75,2.85,1.43,1.4,2.5,2.5,1.5,1.5,2.2,2.25,1.65,1.63,1.93,1.98,1.93,1.88,1.7,1.73,2.1,2.08,1.5,1.55,2.5,2.38,1.33,1.35,3.3,3.1,1.26,1.28,3.7,3.55,1.21,1.24,4.25,3.9,1.14,1.16,5.75,5.25,1.1,1.11,7.0,6.8,,,,,,,,,,,,,,,,,,,,,,,,,,,,,,,,
scotland,championship,2023-11-11,Inverness,Ayr,3,1,,,,,,,,,,,,,,,,,,,,,3.97,4.57,1.23,1.21,3.94,4.08,1.23,1.25,2.96,2.99,1.37,1.41,2.46,2.46,1.52,1.57,2.13,2.11,1.68,1.77,1.8,1.75,1.98,2.12,1.57,1.54,2.34,2.54,1.44,1.41,2.7,2.95,1.31,1.29,3.28,3.71,1.18,1.16,4.5,5.42,,,,,,,,,,,,,,,,,,,,,,,,,,,,,,,,,,,,,,,,,,,,,,,,,6.6,6.6,1.11,1.11,5.0,5.0,1.17,1.17,4.5,4.4,1.19,1.2,4.1,3.9,1.23,1.24,3.1,2.85,1.35,1.4,2.5,2.38,1.5,1.55,2.25,2.08,1.63,1.73,1.93,1.78,1.93,2.1,1.63,1.55,2.25,2.38,1.5,1.43,2.5,2.75,1.35,1.3,3.1,3.45,1.23,1.17,4.1,5.0,1.19,1.15,4.5,5.5,1.17,1.13,5.0,5.9,,,,,,,,,,,,,,,,,,,,,,,,
scotland,championship,2023-11-11,Airdrieonians,Arbroath,2,0,,,,,,,,,,,,,,,,,,,,,3.59,3.5,1.3,1.31,3.17,3.09,1.37,1.38,2.49,2.45,1.56,1.57,2.12,2.09,1.75,1.77,1.8,1.83,1.98,2.03,1.55,1.55,2.51,2.51,1.42,1.42,2.96,2.94,1.33,1.34,3.38,3.34,1.23,1.23,4.34,4.28,,,,,,,,,,,,,,,,,,,,,,,,,,,,,,,,,,,,,,,,,,,,,,,,,,,,,5.5,5.0,1.15,1.17,4.1,3.8,1.23,1.25,3.7,3.45,1.26,1.3,3.3,3.1,1.33,1.35,2.5,2.43,1.5,1.53,2.15,2.08,1.68,1.73,1.93,1.85,1.93,2.0,1.6,1.55,2.3,2.38,1.45,1.43,2.68,2.75,1.35,1.33,3.1,3.3,1.25,1.23,3.8,4.0,1.14,1.13,5.75,5.9,1.13,1.12,6.0,6.4,1.11,1.11,6.6,6.8,,,,,,,,,,,,,,,,,,,,,,,,
scotland,championship,2023-11-18,Dunfermline,Inverness,1,1,,,,,,,,,,,,,,,,,,,,,,,,,2.92,4.4,1.43,1.22,2.32,3.15,1.63,1.37,1.97,2.58,1.81,1.53,1.74,2.18,2.14,1.71,1.48,1.79,2.73,2.08,1.36,1.55,3.18,2.52,1.29,1.41,3.64,2.97,1.19,1.28,4.75,3.73,1.16,1.16,5.52,5.46,,,,,,,,,,,,,,,,,,,,,,,,,,,,,,,,,,,,,,,,,,,,,,,,,5.0,6.8,1.17,1.11,3.8,5.25,1.25,1.16,3.45,4.5,1.3,1.19,3.1,4.15,1.35,1.22,2.38,3.0,1.55,1.38,2.08,2.43,1.73,1.53,1.83,2.25,2.03,1.68,1.53,1.8,2.43,2.0,1.4,1.58,2.85,2.35,1.3,1.45,3.45,2.68,1.21,1.33,4.25,3.3,1.12,1.18,6.25,4.65,1.11,1.16,6.8,5.25,1.11,1.14,6.8,5.75,,,,,,,,,,,,,,,,,,,,,,,,
scotland,championship,2023-11-28,Dunfermline,Arbroath,3,0,,,,,,,,,,,,,,,,,3.37,3.32,1.29,1.34,3.01,2.94,1.35,1.41,2.66,2.57,1.45,1.53,2.16,2.1,1.66,1.76,1.89,1.85,1.88,2.01,1.65,1.61,2.18,2.37,1.41,1.38,2.79,3.15,1.32,1.29,3.22,3.63,1.26,1.24,3.65,4.13,,,,,,,,,,,,,,,,,,,,,,,,,,,,,,,,,,,,,,,,,,,,,7.0,6.6,1.1,1.11,6.8,6.0,1.11,1.13,7.0,5.75,1.1,1.14,4.65,3.9,1.18,1.24,3.7,3.3,1.26,1.33,3.45,2.85,1.3,1.4,3.0,2.5,1.38,1.5,2.38,2.08,1.55,1.73,2.05,1.88,1.75,1.98,1.83,1.63,2.03,2.25,1.55,1.38,2.38,3.0,1.43,1.3,2.75,3.45,1.33,1.24,3.3,3.9,1.23,1.16,4.0,5.25,,,,,,,,,,,,,,,,,,,,,,,,,,,,,,,,,,,,
scotland,championship,2023-12-02,Partick Thistle,Airdrieonians,2,1,,,,,,,,,,,,,,,,,2.81,3.46,1.45,1.32,2.49,3.09,1.56,1.38,2.16,2.73,1.72,1.48,1.81,2.22,1.97,1.68,1.66,1.95,2.27,1.9,1.47,1.71,2.75,2.18,1.28,1.48,3.78,2.73,1.23,1.37,4.31,3.14,1.26,1.31,3.91,3.54,,,,,,,,,,,,,,,,,,,,,,,,,,,,,,,,,,,,,,,,,,,,,5.75,6.4,1.14,1.12,5.5,5.9,1.15,1.13,4.8,5.5,1.18,1.15,3.55,3.9,1.28,1.24,2.85,3.1,1.4,1.35,2.5,2.75,1.5,1.43,2.25,2.43,1.63,1.53,1.95,2.13,1.9,1.75,1.7,1.83,2.1,1.98,1.53,1.63,2.43,2.25,1.33,1.43,3.3,2.75,1.26,1.35,3.7,3.1,1.23,1.3,4.1,3.45,1.15,1.2,5.5,4.4,1.1,1.11,7.0,6.6,1.11,1.1,6.8,7.0,,,,,,,,,,,,,,,,,,,,,,,,,,,,
scotland,championship,2023-12-02,Morton,Dundee Utd,0,0,,,,,,,,,,,,,,,,,,,,,,,,,,,,,,,,,,,,,,,,,,,,,,,,,,,,,,,,,,,,,,,,,,,,,,,,,,,,,,,,,,,,,,,,,,,,,,,,,,,,,,,,,,,,,,,,,,,,,,,,,,,,,,,,,,,,,,,,,,,,,,,,,,,,,,,,,,,,,,,,,,,,,,,,,,,,,,,,,,,,,,,,,,,,
scotland,championship,2023-12-02,Inverness,Raith,1,2,,,,,,,,,,,,,,,,,,,,,,,,,5.99,5.39,1.14,1.16,3.61,3.66,1.26,1.29,2.9,2.91,1.38,1.43,2.53,2.46,1.49,1.57,2.13,2.02,1.68,1.84,1.78,1.67,2.0,2.25,1.58,1.5,2.31,2.66,1.42,1.34,2.75,3.31,1.26,1.19,3.6,4.81,,,,,,,,,,,,,,,,,,,,,,,,,,,,,,,,,,,,,,,,,,,,,,,,,,,,,6.25,6.0,1.12,1.13,5.75,5.75,1.14,1.14,5.5,5.0,1.15,1.17,3.7,3.45,1.26,1.3,3.0,2.68,1.38,1.45,2.6,2.35,1.48,1.58,2.25,2.0,1.63,1.85,1.93,1.65,1.93,2.2,1.68,1.5,2.15,2.5,1.5,1.35,2.5,3.1,1.33,1.19,3.3,4.5,1.28,1.16,3.55,5.25,1.24,1.14,3.9,5.75,,,,,,,,,,,,,,,,,,,,,,,,
scotland,championship,2023-12-08,Raith,Partick Thistle,4,3,,,,,,,,,,,,,,,,,,,,,4.14,3.64,1.24,1.29,3.69,3.21,1.29,1.36,2.8,2.51,1.46,1.55,2.34,2.13,1.63,1.74,1.99,1.85,1.79,2.01,1.7,1.54,2.2,2.54,1.51,1.41,2.61,3.01,1.4,1.32,3.0,3.46,1.28,1.22,3.77,4.45,,,,,,,,,,,,,,,,,,,,,,,,,,,,,,,,,,,,,,,,,,,,,,,,,,,,,5.75,5.25,1.14,1.16,4.25,4.0,1.21,1.23,3.9,3.55,1.24,1.28,3.45,3.3,1.3,1.33,2.68,2.5,1.45,1.5,2.3,2.15,1.6,1.68,2.03,1.9,1.83,1.95,1.68,1.58,2.15,2.35,1.5,1.43,2.5,2.75,1.4,1.35,2.85,3.1,1.28,1.24,3.55,3.9,1.17,1.14,5.0,5.75,1.15,1.12,5.5,6.25,1.13,1.11,5.9,6.6,,,,,,,,,,,,,,,,,,,,,,,,
scotland,championship,2023-12-09,Queen's Park,Inverness,1,4,,,,,,,,,,,,,,,,,3.84,3.87,1.27,1.27,4.01,3.7,1.22,1.29,4.19,3.28,1.21,1.35,3.08,2.56,1.34,1.53,2.54,2.17,1.49,1.71,2.22,1.9,1.63,1.95,1.89,1.61,1.88,2.36,1.63,1.47,2.2,2.76,1.49,1.37,2.53,3.14,1.34,1.26,3.07,3.98,,,,,,,,,,,,,,,,,,,,,,,,,,,,,,,,,,,,,,,,,,,,,,,,,7.0,7.0,1.1,1.1,5.25,4.8,1.16,1.18,4.0,3.7,1.23,1.26,3.55,3.45,1.28,1.3,3.3,3.0,1.33,1.38,2.5,2.35,1.5,1.58,2.15,2.05,1.68,1.75,1.93,1.8,1.93,2.05,1.6,1.5,2.3,2.5,1.45,1.38,2.68,3.0,1.38,1.3,3.0,3.45,1.26,1.21,3.7,4.25,1.15,1.12,5.5,6.4,1.13,1.11,5.9,6.8,,,,,,,,,,,,,,,,,,,,,,,,,,,,
scotland,championship,2023-12-09,Dundee Utd,Ayr,1,0,3.66,3.52,1.29,1.31,3.92,3.15,1.25,1.37,3.56,2.78,1.3,1.46,2.76,2.26,1.46,1.67,2.34,1.97,1.62,1.88,2.07,1.72,1.79,2.16,1.76,1.49,2.02,2.69,1.61,1.38,2.38,3.08,1.49,1.31,2.69,3.49,,,,,,,,,,,,,,,,,,,,,,,,,,,,,,,,,,,,,,,,,,,,,6.4,6.0,1.12,1.13,7.0,5.75,1.1,1.14,7.0,5.5,1.1,1.15,5.0,3.8,1.17,1.25,3.9,3.1,1.24,1.35,3.55,2.85,1.28,1.4,3.3,2.5,1.33,1.5,2.6,2.15,1.48,1.68,2.25,1.95,1.63,1.9,2.03,1.7,1.78,2.1,1.78,1.48,2.1,2.6,1.58,1.38,2.35,3.0,1.48,1.33,2.6,3.3,1.33,1.22,3.3,4.15,1.19,1.12,4.5,6.25,1.16,1.11,5.25,6.8,,,,,,,,,,,,,,,,,,,,,,,,,,,,,,,,,,,,,,,,,,,,
scotland,championship,2023-12-09,Arbroath,Morton,1,2,,,,,,,,,,,,,,,,,,,,,,,,,3.31,5.25,1.3,1.17,2.57,3.65,1.48,1.29,2.17,2.93,1.65,1.42,1.88,2.52,1.88,1.55,1.58,2.12,2.3,1.77,1.43,1.76,2.72,2.11,1.34,1.57,3.11,2.46,1.23,1.41,3.92,2.97,1.21,1.25,4.35,4.03,,,,,,,,,,,,,,,,,,,,,,,,,,,,,,,,,,,,,,,,,,,,,,,,,,,,,4.0,5.9,1.23,1.13,3.55,5.5,1.28,1.15,3.3,4.8,1.33,1.18,2.5,3.45,1.5,1.3,2.15,2.75,1.68,1.43,1.93,2.38,1.93,1.55,1.6,2.05,2.3,1.8,1.45,1.7,2.68,2.1,1.35,1.53,3.1,2.43,1.25,1.38,3.8,3.0,1.15,1.23,5.5,4.0,1.13,1.2,5.9,4.4,1.12,1.17,6.4,5.0,1.1,1.11,7.0,6.6,,,,,,,,,,,,,,,,,,,,
scotland,championship,2023-12-09,Airdrieonians,Dunfermline,1,2,,,,,,,,,,,,,,,,,,,,,,,,,4.56,4.98,1.21,1.18,3.27,3.49,1.35,1.31,2.68,2.81,1.49,1.45,2.3,2.43,1.65,1.58,1.88,2.04,1.88,1.82,1.65,1.72,2.3,2.17,1.49,1.55,2.68,2.52,1.35,1.39,3.27,3.05,1.21,1.24,4.55,4.19,,,,,,,,,,,,,,,,,,,,,,,,,,,,,,,,,,,,,,,,,,,,,,,,,,,,,5.25,5.75,1.16,1.14,4.65,5.5,1.18,1.15,4.25,4.8,1.21,1.18,3.1,3.45,1.35,1.3,2.6,2.75,1.48,1.43,2.25,2.38,1.63,1.55,1.93,2.03,1.93,1.83,1.63,1.65,2.25,2.2,1.48,1.5,2.6,2.5,1.35,1.35,3.1,3.1,1.21,1.22,4.25,4.15,1.18,1.18,4.65,4.65,1.16,1.16,5.25,5.25,1.11,1.11,6.8,6.8,,,,,,,,,,,,,,,,,,,,
scotland,championship,2023-12-12,Morton,Inverness,2,1,,,,,,,,,,,,,,,,,,,,,,,,,3.07,4.8,1.34,1.19,2.43,3.4,1.53,1.33,2.08,2.76,1.71,1.47,1.81,2.38,1.96,1.61,1.53,2.0,2.42,1.86,1.4,1.69,2.83,2.22,1.32,1.53,3.22,2.58,1.22,1.37,4.07,3.15,1.16,1.22,4.83,4.36,,,,,,,,,,,,,,,,,,,,,,,,,,,,,,,,,,,,,,,,,,,,,,,,,,,,,4.0,5.9,1.23,1.13,3.55,5.5,1.28,1.15,3.3,5.0,1.33,1.17,2.5,3.45,1.5,1.3,2.15,2.75,1.68,1.43,1.93,2.38,1.93,1.55,1.6,2.05,2.3,1.8,1.45,1.68,2.68,2.15,1.35,1.5,3.1,2.5,1.25,1.38,3.8,3.0,1.14,1.22,5.75,4.15,1.13,1.19,6.0,4.5,1.12,1.16,6.4,5.25,1.1,1.11,7.0,6.8,,,,,,,,,,,,,,,,,,,,
scotland,championship,2023-12-13,Arbroath,Raith,1,2,,,,,,,,,,,,,,,,,,,,,,,,,,,,,,,,,,,,,2.37,4.74,1.56,1.2,2.02,4.62,1.77,1.21,1.71,3.13,2.08,1.37,1.54,2.51,2.4,1.55,1.39,2.2,2.86,1.69,1.24,1.9,3.79,1.95,1.34,1.66,3.08,2.26,1.28,1.52,3.45,2.58,1.26,1.38,3.81,3.11,1.21,1.24,4.51,4.17,,,,,,,,,,,,,,,,,,,,,,,,,,,,,,,,,,,,,,,,,,,,,,,,,2.68,7.0,1.45,1.1,2.25,5.5,1.63,1.15,2.0,4.65,1.85,1.18,1.65,4.15,2.2,1.22,1.48,3.0,2.6,1.38,1.38,2.38,3.0,1.55,1.26,2.1,3.7,1.7,1.15,1.93,5.5,1.93,1.13,1.65,5.9,2.2,1.12,1.53,6.4,2.43,1.11,1.38,6.8,3.0,1.13,1.25,5.9,3.8,1.12,1.21,6.25,4.25,1.11,1.19,6.8,4.5,1.1,1.13,7.0,6.0,,,,
scotland,championship,2023-12-16,Morton,Queen's Park,1,0,,,,,,,,,,,,,,,,,,,,,,3.8,,1.28,,3.37,,1.33,,2.61,,1.51,,2.21,,1.69,,1.93,,1.92,,1.64,,2.31,,1.49,,2.7,,1.38,,3.08,,1.27,,3.87,,,,,,,,,,,,,,,,,,,,,,,,,,,,,,,,,,,,,,,,,,,,,,,,,,,,,,5.25,,1.16,,3.9,,1.24,,3.55,,1.28,,3.3,,1.33,,2.5,,1.5,,2.15,,1.68,,1.93,,1.93,,1.63,,2.25,,1.48,,2.6,,1.38,,3.0,,1.26,,3.7,,1.16,,5.25,,1.14,,5.75,,1.12,,6.25,,,,,,,,,,,,,,,,,,,,,,,,
scotland,championship,2023-12-16,Inverness,Arbroath,1,2,,,,,,,,,,,,,,3.46,,1.32,,2.8,,1.45,,2.46,,1.57,,2.11,,1.76,,1.8,,2.07,,1.61,,2.36,,1.43,,2.91,,1.24,,4.11,,1.2,,4.69,,,,,,,,,,,,,,,,,,,,,,,,,,,,,,,,,,,,,,,,,,,,,,6.6,,1.11,,5.0,,1.17,,4.5,,1.19,,4.15,,1.22,,3.1,,1.35,,2.6,,1.48,,2.3,,1.6,,2.1,,1.78,,1.75,,2.05,,1.6,,2.3,,1.43,,2.75,,1.25,,3.8,,1.2,,4.4,,1.17,,5.0,,1.11,,6.6,,,,,,,,,,,,,,,,,,,,,,,,,,,,,,,,,,,,
scotland,championship,2023-12-16,Dunfermline,Partick Thistle,1,2,,,,,,,,,,,,,,,,,,,,,,,,,,4.13,,1.24,,3.07,,1.38,,2.56,,1.53,,2.22,,1.69,,1.88,,1.97,,1.63,,2.32,,1.49,,2.68,,1.35,,3.26,,1.22,,4.47,,,,,,,,,,,,,,,,,,,,,,,,,,,,,,,,,,,,,,,,,,,,,,,,,,6.25,,1.12,,4.8,,1.18,,4.4,,1.2,,3.9,,1.24,,3.0,,1.38,,2.43,,1.53,,2.15,,1.68,,1.88,,1.98,,1.63,,2.25,,1.48,,2.6,,1.35,,3.1,,1.22,,4.15,,1.19,,4.5,,1.16,,5.25,,1.11,,6.6,,,,,,,,,,,,,,,,,,,,
scotland,championship,2023-12-16,Dundee Utd,Raith,0,1,,,,,,,,,,,,,,3.98,,1.26,,3.15,,1.37,,2.79,,1.46,,2.4,,1.6,,1.99,,1.86,,1.75,,2.12,,1.53,,2.57,,1.31,,3.55,,1.24,,4.12,,,,,,,,,,,,,,,,,,,,,,,,,,,,,,,,,,,,,,,,,,,,,,,,,,6.25,,1.12,,5.75,,1.14,,5.5,,1.15,,3.7,,1.26,,3.0,,1.38,,2.68,,1.45,,2.35,,1.58,,2.0,,1.85,,1.73,,2.08,,1.53,,2.43,,1.3,,3.45,,1.24,,3.9,,1.2,,4.4,,1.13,,5.9,,,,,,,,,,,,,,,,,,,,,,,,,,,,,,,,,,,,
scotland,championship,2023-12-16,Ayr,Airdrieonians,1,0,,,,,,,,,,,,,,,,,,,,,,4.28,,1.23,,3.79,,1.28,,2.82,,1.45,,2.34,,1.63,,2.0,,1.85,,1.65,,2.29,,1.47,,2.77,,1.36,,3.22,,1.24,,4.13,,,,,,,,,,,,,,,,,,,,,,,,,,,,,,,,,,,,,,,,,,,,,,,,,,,,,,6.0,,1.13,,4.5,,1.19,,4.1,,1.23,,3.55,,1.28,,2.68,,1.45,,2.25,,1.63,,2.0,,1.85,,1.65,,2.2,,1.48,,2.6,,1.38,,3.0,,1.25,,3.8,,1.13,,5.9,,1.12,,6.4,,1.11,,6.8,,,,,,,,,,,,,,,,,,,,,,,,
scotland,championship,2023-12-22,Raith,Ayr,4,4,,,,,,,,,,4.15,,1.24,,3.1,,1.38,,2.57,,1.53,,2.28,,1.66,,1.98,,1.87,,1.73,,2.15,,1.58,,2.43,,1.4,,3.02,,1.22,,4.41,,,,,,,,,,,,,,,,,,,,,,,,,,,,,,,,,,,,,,,,,,,,,,,,,,5.9,,1.13,,4.5,,1.19,,4.15,,1.22,,3.8,,1.25,,3.0,,1.38,,2.43,,1.53,,2.2,,1.65,,1.95,,1.9,,1.68,,2.15,,1.55,,2.38,,1.38,,3.0,,1.23,,4.1,,1.19,,4.5,,1.16,,5.25,,1.1,,7.0,,,,,,,,,,,,,,,,,,,,,,,,,,,,,,,,,,,,
scotland,championship,2023-12-22,Queen's Park,Dundee Utd,0,0,,,,,,,,,,,,,,,,,,,,,,,,,,,,,,,,,,,,,,,,,,5.23,,1.17,,3.56,,1.3,,2.79,,1.45,,2.46,,1.57,,2.12,,1.75,,1.81,,2.05,,1.63,,2.33,,1.47,,2.76,,1.3,,3.57,,1.26,,3.99,,,,,,,,,,,,,,,,,,,,,,,,,,,,,,,,,,,,,,,,,,,,,,,,,,5.9,,1.13,,5.5,,1.15,,4.65,,1.18,,3.3,,1.33,,2.6,,1.48,,2.3,,1.6,,2.03,,1.78,,1.8,,2.05,,1.63,,2.25,,1.48,,2.6,,1.33,,3.3,,1.28,,3.55,,1.24,,3.9,,1.17,,5.0,,1.1,,7.0
