Country,League,Date,Home,Away,FTHG,FTAG,bookmaker,HO_Open,DO_Open,AO_Open,HO_Close,DO_Close,AO_Close,-1.5_AH_H_Open,-1.5_AH_H_Close,+1.5_AH_A_Open,+1.5_AH_A_Close,-1.25_AH_H_Open,-1.25_AH_H_Close,+1.25_AH_A_Open,+1.25_AH_A_Close,-1_AH_H_Open,-1_AH_H_Close,+1_AH_A_Open,+1_AH_A_Close,-0.75_AH_H_Open,-0.75_AH_H_Close,+0.75_AH_A_Open,+0.75_AH_A_Close,-0.5_AH_H_Open,-0.5_AH_H_Close,+0.5_AH_A_Open,+0.5_AH_A_Close,-0.25_AH_H_Open,-0.25_AH_H_Close,+0.25_AH_A_Open,+0.25_AH_A_Close,+0_AH_H_Open,+0_AH_H_Close,-0_AH_A_Open,-0_AH_A_Close,+0.25_AH_H_Open,+0.25_AH_H_Close,-0.25_AH_A_Open,-0.25_AH_A_Close,+0.5_AH_H_Open,+0.5_AH_H_Close,-0.5_AH_A_Open,-0.5_AH_A_Close,+0.75_AH_H_Open,+0.75_AH_H_Close,-0.75_AH_A_Open,-0.75_AH_A_Close,+1_AH_H_Open,+1_AH_H_Close,-1_AH_A_Open,-1_AH_A_Close,+1.25_AH_H_Open,+1.25_AH_H_Close,-1.25_AH_A_Open,-1.25_AH_A_Close,+1.5_AH_H_Open,+1.5_AH_H_Close,-1.5_AH_A_Open,-1.5_AH_A_Close,-1.75_AH_H_Open,-1.75_AH_H_Close,+1.75_AH_A_Open,+1.75_AH_A_Close,-2_AH_H_Open,-2_AH_H_Close,+2_AH_A_Open,+2_AH_A_Close,-2.75_AH_H_Open,-2.75_AH_H_Close,+2.75_AH_A_Open,+2.75_AH_A_Close,-2.5_AH_H_Open,-2.5_AH_H_Close,+2.5_AH_A_Open,+2.5_AH_A_Close,-2.25_AH_H_Open,-2.25_AH_H_Close,+2.25_AH_A_Open,+2.25_AH_A_Close,+1.75_AH_H_Open,+1.75_AH_H_Close,-1.75_AH_A_Open,-1.75_AH_A_Close
serbia,prva-liga,2023-08-05,Smederevo,FK Indjija,2,0,Pinnacle,2.74,2.75,2.56,2.74,2.76,2.56,,,,,,,,,,,,,,,,,2.70,2.70,1.39,1.39,2.33,2.33,1.53,1.53,1.93,1.94,1.80,1.81,1.61,1.61,2.18,2.18,1.44,1.44,2.53,2.53,,,,,,,,,,,,,,,,,,,,,,,,,,,,,,,,,,,,,,,,
serbia,prva-liga,2023-08-05,Vrsac,Kolubara,1,0,Pinnacle,2.71,2.81,2.53,2.71,2.83,2.53,,,,,,,,,,,,,,,,,2.65,2.65,1.38,1.38,2.30,2.30,1.52,1.52,1.93,1.94,1.79,1.80,1.60,1.60,2.14,2.14,1.44,1.44,2.48,2.48,,,,,,,,,,,,,,,,,,,,,,,,,,,,,,,,,,,,,,,,
serbia,prva-liga,2023-08-05,Sloboda,OFK Beograd,0,2,Pinnacle,1.79,3.10,4.17,1.89,3.03,3.96,,,,,,,,,2.51,2.72,1.44,1.38,2.04,2.18,1.68,1.61,1.80,1.90,1.93,1.84,1.55,1.62,2.29,2.15,1.30,1.35,3.11,2.85,,,,,,,,,,,,,,,,,,,,,,,,,,,,,,,,,,,,,,,,,,,,,,,,
serbia,prva-liga,2023-08-05,Metalac,Graficar Beograd,1,3,Pinnacle,2.01,3.00,3.15,2.17,3.11,3.06,,,,,,,,,,,,,2.30,2.51,1.47,1.44,2.00,2.15,1.65,1.62,1.76,1.88,1.92,1.85,1.47,1.57,2.34,2.24,1.34,1.41,2.71,2.61,,,,,,,,,,,,,,,,,,,,,,,,,,,,,,,,,,,,,,,,,,,,
serbia,prva-liga,2023-08-05,Jedinstvo U.,RFK Novi Sad,4,0,Pinnacle,1.76,3.15,3.94,1.44,4.59,5.11,2.52,2.28,1.44,1.54,2.49,2.03,1.45,1.71,2.39,1.75,1.45,2.00,1.98,1.55,1.68,2.31,1.76,1.43,1.92,2.59,,,,,,,,,,,,,,,,,,,,,,,,,,,,,,,,,2.57,2.58,1.41,1.43,,,,,,,,,,,,,,,,,,,,
serbia,prva-liga,2023-08-06,Radnicki Beograd,Dubocica,2,0,Pinnacle,1.87,3.12,3.89,2.06,3.34,3.11,,,,,,,,,,,,,2.14,2.37,1.63,1.50,1.87,2.05,1.85,1.70,1.61,1.81,2.17,1.93,1.35,1.54,2.84,2.34,1.44,1.40,2.54,2.68,,,,,,,,,,,,,,,,,,,,,,,,,,,,,,,,,,,,,,,,,,,,
serbia,prva-liga,2023-08-06,Macva,Tekstilac Odzaci,0,0,Pinnacle,1.97,3.01,3.66,1.74,3.28,4.48,,,,,2.72,2.74,1.39,1.38,2.89,2.39,1.34,1.51,2.28,1.97,1.55,1.78,1.97,1.72,1.76,2.01,1.69,1.49,2.04,2.40,1.40,1.48,2.63,2.50,1.34,1.34,2.92,2.92,,,,,,,,,,,,,,,,,,,,,,,,,,,,,,,,,,,,,,,,,,,,
serbia,prva-liga,2023-08-06,Mladost GAT,Radnicki S. Mitrovica,1,1,Pinnacle,1.75,3.27,4.28,1.65,3.31,5.05,,,,,2.69,2.61,1.39,1.42,2.37,2.26,1.51,1.57,1.97,1.87,1.76,1.87,1.73,1.64,1.98,2.13,1.51,1.43,2.35,2.59,,,,,,,,,,,,,,,,,,,,,,,,,,,,,,,,,,,,,,,,,,,,,,,,,,,,
serbia,prva-liga,2023-08-11,Graficar Beograd,Jedinstvo U.,3,0,Pinnacle,1.78,3.24,3.58,1.99,3.42,3.17,,,,,,,,,,,,,2.00,2.24,1.65,1.56,1.79,1.97,1.88,1.74,1.56,1.76,2.15,2.00,1.33,1.50,2.73,2.41,1.38,1.38,2.74,2.74,,,,,,,,,,,,,,,,,,,,,,,,,,,,,,,,,,,,,,,,,,,,
serbia,prva-liga,2023-08-12,Tekstilac Odzaci,Sloboda,3,1,Pinnacle,2.53,2.87,2.73,2.10,3.25,3.02,,,,,,,,,2.92,2.74,1.34,1.38,2.84,2.44,1.36,1.46,2.47,2.08,1.46,1.65,2.14,1.85,1.63,1.89,1.79,1.55,1.94,2.26,1.53,1.41,2.32,2.60,,,,,,,,,,,,,,,,,,,,,,,,,,,,,,,,,,,,,,,,,,,,
serbia,prva-liga,2023-08-12,Smederevo,Mladost GAT,1,1,Pinnacle,2.28,2.92,3.04,2.41,2.94,2.85,,,,,,,,,,,,,2.67,2.55,1.39,1.44,2.25,2.36,1.56,1.51,1.95,2.05,1.78,1.69,1.61,1.72,2.17,2.05,1.43,1.50,2.56,2.43,1.44,1.37,2.55,2.78,,,,,,,,,,,,,,,,,,,,,,,,,,,,,,,,,,,,,,,,
serbia,prva-liga,2023-08-12,Radnicki S. Mitrovica,Vrsac,0,0,Pinnacle,2.01,2.84,3.45,1.93,3.02,3.85,,,,,,,,,2.88,2.81,1.34,1.36,2.33,2.23,1.48,1.58,2.00,1.93,1.67,1.81,1.73,1.65,1.95,2.11,1.43,1.37,2.50,2.77,,,,,,,,,,,,,,,,,,,,,,,,,,,,,,,,,,,,,,,,,,,,,,,,
serbia,prva-liga,2023-08-12,FK Indjija,Dubocica,2,2,Pinnacle,1.92,3.15,3.55,1.83,3.27,3.97,,,,,,,,,2.73,2.50,1.38,1.45,2.21,2.06,1.59,1.68,1.93,1.83,1.80,1.92,1.67,1.58,2.08,2.25,1.40,1.34,2.65,2.94,,,,,,,,,,,,,,,,,,,,,,,,,,,,,,,,,,,,,,,,,,,,,,,,
serbia,prva-liga,2023-08-13,RFK Novi Sad,Radnicki Beograd,1,1,Pinnacle,1.79,3.13,3.68,2.52,3.21,2.52,,,,,,,,,,,,,,,,,1.81,2.46,1.86,1.47,1.56,2.18,2.15,1.62,1.32,1.87,2.77,1.87,1.38,1.61,2.71,2.18,1.38,1.47,2.73,2.47,,,,,,,,,,,,,,,,,,,,,,,,,,,,,,,,,,,,,,,,
serbia,prva-liga,2023-08-13,OFK Beograd,Metalac,4,1,Pinnacle,1.87,3.15,3.85,1.83,3.62,3.52,,,,,,,,,2.62,2.53,1.41,1.45,2.13,2.08,1.63,1.68,1.87,1.83,1.85,1.91,1.61,1.61,2.16,2.18,1.36,1.40,2.82,2.69,,,,,,,,,,,,,,,,,,,,,,,,,,,,,,,,,,,,,,,,,,,,,,,,
serbia,prva-liga,2023-08-13,Kolubara,Macva,3,2,Pinnacle,1.68,3.29,4.68,1.72,3.18,4.74,2.58,2.64,1.42,1.41,2.57,2.75,1.42,1.38,2.25,2.39,1.57,1.52,1.89,1.96,1.83,1.79,1.67,1.71,2.07,2.03,1.45,1.37,2.49,2.80,1.29,1.29,3.18,3.18,,,,,,,,,,,,,,,,,,,,,,,,,,,,,,,,,,,,,,,,,,,,,,,,
serbia,prva-liga,2023-08-18,Vrsac,Smederevo,1,1,Pinnacle,1.91,3.07,3.79,1.96,3.06,3.73,,,,,,,,,2.73,2.85,1.38,1.36,2.20,2.26,1.60,1.57,1.91,1.96,1.81,1.79,1.64,1.68,2.11,2.08,1.37,1.40,2.75,2.69,,,,,,,,,,,,,,,,,,,,,,,,,,,,,,,,,,,,,,,,,,,,,,,,
serbia,prva-liga,2023-08-19,Sloboda,Kolubara,0,0,Pinnacle,2.58,2.84,2.68,2.84,2.84,2.41,,,,,,,,,,,,,,,,,2.53,2.78,1.44,1.36,2.19,2.42,1.60,1.49,1.83,2.03,1.90,1.71,1.56,1.67,2.28,2.05,1.41,1.49,2.62,2.36,1.43,1.34,2.57,2.85,,,,,,,,,,,,,,,,,,,,,,,,,,,,,,,,,,,,
serbia,prva-liga,2023-08-19,Metalac,Tekstilac Odzaci,0,0,Pinnacle,1.81,3.12,4.18,1.81,3.14,4.18,,,,,,,,,2.52,2.52,1.44,1.44,2.06,2.06,1.68,1.68,1.81,1.82,1.92,1.93,1.56,1.56,2.27,2.27,1.31,1.31,3.06,3.06,,,,,,,,,,,,,,,,,,,,,,,,,,,,,,,,,,,,,,,,,,,,,,,,
serbia,prva-liga,2023-08-19,Macva,Radnicki S. Mitrovica,3,0,Pinnacle,2.14,2.75,3.17,2.14,2.83,3.17,,,,,,,,,,,,,2.51,2.51,1.39,1.39,2.12,2.12,1.57,1.57,1.85,1.88,1.82,1.85,1.50,1.50,2.26,2.26,1.35,1.35,2.68,2.68,,,,,,,,,,,,,,,,,,,,,,,,,,,,,,,,,,,,,,,,,,,,
serbia,prva-liga,2023-08-20,Jedinstvo U.,OFK Beograd,0,3,Pinnacle,1.95,3.10,3.60,2.65,3.20,2.41,,,,,,,,,,,,,2.25,2.69,1.57,1.39,1.95,2.59,1.78,1.43,1.68,2.29,2.05,1.56,1.41,1.96,2.62,1.79,1.42,1.67,2.59,2.08,1.38,1.51,2.73,2.36,,,,,,,,,,,,,,,,,,,,,,,,,,,,,,,,,,,,,,,,
serbia,prva-liga,2023-08-20,Radnicki Beograd,Graficar Beograd,1,1,Pinnacle,3.38,3.14,1.88,3.12,3.12,2.15,,,,,,,,,,,,,,,,,,,,,2.60,2.66,1.42,1.41,2.54,2.28,1.38,1.56,2.03,1.87,1.63,1.87,1.78,1.64,1.89,2.13,1.57,1.46,2.13,2.48,,,,,,,,,,,,,,,,,,,,,,,,,,,,,,,,,,,,
serbia,prva-liga,2023-08-20,Mladost GAT,FK Indjija,0,1,Pinnacle,1.71,3.25,4.35,1.88,2.99,4.19,,,,,,,,,2.34,2.74,1.53,1.38,1.95,2.17,1.78,1.62,1.71,1.88,2.01,1.86,1.49,1.60,2.40,2.20,1.31,1.33,3.03,2.99,,,,,,,,,,,,,,,,,,,,,,,,,,,,,,,,,,,,,,,,,,,,,,,,
serbia,prva-liga,2023-08-21,Dubocica,RFK Novi Sad,2,1,Pinnacle,1.58,3.27,4.91,1.27,4.67,9.79,2.56,1.85,1.43,1.88,2.36,1.63,1.46,2.16,2.06,1.40,1.63,2.67,,,,,,,,,,,,,,,,,,,,,,,,,,,,,,,,,,,,,,,,,2.65,2.10,1.40,1.66,2.84,2.56,1.34,1.43,,,,,,,,,,,,,,,,
serbia,prva-liga,2023-08-26,Smederevo,Macva,0,0,Pinnacle,1.81,3.15,3.97,2.25,2.92,3.14,,,,,,,,,,,,,2.06,2.64,1.65,1.41,1.83,2.23,1.90,1.59,1.56,1.93,2.22,1.81,1.32,1.59,2.93,2.23,1.39,1.41,2.71,2.64,,,,,,,,,,,,,,,,,,,,,,,,,,,,,,,,,,,,,,,,,,,,
serbia,prva-liga,2023-08-26,Radnicki S. Mitrovica,Sloboda,1,1,Pinnacle,1.77,2.96,4.04,1.77,3.05,4.04,,,,,,,,,2.47,2.47,1.40,1.40,2.01,2.01,1.64,1.64,1.78,1.81,1.88,1.93,1.52,1.52,2.22,2.22,1.28,1.28,2.99,2.99,,,,,,,,,,,,,,,,,,,,,,,,,,,,,,,,,,,,,,,,,,,,,,,,
serbia,prva-liga,2023-08-26,FK Indjija,RFK Novi Sad,2,1,Pinnacle,1.45,3.74,5.10,1.34,4.28,8.12,2.24,2.11,1.50,1.66,2.01,1.85,1.64,1.89,1.78,1.56,1.89,2.29,1.56,1.41,2.14,2.65,,,,,,,,,,,,,,,,,,,,,,,,,,,,,,,,,,,,,2.38,2.44,1.49,1.48,2.71,2.67,1.38,1.40,,,,,,,,,,,,,,,,
serbia,prva-liga,2023-08-27,Tekstilac Odzaci,Jedinstvo U.,0,0,Pinnacle,2.27,2.85,3.04,2.33,2.88,3.04,,,,,,,,,,,,,2.67,2.76,1.38,1.38,2.25,2.31,1.55,1.55,1.96,1.99,1.78,1.76,1.60,1.63,2.16,2.15,1.41,1.44,2.56,2.55,,,,,,,,,,,,,,,,,,,,,,,,,,,,,,,,,,,,,,,,,,,,
serbia,prva-liga,2023-08-27,OFK Beograd,Radnicki Beograd,2,2,Pinnacle,1.68,3.29,4.48,1.49,3.84,5.78,2.27,2.37,1.57,1.51,2.56,2.11,1.41,1.65,2.25,1.83,1.55,1.91,1.91,1.61,1.82,2.19,1.67,1.47,2.04,2.46,,,,,,,,,,,,,,,,,,,,,,,,,,,,,,,,,,,,,,,,,,,,,,,,,,,,,,,,
serbia,prva-liga,2023-08-27,Mladost GAT,Vrsac,1,2,Pinnacle,1.67,3.27,4.59,1.78,3.07,4.62,,,,,,,,,2.23,2.51,1.56,1.45,1.89,2.02,1.83,1.71,1.66,1.78,2.05,1.98,1.44,1.52,2.46,2.38,1.43,1.27,2.65,3.34,,,,,,,,,,,,,,,,,,,,,,,,,,,,,,,,,,,,,,,,,,,,,,,,
serbia,prva-liga,2023-08-27,Kolubara,Metalac,1,1,Pinnacle,1.60,3.39,4.96,1.76,3.39,3.92,,,,,,,,,2.07,2.43,1.65,1.46,1.79,1.99,1.94,1.71,1.59,1.76,2.17,1.97,1.39,1.53,2.64,2.30,1.36,1.32,2.84,2.97,,,,,,,,,,,,,,,,,,,,,,,,,,,,,,,,,,,,,,,,,,,,,,,,
serbia,prva-liga,2023-08-27,Graficar Beograd,Dubocica,1,2,Pinnacle,1.69,3.30,4.38,1.73,3.29,4.45,,,,,2.57,2.69,1.41,1.40,2.26,2.36,1.54,1.53,1.92,1.96,1.81,1.79,1.68,1.72,2.02,2.01,1.46,1.49,2.41,2.40,,,,,,,,,,,,,,,,,,,,,,,,,,,,,,,,,,,,,,,,,,,,,,,,,,,,
serbia,prva-liga,2023-09-02,Vrsac,FK Indjija,0,1,Pinnacle,2.27,2.81,2.86,2.71,2.84,2.61,,,,,,,,,,,,,2.66,2.81,1.35,1.37,2.24,2.65,1.51,1.41,1.97,2.29,1.72,1.56,1.61,1.91,2.06,1.83,1.42,1.60,2.43,2.21,1.44,1.44,2.55,2.55,,,,,,,,,,,,,,,,,,,,,,,,,,,,,,,,,,,,,,,,
serbia,prva-liga,2023-09-02,Sloboda,Smederevo,1,1,Pinnacle,2.24,2.87,3.07,2.33,2.77,3.18,,,,,,,,,,,,,2.63,2.77,1.39,1.38,2.22,2.30,1.56,1.55,1.93,1.97,1.79,1.78,1.58,1.60,2.19,2.21,1.40,1.41,2.59,2.65,,,,,,,,,,,,,,,,,,,,,,,,,,,,,,,,,,,,,,,,,,,,
serbia,prva-liga,2023-09-02,Macva,Mladost GAT,2,0,Pinnacle,2.33,2.81,2.98,1.84,3.13,4.14,,,,,,,,,2.66,2.70,1.40,1.40,2.75,2.12,1.36,1.65,2.30,1.84,1.52,1.90,2.01,1.58,1.74,2.25,1.63,1.32,2.10,3.01,1.43,1.38,2.51,2.74,,,,,,,,,,,,,,,,,,,,,,,,,,,,,,,,,,,,,,,,,,,,
serbia,prva-liga,2023-09-02,Jedinstvo U.,Kolubara,3,2,Pinnacle,2.34,2.84,2.99,2.12,2.84,3.54,,,,,,,,,,,,,2.77,2.47,1.36,1.47,2.31,2.10,1.53,1.66,2.00,1.81,1.74,1.93,1.63,1.47,2.11,2.50,1.43,1.33,2.52,2.96,,,,,,,,,,,,,,,,,,,,,,,,,,,,,,,,,,,,,,,,,,,,
serbia,prva-liga,2023-09-03,Dubocica,OFK Beograd,3,5,Pinnacle,2.54,3.12,2.46,3.35,3.19,2.02,,,,,,,,,,,,,,,,,,,,,2.20,2.86,1.57,1.35,1.90,2.48,1.83,1.48,1.61,2.00,2.12,1.76,1.46,1.72,2.41,2.01,1.45,1.52,2.48,2.32,,,,,,,,,,,,,,,,,,,,,,,,,,,,,,,,,,,,
serbia,prva-liga,2023-09-03,Radnicki Beograd,Tekstilac Odzaci,1,3,Pinnacle,1.84,3.00,4.09,2.38,2.75,3.12,,,,,,,,,,,,,2.11,2.83,1.63,1.36,1.85,2.35,1.87,1.53,1.57,2.01,2.20,1.75,1.31,1.63,2.97,2.16,1.37,1.42,2.78,2.60,,,,,,,,,,,,,,,,,,,,,,,,,,,,,,,,,,,,,,,,,,,,
serbia,prva-liga,2023-09-03,RFK Novi Sad,Graficar Beograd,2,2,Pinnacle,3.26,3.19,1.89,6.87,4.29,1.38,,,,,,,,,,,,,,,,,,,,,,,,,,,,,2.00,2.63,1.65,1.41,1.76,2.59,1.91,1.43,1.56,2.49,2.15,1.46,1.37,2.15,2.59,1.63,1.43,1.81,2.56,1.93,1.45,1.60,2.53,2.20,,,,,,,,,,,,,,,,,,,,,1.41,1.43,2.64,2.57
serbia,prva-liga,2023-09-03,Metalac,Radnicki S. Mitrovica,1,0,Pinnacle,2.00,2.84,3.39,1.86,3.09,4.09,,,,,,,,,2.97,2.66,1.32,1.41,2.30,2.13,1.47,1.64,1.98,1.86,1.66,1.88,1.73,1.60,1.95,2.22,1.42,1.33,2.47,2.96,,,,,,,,,,,,,,,,,,,,,,,,,,,,,,,,,,,,,,,,,,,,,,,,
serbia,prva-liga,2023-09-08,Vrsac,Macva,0,0,Pinnacle,2.04,2.79,3.36,2.12,2.85,3.54,,,,,,,,,,,,,2.37,2.48,1.44,1.46,2.02,2.10,1.63,1.66,1.76,1.81,1.92,1.94,1.44,1.47,2.42,2.50,1.31,1.33,2.84,2.96,,,,,,,,,,,,,,,,,,,,,,,,,,,,,,,,,,,,,,,,,,,,
serbia,prva-liga,2023-09-09,FK Indjija,Graficar Beograd,0,0,Pinnacle,1.96,3.12,3.16,2.09,3.02,3.33,,,,,,,,,,,,,2.22,2.40,1.51,1.48,1.94,2.07,1.69,1.67,1.73,1.81,1.96,1.93,1.45,1.50,2.39,2.41,1.33,1.36,2.73,2.82,,,,,,,,,,,,,,,,,,,,,,,,,,,,,,,,,,,,,,,,,,,,
serbia,prva-liga,2023-09-09,Radnicki S. Mitrovica,Jedinstvo U.,4,1,Pinnacle,2.04,2.88,3.23,2.33,3.03,2.89,,,,,,,,,,,,,2.37,2.74,1.46,1.38,2.04,2.31,1.65,1.55,1.77,2.01,1.90,1.75,1.47,1.67,2.39,2.08,1.33,1.47,2.78,2.45,,,,,,,,,,,,,,,,,,,,,,,,,,,,,,,,,,,,,,,,,,,,
serbia,prva-liga,2023-09-09,Smederevo,Metalac,2,1,Pinnacle,2.30,2.76,3.18,2.44,2.69,3.10,,,,,,,,,,,,,2.73,2.93,1.38,1.34,2.28,2.42,1.56,1.51,1.95,2.06,1.78,1.71,1.58,1.65,2.22,2.11,1.40,1.43,2.66,2.57,,,,,,,,,,,,,,,,,,,,,,,,,,,,,,,,,,,,,,,,,,,,
serbia,prva-liga,2023-09-10,Tekstilac Odzaci,Dubocica,1,0,Pinnacle,2.23,3.00,3.03,1.85,3.11,4.07,,,,,,,,,2.91,2.68,1.34,1.40,2.60,2.13,1.41,1.64,2.21,1.85,1.59,1.88,1.93,1.60,1.81,2.22,1.60,1.33,2.19,2.96,,,,,,,,,,,,,,,,,,,,,,,,,,,,,,,,,,,,,,,,,,,,,,,,
serbia,prva-liga,2023-09-10,OFK Beograd,RFK Novi Sad,4,1,Pinnacle,1.22,5.09,10.53,1.10,7.91,20.12,1.76,1.52,1.98,2.34,1.54,1.42,2.30,2.62,,,,,,,,,,,,,,,,,,,,,,,,,,,,,,,,,,,,,,,,,,,,,1.96,1.47,1.75,2.46,2.33,1.61,1.51,2.19,2.28,2.34,1.54,1.52,2.42,2.06,1.48,1.69,2.42,1.85,1.47,1.89,,,,
serbia,prva-liga,2023-09-10,Mladost GAT,Sloboda,0,1,Pinnacle,1.63,3.34,5.04,1.63,3.36,5.04,,,,,2.46,2.46,1.46,1.46,2.14,2.14,1.63,1.63,1.81,1.82,1.91,1.92,1.61,1.61,2.16,2.16,1.41,1.41,2.63,2.63,,,,,,,,,,,,,,,,,,,,,,,,,,,,,,,,,,,,,,,,,,,,,,,,,,,,
serbia,prva-liga,2023-09-10,Kolubara,Radnicki Beograd,2,0,Pinnacle,1.43,3.72,5.44,1.51,3.78,5.66,2.22,2.40,1.50,1.49,1.99,2.14,1.66,1.64,1.75,1.86,1.93,1.88,1.54,1.63,2.19,2.16,1.42,1.49,2.44,2.42,,,,,,,,,,,,,,,,,,,,,,,,,,,,,,,,,,,,,,,,,,,,,,,,,,,,,,,,
serbia,prva-liga,2023-09-16,Sloboda,Vrsac,1,1,Pinnacle,2.20,2.71,3.18,2.50,2.62,3.09,,,,,,,,,,,,,2.59,2.86,1.38,1.35,2.18,2.47,1.56,1.48,1.88,2.10,1.79,1.68,1.53,1.67,2.25,2.08,1.36,1.44,2.67,2.55,1.35,1.35,2.89,2.89,,,,,,,,,,,,,,,,,,,,,,,,,,,,,,,,,,,,,,,,
serbia,prva-liga,2023-09-16,Macva,FK Indjija,2,1,Pinnacle,2.33,2.71,2.87,2.90,2.88,2.42,,,,,,,,,,,,,,,,,2.31,2.82,1.48,1.36,2.01,2.46,1.69,1.49,1.63,2.06,2.03,1.71,1.42,1.69,2.42,2.05,1.40,1.50,2.69,2.37,1.36,1.35,2.82,2.87,,,,,,,,,,,,,,,,,,,,,,,,,,,,,,,,,,,,
serbia,prva-liga,2023-09-16,Dubocica,Kolubara,1,1,Pinnacle,2.48,2.78,2.61,2.88,2.62,2.66,,,,,,,,,,,,,,,,,2.43,2.81,1.42,1.37,2.12,2.40,1.57,1.51,1.79,1.95,1.88,1.79,1.52,1.60,2.23,2.21,1.38,1.42,2.55,2.60,,,,,,,,,,,,,,,,,,,,,,,,,,,,,,,,,,,,,,,,
serbia,prva-liga,2023-09-17,RFK Novi Sad,Tekstilac Odzaci,1,0,Pinnacle,2.88,2.86,2.22,4.03,3.11,1.86,,,,,,,,,,,,,,,,,,,,,,,,,2.09,2.92,1.59,1.34,1.75,2.20,1.93,1.60,1.53,1.88,2.20,1.86,1.37,1.64,2.59,2.13,1.42,1.41,2.61,2.64,,,,,,,,,,,,,,,,,,,,,,,,,,,,,,,,
serbia,prva-liga,2023-09-17,Radnicki Beograd,Radnicki S. Mitrovica,0,1,Pinnacle,2.87,2.82,2.25,2.49,2.73,2.96,,,,,,,,,,,,,2.70,2.81,1.40,1.37,2.27,2.44,1.57,1.48,2.44,2.09,1.42,1.67,2.07,1.72,1.60,2.05,1.73,1.48,1.95,2.49,1.52,1.35,2.23,2.89,,,,,,,,,,,,,,,,,,,,,,,,,,,,,,,,,,,,,,,,
serbia,prva-liga,2023-09-17,Metalac,Mladost GAT,0,0,Pinnacle,2.31,2.74,2.95,2.17,2.57,3.91,,,,,,,,,,,,,2.73,2.55,1.35,1.44,2.28,2.15,1.51,1.63,1.97,1.81,1.71,1.93,1.61,1.43,2.09,2.63,1.42,1.29,2.48,3.21,,,,,,,,,,,,,,,,,,,,,,,,,,,,,,,,,,,,,,,,,,,,
serbia,prva-liga,2023-09-17,Graficar Beograd,OFK Beograd,0,5,Pinnacle,2.33,3.02,2.59,2.56,3.50,2.11,,,,,,,,,,,,,,,,,2.29,2.43,1.48,1.46,2.02,2.26,1.64,1.49,1.74,2.01,1.94,1.64,1.51,1.76,2.24,1.88,1.39,1.59,2.53,2.09,1.46,1.43,2.47,2.41,1.39,1.37,2.61,2.58,,,,,,,,,,,,,,,,,,,,,,,,,,,,,,,,
serbia,prva-liga,2023-09-18,Jedinstvo U.,Smederevo,0,0,Pinnacle,1.84,2.94,3.75,1.51,3.94,5.26,2.56,2.57,1.44,1.43,2.30,2.49,1.46,1.45,2.61,1.93,1.36,1.81,2.11,1.65,1.58,2.12,1.85,1.49,1.81,2.40,1.58,1.42,2.10,2.60,1.32,1.36,2.76,2.85,,,,,,,,,,,,,,,,,,,,,,,,,,,,,,,,,,,,,,,,,,,,,,,,
serbia,prva-liga,2023-09-22,Kolubara,RFK Novi Sad,4,1,Pinnacle,1.36,4.04,5.95,1.38,4.20,7.07,2.04,2.16,1.62,1.63,1.84,1.91,1.83,1.83,1.58,1.62,2.11,2.17,1.43,1.46,2.39,2.50,,,,,,,,,,,,,,,,,,,,,,,,,,,,,,,,,,,,,2.34,2.50,1.45,1.45,,,,,,,,,,,,,,,,,,,,
serbia,prva-liga,2023-09-22,Macva,Sloboda,0,0,Pinnacle,1.93,2.79,3.65,1.74,3.08,4.76,,,,,2.75,2.81,1.37,1.36,2.88,2.45,1.30,1.48,2.26,2.00,1.51,1.76,1.95,1.72,1.73,1.99,1.65,1.48,2.00,2.41,,,,,,,,,,,,,,,,,,,,,,,,,,,,,,,,,,,,,,,,,,,,,,,,,,,,
serbia,prva-liga,2023-09-22,FK Indjija,OFK Beograd,0,2,Pinnacle,2.52,2.82,2.52,3.39,3.18,2.02,,,,,,,,,,,,,,,,,,,,,2.16,2.89,1.55,1.35,1.83,2.50,1.83,1.47,1.55,2.00,2.16,1.75,1.41,1.73,2.47,2.00,1.37,1.53,2.75,2.31,,,,,,,,,,,,,,,,,,,,,,,,,,,,,,,,,,,,
serbia,prva-liga,2023-09-23,Mladost GAT,Jedinstvo U.,3,4,Pinnacle,1.82,2.99,3.78,1.90,3.07,3.93,,,,,,,,,2.55,2.73,1.38,1.39,2.07,2.19,1.60,1.61,1.83,1.90,1.83,1.84,1.57,1.63,2.13,2.15,1.32,1.36,2.80,2.84,,,,,,,,,,,,,,,,,,,,,,,,,,,,,,,,,,,,,,,,,,,,,,,,
serbia,prva-liga,2023-09-23,Vrsac,Metalac,1,0,Pinnacle,2.12,2.76,3.21,2.23,2.81,3.29,,,,,,,,,,,,,2.47,2.62,1.41,1.41,2.10,2.21,1.59,1.59,1.83,1.90,1.84,1.84,1.49,1.54,2.30,2.30,1.34,1.37,2.71,2.75,,,,,,,,,,,,,,,,,,,,,,,,,,,,,,,,,,,,,,,,,,,,
serbia,prva-liga,2023-09-23,Smederevo,Radnicki Beograd,2,1,Pinnacle,1.71,3.17,4.04,1.78,3.28,4.22,,,,,2.60,2.60,1.37,1.37,2.30,2.40,1.49,1.49,1.94,2.00,1.74,1.74,1.69,1.78,1.93,1.98,1.48,1.54,2.28,2.34,1.30,1.30,3.13,3.13,,,,,,,,,,,,,,,,,,,,,,,,,,,,,,,,,,,,,,,,,,,,,,,,
serbia,prva-liga,2023-09-23,Tekstilac Odzaci,Graficar Beograd,4,0,Pinnacle,2.16,2.99,2.86,2.58,2.88,2.71,,,,,,,,,,,,,2.49,2.78,1.40,1.37,2.14,2.52,1.56,1.45,1.89,2.19,1.78,1.61,1.58,1.83,2.11,1.92,1.41,1.56,2.45,2.30,1.41,1.41,2.64,2.64,,,,,,,,,,,,,,,,,,,,,,,,,,,,,,,,,,,,,,,,
serbia,prva-liga,2023-09-23,Radnicki S. Mitrovica,Dubocica,1,1,Pinnacle,1.85,2.98,3.66,1.64,3.78,4.33,,,,,2.67,2.50,1.39,1.45,2.62,2.16,1.36,1.63,2.12,1.83,1.57,1.91,1.87,1.63,1.80,2.16,1.60,1.44,2.08,2.54,1.34,1.33,2.71,2.96,,,,,,,,,,,,,,,,,,,,,,,,,,,,,,,,,,,,,,,,,,,,,,,,
serbia,prva-liga,2023-09-30,Macva,Jedinstvo U.,1,0,Pinnacle,2.06,2.81,3.27,2.06,2.89,3.27,,,,,,,,,,,,,2.39,2.39,1.43,1.43,2.04,2.04,1.62,1.62,1.78,1.81,1.89,1.93,1.46,1.46,2.37,2.37,1.32,1.32,2.77,2.77,,,,,,,,,,,,,,,,,,,,,,,,,,,,,,,,,,,,,,,,,,,,
serbia,prva-liga,2023-10-01,Vrsac,Radnicki Beograd,0,1,Pinnacle,1.63,3.21,4.46,1.44,3.84,6.57,2.54,2.44,1.42,1.48,2.45,2.14,1.41,1.64,2.15,1.81,1.56,1.93,1.83,1.57,1.83,2.27,1.62,1.43,2.05,2.59,,,,,,,,,,,,,,,,,,,,,,,,,,,,,,,,,,,,,,,,,,,,,,,,,,,,,,,,
serbia,prva-liga,2023-10-01,Smederevo,RFK Novi Sad,1,0,Pinnacle,1.52,3.53,4.82,1.38,4.15,7.01,2.42,2.15,1.42,1.62,2.17,1.91,1.55,1.83,1.92,1.62,1.76,2.16,1.65,1.45,2.00,2.48,,,,,,,,,,,,,,,,,,,,,,,,,,,,,,,,,,,,,2.46,2.48,1.46,1.45,,,,,,,,,,,,,,,,,,,,
serbia,prva-liga,2023-10-01,Radnicki S. Mitrovica,Graficar Beograd,2,1,Pinnacle,2.00,3.04,3.14,2.58,2.90,2.69,,,,,,,,,,,,,2.28,2.66,1.48,1.41,1.98,2.53,1.66,1.45,1.75,2.19,1.93,1.61,1.47,1.83,2.35,1.91,1.34,1.56,2.70,2.28,1.42,1.42,2.60,2.62,,,,,,,,,,,,,,,,,,,,,,,,,,,,,,,,,,,,,,,,
serbia,prva-liga,2023-10-01,FK Indjija,Tekstilac Odzaci,1,0,Pinnacle,1.96,2.86,3.47,1.96,2.94,3.47,,,,,,,,,2.88,2.88,1.30,1.30,2.27,2.27,1.50,1.50,1.98,2.02,1.71,1.75,1.68,1.68,1.96,1.96,1.39,1.39,2.51,2.51,,,,,,,,,,,,,,,,,,,,,,,,,,,,,,,,,,,,,,,,,,,,,,,,
serbia,prva-liga,2023-10-01,Sloboda,Metalac,0,0,Pinnacle,2.33,2.67,2.92,2.61,2.50,3.11,,,,,,,,,,,,,,,,,2.31,2.55,1.48,1.44,2.01,2.15,1.69,1.63,1.62,1.71,2.05,2.06,1.41,1.45,2.46,2.56,1.34,1.32,2.88,3.02,,,,,,,,,,,,,,,,,,,,,,,,,,,,,,,,,,,,,,,,
serbia,prva-liga,2023-10-02,Mladost GAT,Dubocica,1,1,Pinnacle,1.69,3.17,4.16,1.68,3.30,4.77,,,,,2.57,2.57,1.37,1.43,2.27,2.25,1.50,1.58,1.92,1.89,1.76,1.85,1.68,1.68,1.96,2.08,1.46,1.45,2.32,2.51,,,,,,,,,,,,,,,,,,,,,,,,,,,,,,,,,,,,,,,,,,,,,,,,,,,,
serbia,prva-liga,2023-10-02,Kolubara,OFK Beograd,1,1,Pinnacle,2.65,2.88,2.37,2.94,2.98,2.33,,,,,,,,,,,,,,,,,,,,,2.28,2.49,1.50,1.46,1.95,2.11,1.73,1.66,1.63,1.75,2.03,2.00,1.46,1.55,2.32,2.31,1.39,1.39,2.72,2.73,,,,,,,,,,,,,,,,,,,,,,,,,,,,,,,,,,,,
serbia,prva-liga,2023-10-07,Metalac,FK Indjija,0,2,Pinnacle,2.14,2.76,3.16,2.26,2.75,3.36,,,,,,,,,,,,,2.50,2.68,1.40,1.40,2.12,2.23,1.57,1.58,1.85,1.91,1.82,1.83,1.51,1.54,2.26,2.33,1.35,1.37,2.67,2.79,,,,,,,,,,,,,,,,,,,,,,,,,,,,,,,,,,,,,,,,,,,,
serbia,prva-liga,2023-10-07,Jedinstvo U.,Sloboda,1,0,Pinnacle,1.72,3.04,4.19,1.77,3.11,4.48,,,,,,,,,2.34,2.44,1.45,1.47,1.93,2.00,1.69,1.72,1.73,1.78,1.95,1.98,1.49,1.52,2.31,2.36,1.25,1.27,3.13,3.27,,,,,,,,,,,,,,,,,,,,,,,,,,,,,,,,,,,,,,,,,,,,,,,,
serbia,prva-liga,2023-10-08,Tekstilac Odzaci,Kolubara,0,1,Pinnacle,2.19,2.76,3.04,1.98,2.93,3.85,,,,,,,,,2.82,2.96,1.36,1.33,2.57,2.31,1.37,1.55,2.17,1.98,1.55,1.77,1.89,1.68,1.78,2.06,1.54,1.39,2.18,2.73,1.37,1.38,2.58,2.74,,,,,,,,,,,,,,,,,,,,,,,,,,,,,,,,,,,,,,,,,,,,
serbia,prva-liga,2023-10-08,Radnicki Beograd,Macva,1,1,Pinnacle,2.56,2.67,2.63,2.87,2.75,2.55,,,,,,,,,,,,,,,,,2.51,2.80,1.39,1.37,2.17,2.41,1.55,1.51,1.81,1.99,1.85,1.76,1.52,1.63,2.22,2.14,1.38,1.46,2.57,2.50,,,,,,,,,,,,,,,,,,,,,,,,,,,,,,,,,,,,,,,,
serbia,prva-liga,2023-10-08,OFK Beograd,Radnicki S. Mitrovica,1,0,Pinnacle,1.38,3.92,5.88,1.35,4.31,7.42,2.10,2.08,1.58,1.67,1.89,1.84,1.78,1.90,1.62,1.57,2.05,2.27,1.46,1.43,2.33,2.59,,,,,,,,,,,,,,,,,,,,,,,,,,,,,,,,,,,,,2.42,2.40,1.42,1.49,,,,,,,,,,,,,,,,,,,,
serbia,prva-liga,2023-10-08,Dubocica,Vrsac,1,0,Pinnacle,2.09,2.78,3.24,2.54,2.60,3.06,,,,,,,,,,,,,2.43,2.80,1.42,1.37,2.07,2.49,1.60,1.46,1.80,2.11,1.87,1.65,1.47,1.70,2.34,2.07,1.33,1.46,2.75,2.55,1.35,1.33,2.87,2.98,,,,,,,,,,,,,,,,,,,,,,,,,,,,,,,,,,,,,,,,
serbia,prva-liga,2023-10-09,RFK Novi Sad,Mladost GAT,3,1,Pinnacle,3.35,2.98,1.94,3.54,3.32,1.92,,,,,,,,,,,,,,,,,,,,,,,,,2.47,2.63,1.41,1.41,1.96,2.10,1.68,1.66,1.73,1.83,1.96,1.92,1.52,1.61,2.24,2.20,1.32,1.38,2.78,2.74,,,,,,,,,,,,,,,,,,,,,,,,,,,,,,,,
serbia,prva-liga,2023-10-09,Graficar Beograd,Smederevo,1,2,Pinnacle,1.73,3.25,3.81,1.88,3.27,3.71,,,,,,,,,2.29,2.62,1.47,1.42,1.93,2.14,1.70,1.64,1.74,1.88,1.94,1.85,1.51,1.63,2.25,2.15,1.29,1.38,2.91,2.74,1.38,1.40,2.72,2.63,,,,,,,,,,,,,,,,,,,,,,,,,,,,,,,,,,,,,,,,,,,,
serbia,prva-liga,2023-10-14,FK Indjija,Kolubara,0,2,Pinnacle,2.03,2.83,3.30,2.15,2.81,3.53,,,,,,,,,,,,,2.35,2.51,1.45,1.45,2.02,2.13,1.64,1.65,1.76,1.83,1.92,1.92,1.45,1.49,2.40,2.47,1.31,1.34,2.81,2.94,,,,,,,,,,,,,,,,,,,,,,,,,,,,,,,,,,,,,,,,,,,,
serbia,prva-liga,2023-10-14,Sloboda,Radnicki Beograd,3,1,Pinnacle,1.69,3.03,4.34,1.83,3.01,4.44,,,,,,,,,2.33,2.62,1.47,1.42,1.94,2.09,1.74,1.67,1.68,1.83,1.95,1.92,1.46,1.56,2.33,2.29,1.27,1.29,3.29,3.18,,,,,,,,,,,,,,,,,,,,,,,,,,,,,,,,,,,,,,,,,,,,,,,,
serbia,prva-liga,2023-10-15,Smederevo,OFK Beograd,1,2,Pinnacle,3.54,3.04,1.86,4.44,3.14,1.78,,,,,,,,,,,,,,,,,,,,,,,,,2.64,3.24,1.36,1.28,2.06,2.36,1.61,1.53,1.79,1.97,1.88,1.78,1.57,1.72,2.12,2.02,1.37,1.47,2.60,2.47,1.41,1.42,2.63,2.60,,,,,,,,,,,,,,,,,,,,,,,,,,,,
serbia,prva-liga,2023-10-15,Metalac,Jedinstvo U.,0,0,Pinnacle,2.16,2.76,3.12,1.88,3.28,3.70,,,,,,,,,3.02,2.86,1.32,1.36,2.55,2.20,1.40,1.61,2.16,1.88,1.57,1.85,1.86,1.63,1.81,2.15,1.53,1.38,2.25,2.74,,,,,,,,,,,,,,,,,,,,,,,,,,,,,,,,,,,,,,,,,,,,,,,,
serbia,prva-liga,2023-10-15,Macva,Dubocica,0,1,Pinnacle,1.81,2.91,3.95,1.74,3.11,4.81,,,,,2.66,2.86,1.40,1.35,2.57,2.48,1.37,1.48,2.07,1.99,1.60,1.76,1.83,1.72,1.84,2.01,1.55,1.48,2.16,2.43,1.29,1.33,2.90,2.98,,,,,,,,,,,,,,,,,,,,,,,,,,,,,,,,,,,,,,,,,,,,,,,,
serbia,prva-liga,2023-10-16,Vrsac,RFK Novi Sad,1,0,Pinnacle,1.51,3.50,5.01,1.44,3.72,7.01,2.42,2.42,1.43,1.48,2.16,2.12,1.55,1.65,1.91,1.81,1.77,1.94,1.64,1.56,2.02,2.28,1.49,1.42,2.26,2.60,,,,,,,,,,,,,,,,,,,,,,,,,,,,,,,,,,,,,,,,,,,,,,,,,,,,,,,,
serbia,prva-liga,2023-10-16,Radnicki S. Mitrovica,Tekstilac Odzaci,1,0,Pinnacle,2.02,2.78,3.43,3.82,2.89,2.01,,,,,,,,,,,,,,,,,,,,,1.74,2.97,1.94,1.32,1.42,2.69,2.48,1.40,1.29,2.04,2.90,1.70,1.34,1.75,2.87,2.01,1.37,1.50,2.65,2.42,1.31,1.26,3.02,3.39,,,,,,,,,,,,,,,,,,,,,,,,,,,,,,,,
serbia,prva-liga,2023-10-16,Mladost GAT,Graficar Beograd,0,0,Pinnacle,1.97,3.07,3.17,1.88,3.51,3.45,,,,,2.60,2.68,1.41,1.40,2.67,2.59,1.40,1.43,2.24,2.13,1.50,1.64,1.96,1.88,1.68,1.85,1.73,1.65,1.95,2.12,1.45,1.42,2.38,2.61,,,,,,,,,,,,,,,,,,,,,,,,,,,,,,,,,,,,,,,,,,,,,,,,
serbia,prva-liga,2023-10-21,Dubocica,Sloboda,1,0,Pinnacle,2.05,2.75,3.40,2.11,2.82,3.56,,,,,,,,,,,,,2.38,2.47,1.44,1.46,2.03,2.09,1.63,1.65,1.76,1.80,1.92,1.94,1.43,1.46,2.44,2.51,1.30,1.32,2.87,2.98,,,,,,,,,,,,,,,,,,,,,,,,,,,,,,,,,,,,,,,,,,,,
serbia,prva-liga,2023-10-21,OFK Beograd,Mladost GAT,2,0,Pinnacle,1.43,3.77,5.37,1.29,4.64,8.99,2.20,1.93,1.52,1.81,1.96,1.68,1.67,2.06,1.73,1.44,1.95,2.55,1.53,1.38,2.20,2.77,1.41,1.41,2.45,2.63,,,,,,,,,,,,,,,,,,,,,,,,,,,,,,,,,2.50,2.49,1.45,1.46,2.63,2.67,1.41,1.40,,,,,,,,,,,,,,,,
serbia,prva-liga,2023-10-21,Radnicki Beograd,Metalac,2,0,Pinnacle,2.72,2.69,2.46,3.96,2.62,2.13,,,,,,,,,,,,,,,,,,,,,2.31,3.26,1.48,1.37,1.93,2.69,1.74,1.41,1.60,1.97,2.09,1.78,1.43,1.66,2.41,2.11,1.34,1.46,2.88,2.48,1.32,1.31,3.03,3.08,,,,,,,,,,,,,,,,,,,,,,,,,,,,,,,,
serbia,prva-liga,2023-10-21,Jedinstvo U.,FK Indjija,1,1,Pinnacle,2.11,2.81,3.16,2.37,2.79,3.09,,,,,,,,,,,,,2.45,2.81,1.41,1.37,2.09,2.34,1.59,1.53,1.82,2.01,1.85,1.75,1.50,1.63,2.28,2.15,1.34,1.43,2.68,2.58,,,,,,,,,,,,,,,,,,,,,,,,,,,,,,,,,,,,,,,,,,,,
serbia,prva-liga,2023-10-22,RFK Novi Sad,Macva,1,0,Pinnacle,3.01,2.75,2.22,3.86,2.96,1.95,,,,,,,,,,,,,,,,,,,,,,,,,2.15,2.75,1.56,1.37,1.76,2.08,1.92,1.66,1.53,1.79,2.20,1.96,1.36,1.56,2.61,2.27,1.42,1.34,2.60,2.91,,,,,,,,,,,,,,,,,,,,,,,,,,,,,,,,
serbia,prva-liga,2023-10-22,Kolubara,Radnicki S. Mitrovica,1,3,Pinnacle,1.68,3.13,4.23,2.08,2.91,3.57,,,,,2.59,2.78,1.37,1.37,2.28,3.00,1.50,1.32,1.92,2.41,1.76,1.49,1.68,2.06,1.96,1.69,1.46,1.78,2.33,1.97,1.29,1.46,3.15,2.54,1.33,1.32,2.93,3.00,,,,,,,,,,,,,,,,,,,,,,,,,,,,,,,,,,,,,,,,,,,,
serbia,prva-liga,2023-10-22,Graficar Beograd,Vrsac,1,2,Pinnacle,1.77,3.08,3.86,1.93,3.13,3.73,,,,,,,,,2.42,2.75,1.42,1.38,2.00,2.21,1.65,1.60,1.78,1.93,1.89,1.81,1.53,1.66,2.20,2.10,1.30,1.39,2.89,2.71,,,,,,,,,,,,,,,,,,,,,,,,,,,,,,,,,,,,,,,,,,,,,,,,
serbia,prva-liga,2023-10-23,Tekstilac Odzaci,Smederevo,1,0,Pinnacle,1.73,3.01,4.20,1.82,3.05,4.40,,,,,2.58,2.74,1.42,1.38,2.40,2.58,1.45,1.43,1.97,2.08,1.69,1.68,1.74,1.82,1.93,1.93,1.50,1.56,2.31,2.30,1.26,1.29,3.17,3.17,,,,,,,,,,,,,,,,,,,,,,,,,,,,,,,,,,,,,,,,,,,,,,,,
serbia,prva-liga,2023-10-27,Vrsac,OFK Beograd,1,1,Pinnacle,3.71,2.91,1.87,6.43,3.53,1.50,,,,,,,,,,,,,,,,,,,,,,,,,,,,,2.07,2.83,1.60,1.36,1.79,2.42,1.88,1.48,1.56,2.11,2.14,1.65,1.35,1.77,2.68,1.98,1.40,1.53,2.67,2.35,1.41,1.40,2.65,2.69,,,,,,,,,,,,,,,,,,,,,,,,
serbia,prva-liga,2023-10-27,Metalac,Dubocica,0,0,Pinnacle,1.76,2.93,4.17,1.99,3.05,3.64,,,,,,,,,2.47,2.97,1.40,1.33,2.01,2.32,1.65,1.55,1.78,1.99,1.90,1.76,1.51,1.70,2.24,2.04,1.26,1.42,3.07,2.62,,,,,,,,,,,,,,,,,,,,,,,,,,,,,,,,,,,,,,,,,,,,,,,,
serbia,prva-liga,2023-10-28,FK Indjija,Radnicki S. Mitrovica,2,0,Pinnacle,1.89,2.91,3.61,2.41,2.82,2.98,,,,,,,,,2.73,2.82,1.33,1.36,2.18,2.88,1.54,1.35,1.91,2.39,1.76,1.52,1.63,2.05,2.03,1.71,1.35,1.67,2.64,2.08,1.33,1.46,2.96,2.50,1.37,1.38,2.80,2.77,,,,,,,,,,,,,,,,,,,,,,,,,,,,,,,,,,,,,,,,
serbia,prva-liga,2023-10-28,Jedinstvo U.,Radnicki Beograd,2,1,Pinnacle,1.52,3.45,4.90,1.52,3.63,5.76,2.46,2.50,1.41,1.46,2.20,2.22,1.53,1.60,1.94,1.92,1.74,1.82,1.66,1.66,1.98,2.11,1.51,1.50,2.22,2.37,,,,,,,,,,,,,,,,,,,,,,,,,,,,,,,,,,,,,,,,,,,,,,,,,,,,,,,,
serbia,prva-liga,2023-10-28,Sloboda,RFK Novi Sad,2,1,Pinnacle,1.60,3.24,4.67,1.58,3.40,5.63,2.52,2.59,1.44,1.43,2.38,2.37,1.44,1.51,2.08,2.05,1.60,1.70,1.79,1.75,1.88,2.01,1.58,1.57,2.10,2.27,1.38,1.37,2.54,2.81,,,,,,,,,,,,,,,,,,,,,,,,,,,,,,,,,,,,,,,,,,,,,,,,,,,,
serbia,prva-liga,2023-10-28,Mladost GAT,Tekstilac Odzaci,0,0,Pinnacle,2.09,2.75,3.27,2.18,2.90,3.33,,,,,,,,,,,,,2.44,2.59,1.41,1.43,2.08,2.16,1.60,1.63,1.80,1.86,1.86,1.88,1.47,1.53,2.35,2.36,1.32,1.37,2.77,2.79,,,,,,,,,,,,,,,,,,,,,,,,,,,,,,,,,,,,,,,,,,,,
serbia,prva-liga,2023-10-28,Smederevo,Kolubara,0,0,Pinnacle,2.29,2.72,2.92,2.73,2.60,2.83,,,,,,,,,,,,,,,,,2.27,2.67,1.50,1.40,1.98,2.27,1.71,1.57,1.60,1.83,2.07,1.91,1.41,1.53,2.47,2.35,1.42,1.38,2.57,2.76,,,,,,,,,,,,,,,,,,,,,,,,,,,,,,,,,,,,,,,,
serbia,prva-liga,2023-10-28,Macva,Graficar Beograd,0,0,Pinnacle,2.14,2.87,3.02,2.03,3.04,3.52,,,,,,,,,2.92,2.81,1.33,1.36,2.48,2.34,1.40,1.52,2.12,2.02,1.57,1.72,1.85,1.75,1.81,2.01,1.53,1.45,2.20,2.56,1.37,1.33,2.58,2.98,,,,,,,,,,,,,,,,,,,,,,,,,,,,,,,,,,,,,,,,,,,,
serbia,prva-liga,2023-11-05,Tekstilac Odzaci,Vrsac,1,0,Pinnacle,1.74,2.92,4.32,1.88,2.86,4.50,,,,,,,,,2.44,2.84,1.42,1.36,1.98,2.19,1.66,1.61,1.75,1.88,1.93,1.86,1.49,1.58,2.29,2.23,1.24,1.30,3.18,3.15,,,,,,,,,,,,,,,,,,,,,,,,,,,,,,,,,,,,,,,,,,,,,,,,
serbia,prva-liga,2023-11-05,OFK Beograd,Macva,2,1,Pinnacle,1.28,4.14,7.83,1.38,4.28,6.82,1.93,2.17,1.70,1.62,1.72,1.91,1.96,1.83,1.46,1.63,2.37,2.16,1.34,1.46,2.70,2.49,,,,,,,,,,,,,,,,,,,,,,,,,,,,,,,,,,,,,2.21,2.53,1.51,1.45,2.68,2.55,1.39,1.44,,,,,,,,,,,,,,,,
serbia,prva-liga,2023-11-05,Kolubara,Mladost GAT,0,2,Pinnacle,1.99,2.81,3.46,2.15,2.78,3.57,,,,,,,,,2.80,3.02,1.33,1.32,2.30,2.53,1.47,1.44,1.97,2.13,1.67,1.65,1.71,1.82,1.95,1.92,1.41,1.48,2.51,2.49,1.29,1.33,2.94,2.98,,,,,,,,,,,,,,,,,,,,,,,,,,,,,,,,,,,,,,,,,,,,
serbia,prva-liga,2023-11-05,Graficar Beograd,Sloboda,5,1,Pinnacle,1.74,3.15,3.92,1.60,3.49,5.14,2.49,2.54,1.46,1.44,2.38,2.42,1.50,1.49,2.37,2.10,1.46,1.66,1.97,1.78,1.69,1.96,1.75,1.59,1.93,2.23,1.52,1.39,2.27,2.71,,,,,,,,,,,,,,,,,,,,,,,,,,,,,,,,,,,,,,,,,,,,,,,,,,,,
serbia,prva-liga,2023-11-05,Dubocica,Jedinstvo U.,1,0,Pinnacle,2.36,2.67,2.88,2.39,2.80,3.04,,,,,,,,,,,,,2.80,2.85,1.32,1.36,2.33,2.37,1.47,1.53,2.03,2.03,1.68,1.73,1.63,1.65,2.02,2.12,1.42,1.44,2.42,2.54,,,,,,,,,,,,,,,,,,,,,,,,,,,,,,,,,,,,,,,,,,,,
serbia,prva-liga,2023-11-06,RFK Novi Sad,Metalac,0,1,Pinnacle,1.99,2.90,3.76,2.31,3.01,2.95,,,,,,,,,,,,,2.32,2.72,1.54,1.39,1.99,2.28,1.75,1.56,1.69,1.99,2.03,1.76,1.40,1.65,2.67,2.12,1.43,1.46,2.55,2.49,,,,,,,,,,,,,,,,,,,,,,,,,,,,,,,,,,,,,,,,,,,,
serbia,prva-liga,2023-11-06,Radnicki S. Mitrovica,Smederevo,0,0,Pinnacle,1.92,2.95,3.83,1.78,3.21,4.23,,,,,,,,,2.79,2.47,1.35,1.46,2.21,2.02,1.56,1.70,1.93,1.78,1.80,1.96,1.64,1.53,2.09,2.32,1.36,1.30,2.76,3.12,,,,,,,,,,,,,,,,,,,,,,,,,,,,,,,,,,,,,,,,,,,,,,,,
serbia,prva-liga,2023-11-06,Radnicki Beograd,FK Indjija,1,1,Pinnacle,2.65,2.86,2.54,2.75,2.72,2.68,,,,,,,,,,,,,,,,,2.59,2.68,1.40,1.40,2.26,2.31,1.54,1.55,1.91,1.89,1.82,1.85,1.60,1.58,2.16,2.25,1.43,1.42,2.48,2.62,,,,,,,,,,,,,,,,,,,,,,,,,,,,,,,,,,,,,,,,
serbia,prva-liga,2023-11-11,Tekstilac Odzaci,Macva,1,0,Pinnacle,1.80,2.98,4.32,2.15,2.41,4.44,,,,,,,,,2.55,3.17,1.41,1.29,2.06,2.57,1.65,1.43,1.81,2.13,1.92,1.65,1.54,1.77,2.27,1.99,1.28,1.36,3.13,2.89,1.24,1.24,3.58,3.58,,,,,,,,,,,,,,,,,,,,,,,,,,,,,,,,,,,,,,,,,,,,
serbia,prva-liga,2023-11-11,Radnicki S. Mitrovica,Mladost GAT,0,0,Pinnacle,2.56,2.74,2.81,2.04,2.73,4.03,,,,,,,,,3.33,3.33,1.27,1.27,2.86,2.44,1.35,1.50,2.51,2.04,1.44,1.72,2.16,1.71,1.62,2.03,1.78,1.38,1.95,2.76,1.52,1.34,2.37,2.95,,,,,,,,,,,,,,,,,,,,,,,,,,,,,,,,,,,,,,,,,,,,
serbia,prva-liga,2023-11-11,FK Indjija,Smederevo,1,2,Pinnacle,1.88,2.98,3.91,1.99,2.80,4.05,,,,,,,,,2.72,3.09,1.36,1.31,2.17,2.35,1.59,1.53,1.90,1.99,1.83,1.76,1.61,1.68,2.13,2.07,1.34,1.36,2.83,2.81,,,,,,,,,,,,,,,,,,,,,,,,,,,,,,,,,,,,,,,,,,,,,,,,
serbia,prva-liga,2023-11-12,Graficar Beograd,Metalac,1,1,Pinnacle,1.75,3.23,4.14,1.78,3.26,4.21,,,,,2.52,2.64,1.44,1.41,2.37,2.42,1.47,1.48,1.97,2.01,1.71,1.72,1.76,1.78,1.97,1.97,1.52,1.54,2.31,2.33,1.29,1.30,3.08,3.11,,,,,,,,,,,,,,,,,,,,,,,,,,,,,,,,,,,,,,,,,,,,,,,,
serbia,prva-liga,2023-11-12,OFK Beograd,Sloboda,1,0,Pinnacle,1.26,4.79,8.58,1.32,4.55,8.03,1.84,1.98,1.88,1.78,1.61,1.73,2.14,2.00,1.39,1.48,2.64,2.42,,,,,,,,,,,,,,,,,,,,,,,,,,,,,,,,,,,,,,,,,2.06,2.24,1.65,1.58,2.45,2.70,1.45,1.40,,,,,,,,,,,,,,,,
serbia,prva-liga,2023-11-12,RFK Novi Sad,Jedinstvo U.,0,2,Pinnacle,3.06,2.92,2.22,3.08,3.17,2.15,,,,,,,,,,,,,,,,,,,,,2.59,2.63,1.40,1.41,2.20,2.26,1.57,1.57,1.81,1.87,1.92,1.87,1.57,1.64,2.20,2.13,1.40,1.45,2.59,2.50,,,,,,,,,,,,,,,,,,,,,,,,,,,,,,,,,,,,
serbia,prva-liga,2023-11-12,Kolubara,Vrsac,4,0,Pinnacle,1.80,3.03,4.41,1.97,2.92,3.92,,,,,,,,,2.55,3.04,1.43,1.32,2.05,2.30,1.68,1.55,1.80,1.97,1.93,1.78,1.54,1.67,2.30,2.08,1.28,1.38,3.19,2.77,1.35,1.30,2.88,3.16,,,,,,,,,,,,,,,,,,,,,,,,,,,,,,,,,,,,,,,,,,,,
serbia,prva-liga,2023-11-17,Radnicki Beograd,RFK Novi Sad,3,1,Pinnacle,1.75,3.19,4.20,1.65,3.72,4.35,,,,,2.63,2.43,1.41,1.48,2.39,2.14,1.47,1.64,1.98,1.83,1.71,1.91,1.76,1.63,1.97,2.14,1.52,1.45,2.32,2.53,,,,,,,,,,,,,,,,,,,,,,,,,,,,,,,,,,,,,,,,,,,,,,,,,,,,
serbia,prva-liga,2023-11-18,Metalac,OFK Beograd,2,0,Pinnacle,4.26,3.19,1.74,4.21,3.32,1.76,,,,,,,,,,,,,,,,,,,,,,,,,3.17,3.13,1.27,1.30,2.34,2.35,1.51,1.53,1.99,1.99,1.75,1.76,1.72,1.74,1.96,1.99,1.48,1.49,2.37,2.41,,,,,,,,,,,,,,,,,,,,,,,,,,,,,,,,
serbia,prva-liga,2023-11-18,Macva,Kolubara,1,0,Pinnacle,2.11,2.85,3.37,2.25,2.66,3.52,,,,,,,,,,,,,2.46,2.68,1.44,1.40,2.09,2.22,1.63,1.59,1.82,1.88,1.91,1.85,1.48,1.51,2.40,2.40,1.34,1.34,2.84,2.91,,,,,,,,,,,,,,,,,,,,,,,,,,,,,,,,,,,,,,,,,,,,
serbia,prva-liga,2023-11-18,Jedinstvo U.,Graficar Beograd,3,1,Pinnacle,1.98,3.07,3.45,1.95,3.27,3.49,,,,,,,,,2.87,2.80,1.33,1.37,2.29,2.24,1.53,1.58,2.00,1.95,1.75,1.80,1.70,1.69,1.99,2.06,1.43,1.43,2.51,2.58,,,,,,,,,,,,,,,,,,,,,,,,,,,,,,,,,,,,,,,,,,,,,,,,
serbia,prva-liga,2023-11-18,Dubocica,FK Indjija,0,0,,,,,,,,,,,,,,,,,,,,,,,,,,,,,,,,,,,,,,,,,,,,,,,,,,,,,,,,,,,,,,,,,,,,,,,,,,,,,,,,,,,
serbia,prva-liga,2023-11-18,Vrsac,Radnicki S. Mitrovica,1,0,Pinnacle,2.21,2.78,3.25,2.43,2.64,3.18,,,,,,,,,,,,,2.60,2.94,1.40,1.34,2.19,2.40,1.58,1.51,1.89,2.04,1.83,1.72,1.53,1.63,2.29,2.15,1.36,1.41,2.72,2.63,,,,,,,,,,,,,,,,,,,,,,,,,,,,,,,,,,,,,,,,,,,,
serbia,prva-liga,2023-11-18,Sloboda,Tekstilac Odzaci,0,2,Pinnacle,2.67,2.63,2.73,2.81,2.77,2.57,,,,,,,,,,,,,,,,,2.61,2.75,1.40,1.38,2.24,2.37,1.55,1.52,1.84,1.96,1.88,1.79,1.53,1.62,2.29,2.17,1.38,1.45,2.67,2.52,,,,,,,,,,,,,,,,,,,,,,,,,,,,,,,,,,,,,,,,
serbia,prva-liga,2023-11-21,Radnicki Beograd,Mladost GAT,2,2,Pinnacle,2.68,2.79,2.47,2.82,2.68,2.65,,,,,,,,,,,,,,,,,2.62,2.67,1.38,1.36,2.28,2.30,1.51,1.51,1.92,1.89,1.76,1.78,1.61,1.57,2.10,2.17,1.44,1.40,2.42,2.53,,,,,,,,,,,,,,,,,,,,,,,,,,,,,,,,,,,,,,,,
serbia,prva-liga,2023-11-21,Dubocica,Smederevo,2,1,Pinnacle,1.98,2.91,3.35,3.09,2.83,2.17,,,,,,,,,,,,,,,,,1.96,2.43,1.68,1.30,1.72,2.62,1.96,1.38,1.42,2.22,2.47,1.54,1.30,1.81,2.86,1.86,1.33,1.58,2.92,2.15,1.36,1.39,2.67,2.58,1.28,1.28,3.03,3.03,,,,,,,,,,,,,,,,,,,,,,,,,,,,,,,,
serbia,prva-liga,2023-11-22,Sloboda,FK Indjija,0,1,Pinnacle,2.53,2.68,2.65,3.01,2.66,2.33,,,,,,,,,,,,,,,,,,,,,2.14,2.52,1.56,1.41,1.79,2.10,1.88,1.61,1.51,1.71,2.25,1.98,1.37,1.50,2.59,2.31,1.34,1.34,2.88,2.77,,,,,,,,,,,,,,,,,,,,,,,,,,,,,,,,,,,,
serbia,prva-liga,2023-11-22,RFK Novi Sad,Radnicki S. Mitrovica,2,2,Pinnacle,3.46,2.98,1.94,3.16,2.86,2.28,,,,,,,,,,,,,,,,,,,,,2.53,2.65,1.42,1.41,2.54,2.22,1.40,1.59,2.00,1.80,1.67,1.94,1.74,1.57,1.94,2.26,1.53,1.39,2.24,2.70,,,,,,,,,,,,,,,,,,,,,,,,,,,,,,,,,,,,
serbia,prva-liga,2023-11-22,OFK Beograd,Tekstilac Odzaci,2,0,Pinnacle,1.42,3.77,5.52,1.44,3.80,6.72,2.18,2.34,1.52,1.52,1.95,2.07,1.68,1.68,1.72,1.78,1.97,1.98,1.52,1.56,2.23,2.30,1.40,1.42,2.48,2.60,,,,,,,,,,,,,,,,,,,,,,,,,,,,,,,,,,,,,,,,,,,,,,,,,,,,,,,,
serbia,prva-liga,2023-11-22,Jedinstvo U.,Vrsac,1,1,Pinnacle,1.89,2.96,3.55,1.79,3.11,4.43,,,,,,,,,2.70,2.52,1.34,1.45,2.17,2.04,1.55,1.70,1.91,1.79,1.76,1.95,1.63,1.54,2.03,2.34,1.36,1.29,2.61,3.22,,,,,,,,,,,,,,,,,,,,,,,,,,,,,,,,,,,,,,,,,,,,,,,,
serbia,prva-liga,2023-11-22,Graficar Beograd,Kolubara,1,0,Pinnacle,2.16,3.03,2.82,2.00,3.25,3.37,,,,,,,,,2.75,2.86,1.38,1.35,2.49,2.30,1.40,1.56,2.14,2.00,1.56,1.76,1.90,1.73,1.77,2.00,1.59,1.46,2.09,2.48,,,,,,,,,,,,,,,,,,,,,,,,,,,,,,,,,,,,,,,,,,,,,,,,
serbia,prva-liga,2023-11-23,Metalac,Macva,1,2,Pinnacle,1.99,2.78,3.49,2.11,2.61,4.02,,,,,,,,,,,,,2.31,2.51,1.47,1.45,1.98,2.09,1.67,1.67,1.72,1.77,1.97,1.99,1.40,1.40,2.53,2.73,1.28,1.27,2.96,3.30,,,,,,,,,,,,,,,,,,,,,,,,,,,,,,,,,,,,,,,,,,,,
serbia,prva-liga,2023-11-26,Graficar Beograd,Radnicki Beograd,4,2,Pinnacle,1.47,3.90,5.69,1.50,3.98,5.38,2.27,2.29,1.54,1.54,2.03,2.06,1.69,1.69,1.78,1.81,1.95,1.93,1.58,1.61,2.23,2.20,1.45,1.48,2.49,2.44,,,,,,,,,,,,,,,,,,,,,,,,,,,,,,,,,,,,,,,,,,,,,,,,,,,,,,,,
serbia,prva-liga,2023-11-26,FK Indjija,Mladost GAT,2,0,Pinnacle,2.08,2.82,3.50,2.08,2.85,3.65,,,,,,,,,,,,,2.43,2.43,1.45,1.48,2.06,2.06,1.65,1.68,1.79,1.78,1.94,1.98,1.45,1.45,2.49,2.58,1.31,1.31,2.94,3.06,,,,,,,,,,,,,,,,,,,,,,,,,,,,,,,,,,,,,,,,,,,,
serbia,prva-liga,2023-11-26,Tekstilac Odzaci,Metalac,1,2,Pinnacle,1.68,3.01,5.18,1.83,2.94,4.59,,,,,,,,,2.34,2.64,1.51,1.41,1.93,2.10,1.81,1.66,1.67,1.83,2.04,1.92,1.43,1.55,2.51,2.31,1.28,1.28,3.23,3.27,,,,,,,,,,,,,,,,,,,,,,,,,,,,,,,,,,,,,,,,,,,,,,,,
serbia,prva-liga,2023-11-26,OFK Beograd,Jedinstvo U.,3,0,Pinnacle,1.37,4.13,6.64,1.37,4.26,7.15,2.09,2.13,1.63,1.64,1.88,1.88,1.85,1.85,1.60,1.60,2.16,2.20,1.44,1.44,2.46,2.53,,,,,,,,,,,,,,,,,,,,,,,,,,,,,,,,,,,,,2.41,2.47,1.46,1.47,,,,,,,,,,,,,,,,,,,,
serbia,prva-liga,2023-11-26,Smederevo,Vrsac,1,0,Pinnacle,1.96,2.81,3.90,1.78,3.04,4.67,,,,,,,,,2.97,2.53,1.31,1.44,2.30,2.03,1.53,1.71,1.98,1.78,1.76,1.97,1.66,1.52,2.05,2.38,1.36,1.26,2.75,3.36,,,,,,,,,,,,,,,,,,,,,,,,,,,,,,,,,,,,,,,,,,,,,,,,
serbia,prva-liga,2023-11-27,RFK Novi Sad,Dubocica,0,0,Pinnacle,2.82,2.77,2.47,2.83,2.75,2.58,,,,,,,,,,,,,,,,,2.75,2.76,1.36,1.38,2.38,2.38,1.49,1.52,2.00,1.96,1.75,1.78,1.63,1.62,2.09,2.17,1.46,1.45,2.42,2.52,1.36,1.36,2.83,2.83,,,,,,,,,,,,,,,,,,,,,,,,,,,,,,,,,,,,
serbia,prva-liga,2023-11-27,Radnicki S. Mitrovica,Macva,1,0,Pinnacle,2.05,2.78,3.66,2.11,2.63,3.99,,,,,,,,,,,,,2.39,2.50,1.47,1.46,2.03,2.09,1.67,1.67,1.75,1.77,1.99,1.98,1.42,1.41,2.59,2.71,1.29,1.28,3.07,3.28,,,,,,,,,,,,,,,,,,,,,,,,,,,,,,,,,,,,,,,,,,,,
serbia,prva-liga,2023-11-27,Kolubara,Sloboda,0,0,Pinnacle,1.57,3.33,5.37,1.54,3.52,5.76,2.56,2.60,1.43,1.42,2.37,2.30,1.48,1.55,2.05,1.99,1.66,1.76,1.76,1.69,1.98,2.05,1.56,1.52,2.22,2.32,1.36,1.36,2.73,2.82,,,,,,,,,,,,,,,,,,,,,,,,,,,,,,,,,,,,,,,,,,,,,,,,,,,,
serbia,prva-liga,2023-11-29,Mladost GAT,Smederevo,0,0,Pinnacle,1.90,3.01,3.79,1.90,2.94,4.01,,,,,,,,,2.73,2.82,1.36,1.35,2.19,2.20,1.58,1.58,1.92,1.92,1.81,1.83,1.63,1.62,2.10,2.14,1.36,1.34,2.75,2.87,,,,,,,,,,,,,,,,,,,,,,,,,,,,,,,,,,,,,,,,,,,,,,,,
serbia,prva-liga,2023-12-01,RFK Novi Sad,FK Indjija,0,1,Pinnacle,3.69,3.13,1.94,3.69,3.13,1.94,,,,,,,,,,,,,,,,,,,,,,,,,,2.69,,1.40,,2.09,,1.67,,1.81,,1.94,,1.58,,2.25,,1.36,,2.84,,,,,,,,,,,,,,,,,,,,,,,,,,,,,,,,
serbia,prva-liga,2023-12-02,Sloboda,Radnicki S. Mitrovica,0,1,Pinnacle,2.19,2.89,3.31,2.19,2.89,3.31,,,,,,,,,,,,,,2.59,,1.43,,2.17,,1.62,,1.87,,1.87,,1.53,,2.35,,1.37,,2.78,,,,,,,,,,,,,,,,,,,,,,,,,,,,,,,,,,,,,,,,,,,,
serbia,prva-liga,2023-12-02,Radnicki Beograd,OFK Beograd,1,2,Pinnacle,5.25,3.88,1.52,5.25,3.88,1.52,,,,,,,,,,,,,,,,,,,,,,,,,,,,,,,,,,2.38,,1.50,,2.13,,1.65,,1.86,,1.88,,1.64,,2.14,,1.50,,2.39,,,,,,,,,,,,,,,,,,,,,,,,
serbia,prva-liga,2023-12-02,Metalac,Kolubara,2,2,Pinnacle,1.75,3.17,4.57,1.75,3.17,4.57,,,,,,2.96,,1.33,,2.50,,1.45,,2.00,,1.73,,1.75,,2.01,,1.51,,2.41,,1.27,,3.34,,,,,,,,,,,,,,,,,,,,,,,,,,,,,,,,,,,,,,,,,,,,,,,,
serbia,prva-liga,2023-12-02,Macva,Smederevo,2,1,Pinnacle,2.01,2.83,3.95,2.01,2.83,3.95,,,,,,,,,,3.10,,1.31,,2.36,,1.53,,2.01,,1.75,,1.69,,2.05,,1.38,,2.75,,,,,,,,,,,,,,,,,,,,,,,,,,,,,,,,,,,,,,,,,,,,,,,,
serbia,prva-liga,2023-12-02,Jedinstvo U.,Tekstilac Odzaci,1,1,Pinnacle,2.19,2.84,3.39,2.19,2.84,3.39,,,,,,,,,,,,,,2.57,,1.43,,2.17,,1.62,,1.86,,1.88,,1.52,,2.38,,1.36,,2.83,,,,,,,,,,,,,,,,,,,,,,,,,,,,,,,,,,,,,,,,,,,,
serbia,prva-liga,2023-12-02,Dubocica,Graficar Beograd,2,1,Pinnacle,2.50,3.03,2.67,2.50,3.03,2.67,,,,,,,,,,,,,,2.62,,1.42,,2.45,,1.47,,2.14,,1.64,,1.81,,1.93,,1.56,,2.29,,1.42,,2.61,,,,,,,,,,,,,,,,,,,,,,,,,,,,,,,,,,,,,,,,
serbia,prva-liga,2023-12-03,Vrsac,Mladost GAT,2,0,Pinnacle,2.49,2.65,3.07,2.49,2.65,3.07,,,,,,,,,,,,,,3.02,,1.32,,2.46,,1.49,,2.09,,1.69,,1.67,,2.08,,1.44,,2.54,,,,,,,,,,,,,,,,,,,,,,,,,,,,,,,,,,,,,,,,,,,,
serbia,prva-liga,2023-12-06,Dubocica,Radnicki Beograd,1,1,Pinnacle,1.50,3.77,5.75,1.50,3.77,5.75,,2.50,,1.45,,2.21,,1.60,,1.90,,1.84,,1.63,,2.14,,1.48,,2.43,,,,,,,,,,,,,,,,,,,,,,,,,,,,,,,,,,,,,,,,,,,,,,,,,,,,,,,,
serbia,prva-liga,2023-12-09,Kolubara,Jedinstvo U.,1,3,Pinnacle,2.19,2.92,3.27,2.19,2.92,3.27,,,,,,,,,,,,,,2.56,,1.44,,2.17,,1.62,,1.87,,1.87,,1.54,,2.33,,1.38,,2.75,,,,,,,,,,,,,,,,,,,,,,,,,,,,,,,,,,,,,,,,,,,,
