Country,League,Year,Date,Home,Away,FTHG,FTAG,bookmaker,HO_Open,DO_Open,AO_Open,HO_Close,DO_Close,AO_Close,-1.75_AH_H_Open,-1.75_AH_H_Close,+1.75_AH_A_Open,+1.75_AH_A_Close,-1.5_AH_H_Open,-1.5_AH_H_Close,+1.5_AH_A_Open,+1.5_AH_A_Close,-1.25_AH_H_Open,-1.25_AH_H_Close,+1.25_AH_A_Open,+1.25_AH_A_Close,-1_AH_H_Open,-1_AH_H_Close,+1_AH_A_Open,+1_AH_A_Close,-0.75_AH_H_Open,-0.75_AH_H_Close,+0.75_AH_A_Open,+0.75_AH_A_Close,-0.5_AH_H_Open,-0.5_AH_H_Close,+0.5_AH_A_Open,+0.5_AH_A_Close,-0.25_AH_H_Open,-0.25_AH_H_Close,+0.25_AH_A_Open,+0.25_AH_A_Close,+0_AH_H_Open,+0_AH_H_Close,-0_AH_A_Open,-0_AH_A_Close,+0.25_AH_H_Open,+0.25_AH_H_Close,-0.25_AH_A_Open,-0.25_AH_A_Close,-2_AH_H_Open,-2_AH_H_Close,+2_AH_A_Open,+2_AH_A_Close,+0.5_AH_H_Open,+0.5_AH_H_Close,-0.5_AH_A_Open,-0.5_AH_A_Close,+0.75_AH_H_Open,+0.75_AH_H_Close,-0.75_AH_A_Open,-0.75_AH_A_Close,+1_AH_H_Open,+1_AH_H_Close,-1_AH_A_Open,-1_AH_A_Close,+1.25_AH_H_Open,+1.25_AH_H_Close,-1.25_AH_A_Open,-1.25_AH_A_Close,+1.5_AH_H_Open,+1.5_AH_H_Close,-1.5_AH_A_Open,-1.5_AH_A_Close,+1.75_AH_H_Open,+1.75_AH_H_Close,-1.75_AH_A_Open,-1.75_AH_A_Close,-2.25_AH_H_Open,-2.25_AH_H_Close,+2.25_AH_A_Open,+2.25_AH_A_Close,-2.5_AH_H_Open,-2.5_AH_H_Close,+2.5_AH_A_Open,+2.5_AH_A_Close,+2_AH_H_Open,+2_AH_H_Close,-2_AH_A_Open,-2_AH_A_Close,+2.25_AH_H_Open,+2.25_AH_H_Close,-2.25_AH_A_Open,-2.25_AH_A_Close,+2.5_AH_H_Open,+2.5_AH_H_Close,-2.5_AH_A_Open,-2.5_AH_A_Close
slovenia,prva-liga,2023.0,2023-07-22,Bravo,Rogaska,2,0,Pinnacle,1.74,3.72,4.66,2.08,3.09,4.15,,,,,3.04,4.00,1.39,1.26,2.69,3.56,1.49,1.30,2.33,3.14,1.63,1.38,1.92,2.43,1.85,1.58,1.73,2.08,2.15,1.79,1.52,1.75,2.59,2.12,1.31,1.43,3.53,2.89,1.25,1.31,4.06,3.49,,,,,1.20,1.25,4.53,4.09,,,,,,,,,,,,,,,,,,,,,,,,,,,,,,,,,,,,,,,,
slovenia,prva-liga,2023.0,2023-07-22,Mura,Domzale,2,3,Pinnacle,2.11,3.36,3.53,1.95,3.29,4.36,,,,,3.88,3.61,1.27,1.30,3.50,3.20,1.28,1.36,3.08,2.81,1.34,1.45,2.41,2.24,1.53,1.68,2.05,1.95,1.73,1.90,1.78,1.66,2.00,2.27,1.50,1.38,2.52,3.12,1.37,1.29,2.97,3.71,,,,,1.29,1.23,3.39,4.30,,,,,,,,,,,,,,,,,,,,,,,,,,,,,,,,,,,,,,,,
slovenia,prva-liga,2023.0,2023-07-22,Koper,O. Ljubljana,2,1,Pinnacle,2.83,3.17,2.49,3.35,3.41,2.21,,,,,,,,,,,,,,,,,3.50,4.26,1.28,1.23,2.81,3.31,1.41,1.34,2.42,2.88,1.53,1.44,2.02,2.42,1.77,1.59,1.68,1.95,2.12,1.90,,,,,1.51,1.70,2.48,2.20,1.35,1.51,3.02,2.62,1.21,1.32,4.15,3.44,1.20,1.27,4.49,3.90,,,,,,,,,,,,,,,,,,,,,,,,,,,,
slovenia,prva-liga,2023.0,2023-07-23,Radomlje,Maribor,0,4,Pinnacle,4.00,3.53,1.91,5.46,4.15,1.60,,,,,,,,,,,,,,,,,,,,,,,,,,,,,2.90,4.23,1.39,1.23,2.23,2.96,1.62,1.41,,,,,1.90,2.41,1.87,1.59,1.67,2.11,2.14,1.75,1.45,1.83,2.64,2.04,1.36,1.62,3.01,2.36,1.29,1.49,3.38,2.68,1.24,1.35,3.83,3.25,,,,,,,,,1.23,1.22,4.27,4.42,,,,,,,,
slovenia,prva-liga,2023.0,2023-07-23,Aluminij,Celje,2,2,Pinnacle,3.09,3.36,2.31,4.56,4.07,1.71,,,,,,,,,,,,,,,,,,,,,,,,,2.66,4.00,1.50,1.26,2.25,3.51,1.67,1.31,1.82,2.62,1.95,1.51,,,,,1.65,2.19,2.30,1.70,1.47,1.93,2.74,1.93,1.30,1.65,3.59,2.29,1.25,1.50,4.04,2.65,1.27,1.40,3.53,3.00,1.26,1.28,3.82,3.72,,,,,,,,,,,,,,,,,,,,
slovenia,prva-liga,2023.0,2023-07-29,Koper,Radomlje,1,0,Pinnacle,1.71,3.64,4.98,1.68,3.78,5.27,3.82,3.65,1.27,1.29,3.04,2.93,1.39,1.41,2.69,2.59,1.49,1.52,2.31,2.22,1.64,1.68,1.89,1.88,1.88,1.97,1.71,1.68,2.18,2.24,1.50,1.47,2.67,2.76,1.28,1.26,3.74,3.96,1.23,1.21,4.33,4.58,,,,,,,,,,,,,,,,,,,,,,,,,,,,,,,,,,,,,,,,,,,,,,,,
slovenia,prva-liga,2023.0,2023-07-29,O. Ljubljana,Rogaska,5,0,Pinnacle,1.38,4.88,7.69,1.35,5.16,8.68,2.39,2.28,1.60,1.65,2.07,2.00,1.79,1.86,1.79,1.75,1.99,2.11,1.58,1.52,2.44,2.59,1.45,1.41,2.81,2.96,1.37,1.34,3.16,3.34,,,,,,,,,,,,,2.97,2.79,1.41,1.46,,,,,,,,,,,,,,,,,,,,,,,,,3.35,3.15,1.34,1.37,3.40,3.51,1.33,1.31,,,,,,,,,,,,
slovenia,prva-liga,2023.0,2023-07-30,Celje,Mura,5,0,Pinnacle,1.69,3.76,4.97,2.12,3.51,3.45,,,,,2.94,3.69,1.41,1.29,2.60,3.52,1.52,1.31,2.24,3.11,1.68,1.38,1.85,2.47,1.92,1.57,1.68,2.11,2.22,1.75,1.48,1.83,2.71,2.02,1.28,1.54,3.77,2.53,1.23,1.41,4.34,2.98,,,,,1.24,1.33,4.03,3.41,1.22,1.22,4.39,4.39,,,,,,,,,,,,,,,,,,,,,,,,,,,,,,,,,,,,
slovenia,prva-liga,2023.0,2023-07-30,Maribor,Aluminij,1,0,Pinnacle,1.37,4.81,8.21,1.46,4.68,6.58,2.36,2.66,1.56,1.50,2.04,2.26,1.74,1.67,1.79,2.00,1.98,1.85,1.54,1.72,2.40,2.16,1.42,1.56,2.78,2.49,1.33,1.45,3.13,2.80,1.22,1.31,4.05,3.54,,,,,,,,,2.95,3.38,1.37,1.33,,,,,,,,,,,,,,,,,,,,,,,,,3.33,3.78,1.30,1.28,,,,,,,,,,,,,,,,
slovenia,prva-liga,2023.0,2023-07-30,Domzale,Bravo,1,1,Pinnacle,2.43,3.08,3.14,2.29,3.03,3.61,,,,,,,,,4.60,4.19,1.21,1.24,4.08,3.69,1.25,1.29,2.96,2.74,1.42,1.47,2.42,2.28,1.59,1.65,2.02,1.93,1.76,1.93,1.69,1.56,2.20,2.49,1.50,1.40,2.67,3.04,,,,,1.38,1.30,3.11,3.57,1.26,1.20,3.99,4.69,,,,,,,,,,,,,,,,,,,,,,,,,,,,,,,,,,,,
slovenia,prva-liga,2023.0,2023-08-12,Radomlje,Aluminij,0,2,Pinnacle,2.13,3.37,3.47,2.58,3.23,2.88,,,,,,,,,,,,,3.21,4.31,1.36,1.23,2.50,3.13,1.56,1.37,2.12,2.57,1.75,1.53,1.80,2.19,1.98,1.70,1.54,1.83,2.53,2.04,1.41,1.57,2.99,2.45,,,,,1.32,1.44,3.43,2.87,1.22,1.30,4.42,3.57,1.20,1.18,4.70,5.14,,,,,,,,,,,,,,,,,,,,,,,,,,,,,,,,
slovenia,prva-liga,2023.0,2023-08-12,O. Ljubljana,Domzale,2,1,Pinnacle,1.65,3.87,5.09,1.59,4.16,5.52,3.45,3.46,1.32,1.32,2.81,2.82,1.45,1.45,2.49,2.45,1.56,1.57,2.14,2.09,1.74,1.79,1.80,1.76,1.98,2.10,1.65,1.58,2.29,2.42,1.46,1.40,2.80,2.98,1.26,1.23,3.90,4.27,1.22,1.20,4.46,4.72,4.83,4.83,1.19,1.19,,,,,,,,,,,,,,,,,,,,,,,,,,,,,,,,,,,,,,,,,,,,
slovenia,prva-liga,2023.0,2023-08-13,Maribor,Bravo,2,1,Pinnacle,1.55,4.04,5.98,1.56,4.14,5.97,3.11,3.22,1.38,1.36,2.58,2.64,1.53,1.51,2.26,2.31,1.67,1.64,1.90,1.98,1.87,1.87,1.69,1.71,2.22,2.18,1.54,1.56,2.53,2.50,1.37,1.37,3.15,3.12,1.20,1.21,4.65,4.62,,,,,4.21,4.45,1.24,1.22,,,,,,,,,,,,,,,,,,,,,,,,,,,,,,,,,,,,,,,,,,,,
slovenia,prva-liga,2023.0,2023-08-13,Celje,Rogaska,2,0,Pinnacle,1.33,5.26,8.26,1.40,4.87,7.56,2.16,2.52,1.66,1.54,1.91,2.17,1.86,1.72,1.68,1.91,2.13,1.94,1.47,1.63,2.61,2.32,1.36,1.49,2.97,2.69,1.30,1.39,3.32,3.04,1.26,1.26,3.94,3.92,,,,,,,,,2.62,3.16,1.46,1.37,,,,,,,,,,,,,,,,,,,,,,,,,2.94,3.55,1.37,1.31,,,,,,,,,,,,,,,,
slovenia,prva-liga,2023.0,2023-08-14,Koper,Mura,1,3,Pinnacle,2.13,3.52,3.48,1.93,3.52,4.08,,,,,3.74,3.56,1.28,1.30,3.56,3.16,1.27,1.37,3.14,2.77,1.33,1.47,2.45,2.22,1.52,1.68,2.08,1.93,1.71,1.92,1.83,1.67,2.00,2.26,1.51,1.41,2.48,3.00,1.38,1.31,2.93,3.51,,,,,1.30,1.25,3.35,4.03,,,,,,,,,,,,,,,,,,,,,,,,,,,,,,,,,,,,,,,,
slovenia,prva-liga,2023.0,2023-08-18,Bravo,Koper,0,3,Pinnacle,2.66,3.06,2.85,3.14,3.21,2.42,,,,,,,,,,,,,,,,,3.26,3.98,1.35,1.26,2.64,3.11,1.50,1.38,2.25,2.67,1.67,1.50,1.82,2.21,1.95,1.69,1.59,1.81,2.42,2.06,,,,,1.45,1.60,2.84,2.40,1.31,1.42,3.55,2.94,1.17,1.25,5.18,4.06,1.20,1.21,4.58,4.58,,,,,,,,,,,,,,,,,,,,,,,,,,,,
slovenia,prva-liga,2023.0,2023-08-19,Mura,Radomlje,0,2,Pinnacle,1.71,3.78,4.79,1.83,3.64,4.44,,,,,2.95,3.28,1.41,1.35,2.62,2.90,1.51,1.42,2.26,2.53,1.66,1.54,1.88,2.07,1.89,1.78,1.70,1.83,2.19,2.04,1.50,1.58,2.66,2.43,1.29,1.35,3.64,3.31,1.24,1.27,4.19,3.84,,,,,1.22,1.22,4.22,4.38,,,,,,,,,,,,,,,,,,,,,,,,,,,,,,,,,,,,,,,,
slovenia,prva-liga,2023.0,2023-08-19,Aluminij,O. Ljubljana,4,5,Pinnacle,4.24,3.93,1.76,5.06,4.08,1.65,,,,,,,,,,,,,,,,,,,,,,,,,3.72,4.44,1.28,1.22,3.26,3.89,1.35,1.27,2.50,2.81,1.55,1.45,,,,,2.11,2.30,1.75,1.64,1.85,2.03,1.93,1.83,1.64,1.74,2.31,2.14,1.51,1.56,2.64,2.48,1.41,1.45,2.95,2.80,1.30,1.32,3.62,3.45,,,,,,,,,,,,,,,,,,,,
slovenia,prva-liga,2023.0,2023-08-20,Rogaska,Maribor,2,2,Pinnacle,4.15,3.96,1.81,5.84,4.46,1.53,,,,,,,,,,,,,,,,,,,,,,,,,,,,,3.08,4.61,1.34,1.21,2.37,3.21,1.55,1.36,,,,,2.01,2.59,1.76,1.52,1.79,2.29,1.99,1.65,1.55,1.98,2.37,1.87,1.44,1.72,2.71,2.15,1.35,1.58,3.02,2.44,1.25,1.42,3.73,2.90,,,,,,,,,1.21,1.28,4.12,3.80,,,,,,,,
slovenia,prva-liga,2023.0,2023-08-20,Domzale,Celje,1,2,Pinnacle,3.25,3.38,2.22,2.95,3.39,2.44,,,,,,,,,,,,,5.06,4.82,1.18,1.19,4.09,3.65,1.25,1.29,3.22,2.92,1.36,1.42,2.81,2.53,1.45,1.54,2.37,2.12,1.61,1.75,1.89,1.78,1.88,2.10,,,,,1.69,1.58,2.21,2.42,1.52,1.42,2.61,2.95,1.33,1.25,3.38,4.02,1.27,1.21,3.81,4.52,,,,,,,,,,,,,,,,,,,,,,,,,,,,
slovenia,prva-liga,2023.0,2023-08-25,Aluminij,Mura,0,1,Pinnacle,2.40,3.45,2.87,2.53,3.49,2.75,,,,,,,,,,,,,3.72,4.05,1.28,1.25,2.85,3.03,1.44,1.39,2.39,2.52,1.60,1.55,2.03,2.18,1.75,1.71,1.76,1.85,2.11,2.01,1.56,1.61,2.49,2.37,,,,,1.44,1.47,2.84,2.74,1.31,1.33,3.51,3.36,1.23,1.20,3.94,4.70,,,,,,,,,,,,,,,,,,,,,,,,,,,,,,,,
slovenia,prva-liga,2023.0,2023-08-26,Koper,Rogaska,3,0,Pinnacle,1.41,4.77,6.92,1.50,4.40,6.38,2.49,2.84,1.56,1.44,2.14,2.39,1.74,1.60,1.86,2.10,1.91,1.76,1.64,1.82,2.30,2.04,1.50,1.62,2.65,2.35,1.40,1.50,2.98,2.67,1.28,1.33,3.78,3.36,1.18,1.18,4.92,5.02,,,,,3.10,3.74,1.38,1.28,,,,,,,,,,,,,,,,,,,,,,,,,3.49,3.99,1.31,1.26,,,,,,,,,,,,,,,,
slovenia,prva-liga,2023.0,2023-08-26,Maribor,Domzale,1,1,Pinnacle,1.52,4.32,5.91,1.62,4.15,5.20,2.86,3.31,1.43,1.34,2.41,2.72,1.59,1.48,2.13,2.40,1.75,1.60,1.81,2.08,1.97,1.79,1.64,1.78,2.31,2.07,1.51,1.62,2.62,2.36,1.35,1.43,3.25,2.87,1.20,1.25,4.68,4.03,1.22,1.22,4.39,4.39,3.74,4.51,1.28,1.21,,,,,,,,,,,,,,,,,,,,,,,,,,,,,,,,,,,,,,,,,,,,
slovenia,prva-liga,2023.0,2023-08-27,O. Ljubljana,Celje,2,4,Pinnacle,2.23,3.38,3.23,2.32,3.45,3.10,,,,,,,,,3.84,3.92,1.27,1.26,3.40,3.50,1.33,1.31,2.63,2.73,1.51,1.48,2.22,2.31,1.69,1.64,1.88,2.00,1.88,1.85,1.62,1.67,2.35,2.25,1.46,1.50,2.79,2.67,,,,,1.36,1.39,3.19,3.06,1.25,1.27,4.05,3.86,,,,,,,,,,,,,,,,,,,,,,,,,,,,,,,,,,,,
slovenia,prva-liga,2023.0,2023-08-27,Radomlje,Bravo,1,2,Pinnacle,2.79,3.08,2.69,2.88,3.04,2.72,,,,,,,,,,,,,4.98,5.36,1.18,1.17,3.45,3.61,1.32,1.30,2.78,2.86,1.46,1.44,2.37,2.42,1.61,1.58,1.92,1.98,1.85,1.87,1.65,1.65,2.28,2.29,,,,,1.49,1.48,2.68,2.71,1.34,1.33,3.31,3.37,1.20,1.19,4.72,4.92,,,,,,,,,,,,,,,,,,,,,,,,,,,,,,,,
slovenia,prva-liga,2023.0,2023-09-02,Domzale,Koper,1,2,Pinnacle,2.72,3.15,2.72,2.61,3.34,2.77,,,,,,,,,,,,,4.72,4.49,1.20,1.22,3.33,3.19,1.34,1.36,2.70,2.60,1.49,1.52,2.31,2.23,1.64,1.68,1.88,1.87,1.88,1.98,1.64,1.61,2.31,2.37,,,,,1.49,1.47,2.70,2.75,1.34,1.33,3.33,3.39,1.20,1.20,4.70,4.77,,,,,,,,,,,,,,,,,,,,,,,,,,,,,,,,
slovenia,prva-liga,2023.0,2023-09-02,Bravo,Aluminij,2,0,Pinnacle,1.92,3.39,3.88,2.03,3.45,3.81,,,,,3.56,3.84,1.27,1.27,3.17,3.42,1.33,1.32,2.78,3.00,1.42,1.41,2.21,2.36,1.63,1.61,1.92,2.03,1.85,1.83,1.65,1.74,2.18,2.13,1.40,1.47,2.87,2.77,1.30,1.35,3.35,3.27,,,,,1.24,1.28,3.83,3.76,,,,,,,,,,,,,,,,,,,,,,,,,,,,,,,,,,,,,,,,
slovenia,prva-liga,2023.0,2023-09-03,Rogaska,Radomlje,1,1,Pinnacle,2.55,3.34,2.76,2.59,3.35,2.78,,,,,,,,,,,,,4.14,4.25,1.24,1.23,3.07,3.12,1.39,1.37,2.54,2.58,1.54,1.53,2.20,2.22,1.70,1.69,1.81,1.85,1.95,2.00,1.61,1.60,2.37,2.38,,,,,1.47,1.47,2.74,2.77,1.33,1.33,3.36,3.41,1.20,1.20,4.65,4.78,,,,,,,,,,,,,,,,,,,,,,,,,,,,,,,,
slovenia,prva-liga,2023.0,2023-09-03,Mura,O. Ljubljana,1,3,Pinnacle,3.14,3.42,2.25,3.83,4.07,1.85,,,,,,,,,,,,,,,,,,,,,3.11,3.78,1.38,1.28,2.72,3.36,1.48,1.33,2.30,2.95,1.64,1.42,1.86,2.33,1.91,1.63,,,,,1.68,2.01,2.24,1.85,1.50,1.77,2.65,2.10,1.32,1.54,3.43,2.55,1.27,1.42,3.86,2.90,1.33,1.35,3.38,3.27,,,,,,,,,,,,,,,,,,,,,,,,
slovenia,prva-liga,2023.0,2023-09-03,Celje,Maribor,2,0,Pinnacle,2.40,3.34,2.96,2.17,3.61,3.25,,,,,,,,,4.25,3.65,1.23,1.29,3.80,3.23,1.28,1.35,2.87,2.54,1.44,1.54,2.39,2.16,1.60,1.72,2.02,1.88,1.76,1.97,1.74,1.60,2.14,2.40,1.54,1.45,2.55,2.82,,,,,1.41,1.36,2.93,3.22,1.29,1.25,3.66,4.09,,,,,,,,,,,,,,,,,,,,,,,,,,,,,,,,,,,,
slovenia,prva-liga,2023.0,2023-09-16,O. Ljubljana,Maribor,2,1,Pinnacle,2.11,3.36,3.53,1.88,3.94,3.83,,,,,3.71,3.24,1.25,1.35,3.60,2.90,1.30,1.42,3.17,2.56,1.37,1.53,2.47,2.12,1.57,1.75,2.10,1.88,1.76,1.97,1.78,1.65,2.00,2.29,1.53,1.43,2.58,2.92,1.40,1.34,3.05,3.35,,,,,1.31,1.28,3.49,3.78,,,,,,,,,,,,,,,,,,,,,,,,,,,,,,,,,,,,,,,,
slovenia,prva-liga,2023.0,2023-09-16,Mura,Bravo,1,1,Pinnacle,1.99,3.42,3.83,2.35,3.26,3.21,,,,,,,,,3.31,4.25,1.34,1.23,2.91,3.77,1.43,1.28,2.30,2.82,1.64,1.45,1.94,2.34,1.82,1.63,1.71,2.01,2.17,1.85,1.45,1.66,2.82,2.27,1.34,1.48,3.30,2.74,,,,,1.28,1.36,3.78,3.17,1.21,1.25,4.18,4.06,,,,,,,,,,,,,,,,,,,,,,,,,,,,,,,,,,,,
slovenia,prva-liga,2023.0,2023-09-16,Aluminij,Rogaska,1,2,Pinnacle,1.97,3.68,3.61,2.14,3.48,3.43,,,,,,,,,3.11,3.59,1.38,1.30,2.76,3.17,1.47,1.36,2.25,2.50,1.67,1.55,1.93,2.13,1.85,1.74,1.72,1.85,2.17,2.01,1.48,1.55,2.73,2.50,1.37,1.42,3.15,2.96,,,,,1.30,1.33,3.57,3.39,1.23,1.23,4.10,4.33,,,,,,,,,,,,,,,,,,,,,,,,,,,,,,,,,,,,
slovenia,prva-liga,2023.0,2023-09-17,Radomlje,Domzale,3,1,Pinnacle,2.85,3.22,2.55,2.97,3.51,2.37,,,,,,,,,,,,,,,,,3.51,3.68,1.31,1.29,2.83,2.94,1.45,1.41,2.43,2.56,1.58,1.53,2.00,2.17,1.79,1.72,1.71,1.82,2.18,2.05,,,,,1.54,1.62,2.54,2.36,1.38,1.45,3.08,2.83,1.23,1.28,4.24,3.73,1.24,1.24,3.83,4.19,,,,,,,,,,,,,,,,,,,,,,,,,,,,
slovenia,prva-liga,2023.0,2023-09-17,Koper,Celje,1,1,Pinnacle,2.76,3.22,2.62,3.86,3.05,2.18,,,,,,,,,,,,,,,,,3.29,5.11,1.31,1.18,2.68,3.81,1.44,1.27,2.31,3.26,1.58,1.36,1.93,2.67,1.83,1.50,1.64,2.02,2.19,1.84,,,,,1.49,1.71,2.55,2.17,1.34,1.51,3.10,2.62,1.20,1.31,4.25,3.55,1.21,1.25,4.37,4.08,,,,,,,,,,,,,,,,,,,,,,,,,,,,
slovenia,prva-liga,2023.0,2023-09-22,Domzale,Aluminij,2,1,Pinnacle,1.56,4.30,4.87,1.83,3.91,4.12,2.99,3.66,1.36,1.29,2.51,3.11,1.50,1.38,2.22,2.77,1.63,1.45,1.94,2.44,1.83,1.58,1.70,2.05,2.10,1.81,1.55,1.83,2.37,2.04,1.39,1.60,2.86,2.40,1.23,1.38,3.88,3.14,1.28,1.30,3.46,3.59,,,,,1.23,1.25,3.89,4.06,,,,,,,,,,,,,,,,,,,,,,,,,,,,,,,,,,,,,,,,
slovenia,prva-liga,2023.0,2023-09-23,Rogaska,Mura,0,2,Pinnacle,2.73,3.46,2.51,2.77,3.34,2.60,,,,,,,,,,,,,4.48,4.75,1.22,1.20,3.30,3.39,1.34,1.33,2.72,2.76,1.48,1.47,2.37,2.37,1.61,1.61,1.98,1.99,1.81,1.87,1.72,1.68,2.17,2.23,,,,,1.56,1.52,2.49,2.59,1.40,1.37,2.98,3.15,1.26,1.23,3.94,4.33,,,,,,,,,,,,,,,,,,,,,,,,,,,,,,,,
slovenia,prva-liga,2023.0,2023-09-23,Celje,Radomlje,1,0,Pinnacle,1.34,4.87,7.75,1.46,4.57,6.83,2.37,2.74,1.55,1.47,2.04,2.32,1.74,1.63,1.79,2.04,1.99,1.82,1.53,1.75,2.42,2.12,1.41,1.56,2.80,2.47,1.33,1.45,3.16,2.80,1.21,1.30,4.10,3.57,,,,,,,,,2.95,3.51,1.37,1.31,,,,,,,,,,,,,,,,,,,,,,,,,3.33,3.91,1.30,1.26,,,,,,,,,,,,,,,,
slovenia,prva-liga,2023.0,2023-09-23,Bravo,O. Ljubljana,4,2,Pinnacle,3.80,3.43,2.00,4.29,3.64,1.85,,,,,,,,,,,,,,,,,,,,,3.75,4.23,1.28,1.24,3.27,3.71,1.35,1.29,2.80,3.19,1.46,1.37,2.16,2.38,1.72,1.61,,,,,1.82,2.00,1.95,1.85,1.64,1.75,2.31,2.11,1.43,1.52,2.92,2.61,1.34,1.40,3.32,3.00,1.28,1.33,3.73,3.39,,,,,,,,,,,,,,,,,,,,,,,,
slovenia,prva-liga,2023.0,2023-09-24,Maribor,Koper,0,1,Pinnacle,1.73,3.80,4.59,2.15,3.52,3.39,,,,,,,,,2.64,3.65,1.51,1.29,2.29,3.22,1.65,1.36,1.90,2.51,1.87,1.55,1.72,2.14,2.16,1.74,1.52,1.85,2.60,2.00,1.31,1.56,3.50,2.48,1.25,1.42,4.02,2.93,,,,,1.24,1.33,4.04,3.36,1.21,1.23,4.57,4.34,,,,,,,,,,,,,,,,,,,,,,,,,,,,,,,,,,,,
slovenia,prva-liga,2023.0,2023-09-27,Rogaska,Bravo,2,0,Pinnacle,3.11,3.33,2.31,2.89,3.10,2.66,,,,,,,,,,,,,4.66,5.39,1.17,1.16,3.88,3.63,1.27,1.30,3.07,2.88,1.38,1.44,2.67,2.44,1.50,1.58,2.25,2.01,1.67,1.85,1.82,1.67,1.95,2.25,,,,,1.64,1.50,2.30,2.65,1.47,1.35,2.75,3.29,1.30,1.20,3.62,4.74,,,,,,,,,,,,,,,,,,,,,,,,,,,,,,,,
slovenia,prva-liga,2023.0,2023-09-27,Celje,Aluminij,1,3,Pinnacle,1.49,4.38,6.23,1.35,4.97,9.20,2.79,2.40,1.45,1.60,2.36,2.08,1.61,1.78,2.08,1.82,1.78,2.04,1.76,1.55,2.02,2.51,1.60,1.42,2.39,2.93,1.48,1.34,2.71,3.32,1.33,1.22,3.38,4.42,,,,,,,,,3.62,2.97,1.30,1.41,,,,,,,,,,,,,,,,,,,,,,,,,3.61,3.35,1.26,1.34,,,,,,,,,,,,,,,,
slovenia,prva-liga,2023.0,2023-09-27,Domzale,Mura,0,2,Pinnacle,2.30,3.35,3.12,2.14,3.69,3.25,,,,,,,,,4.03,3.57,1.25,1.30,3.58,3.16,1.30,1.37,2.73,2.50,1.48,1.56,2.29,2.13,1.65,1.74,1.94,1.87,1.83,1.99,1.66,1.58,2.26,2.42,1.49,1.45,2.69,2.83,,,,,1.38,1.36,3.09,3.22,1.27,1.25,3.90,4.07,,,,,,,,,,,,,,,,,,,,,,,,,,,,,,,,,,,,
slovenia,prva-liga,2023.0,2023-09-28,Maribor,Radomlje,3,1,Pinnacle,1.44,4.72,5.69,1.40,5.04,7.34,2.59,2.44,1.47,1.58,2.21,2.13,1.63,1.75,1.96,1.88,1.81,1.98,1.70,1.61,2.09,2.36,1.54,1.48,2.40,2.73,1.43,1.38,2.70,3.07,1.30,1.26,3.33,3.93,,,,,,,,,3.27,2.95,1.31,1.41,,,,,,,,,,,,,,,,,,,,,,,,,3.64,3.29,1.26,1.34,,,,,,,,,,,,,,,,
slovenia,prva-liga,2023.0,2023-09-28,O. Ljubljana,Koper,1,1,Pinnacle,1.76,3.77,4.12,1.80,4.01,4.11,3.82,3.94,1.24,1.26,3.07,3.15,1.34,1.37,2.74,2.81,1.43,1.45,2.38,2.44,1.55,1.58,1.99,2.04,1.79,1.83,1.75,1.79,2.02,2.06,1.54,1.58,2.40,2.43,1.33,1.37,3.15,3.14,1.26,1.30,3.61,3.60,,,,,1.24,1.25,3.80,4.03,,,,,,,,,,,,,,,,,,,,,,,,,,,,,,,,,,,,,,,,
slovenia,prva-liga,2023.0,2023-09-30,Bravo,Domzale,3,2,Pinnacle,2.42,3.18,3.07,2.56,3.19,2.94,,,,,,,,,,,,,3.98,4.41,1.26,1.22,2.93,3.13,1.43,1.37,2.41,2.55,1.59,1.54,2.02,2.17,1.76,1.71,1.71,1.80,2.18,2.07,1.51,1.56,2.62,2.50,,,,,1.39,1.43,3.03,2.93,1.27,1.29,3.85,3.69,1.17,1.16,4.75,5.51,,,,,,,,,,,,,,,,,,,,,,,,,,,,,,,,
slovenia,prva-liga,2023.0,2023-09-30,Mura,Celje,0,2,Pinnacle,3.45,3.51,2.01,3.43,3.80,2.03,,,,,,,,,,,,,,,,,,,,,3.41,3.40,1.29,1.33,2.99,2.99,1.36,1.40,2.57,2.59,1.48,1.52,2.04,2.09,1.74,1.78,,,,,1.78,1.83,2.01,2.03,1.57,1.61,2.33,2.36,1.38,1.41,2.94,2.98,1.30,1.33,3.32,3.38,1.25,1.28,3.70,3.79,,,,,,,,,,,,,,,,,,,,,,,,
slovenia,prva-liga,2023.0,2023-10-01,Aluminij,Maribor,1,0,Pinnacle,4.25,3.81,1.79,4.71,3.92,1.72,,,,,,,,,,,,,,,,,,,,,,,,,3.72,4.11,1.28,1.25,3.24,3.58,1.35,1.30,2.47,2.63,1.57,1.51,,,,,2.08,2.17,1.78,1.71,1.81,1.93,1.97,1.93,1.60,1.66,2.38,2.26,1.48,1.52,2.73,2.60,1.39,1.42,3.06,2.93,1.28,1.30,3.79,3.60,,,,,,,,,,,,,,,,,,,,
slovenia,prva-liga,2023.0,2023-10-01,Radomlje,Koper,1,1,Pinnacle,3.39,3.34,2.17,4.16,3.62,1.88,,,,,,,,,,,,,,,,,,,,,3.35,4.10,1.33,1.25,2.92,3.59,1.43,1.30,2.47,3.09,1.57,1.39,1.93,2.32,1.83,1.63,,,,,1.72,1.96,2.16,1.88,1.53,1.72,2.56,2.16,1.34,1.49,3.31,2.69,1.28,1.38,3.75,3.08,1.27,1.32,3.72,3.48,,,,,,,,,,,,,,,,,,,,,,,,
slovenia,prva-liga,2023.0,2023-10-01,Rogaska,O. Ljubljana,0,2,Pinnacle,5.40,4.22,1.57,5.97,4.50,1.52,,,,,,,,,,,,,,,,,,,,,,,,,,,,,4.25,4.72,1.23,1.20,3.03,3.26,1.39,1.35,,,,,2.48,2.63,1.56,1.51,2.19,2.31,1.70,1.64,1.87,1.99,1.90,1.86,1.68,1.72,2.23,2.16,1.54,1.57,2.53,2.47,1.40,1.41,3.01,2.96,,,,,,,,,1.26,1.26,3.98,3.97,,,,,,,,
slovenia,prva-liga,2023.0,2023-10-07,Maribor,Mura,3,1,Pinnacle,1.61,4.12,5.10,1.68,3.96,4.92,3.17,3.45,1.37,1.32,2.64,2.81,1.51,1.44,2.33,2.50,1.63,1.55,1.99,2.18,1.79,1.71,1.76,1.87,2.10,1.98,1.61,1.68,2.38,2.24,1.43,1.48,2.88,2.72,1.26,1.28,3.99,3.76,1.22,1.23,4.35,4.31,,,,,,,,,,,,,,,,,,,,,,,,,,,,,,,,,,,,,,,,,,,,,,,,
slovenia,prva-liga,2023.0,2023-10-07,Celje,Bravo,2,1,Pinnacle,1.49,4.07,6.05,1.43,4.55,7.62,3.02,2.82,1.35,1.45,2.50,2.34,1.50,1.63,2.18,2.04,1.65,1.83,1.87,1.72,1.90,2.17,1.63,1.53,2.22,2.55,1.49,1.42,2.54,2.92,1.32,1.28,3.19,3.79,1.17,1.15,4.76,5.65,,,,,4.07,3.77,1.22,1.28,,,,,,,,,,,,,,,,,,,,,,,,,4.25,4.25,1.23,1.23,,,,,,,,,,,,,,,,
slovenia,prva-liga,2023.0,2023-10-08,O. Ljubljana,Radomlje,1,1,Pinnacle,1.37,4.99,7.75,1.43,4.89,6.90,2.34,2.44,1.63,1.58,2.00,2.11,1.79,1.76,1.79,1.88,2.06,1.97,1.56,1.64,2.50,2.30,1.43,1.51,2.85,2.63,1.36,1.41,3.22,2.93,1.27,1.28,3.70,3.73,,,,,,,,,2.89,3.03,1.43,1.39,,,,,,,,,,,,,,,,,,,,,,,,,3.24,3.40,1.35,1.33,,,,,,,,,,,,,,,,
slovenia,prva-liga,2023.0,2023-10-08,Koper,Aluminij,4,1,Pinnacle,1.66,3.72,4.85,1.71,3.79,5.01,3.57,3.78,1.27,1.28,2.88,3.01,1.38,1.40,2.55,2.66,1.49,1.50,2.20,2.29,1.64,1.65,1.85,1.92,1.92,1.93,1.65,1.70,2.17,2.20,1.45,1.49,2.65,2.69,1.25,1.28,3.71,3.77,1.20,1.22,4.25,4.36,,,,,,,,,,,,,,,,,,,,,,,,,,,,,,,,,,,,,,,,,,,,,,,,
slovenia,prva-liga,2023.0,2023-10-08,Domzale,Rogaska,3,0,Pinnacle,1.72,3.67,4.44,1.99,3.58,3.79,,,,,3.02,3.70,1.35,1.29,2.69,3.29,1.44,1.34,2.33,2.89,1.57,1.43,1.95,2.30,1.83,1.65,1.72,1.99,2.07,1.86,1.51,1.72,2.49,2.17,1.29,1.46,3.37,2.80,1.23,1.35,3.88,3.27,,,,,1.23,1.28,3.90,3.74,,,,,,,,,,,,,,,,,,,,,,,,,,,,,,,,,,,,,,,,
slovenia,prva-liga,2023.0,2023-10-21,Rogaska,Celje,0,4,Pinnacle,4.32,3.68,1.81,5.43,3.90,1.65,,,,,,,,,,,,,,,,,,,,,,,,,3.76,4.73,1.28,1.20,3.25,4.12,1.35,1.24,2.45,2.86,1.57,1.44,,,,,2.06,2.31,1.79,1.64,1.78,2.04,2.00,1.83,1.57,1.74,2.46,2.13,1.45,1.56,2.83,2.48,1.36,1.45,3.17,2.81,1.26,1.32,3.98,3.47,,,,,,,,,,,,,,,,,,,,
slovenia,prva-liga,2023.0,2023-10-21,Domzale,O. Ljubljana,0,2,Pinnacle,3.59,3.67,1.91,4.06,3.84,1.85,,,,,,,,,,,,,,,,,,,,,3.55,4.00,1.27,1.26,3.14,3.54,1.33,1.31,2.72,3.07,1.43,1.39,2.15,2.35,1.67,1.62,,,,,1.86,2.01,1.91,1.85,1.65,1.77,2.17,2.09,1.45,1.55,2.64,2.52,1.36,1.43,2.98,2.86,1.30,1.36,3.32,3.21,,,,,,,,,,,,,,,,,,,,,,,,
slovenia,prva-liga,2023.0,2023-10-22,Bravo,Maribor,2,1,Pinnacle,3.35,3.40,2.17,4.00,3.47,1.97,,,,,,,,,,,,,,,,,,,,,3.31,3.94,1.34,1.26,2.89,3.43,1.43,1.32,2.45,2.92,1.57,1.43,1.93,2.21,1.83,1.69,,,,,1.72,1.88,2.16,1.97,1.54,1.65,2.54,2.28,1.35,1.43,3.26,2.91,1.29,1.34,3.69,3.33,1.28,1.28,3.49,3.76,,,,,,,,,,,,,,,,,,,,,,,,
slovenia,prva-liga,2023.0,2023-10-22,Aluminij,Radomlje,0,2,Pinnacle,2.15,3.40,3.37,2.51,3.28,2.93,,,,,,,,,3.66,4.23,1.29,1.23,3.23,4.14,1.35,1.24,2.52,3.03,1.55,1.39,2.14,2.50,1.74,1.56,1.82,2.14,1.94,1.74,1.56,1.79,2.47,2.09,1.43,1.55,2.91,2.50,,,,,1.34,1.43,3.33,2.92,1.23,1.29,4.27,3.64,1.20,1.17,4.56,5.27,,,,,,,,,,,,,,,,,,,,,,,,,,,,,,,,
slovenia,prva-liga,2023.0,2023-10-22,Mura,Koper,2,2,Pinnacle,3.11,3.38,2.20,3.22,3.48,2.24,,,,,,,,,,,,,,,,,3.88,4.04,1.23,1.25,3.08,3.18,1.34,1.36,2.69,2.78,1.44,1.46,2.28,2.34,1.60,1.62,1.87,1.92,1.90,1.93,,,,,1.64,1.68,2.19,2.23,1.47,1.50,2.60,2.65,1.29,1.32,3.38,3.44,1.24,1.27,3.80,3.89,,,,,,,,,,,,,,,,,,,,,,,,,,,,
slovenia,prva-liga,2023.0,2023-10-27,Celje,Domzale,3,1,Pinnacle,1.60,4.04,5.40,1.38,5.05,7.68,3.20,2.45,1.36,1.56,2.65,2.11,1.50,1.75,2.33,1.86,1.63,1.99,1.98,1.60,1.80,2.39,1.75,1.46,2.12,2.76,1.59,1.37,2.41,3.12,1.41,1.25,2.96,4.03,,,,,,,,,4.33,3.07,1.23,1.38,,,,,,,,,,,,,,,,,,,,,,,,,4.03,3.45,1.25,1.32,,,,,,,,,,,,,,,,
slovenia,prva-liga,2023.0,2023-10-28,Maribor,Rogaska,2,1,Pinnacle,1.45,4.62,6.47,1.33,5.34,8.76,2.60,2.20,1.52,1.70,2.22,1.93,1.68,1.92,1.93,1.71,1.85,2.18,1.70,1.49,2.19,2.68,1.55,1.39,2.52,3.05,1.44,1.32,2.84,3.42,,,,,,,,,,,,,3.28,2.67,1.35,1.50,,,,,,,,,,,,,,,,,,,,,,,,,3.67,3.02,1.29,1.40,3.60,3.37,1.29,1.33,,,,,,,,,,,,
slovenia,prva-liga,2023.0,2023-10-28,Koper,Bravo,1,1,Pinnacle,1.89,3.39,4.30,1.85,3.47,4.59,,,,,3.55,3.43,1.31,1.32,3.14,3.02,1.37,1.40,2.73,2.62,1.48,1.51,2.17,2.11,1.71,1.76,1.85,1.85,1.92,2.01,1.63,1.59,2.33,2.42,1.38,1.34,3.16,3.37,1.29,1.26,3.69,3.94,,,,,1.23,1.21,4.24,4.52,,,,,,,,,,,,,,,,,,,,,,,,,,,,,,,,,,,,,,,,
slovenia,prva-liga,2023.0,2023-10-29,Radomlje,Mura,1,1,Pinnacle,2.78,3.30,2.56,2.52,3.51,2.76,,,,,,,,,,,,,4.74,4.08,1.20,1.25,3.39,3.02,1.33,1.40,2.77,2.51,1.47,1.55,2.39,2.17,1.60,1.71,1.97,1.84,1.81,2.02,1.70,1.61,2.19,2.38,,,,,1.54,1.47,2.55,2.74,1.38,1.33,3.08,3.36,1.24,1.20,4.18,4.67,,,,,,,,,,,,,,,,,,,,,,,,,,,,,,,,
slovenia,prva-liga,2023.0,2023-10-29,O. Ljubljana,Aluminij,0,0,Pinnacle,1.38,4.92,7.43,1.40,5.18,6.91,2.38,2.49,1.60,1.56,2.06,2.14,1.79,1.74,1.79,1.89,1.99,1.96,1.58,1.63,2.43,2.33,1.46,1.49,2.79,2.70,1.37,1.39,3.14,3.04,1.25,1.27,4.01,3.84,,,,,,,,,2.94,3.11,1.41,1.38,,,,,,,,,,,,,,,,,,,,,,,,,3.31,3.49,1.34,1.31,,,,,,,,,,,,,,,,
slovenia,prva-liga,2023.0,2023-11-04,Mura,Aluminij,1,0,Pinnacle,1.83,3.68,4.20,2.06,3.43,3.73,,,,,3.21,3.92,1.36,1.26,2.85,3.49,1.43,1.31,2.50,3.08,1.56,1.39,2.06,2.40,1.79,1.60,1.79,2.06,2.00,1.81,1.60,1.76,2.40,2.10,1.37,1.48,3.18,2.71,1.29,1.36,3.65,3.19,,,,,1.24,1.29,4.14,3.68,1.22,1.21,4.37,4.60,,,,,,,,,,,,,,,,,,,,,,,,,,,,,,,,,,,,
slovenia,prva-liga,2023.0,2023-11-04,Rogaska,Koper,0,1,Pinnacle,3.58,3.40,2.08,4.39,3.71,1.82,,,,,,,,,,,,,,,,,,,,,3.54,4.32,1.31,1.23,3.08,3.80,1.38,1.28,2.63,3.29,1.51,1.35,2.07,2.43,1.79,1.58,,,,,1.76,2.04,2.03,1.82,1.59,1.79,2.42,2.07,1.39,1.54,3.09,2.53,1.31,1.42,3.50,2.91,1.26,1.34,3.92,3.30,,,,,,,,,,,,,,,,,,,,,,,,
slovenia,prva-liga,2023.0,2023-11-04,Domzale,Maribor,1,2,Pinnacle,3.45,3.55,2.06,3.77,3.66,1.97,,,,,,,,,,,,,,,,,,,,,3.41,3.72,1.33,1.28,2.99,3.26,1.40,1.35,2.57,2.81,1.53,1.45,2.06,2.19,1.79,1.71,,,,,1.77,1.88,2.01,1.97,1.60,1.67,2.39,2.26,1.41,1.46,2.99,2.80,1.33,1.36,3.37,3.17,1.28,1.31,3.76,3.55,,,,,,,,,,,,,,,,,,,,,,,,
slovenia,prva-liga,2023.0,2023-11-05,Celje,O. Ljubljana,0,1,Pinnacle,2.15,3.44,3.35,2.02,3.66,3.60,,,,,3.70,3.71,1.29,1.29,3.63,3.31,1.30,1.34,3.21,2.93,1.36,1.43,2.51,2.33,1.55,1.63,2.14,2.02,1.74,1.84,1.82,1.75,1.94,2.12,1.57,1.49,2.46,2.68,1.43,1.38,2.90,3.11,,,,,1.34,1.31,3.31,3.55,,,,,,,,,,,,,,,,,,,,,,,,,,,,,,,,,,,,,,,,
slovenia,prva-liga,2023.0,2023-11-05,Bravo,Radomlje,0,2,Pinnacle,1.88,3.45,4.27,2.05,3.41,3.78,,,,,3.48,3.90,1.32,1.27,3.08,3.47,1.38,1.32,2.68,3.06,1.49,1.40,2.15,2.39,1.73,1.60,1.84,2.05,1.93,1.81,1.62,1.76,2.34,2.11,1.38,1.47,3.16,2.74,1.29,1.35,3.68,3.23,,,,,1.24,1.28,4.21,3.73,,,,,,,,,,,,,,,,,,,,,,,,,,,,,,,,,,,,,,,,
slovenia,prva-liga,2023.0,2023-11-10,Aluminij,Bravo,1,1,Pinnacle,2.56,3.16,2.88,3.04,3.03,2.60,,,,,,,,,,,,,4.32,5.60,1.23,1.16,3.11,3.85,1.38,1.27,2.55,3.03,1.53,1.40,2.18,2.56,1.71,1.53,1.78,2.09,2.01,1.78,1.57,1.71,2.45,2.18,,,,,1.44,1.52,2.86,2.59,1.30,1.36,3.57,3.19,1.18,1.21,5.15,4.57,1.21,1.20,4.55,4.79,,,,,,,,,,,,,,,,,,,,,,,,,,,,
slovenia,prva-liga,2023.0,2023-11-11,Radomlje,Rogaska,1,3,Pinnacle,2.10,3.44,3.47,1.85,3.51,4.54,4.03,4.10,1.25,1.25,3.76,3.42,1.25,1.32,3.53,3.02,1.31,1.40,3.11,2.62,1.38,1.51,2.45,2.11,1.57,1.76,2.09,1.85,1.77,2.02,1.78,1.59,2.00,2.42,1.53,1.34,2.55,3.34,1.41,1.26,3.00,3.91,,,,,1.32,1.22,3.43,4.47,,,,,,,,,,,,,,,,,,,,,,,,,,,,,,,,,,,,,,,,
slovenia,prva-liga,2023.0,2023-11-11,Koper,Domzale,0,1,Pinnacle,1.81,3.66,4.30,1.71,4.09,4.58,3.86,3.65,1.26,1.29,3.22,2.95,1.36,1.41,2.85,2.61,1.43,1.51,2.49,2.26,1.56,1.67,2.05,1.91,1.80,1.94,1.78,1.70,2.01,2.20,1.58,1.51,2.43,2.64,1.36,1.31,3.25,3.53,1.28,1.25,3.74,4.03,,,,,,,,,,,,,,,,,,,,,,,,,,,,,,,,,,,,,,,,,,,,,,,,
slovenia,prva-liga,2023.0,2023-11-12,O. Ljubljana,Mura,1,0,Pinnacle,1.56,4.24,5.41,1.48,4.46,6.74,2.99,2.78,1.40,1.46,2.51,2.34,1.55,1.62,2.22,2.07,1.68,1.80,1.89,1.77,1.88,2.09,1.70,1.58,2.20,2.43,1.56,1.46,2.49,2.74,1.39,1.31,3.04,3.50,,,,,,,,,3.94,3.59,1.26,1.30,,,,,,,,,,,,,,,,,,,,,,,,,4.00,4.01,1.26,1.25,,,,,,,,,,,,,,,,
slovenia,prva-liga,2023.0,2023-11-12,Maribor,Celje,0,1,Pinnacle,2.36,3.37,3.00,2.68,3.35,2.69,,,,,,,,,,,,,3.68,4.46,1.29,1.22,2.80,3.24,1.46,1.35,2.35,2.66,1.62,1.50,2.00,2.29,1.79,1.65,1.71,1.93,2.18,1.93,1.52,1.65,2.59,2.30,,,,,1.41,1.50,2.97,2.67,1.29,1.35,3.71,3.26,1.19,1.21,4.94,4.51,,,,,,,,,,,,,,,,,,,,,,,,,,,,,,,,
slovenia,prva-liga,2023.0,2023-11-25,Rogaska,Domzale,1,2,Pinnacle,3.42,3.45,2.12,2.96,3.24,2.52,,,,,,,,,,,,,5.03,5.26,1.17,1.17,4.33,3.66,1.23,1.29,3.38,2.94,1.33,1.42,2.96,2.52,1.42,1.55,2.51,2.10,1.55,1.78,1.98,1.74,1.80,2.14,,,,,1.76,1.55,2.11,2.51,1.56,1.39,2.47,3.04,1.37,1.24,3.14,4.14,1.30,1.23,3.56,4.33,,,,,,,,,,,,,,,,,,,,,,,,,,,,
slovenia,prva-liga,2023.0,2023-11-25,Radomlje,O. Ljubljana,0,2,Pinnacle,4.36,3.66,1.81,4.58,3.92,1.74,,,,,,,,,,,,,,,,,,,,,,,,,3.68,4.00,1.26,1.26,3.19,3.48,1.32,1.32,2.40,2.58,1.54,1.53,,,,,2.01,2.14,1.76,1.74,1.78,1.89,2.00,1.96,1.54,1.62,2.41,2.35,1.42,1.48,2.77,2.73,1.34,1.38,3.11,3.09,1.23,1.27,3.88,3.87,,,,,,,,,,,,,,,,,,,,
slovenia,prva-liga,2023.0,2023-11-26,Aluminij,Koper,3,2,Pinnacle,2.90,3.31,2.46,3.72,3.39,2.08,,,,,,,,,,,,,,,,,,,,,2.89,3.68,1.43,1.29,2.50,3.18,1.56,1.36,2.06,2.69,1.74,1.49,1.76,2.08,2.11,1.78,,,,,1.58,1.79,2.44,2.08,1.41,1.58,2.94,2.43,1.26,1.38,3.94,3.12,1.20,1.31,4.26,3.55,1.28,1.26,3.80,3.98,,,,,,,,,,,,,,,,,,,,,,,,
slovenia,prva-liga,2023.0,2023-11-26,Bravo,Celje,0,2,Pinnacle,3.42,3.23,2.21,4.33,3.43,1.91,,,,,,,,,,,,,,,,,,,,,3.29,4.27,1.31,1.23,2.86,3.71,1.40,1.29,2.40,3.16,1.54,1.38,1.92,2.32,1.85,1.64,,,,,1.66,1.94,2.15,1.91,1.48,1.70,2.56,2.19,1.30,1.47,3.36,2.76,1.24,1.37,3.81,3.17,1.26,1.30,3.65,3.58,,,,,,,,,,,,,,,,,,,,,,,,
slovenia,prva-liga,2023.0,2023-11-26,Mura,Maribor,0,0,Pinnacle,3.31,3.45,2.16,3.73,3.57,2.01,,,,,,,,,,,,,,,,,,,,,3.19,3.68,1.32,1.29,2.80,3.21,1.41,1.36,2.38,2.75,1.55,1.47,1.94,2.14,1.83,1.74,,,,,1.69,1.85,2.10,2.01,1.51,1.64,2.47,2.31,1.33,1.43,3.14,2.89,1.27,1.35,3.54,3.27,1.27,1.29,3.76,3.66,,,,,,,,,,,,,,,,,,,,,,,,
slovenia,prva-liga,2023.0,2023-12-02,Domzale,Radomlje,3,0,Pinnacle,2.43,3.17,3.16,2.43,3.17,3.16,,,,,,,,,,4.41,,1.22,,3.93,,1.26,,2.92,,1.43,,2.42,,1.59,,2.06,,1.81,,1.69,,2.21,,1.49,,2.68,,,,,,1.37,,3.13,,1.26,,3.98,,,,,,,,,,,,,,,,,,,,,,,,,,,,,,,,,,,,
slovenia,prva-liga,2023.0,2023-12-03,Maribor,O. Ljubljana,3,1,Pinnacle,2.64,3.45,2.67,2.64,3.45,2.67,,,,,,,,,,,,,,4.37,,1.22,,3.19,,1.36,,2.63,,1.51,,2.27,,1.66,,1.92,,1.93,,1.65,,2.29,,,,,,1.50,,2.65,,1.35,,3.23,,1.22,,4.44,,,,,,,,,,,,,,,,,,,,,,,,,,,,,,,,
slovenia,prva-liga,2023.0,2023-12-03,Bravo,Mura,2,0,Pinnacle,2.35,3.03,3.46,2.35,3.03,3.46,,,,,,,,,,4.38,,1.22,,3.86,,1.27,,2.84,,1.45,,2.34,,1.63,,1.98,,1.88,,1.60,,2.38,,1.43,,2.92,,,,,,1.32,,3.42,,1.22,,4.47,,,,,,,,,,,,,,,,,,,,,,,,,,,,,,,,,,,,
slovenia,prva-liga,2023.0,2023-12-05,Radomlje,Celje,0,4,Pinnacle,5.86,3.83,1.62,5.86,3.83,1.62,,,,,,,,,,,,,,,,,,,,,,,,,,5.10,,1.18,,4.43,,1.22,,2.97,,1.41,,,,,,2.36,,1.61,,2.06,,1.81,,1.74,,2.14,,1.54,,2.53,,1.42,,2.90,,1.29,,3.67,,,,,,,,,,,,,,,,,,,,
slovenia,prva-liga,2023.0,2023-12-06,Koper,Maribor,3,3,Pinnacle,3.08,3.21,2.46,3.08,3.21,2.46,,,,,,,,,,,,,,5.11,,1.18,,3.84,,1.27,,3.05,,1.39,,2.62,,1.51,,2.17,,1.72,,1.78,,2.09,,,,,,1.58,,2.44,,1.42,,2.95,,1.26,,3.95,,1.22,,4.42,,,,,,,,,,,,,,,,,,,,,,,,,,,,
slovenia,prva-liga,2023.0,2023-12-06,Aluminij,Domzale,0,5,Pinnacle,2.98,3.22,2.52,2.98,3.22,2.52,,,,,,,,,,,,,,5.37,,1.17,,3.70,,1.29,,2.96,,1.42,,2.53,,1.54,,2.11,,1.78,,1.74,,2.14,,,,,,1.55,,2.50,,1.39,,3.04,,1.24,,4.17,,1.22,,4.45,,,,,,,,,,,,,,,,,,,,,,,,,,,,
slovenia,prva-liga,2023.0,2023-12-07,Mura,Rogaska,3,1,Pinnacle,1.75,3.90,4.54,1.75,3.90,4.54,,3.78,,1.28,,3.04,,1.39,,2.70,,1.49,,2.34,,1.62,,1.97,,1.88,,1.74,,2.13,,1.53,,2.56,,1.32,,3.44,,1.26,,3.96,,,,,,,,,,,,,,,,,,,,,,,,,,,,,,,,,,,,,,,,,,,,,,,,
slovenia,prva-liga,2023.0,2023-12-07,O. Ljubljana,Bravo,1,1,Pinnacle,1.55,4.08,6.21,1.55,4.08,6.21,,2.99,,1.42,,2.50,,1.56,,2.21,,1.69,,1.92,,1.93,,1.65,,2.22,,1.52,,2.52,,1.35,,3.17,,1.20,,4.79,,,,,,3.98,,1.26,,,,,,,,,,,,,,,,,,,,,,,,,,,,,,,,,,,,,,,,,,,,
slovenia,prva-liga,,2023-12-09,Aluminij,Celje,1,3,Pinnacle,9.14,5.26,1.33,9.14,5.26,1.33,,,,,,,,,,,,,,,,,,,,,,,,,,,,,,,,,,,,,,,,,,3.44,,1.32,,3.02,,1.40,,2.59,,1.52,,2.07,,1.78,,1.81,,2.06,,1.60,,2.38,,,,,,,,,,1.41,,3.01,,1.33,,3.40,,1.28,,3.80
slovenia,prva-liga,,2023-12-10,Bravo,Rogaska,3,2,Pinnacle,1.82,3.40,4.91,1.82,3.40,4.91,,3.97,,1.26,,3.32,,1.34,,2.93,,1.41,,2.54,,1.54,,2.07,,1.79,,1.82,,2.05,,1.56,,2.49,,1.31,,3.57,,1.24,,4.20,,,,,,1.19,,4.83,,,,,,,,,,,,,,,,,,,,,,,,,,,,,,,,,,,,,,,,
slovenia,prva-liga,,2023-12-10,Koper,O. Ljubljana,2,4,Pinnacle,3.03,3.62,2.28,3.03,3.62,2.28,,,,,,,,,,,,,,,,,,3.76,,1.28,,3.00,,1.40,,2.63,,1.51,,2.23,,1.68,,1.87,,1.99,,,,,,1.66,,2.27,,1.49,,2.70,,1.31,,3.50,,1.26,,3.94,,,,,,,,,,,,,,,,,,,,,,,,,,,,
slovenia,prva-liga,,2023-12-10,Mura,Domzale,1,0,Pinnacle,2.75,3.31,2.64,2.75,3.31,2.64,,,,,,,,,,,,,,4.70,,1.20,,3.36,,1.33,,2.74,,1.47,,2.35,,1.62,,1.97,,1.88,,1.67,,2.26,,,,,,1.51,,2.63,,1.36,,3.20,,1.22,,4.41,,,,,,,,,,,,,,,,,,,,,,,,,,,,,,,,
slovenia,prva-liga,,2023-12-11,Radomlje,Maribor,2,2,Pinnacle,6.00,4.40,1.52,6.00,4.40,1.52,,,,,,,,,,,,,,,,,,,,,,,,,,,,,,4.72,,1.20,,3.24,,1.35,,,,,,2.60,,1.52,,2.29,,1.65,,1.99,,1.87,,1.72,,2.15,,1.57,,2.45,,1.42,,2.92,,,,,,,,,,1.27,,3.88,,,,,,,,
