Country,League,Year,Date,Home,Away,FTHG,FTAG,bookmaker,HO_Open,DO_Open,AO_Open,HO_Close,DO_Close,AO_Close,-2.25_AH_H_Open,-2.25_AH_H_Close,+2.25_AH_A_Open,+2.25_AH_A_Close,-2_AH_H_Open,-2_AH_H_Close,+2_AH_A_Open,+2_AH_A_Close,-1.75_AH_H_Open,-1.75_AH_H_Close,+1.75_AH_A_Open,+1.75_AH_A_Close,-1.5_AH_H_Open,-1.5_AH_H_Close,+1.5_AH_A_Open,+1.5_AH_A_Close,-1.25_AH_H_Open,-1.25_AH_H_Close,+1.25_AH_A_Open,+1.25_AH_A_Close,-1_AH_H_Open,-1_AH_H_Close,+1_AH_A_Open,+1_AH_A_Close,-0.75_AH_H_Open,-0.75_AH_H_Close,+0.75_AH_A_Open,+0.75_AH_A_Close,-0.5_AH_H_Open,-0.5_AH_H_Close,+0.5_AH_A_Open,+0.5_AH_A_Close,-0.25_AH_H_Open,-0.25_AH_H_Close,+0.25_AH_A_Open,+0.25_AH_A_Close,+0_AH_H_Open,+0_AH_H_Close,-0_AH_A_Open,-0_AH_A_Close,+0.25_AH_H_Open,+0.25_AH_H_Close,-0.25_AH_A_Open,-0.25_AH_A_Close,+0.5_AH_H_Open,+0.5_AH_H_Close,-0.5_AH_A_Open,-0.5_AH_A_Close,+0.75_AH_H_Open,+0.75_AH_H_Close,-0.75_AH_A_Open,-0.75_AH_A_Close,-2.75_AH_H_Open,-2.75_AH_H_Close,+2.75_AH_A_Open,+2.75_AH_A_Close,-2.5_AH_H_Open,-2.5_AH_H_Close,+2.5_AH_A_Open,+2.5_AH_A_Close,+1_AH_H_Open,+1_AH_H_Close,-1_AH_A_Open,-1_AH_A_Close,+1.25_AH_H_Open,+1.25_AH_H_Close,-1.25_AH_A_Open,-1.25_AH_A_Close,+1.5_AH_H_Open,+1.5_AH_H_Close,-1.5_AH_A_Open,-1.5_AH_A_Close,+1.75_AH_H_Open,+1.75_AH_H_Close,-1.75_AH_A_Open,-1.75_AH_A_Close,+2_AH_H_Open,+2_AH_H_Close,-2_AH_A_Open,-2_AH_A_Close,+2.25_AH_H_Open,+2.25_AH_H_Close,-2.25_AH_A_Open,-2.25_AH_A_Close
south-kore,k-league-2,2023,2023-03-01,Seoul E-Land,Cheongju,2,3,Pinnacle,1.82,3.49,4.17,1.56,4.20,5.87,,,,,4.54,4.14,1.21,1.24,4.20,3.10,1.24,1.38,3.56,2.58,1.27,1.52,3.12,2.27,1.33,1.66,2.69,1.95,1.44,1.89,2.11,1.70,1.69,2.20,1.82,1.55,1.95,2.51,1.57,1.38,2.32,3.12,1.34,1.21,3.12,4.56,,,,,,,,,,,,,,,,,,,,,,,,,,,,,,,,,,,,,,,,,,,,
south-kore,k-league-2,2023,2023-03-01,Cheonan City,Busan,2,3,Pinnacle,2.62,3.40,2.71,3.29,3.02,2.45,,,,,,,,,,,,,,,,,,,,,,,,,3.23,4.21,1.36,1.24,2.61,3.25,1.52,1.36,2.25,2.77,1.67,1.47,1.85,2.25,1.92,1.67,1.63,1.81,2.33,2.06,1.49,1.56,2.70,2.44,1.33,1.41,3.37,3.00,,,,,,,,,1.19,1.23,4.96,4.23,1.18,1.20,5.13,4.79,,,,,,,,,,,,,,,,
south-kore,k-league-2,2023,2023-03-01,Asan,Gimcheon Sangmu,1,2,Pinnacle,2.43,3.32,2.79,4.03,3.11,2.10,,,,,,,,,,,,,,,,,,,,,,,,,2.95,5.41,1.37,1.16,2.42,3.98,1.53,1.26,2.09,3.42,1.70,1.33,1.76,2.81,2.03,1.45,1.54,2.10,2.40,1.78,1.42,1.77,2.78,2.09,1.28,1.54,3.47,2.54,,,,,,,,,1.15,1.31,5.07,3.53,1.18,1.25,4.51,4.11,1.23,1.21,4.34,4.58,,,,,,,,,,,,
south-kore,k-league-2,2023,2023-03-01,Seongnam,Ansan Greeners,2,1,Pinnacle,1.81,3.45,4.30,1.99,3.48,3.91,,,,,,,,,,,,,3.59,4.03,1.26,1.25,3.14,3.55,1.33,1.31,2.69,3.08,1.44,1.39,2.10,2.34,1.70,1.62,1.81,1.99,1.97,1.86,1.56,1.71,2.35,2.18,1.33,1.44,3.21,2.85,1.25,1.33,3.72,3.35,1.20,1.27,4.24,3.85,,,,,,,,,,,,,,,,,,,,,,,,,,,,,,,,,,,,
south-kore,k-league-2,2023,2023-03-01,Jeonnam,Anyang,0,1,Pinnacle,2.74,3.37,2.61,2.90,3.07,2.71,,,,,,,,,,,,,,,,,,,,,5.04,5.48,1.18,1.17,3.42,3.65,1.32,1.31,2.73,2.79,1.48,1.46,2.35,2.45,1.62,1.61,1.93,1.96,1.84,1.89,1.68,1.65,2.24,2.29,1.52,1.49,2.60,2.66,1.35,1.33,3.25,3.34,,,,,,,,,1.20,1.18,4.77,4.97,,,,,,,,,,,,,,,,,,,,
south-kore,k-league-2,2023,2023-03-01,Gyeongnam,Bucheon FC 1995,1,0,Pinnacle,2.40,3.24,3.13,2.61,3.21,2.87,,,,,,,,,,,,,,,,,,,,,3.80,4.44,1.24,1.22,2.82,3.18,1.41,1.37,2.33,2.59,1.57,1.53,2.00,2.21,1.79,1.70,1.65,1.82,2.18,2.04,1.46,1.57,2.63,2.44,1.35,1.44,3.05,2.85,1.24,1.31,3.85,3.53,,,,,,,,,1.16,1.18,5.49,5.02,,,,,,,,,,,,,,,,,,,,
south-kore,k-league-2,2023,2023-03-04,Bucheon FC 1995,Seongnam,1,0,Pinnacle,2.50,3.14,2.98,3.01,3.36,2.42,,,,,,,,,,,,,,,,,,,,,4.26,5.39,1.23,1.16,3.04,3.78,1.39,1.28,2.49,2.98,1.56,1.40,2.13,2.58,1.75,1.53,1.73,2.16,2.06,1.72,1.54,1.79,2.54,2.08,1.42,1.60,2.96,2.41,1.28,1.43,3.72,2.92,,,,,,,,,1.16,1.26,5.47,3.97,1.23,1.22,4.32,4.47,,,,,,,,,,,,,,,,
south-kore,k-league-2,2023,2023-03-04,Cheongju,Gimcheon Sangmu,0,2,Pinnacle,3.93,3.37,1.98,4.11,3.61,1.90,,,,,,,,,,,,,,,,,,,,,,,,,,,,,3.87,4.06,1.27,1.25,3.37,3.55,1.33,1.31,2.87,3.05,1.44,1.40,2.19,2.30,1.70,1.65,1.83,1.95,1.93,1.90,1.63,1.70,2.32,2.20,,,,,,,,,1.41,1.46,3.00,2.79,1.32,1.36,3.45,3.22,1.26,1.29,3.91,3.65,,,,,,,,,,,,
south-kore,k-league-2,2023,2023-03-04,Ansan Greeners,Asan,1,0,Pinnacle,2.59,3.72,2.41,3.11,3.40,2.33,,,,,,,,,,,,,,,,,,,,,,,,,3.16,3.92,1.33,1.26,4.33,3.07,1.23,1.38,3.80,2.67,1.28,1.50,1.96,2.24,1.82,1.68,1.69,1.85,2.10,2.01,1.54,1.63,2.39,2.32,1.38,1.45,2.89,2.83,,,,,,,,,1.23,1.27,3.94,3.88,1.40,1.22,3.02,4.41,,,,,,,,,,,,,,,,
south-kore,k-league-2,2023,2023-03-05,Jeonnam,Gyeongnam,0,5,Pinnacle,2.52,3.30,2.83,2.65,3.07,2.94,,,,,,,,,,,,,,,,,,,,,4.16,4.53,1.24,1.21,3.04,3.23,1.39,1.35,2.51,2.64,1.55,1.51,2.16,2.23,1.72,1.68,1.78,1.83,2.01,2.03,1.58,1.56,2.43,2.48,1.45,1.43,2.81,2.92,1.32,1.29,3.48,3.66,,,,,,,,,1.19,1.17,4.93,5.32,,,,,,,,,,,,,,,,,,,,
south-kore,k-league-2,2023,2023-03-05,Gimpo FC,Cheonan City,4,0,Pinnacle,2.18,3.17,3.56,2.59,3.07,3.01,,,,,,,,,,,,,,,,,,,,,3.51,4.61,1.31,1.22,2.61,3.20,1.52,1.38,2.17,2.58,1.71,1.55,1.82,2.14,1.94,1.74,1.54,1.77,2.53,2.11,1.40,1.54,3.04,2.54,1.31,1.41,3.52,2.98,1.21,1.28,4.59,3.78,,,,,,,,,1.16,1.16,5.36,5.62,,,,,,,,,,,,,,,,,,,,
south-kore,k-league-2,2023,2023-03-05,Anyang,Seoul E-Land,1,1,Pinnacle,2.25,3.09,3.48,2.14,3.08,3.93,,,,,,,,,,,,,,,,,4.25,3.92,1.23,1.26,3.72,3.41,1.28,1.32,2.72,2.55,1.48,1.53,2.24,2.13,1.67,1.74,1.88,1.81,1.89,2.05,1.57,1.48,2.45,2.74,1.42,1.36,2.96,3.33,1.32,1.28,3.44,3.88,1.22,1.18,4.48,5.14,,,,,,,,,,,,,,,,,,,,,,,,,,,,,,,,
south-kore,k-league-2,2023,2023-03-11,Seoul E-Land,Jeonnam,0,1,Pinnacle,2.24,3.17,3.41,2.28,3.23,3.39,,,,,,,,,,,,,,,,,4.08,4.18,1.25,1.24,3.59,3.68,1.30,1.29,2.68,2.73,1.49,1.48,2.23,2.27,1.68,1.66,1.88,1.94,1.89,1.91,1.58,1.60,2.43,2.40,1.43,1.43,2.91,2.89,1.33,1.34,3.37,3.35,1.23,1.23,4.35,4.33,,,,,,,,,,,,,,,,,,,,,,,,,,,,,,,,
south-kore,k-league-2,2023,2023-03-11,Gimpo FC,Gyeongnam,0,0,Pinnacle,3.82,3.40,2.00,3.50,3.19,2.25,,,,,,,,,,,,,,,,,,,,,,,,,4.19,4.47,1.22,1.22,3.77,3.45,1.28,1.32,3.28,2.97,1.35,1.41,2.80,2.46,1.46,1.57,2.16,1.94,1.72,1.91,1.81,1.68,1.95,2.24,1.64,1.49,2.32,2.68,,,,,,,,,1.43,1.31,2.92,3.54,1.34,1.25,3.33,4.01,,,,,,,,,,,,,,,,
south-kore,k-league-2,2023,2023-03-11,Cheongju,Busan,1,1,Pinnacle,2.58,3.16,2.73,3.11,3.15,2.47,,,,,,,,,,,,,,,,,,,,,,,,,3.18,3.94,1.32,1.26,2.57,3.08,1.48,1.38,2.20,2.64,1.64,1.51,1.83,2.17,1.94,1.71,1.57,1.78,2.33,2.10,1.43,1.57,2.72,2.46,1.29,1.41,3.38,3.01,,,,,,,,,1.16,1.24,4.84,4.18,1.20,1.20,4.53,4.71,,,,,,,,,,,,,,,,
south-kore,k-league-2,2023,2023-03-12,Seongnam,Asan,0,0,Pinnacle,1.81,3.49,4.61,2.27,3.13,3.52,,,,,,,,,,,,,,,,,3.12,4.52,1.37,1.21,2.66,3.93,1.50,1.26,2.09,2.77,1.78,1.47,1.77,2.26,2.01,1.67,1.56,1.93,2.48,1.93,1.33,1.57,3.42,2.46,1.26,1.41,3.98,2.98,1.21,1.32,4.54,3.48,1.18,1.21,4.77,4.58,,,,,,,,,,,,,,,,,,,,,,,,,,,,,,,,
south-kore,k-league-2,2023,2023-03-12,Cheonan City,Bucheon FC 1995,0,3,Pinnacle,3.20,3.16,2.35,3.94,3.39,2.01,,,,,,,,,,,,,,,,,,,,,,,,,,,,,3.17,3.89,1.37,1.27,2.73,3.37,1.48,1.33,2.27,2.85,1.66,1.44,1.81,2.16,1.97,1.72,1.62,1.85,2.34,2.01,1.45,1.62,2.84,2.35,,,,,,,,,1.27,1.40,3.86,3.04,1.22,1.32,4.37,3.48,1.24,1.26,4.01,3.92,,,,,,,,,,,,
south-kore,k-league-2,2023,2023-03-12,Ansan Greeners,Anyang,1,1,Pinnacle,4.54,3.45,1.83,4.41,3.37,1.91,,,,,,,,,,,,,,,,,,,,,,,,,,,,,4.47,4.34,1.22,1.23,3.91,3.76,1.26,1.28,3.36,3.19,1.34,1.37,2.44,2.32,1.58,1.64,2.00,1.94,1.79,1.91,1.78,1.69,2.07,2.20,,,,,,,,,1.54,1.47,2.54,2.78,1.42,1.36,2.91,3.19,1.34,1.30,3.30,3.61,,,,,,,,,,,,
south-kore,k-league-2,2023,2023-03-18,Bucheon FC 1995,Ansan Greeners,1,0,Pinnacle,1.88,3.59,4.05,1.95,3.64,3.87,,,,,,,,,,,,,3.48,3.68,1.32,1.29,3.08,3.26,1.38,1.35,2.68,2.85,1.49,1.44,2.16,2.25,1.72,1.67,1.85,1.95,1.93,1.90,1.64,1.68,2.31,2.22,1.40,1.44,3.04,2.88,1.31,1.34,3.51,3.35,1.26,1.27,4.00,3.82,,,,,,,,,,,,,,,,,,,,,,,,,,,,,,,,,,,,
south-kore,k-league-2,2023,2023-03-18,Asan,Cheonan City,1,0,Pinnacle,2.02,3.37,3.79,1.90,3.41,4.41,,,,,,,,,4.07,4.49,1.25,1.21,3.90,3.87,1.23,1.27,3.46,3.38,1.28,1.33,3.02,2.90,1.36,1.43,2.32,2.22,1.57,1.69,1.98,1.90,1.80,1.95,1.70,1.63,2.09,2.33,1.44,1.37,2.70,3.21,1.33,1.28,3.17,3.77,1.26,1.23,3.63,4.34,,,,,,,,,,,,,,,,,,,,,,,,,,,,,,,,,,,,
south-kore,k-league-2,2023,2023-03-18,Gyeongnam,Cheongju,2,2,Pinnacle,1.56,4.05,5.75,1.82,3.72,4.37,,,,,,,,,3.25,4.11,1.35,1.25,2.67,3.34,1.50,1.34,2.33,2.95,1.63,1.41,1.95,2.55,1.82,1.53,1.71,2.07,2.17,1.78,1.56,1.82,2.49,2.04,1.38,1.58,3.09,2.43,1.22,1.36,4.48,3.28,1.20,1.28,4.33,3.79,1.22,1.23,4.20,4.30,,,,,,,,,,,,,,,,,,,,,,,,,,,,,,,,,,,,
south-kore,k-league-2,2023,2023-03-19,Jeonnam,Gimpo FC,0,2,Pinnacle,1.78,3.58,4.26,2.08,3.36,3.76,,,,,,,,,,,,,3.44,4.23,1.28,1.23,3.02,3.74,1.35,1.28,2.59,3.26,1.47,1.36,2.05,2.46,1.73,1.57,1.78,2.08,2.00,1.79,1.55,1.78,2.39,2.09,1.33,1.48,3.22,2.71,1.25,1.36,3.71,3.21,1.21,1.29,4.20,3.71,1.21,1.20,4.34,4.70,,,,,,,,,,,,,,,,,,,,,,,,,,,,,,,,
south-kore,k-league-2,2023,2023-03-19,Busan,Gimcheon Sangmu,3,1,Pinnacle,3.23,3.24,2.29,3.76,3.30,2.10,,,,,,,,,,,,,,,,,,,,,,,,,4.09,4.92,1.25,1.19,3.19,3.71,1.36,1.29,2.77,3.22,1.47,1.36,2.32,2.69,1.64,1.49,1.85,2.07,1.93,1.80,1.65,1.77,2.28,2.09,1.47,1.56,2.74,2.48,,,,,,,,,1.29,1.35,3.66,3.25,1.24,1.28,4.14,3.72,1.27,1.24,3.53,4.15,,,,,,,,,,,,
south-kore,k-league-2,2023,2023-03-19,Anyang,Seongnam,2,1,Pinnacle,2.37,3.03,3.31,2.36,2.98,3.50,,,,,,,,,,,,,,,,,4.50,4.65,1.21,1.20,3.97,4.08,1.26,1.25,2.88,2.90,1.44,1.43,2.36,2.35,1.61,1.62,1.97,1.99,1.81,1.87,1.64,1.60,2.31,2.39,1.46,1.42,2.80,2.94,1.35,1.32,3.27,3.46,1.24,1.21,4.22,4.54,,,,,,,,,,,,,,,,,,,,,,,,,,,,,,,,
south-kore,k-league-2,2023,2023-04-01,Seongnam,Cheongju,3,2,Pinnacle,1.78,3.57,4.65,1.98,3.45,3.97,,,,,,,,,,,,,3.30,3.82,1.34,1.27,2.91,3.38,1.43,1.33,2.49,2.95,1.56,1.42,1.99,2.31,1.79,1.64,1.77,1.98,2.09,1.87,1.55,1.70,2.52,2.19,1.32,1.43,3.46,2.89,1.25,1.33,4.03,3.41,1.21,1.26,4.50,3.92,,,,,,,,,,,,,,,,,,,,,,,,,,,,,,,,,,,,
south-kore,k-league-2,2023,2023-04-01,Gimpo FC,Bucheon FC 1995,1,1,Pinnacle,3.02,3.20,2.44,3.13,2.83,2.70,,,,,,,,,,,,,,,,,,,,,5.01,6.18,1.17,1.14,3.81,3.99,1.27,1.26,2.99,3.11,1.40,1.39,2.58,2.60,1.52,1.52,2.15,2.08,1.73,1.79,1.75,1.68,2.04,2.24,1.58,1.49,2.43,2.68,1.42,1.34,2.97,3.34,,,,,,,,,1.25,1.19,4.10,4.84,,,,,,,,,,,,,,,,,,,,
south-kore,k-league-2,2023,2023-04-01,Anyang,Asan,3,0,Pinnacle,2.09,3.23,3.73,2.31,2.94,3.69,,,,,,,,,,,,,,,,,3.85,4.48,1.27,1.22,3.33,3.92,1.34,1.26,2.49,2.81,1.56,1.45,2.08,2.30,1.78,1.65,1.76,1.93,2.03,1.92,1.49,1.55,2.68,2.50,1.37,1.39,3.20,3.09,1.29,1.29,3.69,3.64,1.19,1.19,4.86,4.82,,,,,,,,,,,,,,,,,,,,,,,,,,,,,,,,
south-kore,k-league-2,2023,2023-04-02,Gimcheon Sangmu,Gyeongnam,0,2,Pinnacle,2.10,3.29,3.64,2.14,3.29,3.78,,,,,,,,,,,,,3.74,4.10,1.25,1.25,3.64,3.85,1.26,1.27,3.18,3.18,1.32,1.33,2.43,2.54,1.53,1.54,2.05,2.13,1.73,1.74,1.77,1.83,2.02,2.10,1.48,1.52,2.57,2.73,1.36,1.35,3.05,3.23,1.28,1.30,3.49,3.73,1.18,1.20,4.51,4.70,,,,,,,,,,,,,,,,,,,,,,,,,,,,,,,,
south-kore,k-league-2,2023,2023-04-02,Cheonan City,Jeonnam,1,3,Pinnacle,3.15,3.36,2.33,3.78,3.02,2.23,,,,,,,,,,,,,,,,,,,,,,,,,3.99,4.93,1.26,1.19,3.11,3.73,1.38,1.28,2.70,3.19,1.49,1.37,2.26,2.60,1.67,1.52,1.81,1.98,1.95,1.88,1.63,1.69,2.32,2.22,1.45,1.50,2.81,2.67,,,,,,,,,1.27,1.30,3.81,3.59,1.23,1.25,4.31,4.09,1.25,1.24,4.11,4.18,,,,,,,,,,,,
south-kore,k-league-2,2023,2023-04-02,Busan,Seoul E-Land,1,0,Pinnacle,2.22,3.43,3.04,2.26,3.34,3.31,,,,,,,,,,,,,,,,,3.92,4.11,1.23,1.25,3.47,3.61,1.28,1.30,2.64,2.70,1.46,1.49,2.21,2.25,1.63,1.67,1.93,1.93,1.85,1.92,1.62,1.61,2.23,2.37,1.46,1.45,2.63,2.84,1.36,1.35,3.01,3.27,1.24,1.24,3.80,4.22,,,,,,,,,,,,,,,,,,,,,,,,,,,,,,,,
south-kore,k-league-2,2023,2023-04-08,Bucheon FC 1995,Anyang,2,4,Pinnacle,2.76,3.15,2.67,3.25,3.05,2.45,,,,,,,,,,,,,,,,,,,,,4.98,6.05,1.18,1.14,3.43,4.18,1.32,1.24,2.75,3.21,1.47,1.36,2.35,2.74,1.62,1.47,1.92,2.24,1.85,1.68,1.66,1.81,2.27,2.07,1.50,1.58,2.66,2.43,1.34,1.41,3.29,3.01,,,,,,,,,1.20,1.23,4.72,4.29,1.18,1.19,4.57,4.86,,,,,,,,,,,,,,,,
south-kore,k-league-2,2023,2023-04-08,Jeonnam,Seongnam,2,2,Pinnacle,2.48,3.09,3.05,2.45,3.22,3.07,,,,,,,,,,,,,,,,,4.61,4.73,1.18,1.20,4.11,4.19,1.21,1.21,2.97,3.00,1.37,1.41,2.42,2.61,1.53,1.58,2.07,2.22,1.73,1.68,1.70,1.84,2.09,2.02,1.49,1.51,2.53,2.61,1.37,1.44,2.94,3.04,1.25,1.30,3.71,3.86,,,,,,,,,1.17,1.15,4.71,5.66,,,,,,,,,,,,,,,,,,,,
south-kore,k-league-2,2023,2023-04-08,Cheonan City,Gimcheon Sangmu,0,2,Pinnacle,4.45,3.66,1.79,5.70,4.12,1.58,,,,,,,,,,,,,,,,,,,,,,,,,,,,,,,,,3.87,4.78,1.27,1.21,3.35,4.40,1.34,1.22,2.49,3.03,1.56,1.39,2.08,2.44,1.78,1.58,1.79,2.13,1.99,1.74,,,,,,,,,1.56,1.82,2.48,2.04,1.44,1.60,2.88,2.38,1.35,1.48,3.25,2.73,1.24,1.34,4.12,3.34,1.20,1.21,4.77,4.62,,,,
south-kore,k-league-2,2023,2023-04-09,Asan,Busan,1,1,Pinnacle,2.04,3.48,3.38,3.29,3.02,2.44,,,,,,,,,,,,,,,,,,,,,,,,,2.44,4.28,1.53,1.22,2.04,3.25,1.74,1.34,1.78,2.77,2.01,1.46,1.50,2.27,2.51,1.67,1.38,1.82,2.94,2.06,1.30,1.59,3.34,2.43,1.20,1.41,4.31,2.98,,,,,,,,,1.16,1.22,5.79,4.22,1.18,1.18,4.85,4.79,,,,,,,,,,,,,,,,
south-kore,k-league-2,2023,2023-04-09,Cheongju,Gimpo FC,0,0,Pinnacle,2.15,3.28,3.33,2.83,3.21,2.71,,,,,,,,,,,,,,,,,,,,,3.40,5.40,1.29,1.18,2.56,3.57,1.48,1.32,2.14,2.82,1.67,1.47,1.85,2.40,1.93,1.62,1.54,1.99,2.41,1.90,1.40,1.67,2.87,2.30,1.31,1.51,3.29,2.70,1.20,1.35,4.22,3.36,,,,,,,,,1.20,1.20,4.68,4.90,,,,,,,,,,,,,,,,,,,,
south-kore,k-league-2,2023,2023-04-09,Seoul E-Land,Ansan Greeners,4,1,Pinnacle,1.76,3.83,4.38,2.39,3.37,3.01,,,,,,,,,,,,,,,,,2.68,4.35,1.44,1.21,2.32,3.87,1.57,1.26,1.94,2.87,1.83,1.43,1.71,2.39,2.07,1.61,1.52,2.07,2.47,1.82,1.31,1.72,3.25,2.18,1.25,1.52,3.72,2.59,1.23,1.40,4.13,2.98,1.23,1.27,4.51,3.78,,,,,,,,,1.17,1.15,5.55,5.44,,,,,,,,,,,,,,,,,,,,
south-kore,k-league-2,2023,2023-04-15,Jeonnam,Cheongju,3,0,Pinnacle,1.93,3.51,3.96,2.00,3.56,3.79,,,,,,,,,,,,,3.55,3.76,1.27,1.28,3.15,3.34,1.33,1.34,2.75,2.93,1.43,1.42,2.18,2.31,1.65,1.64,1.89,2.00,1.88,1.86,1.64,1.72,2.20,2.16,1.40,1.46,2.87,2.79,1.30,1.34,3.33,3.27,1.24,1.28,3.78,3.74,,,,,,,,,,,,,,,,,,,,,,,,,,,,,,,,,,,,
south-kore,k-league-2,2023,2023-04-15,Gimcheon Sangmu,Bucheon FC 1995,4,1,Pinnacle,1.93,3.46,4.01,1.83,3.49,4.63,,,,,,,,,,,,,3.69,3.48,1.29,1.32,3.26,3.05,1.35,1.39,2.84,2.63,1.45,1.51,2.24,2.10,1.68,1.76,1.89,1.83,1.88,2.03,1.67,1.58,2.25,2.44,1.42,1.34,2.97,3.40,1.32,1.26,3.46,3.98,1.26,1.21,3.96,4.56,,,,,,,,,,,,,,,,,,,,,,,,,,,,,,,,,,,,
south-kore,k-league-2,2023,2023-04-15,Asan,Seoul E-Land,2,0,Pinnacle,2.35,3.02,3.37,2.85,3.00,2.78,,,,,,,,,,,,,,,,,,,,,3.96,5.47,1.26,1.16,2.86,3.60,1.44,1.30,2.34,2.84,1.63,1.45,1.94,2.39,1.82,1.60,1.62,1.95,2.34,1.90,1.44,1.63,2.85,2.33,1.34,1.47,3.33,2.77,1.23,1.32,4.32,3.47,,,,,,,,,1.17,1.18,5.19,5.11,,,,,,,,,,,,,,,,,,,,
south-kore,k-league-2,2023,2023-04-15,Busan,Gyeongnam,0,0,Pinnacle,2.54,3.42,2.61,2.42,3.22,3.12,,,,,,,,,,,,,,,,,4.59,4.47,1.21,1.22,4.22,3.98,1.20,1.26,3.07,2.93,1.34,1.43,2.52,2.41,1.49,1.59,2.19,2.06,1.64,1.81,1.86,1.70,1.91,2.20,1.61,1.50,2.25,2.66,1.47,1.38,2.59,3.09,1.33,1.26,3.17,3.93,,,,,,,,,1.19,1.16,4.37,5.51,,,,,,,,,,,,,,,,,,,,
south-kore,k-league-2,2023,2023-04-16,Seongnam,Cheonan City,2,0,Pinnacle,1.31,5.11,10.13,1.50,4.35,6.52,,,,,2.83,4.36,1.40,1.22,2.30,3.19,1.58,1.36,2.01,2.63,1.78,1.51,1.72,2.27,2.06,1.66,1.46,1.91,2.63,1.94,1.34,1.64,3.08,2.31,1.27,1.49,3.52,2.68,1.23,1.33,3.96,3.38,1.11,1.18,6.31,5.11,,,,,,,,,,,,,,,,,,,,,,,,,,,,,,,,,,,,,,,,,,,,
south-kore,k-league-2,2023,2023-04-16,Ansan Greeners,Gimpo FC,2,3,Pinnacle,2.32,3.22,3.04,3.08,3.28,2.41,,,,,,,,,,,,,,,,,,,,,3.69,5.36,1.25,1.17,2.78,3.86,1.42,1.27,2.31,3.05,1.58,1.39,1.99,2.63,1.79,1.51,1.65,2.19,2.18,1.70,1.47,1.81,2.61,2.06,1.36,1.60,3.01,2.40,1.24,1.43,3.78,2.90,,,,,,,,,1.20,1.26,4.72,3.91,1.22,1.22,4.36,4.39,,,,,,,,,,,,,,,,
south-kore,k-league-2,2023,2023-04-18,Gyeongnam,Anyang,3,2,Pinnacle,2.86,3.22,2.54,3.17,3.22,2.41,,,,,,,,,,,,,,,,,,,,,,,,,3.46,4.02,1.28,1.25,2.78,3.13,1.42,1.37,2.39,2.69,1.54,1.49,2.00,2.23,1.78,1.68,1.68,1.81,2.13,2.05,1.51,1.60,2.47,2.40,1.35,1.43,3.01,2.91,,,,,,,,,1.21,1.26,4.17,3.97,1.20,1.22,4.79,4.47,,,,,,,,,,,,,,,,
south-kore,k-league-2,2023,2023-04-18,Cheongju,Asan,0,4,Pinnacle,2.22,3.44,3.04,3.51,3.09,2.29,,,,,,,,,,,,,,,,,,,,,,,,,2.66,4.56,1.34,1.21,2.25,3.47,1.54,1.32,1.98,2.97,1.76,1.41,1.65,2.44,2.10,1.58,1.45,1.91,2.41,1.94,1.33,1.65,2.70,2.28,1.18,1.47,3.28,2.77,,,,,,,,,1.15,1.27,5.03,3.81,1.20,1.23,4.67,4.34,,,,,,,,,,,,,,,,
south-kore,k-league-2,2023,2023-04-18,Bucheon FC 1995,Seoul E-Land,0,1,Pinnacle,2.48,3.11,3.04,3.02,3.15,2.53,,,,,,,,,,,,,,,,,,,,,4.22,5.85,1.24,1.15,3.03,3.83,1.40,1.27,2.47,3.00,1.57,1.41,2.06,2.56,1.73,1.53,1.74,2.12,2.14,1.77,1.52,1.74,2.58,2.14,1.40,1.55,3.01,2.52,1.27,1.38,3.81,3.08,,,,,,,,,1.19,1.23,4.86,4.32,1.20,1.20,4.76,4.76,,,,,,,,,,,,,,,,
south-kore,k-league-2,2023,2023-04-19,Cheonan City,Ansan Greeners,1,1,Pinnacle,3.00,3.24,2.43,3.49,3.65,2.06,,,,,,,,,,,,,,,,,,,,,,,,,3.77,4.46,1.28,1.22,2.97,3.45,1.41,1.32,2.57,3.02,1.53,1.40,2.15,2.59,1.73,1.52,1.75,2.07,2.03,1.79,1.59,1.81,2.42,2.06,1.42,1.59,2.94,2.42,,,,,,,,,1.25,1.38,4.03,3.14,1.21,1.30,4.55,3.58,1.25,1.25,4.08,4.03,,,,,,,,,,,,
south-kore,k-league-2,2023,2023-04-19,Gimcheon Sangmu,Jeonnam,2,1,Pinnacle,2.00,3.42,3.57,1.78,3.91,4.33,,,,,,,,,4.12,3.99,1.24,1.26,3.96,3.19,1.23,1.36,3.51,2.83,1.27,1.45,3.07,2.44,1.35,1.58,2.35,2.02,1.56,1.84,2.00,1.78,1.78,2.09,1.72,1.56,2.06,2.48,1.46,1.35,2.63,3.29,1.34,1.28,3.08,3.78,1.27,1.25,3.53,4.01,,,,,,,,,,,,,,,,,,,,,,,,,,,,,,,,,,,,
south-kore,k-league-2,2023,2023-04-19,Gimpo FC,Busan,1,0,Pinnacle,2.96,3.25,2.44,3.22,3.07,2.45,,,,,,,,,,,,,,,,,,,,,,,,,3.60,4.17,1.26,1.24,2.86,3.19,1.39,1.36,2.48,2.72,1.51,1.48,2.08,2.23,1.71,1.68,1.74,1.80,2.05,2.07,1.55,1.58,2.38,2.44,1.39,1.41,2.89,3.01,,,,,,,,,1.23,1.23,3.93,4.26,1.19,1.19,4.40,4.83,,,,,,,,,,,,,,,,
south-kore,k-league-2,2023,2023-04-22,Seoul E-Land,Gimcheon Sangmu,0,1,Pinnacle,3.69,3.14,2.15,4.12,3.58,1.91,,,,,,,,,,,,,,,,,,,,,,,,,,,,,3.65,4.06,1.29,1.25,3.15,3.55,1.38,1.31,2.62,3.05,1.51,1.40,1.99,2.29,1.79,1.65,1.74,1.94,2.14,1.91,1.54,1.70,2.54,2.19,,,,,,,,,1.33,1.47,3.36,2.76,1.27,1.37,3.84,3.17,1.22,1.30,4.00,3.59,,,,,,,,,,,,
south-kore,k-league-2,2023,2023-04-22,Seongnam,Busan,1,3,Pinnacle,2.02,3.38,3.56,2.80,3.06,2.77,,,,,,,,,,,,,,,,,,,,,3.15,5.48,1.34,1.16,2.38,3.56,1.55,1.31,2.02,2.79,1.77,1.46,1.74,2.36,2.05,1.61,1.46,1.93,2.62,1.92,1.34,1.63,3.07,2.34,1.27,1.47,3.52,2.76,1.23,1.32,3.95,3.46,,,,,,,,,1.15,1.18,5.74,5.10,,,,,,,,,,,,,,,,,,,,
south-kore,k-league-2,2023,2023-04-22,Anyang,Gimpo FC,1,2,Pinnacle,1.78,3.64,4.20,2.11,3.29,3.73,,,,,,,,,,,,,3.44,4.35,1.28,1.23,3.01,3.89,1.36,1.27,2.58,3.37,1.47,1.33,2.04,2.52,1.74,1.55,1.78,2.10,2.01,1.76,1.55,1.81,2.39,2.06,1.33,1.50,3.19,2.67,1.26,1.37,3.66,3.19,1.21,1.29,4.14,3.69,1.19,1.19,4.89,4.86,,,,,,,,,,,,,,,,,,,,,,,,,,,,,,,,
south-kore,k-league-2,2023,2023-04-23,Asan,Gyeongnam,2,2,Pinnacle,2.68,3.32,2.52,2.95,2.99,2.70,,,,,,,,,,,,,,,,,,,,,4.68,5.48,1.17,1.16,3.30,3.69,1.30,1.29,2.67,2.93,1.45,1.42,2.31,2.47,1.58,1.56,1.94,2.01,1.83,1.85,1.65,1.66,2.17,2.27,1.50,1.49,2.51,2.69,1.34,1.34,3.08,3.34,,,,,,,,,1.20,1.19,4.29,4.85,,,,,,,,,,,,,,,,,,,,
south-kore,k-league-2,2023,2023-04-23,Cheongju,Bucheon FC 1995,0,4,Pinnacle,2.70,3.26,2.65,3.42,3.22,2.26,,,,,,,,,,,,,,,,,,,,,,,,,3.32,4.39,1.34,1.24,2.69,3.38,1.49,1.36,2.31,2.92,1.64,1.43,1.90,2.30,1.87,1.58,1.66,1.93,2.27,1.93,1.51,1.63,2.64,2.25,1.35,1.45,3.25,2.70,,,,,,,,,1.21,1.27,4.58,3.61,1.19,1.23,4.36,4.11,,,,,,,,,,,,,,,,
south-kore,k-league-2,2023,2023-04-23,Ansan Greeners,Jeonnam,1,0,Pinnacle,3.16,3.52,2.21,3.57,3.84,1.98,,,,,,,,,,,,,,,,,,,,,,,,,,,,,3.12,3.52,1.37,1.31,2.74,3.11,1.47,1.38,2.34,2.70,1.63,1.49,1.89,2.15,1.88,1.73,1.70,1.88,2.20,1.98,1.52,1.65,2.60,2.28,,,,,,,,,1.33,1.44,3.36,2.86,1.28,1.35,3.80,3.26,1.25,1.29,4.02,3.66,,,,,,,,,,,,
south-kore,k-league-2,2023,2023-04-29,Jeonnam,Asan,2,1,Pinnacle,2.27,3.26,3.08,2.63,3.20,2.85,,,,,,,,,,,,,,,,,,,,,3.69,4.55,1.25,1.21,2.73,3.22,1.43,1.36,2.26,2.61,1.60,1.51,1.95,2.23,1.82,1.68,1.63,1.85,2.22,2.01,1.45,1.58,2.65,2.42,1.35,1.45,3.05,2.84,1.23,1.30,3.89,3.56,,,,,,,,,1.17,1.17,5.21,5.22,,,,,,,,,,,,,,,,,,,,
south-kore,k-league-2,2023,2023-04-29,Gyeongnam,Cheonan City,2,1,Pinnacle,1.41,4.24,7.18,1.39,4.68,8.47,4.42,4.08,1.22,1.25,4.09,3.65,1.22,1.29,3.05,2.81,1.35,1.45,2.53,2.36,1.49,1.61,2.16,2.03,1.66,1.83,1.79,1.68,1.99,2.23,1.54,1.49,2.40,2.67,1.41,1.38,2.81,3.10,1.26,1.25,3.62,4.08,,,,,,,,,,,,,,,,,,,,,,,,,,,,,,,,,,,,,,,,,,,,,,,,
south-kore,k-league-2,2023,2023-04-29,Busan,Ansan Greeners,0,0,Pinnacle,1.88,3.55,3.84,1.85,3.57,4.38,,,,,,,,,,,,,3.55,3.62,1.27,1.30,3.14,3.17,1.33,1.36,2.74,2.73,1.43,1.48,2.17,2.14,1.65,1.74,1.88,1.85,1.89,2.00,1.63,1.60,2.21,2.38,1.39,1.36,2.88,3.24,1.30,1.28,3.34,3.78,1.24,1.23,3.79,4.32,,,,,,,,,,,,,,,,,,,,,,,,,,,,,,,,,,,,
south-kore,k-league-2,2023,2023-04-29,Anyang,Cheongju,1,0,Pinnacle,1.58,3.91,5.25,1.44,4.56,7.39,4.16,3.86,1.24,1.27,4.47,3.44,1.22,1.32,3.48,2.67,1.28,1.50,2.83,2.26,1.40,1.66,2.47,1.99,1.51,1.86,2.09,1.70,1.70,2.20,1.76,1.53,2.02,2.55,1.57,1.43,2.32,2.89,1.39,1.28,2.87,3.73,1.22,1.16,4.08,5.46,,,,,,,,,,,,,,,,,,,,,,,,,,,,,,,,,,,,,,,,,,,,
south-kore,k-league-2,2023,2023-04-30,Gimcheon Sangmu,Gimpo FC,0,2,Pinnacle,2.47,3.11,3.05,1.78,3.56,4.91,,,,,,,,,4.06,4.08,1.25,1.25,3.91,3.23,1.25,1.35,4.81,2.85,1.19,1.44,4.26,2.45,1.23,1.57,3.03,2.02,1.40,1.84,2.46,1.77,1.57,2.09,2.06,1.53,1.74,2.56,1.73,1.30,2.15,3.62,1.52,1.23,2.59,4.23,,,,,,,,,,,,,,,,,,,,,,,,,,,,,,,,,,,,,,,,
south-kore,k-league-2,2023,2023-04-30,Seoul E-Land,Seongnam,1,2,Pinnacle,2.39,3.13,3.01,2.80,3.02,2.82,,,,,,,,,,,,,,,,,,,,,4.04,5.13,1.22,1.18,2.91,3.49,1.38,1.31,2.38,2.78,1.55,1.46,2.04,2.35,1.75,1.62,1.68,1.92,2.13,1.93,1.48,1.61,2.57,2.37,1.36,1.46,2.98,2.80,1.24,1.31,3.81,3.52,,,,,,,,,1.16,1.17,5.25,5.22,,,,,,,,,,,,,,,,,,,,
south-kore,k-league-2,2023,2023-05-02,Jeonnam,Busan,1,1,Pinnacle,2.46,3.10,2.93,2.69,3.06,2.89,,,,,,,,,,,,,,,,,,,,,4.12,4.83,1.21,1.19,2.98,3.33,1.36,1.34,2.45,2.68,1.52,1.49,2.09,2.27,1.70,1.66,1.73,1.86,2.07,2.00,1.51,1.58,2.49,2.44,1.38,1.44,2.91,2.88,1.26,1.31,3.64,3.58,,,,,,,,,1.14,1.18,5.25,5.16,,,,,,,,,,,,,,,,,,,,
south-kore,k-league-2,2023,2023-05-02,Cheonan City,Anyang,0,4,Pinnacle,4.69,3.51,1.79,7.38,4.20,1.48,,,,,,,,,,,,,,,,,,,,,,,,,,,,,,,,,,,,,3.47,5.73,1.32,1.15,2.51,3.55,1.55,1.31,2.08,2.75,1.78,1.47,1.79,2.41,1.99,1.59,,,,,,,,,1.58,2.08,2.45,1.71,1.45,1.85,2.83,2.01,1.36,1.65,3.18,2.29,1.26,1.47,4.00,2.85,1.18,1.29,4.51,3.85,1.24,1.24,4.21,4.33
south-kore,k-league-2,2023,2023-05-02,Bucheon FC 1995,Asan,2,1,Pinnacle,2.53,2.94,3.14,2.40,3.17,3.20,,,,,,,,,,,,,,,,,5.19,4.81,1.17,1.19,4.58,4.22,1.21,1.24,3.15,2.96,1.38,1.42,2.52,2.39,1.55,1.60,2.08,2.04,1.71,1.82,1.72,1.67,2.15,2.24,1.50,1.48,2.64,2.72,1.38,1.37,3.11,3.17,1.25,1.25,4.01,4.09,,,,,,,,,,,,,,,,,,,,,,,,,,,,,,,,
south-kore,k-league-2,2023,2023-05-03,Ansan Greeners,Gimcheon Sangmu,2,3,Pinnacle,3.58,3.40,2.00,5.02,4.19,1.64,,,,,,,,,,,,,,,,,,,,,,,,,,,,,,,,,3.09,4.42,1.34,1.22,2.64,3.89,1.46,1.27,2.06,2.83,1.72,1.45,1.78,2.33,2.00,1.63,1.57,2.05,2.33,1.81,,,,,,,,,1.37,1.76,2.97,2.11,1.29,1.57,3.36,2.46,1.25,1.45,3.76,2.78,1.23,1.33,3.92,3.40,1.22,1.22,4.47,4.40,,,,
south-kore,k-league-2,2023,2023-05-03,Gyeongnam,Seoul E-Land,1,2,Pinnacle,2.22,3.33,3.13,1.85,3.43,4.67,,,,,,,,,,,,,4.02,3.60,1.25,1.30,3.93,3.15,1.23,1.37,3.48,2.71,1.28,1.49,2.64,2.13,1.46,1.74,2.21,1.85,1.63,2.01,1.91,1.58,1.86,2.43,1.60,1.33,2.27,3.41,1.44,1.26,2.70,4.00,1.34,1.21,3.10,4.60,,,,,,,,,,,,,,,,,,,,,,,,,,,,,,,,,,,,
south-kore,k-league-2,2023,2023-05-03,Gimpo FC,Seongnam,0,0,Pinnacle,2.28,3.08,3.44,2.04,3.21,4.09,,,,,,,,,,,,,4.33,4.25,1.23,1.23,4.29,3.74,1.23,1.28,3.76,3.24,1.28,1.36,2.75,2.42,1.47,1.58,2.27,2.04,1.66,1.82,1.89,1.73,1.88,2.15,1.59,1.43,2.42,2.90,1.43,1.32,2.93,3.47,1.33,1.25,3.40,4.04,1.22,1.17,4.42,5.27,,,,,,,,,,,,,,,,,,,,,,,,,,,,,,,,
south-kore,k-league-2,2023,2023-05-06,Gimpo FC,Seoul E-Land,0,0,Pinnacle,2.31,3.26,3.02,2.63,3.02,3.07,,,,,,,,,,,,,,,,,,,,,3.78,4.94,1.24,1.20,2.79,3.29,1.41,1.36,2.30,2.61,1.58,1.53,1.98,2.21,1.79,1.72,1.65,1.80,2.18,2.11,1.47,1.55,2.60,2.58,1.36,1.41,2.99,3.06,1.24,1.28,3.78,3.91,,,,,,,,,1.15,1.15,5.23,6.05,,,,,,,,,,,,,,,,,,,,
south-kore,k-league-2,2023,2023-05-06,Cheongju,Cheonan City,2,1,Pinnacle,2.12,3.37,3.50,2.49,3.32,3.02,,,,,,,,,,,,,,,,,3.73,4.74,1.28,1.21,3.26,4.21,1.35,1.25,2.50,3.04,1.56,1.42,2.11,2.48,1.76,1.58,1.79,2.13,1.99,1.78,1.53,1.76,2.55,2.14,1.40,1.55,3.02,2.57,1.32,1.42,3.46,2.99,1.21,1.29,4.51,3.82,,,,,,,,,,,,,,,,,,,,,,,,,,,,,,,,
south-kore,k-league-2,2023,2023-05-06,Ansan Greeners,Gyeongnam,1,1,Pinnacle,3.50,3.36,2.12,3.24,3.56,2.25,,,,,,,,,,,,,,,,,,,,,,,,,4.47,4.07,1.22,1.26,3.46,3.20,1.32,1.38,3.02,2.79,1.40,1.48,2.55,2.36,1.53,1.64,1.99,1.93,1.79,1.95,1.75,1.70,2.11,2.24,1.56,1.52,2.49,2.66,,,,,,,,,1.36,1.33,3.20,3.47,1.29,1.28,3.64,3.93,,,,,,,,,,,,,,,,
south-kore,k-league-2,2023,2023-05-07,Seongnam,Gimcheon Sangmu,2,2,Pinnacle,2.86,3.25,2.42,4.39,3.46,1.93,,,,,,,,,,,,,,,,,,,,,,,,,,,,,2.84,4.32,1.40,1.24,2.45,3.75,1.52,1.30,2.06,3.18,1.74,1.39,1.71,2.33,2.07,1.65,1.54,1.96,2.41,1.93,1.37,1.71,2.93,2.23,,,,,,,,,1.22,1.47,4.02,2.81,1.22,1.37,4.21,3.24,1.25,1.31,4.17,3.67,,,,,,,,,,,,
south-kore,k-league-2,2023,2023-05-07,Bucheon FC 1995,Jeonnam,5,2,Pinnacle,2.35,3.26,2.94,2.68,3.39,2.74,,,,,,,,,,,,,,,,,,,,,3.84,4.63,1.24,1.22,2.84,3.28,1.40,1.36,2.34,2.66,1.56,1.52,2.03,2.29,1.76,1.68,1.68,1.92,2.12,1.97,1.49,1.65,2.53,2.35,1.38,1.50,2.91,2.73,1.26,1.35,3.67,3.38,,,,,,,,,1.18,1.20,4.63,4.84,,,,,,,,,,,,,,,,,,,,
south-kore,k-league-2,2023,2023-05-07,Anyang,Busan,0,3,Pinnacle,1.98,3.35,3.96,2.11,3.45,3.71,,,,,,,,,,,,,3.93,4.40,1.23,1.23,3.47,3.90,1.28,1.28,3.00,3.37,1.36,1.35,2.28,2.51,1.59,1.57,1.94,2.10,1.83,1.79,1.67,1.81,2.14,2.10,1.41,1.51,2.82,2.68,1.30,1.39,3.30,3.19,1.24,1.31,3.78,3.66,1.18,1.20,4.81,4.84,,,,,,,,,,,,,,,,,,,,,,,,,,,,,,,,
south-kore,k-league-2,2023,2023-05-13,Seoul E-Land,Cheonan City,3,2,Pinnacle,1.60,3.82,5.50,1.76,3.71,5.06,,,,,,,,,3.70,4.36,1.27,1.24,2.97,3.40,1.38,1.34,2.58,2.97,1.50,1.43,2.17,2.51,1.68,1.57,1.80,2.01,2.01,1.88,1.60,1.75,2.32,2.16,1.41,1.52,2.89,2.65,1.22,1.30,4.21,3.75,1.18,1.24,4.81,4.37,,,,,,,,,,,,,,,,,,,,,,,,,,,,,,,,,,,,,,,,
south-kore,k-league-2,2023,2023-05-13,Gimcheon Sangmu,Anyang,0,0,Pinnacle,2.22,3.37,3.37,2.27,3.25,3.50,,,,,,,,,,,,,,,,,3.97,4.10,1.27,1.26,3.48,3.61,1.33,1.31,2.64,2.71,1.53,1.50,2.21,2.26,1.72,1.69,1.87,1.93,1.93,1.95,1.60,1.59,2.44,2.46,1.45,1.43,2.90,2.97,1.35,1.34,3.33,3.46,1.24,1.23,4.32,4.51,,,,,,,,,,,,,,,,,,,,,,,,,,,,,,,,
south-kore,k-league-2,2023,2023-05-13,Busan,Bucheon FC 1995,0,1,Pinnacle,2.37,3.40,3.15,2.60,3.16,3.01,,,,,,,,,,,,,,,,,,,,,3.88,4.57,1.28,1.22,2.86,3.20,1.46,1.38,2.36,2.59,1.64,1.54,1.98,2.20,1.82,1.72,1.69,1.81,2.26,2.10,1.51,1.56,2.70,2.54,1.39,1.43,3.12,2.99,1.27,1.29,4.00,3.81,,,,,,,,,1.15,1.16,6.10,5.82,,,,,,,,,,,,,,,,,,,,
south-kore,k-league-2,2023,2023-05-14,Cheongju,Ansan Greeners,3,0,Pinnacle,2.65,3.33,2.62,3.08,3.41,2.41,,,,,,,,,,,,,,,,,,,,,,,,,3.24,3.86,1.33,1.28,2.63,3.05,1.48,1.41,2.27,2.64,1.62,1.53,1.91,2.21,1.89,1.72,1.63,1.83,2.25,2.07,1.49,1.62,2.61,2.39,1.33,1.45,3.21,2.90,,,,,,,,,1.19,1.28,4.52,3.93,1.22,1.23,4.21,4.44,,,,,,,,,,,,,,,,
south-kore,k-league-2,2023,2023-05-14,Asan,Gimpo FC,0,1,Pinnacle,2.10,3.40,3.80,2.76,3.03,2.94,,,,,,,,,,,,,,,,,,,,,3.30,5.09,1.37,1.19,2.48,3.44,1.58,1.34,2.05,2.74,1.77,1.49,1.79,2.31,2.10,1.66,1.50,1.88,2.73,2.01,1.37,1.59,3.24,2.46,1.30,1.44,3.75,2.92,1.22,1.30,4.19,3.72,,,,,,,,,1.16,1.16,5.17,5.66,,,,,,,,,,,,,,,,,,,,
south-kore,k-league-2,2023,2023-05-14,Gyeongnam,Seongnam,2,2,Pinnacle,1.90,3.59,3.86,2.26,3.19,3.60,,,,,,,,,,,,,,,,,3.16,4.07,1.34,1.26,2.76,3.58,1.44,1.32,2.19,2.70,1.67,1.51,1.90,2.25,1.90,1.69,1.65,1.92,2.22,1.97,1.41,1.57,2.89,2.51,1.31,1.42,3.35,3.05,1.25,1.32,3.82,3.55,1.21,1.21,4.32,4.68,,,,,,,,,,,,,,,,,,,,,,,,,,,,,,,,
south-kore,k-league-2,2023,2023-05-20,Seoul E-Land,Bucheon FC 1995,2,0,Pinnacle,2.46,3.27,3.01,2.74,3.14,2.87,,,,,,,,,,,,,,,,,,,,,3.99,4.93,1.24,1.20,2.92,3.39,1.40,1.34,2.40,2.72,1.56,1.51,2.07,2.31,1.76,1.67,1.72,1.90,2.11,1.99,1.52,1.61,2.52,2.42,1.39,1.46,2.91,2.85,1.27,1.32,3.67,3.59,,,,,,,,,1.17,1.18,4.93,5.33,,,,,,,,,,,,,,,,,,,,
south-kore,k-league-2,2023,2023-05-20,Cheonan City,Asan,0,1,Pinnacle,4.07,3.45,1.96,4.48,3.45,1.92,,,,,,,,,,,,,,,,,,,,,,,,,,,,,4.02,4.41,1.27,1.23,3.50,3.82,1.33,1.29,2.99,3.24,1.43,1.38,2.26,2.35,1.69,1.64,1.88,1.97,1.92,1.92,1.68,1.71,2.28,2.22,,,,,,,,,1.45,1.47,2.92,2.84,1.35,1.36,3.36,3.29,1.29,1.30,3.81,3.75,,,,,,,,,,,,
south-kore,k-league-2,2023,2023-05-20,Anyang,Jeonnam,2,0,Pinnacle,1.96,3.58,3.90,2.09,3.59,3.61,,,,,,,,,,,,,3.59,4.03,1.28,1.27,3.19,3.59,1.34,1.32,2.79,3.15,1.43,1.40,2.22,2.44,1.65,1.60,1.92,2.09,1.88,1.82,1.67,1.80,2.19,2.09,1.42,1.52,2.83,2.65,1.32,1.40,3.28,3.11,1.26,1.32,3.73,3.57,,,,,,,,,,,,,,,,,,,,,,,,,,,,,,,,,,,,
south-kore,k-league-2,2023,2023-05-20,Ansan Greeners,Seongnam,0,3,Pinnacle,2.76,3.40,2.58,3.20,3.51,2.29,,,,,,,,,,,,,,,,,,,,,,,,,3.38,4.04,1.35,1.27,2.75,3.17,1.49,1.38,2.38,2.76,1.63,1.49,1.96,2.32,1.83,1.66,1.71,1.91,2.22,1.98,1.55,1.68,2.57,2.28,1.39,1.50,3.12,2.73,,,,,,,,,1.24,1.31,4.30,3.61,1.26,1.26,3.98,4.09,,,,,,,,,,,,,,,,
south-kore,k-league-2,2023,2023-05-21,Gyeongnam,Busan,1,2,Pinnacle,2.29,3.37,3.23,2.45,3.20,3.20,,,,,,,,,,,,,,,,,4.14,4.64,1.26,1.22,3.65,4.11,1.31,1.26,2.73,2.98,1.50,1.43,2.28,2.44,1.68,1.60,1.93,2.08,1.88,1.82,1.65,1.70,2.34,2.23,1.48,1.51,2.78,2.71,1.38,1.38,3.19,3.16,1.26,1.26,4.10,4.07,,,,,,,,,,,,,,,,,,,,,,,,,,,,,,,,
south-kore,k-league-2,2023,2023-05-21,Gimcheon Sangmu,Cheongju,0,0,Pinnacle,1.34,5.18,7.81,1.37,5.49,7.93,3.33,3.30,1.32,1.36,2.94,2.94,1.39,1.44,2.36,2.38,1.58,1.63,2.03,2.07,1.77,1.83,1.79,1.81,2.03,2.07,1.53,1.56,2.49,2.54,1.41,1.44,2.89,2.92,1.33,1.36,3.26,3.31,1.22,1.25,4.21,4.21,,,,,,,,,,,,,,,,,,,,,3.76,3.71,1.28,1.30,,,,,,,,,,,,,,,,,,,,,,,,
south-kore,k-league-2,2023,2023-05-27,Seongnam,Anyang,1,2,Pinnacle,3.28,3.34,2.28,3.35,3.52,2.22,,,,,,,,,,,,,,,,,,,,,,,,,4.19,4.27,1.25,1.24,3.24,3.31,1.37,1.36,2.81,2.88,1.47,1.45,2.36,2.43,1.64,1.61,1.88,1.97,1.92,1.92,1.68,1.72,2.27,2.21,1.50,1.53,2.73,2.64,,,,,,,,,1.31,1.33,3.66,3.48,1.25,1.27,4.16,3.96,,,,,,,,,,,,,,,,
south-kore,k-league-2,2023,2023-05-27,Jeonnam,Cheonan City,2,0,Pinnacle,1.58,4.23,5.56,1.61,4.32,5.41,,,,,4.38,4.52,1.24,1.23,3.21,3.30,1.37,1.36,2.65,2.71,1.52,1.50,2.33,2.38,1.65,1.63,1.95,2.06,1.84,1.84,1.74,1.77,2.19,2.14,1.58,1.60,2.50,2.44,1.40,1.42,3.06,2.98,1.24,1.25,4.34,4.20,,,,,,,,,,,,,,,,,,,,,,,,,,,,,,,,,,,,,,,,,,,,
south-kore,k-league-2,2023,2023-05-27,Cheongju,Gyeongnam,0,2,Pinnacle,3.98,3.70,1.91,3.97,3.81,1.93,,,,,,,,,,,,,,,,,,,,,,,,,,,,,3.93,3.91,1.28,1.28,3.46,3.44,1.33,1.34,2.99,2.97,1.43,1.43,2.31,2.29,1.66,1.67,1.93,1.96,1.87,1.93,1.74,1.72,2.18,2.20,,,,,,,,,1.51,1.50,2.71,2.74,1.40,1.39,3.10,3.14,1.33,1.32,3.50,3.55,,,,,,,,,,,,
south-kore,k-league-2,2023,2023-05-28,Ansan Greeners,Seoul E-Land,1,2,Pinnacle,2.94,3.40,2.44,3.40,3.36,2.26,,,,,,,,,,,,,,,,,,,,,,,,,3.55,4.35,1.28,1.24,2.84,3.36,1.41,1.35,2.47,2.90,1.53,1.45,2.09,2.42,1.73,1.61,1.76,1.94,2.06,1.94,1.57,1.69,2.38,2.25,1.41,1.50,2.87,2.71,,,,,,,,,1.25,1.31,3.85,3.67,1.21,1.26,4.31,4.19,,,,,,,,,,,,,,,,
south-kore,k-league-2,2023,2023-05-28,Busan,Asan,2,0,Pinnacle,2.41,3.26,3.21,2.33,3.00,3.70,,,,,,,,,,,,,,,,,4.48,4.48,1.20,1.23,3.96,3.92,1.24,1.28,2.86,2.83,1.41,1.47,2.34,2.32,1.59,1.66,2.01,1.95,1.81,1.93,1.65,1.57,2.21,2.52,1.47,1.40,2.67,3.10,1.35,1.31,3.09,3.66,1.24,1.20,3.99,4.88,,,,,,,,,,,,,,,,,,,,,,,,,,,,,,,,
south-kore,k-league-2,2023,2023-05-29,Bucheon FC 1995,Gimpo FC,2,0,Pinnacle,2.39,3.28,2.97,2.54,2.98,3.29,,,,,,,,,,,,,,,,,4.45,5.16,1.20,1.19,3.96,4.55,1.24,1.22,2.89,3.15,1.41,1.40,2.38,2.53,1.57,1.56,2.05,2.13,1.77,1.79,1.70,1.71,2.13,2.22,1.51,1.49,2.55,2.75,1.39,1.37,2.94,3.25,1.26,1.24,3.74,4.28,,,,,,,,,1.22,1.13,4.47,6.65,,,,,,,,,,,,,,,,,,,,
south-kore,k-league-2,2023,2023-06-03,Anyang,Bucheon FC 1995,2,2,Pinnacle,1.94,3.55,4.00,1.96,3.52,4.14,,,,,,,,,,,,,3.58,3.83,1.28,1.29,3.17,3.37,1.34,1.35,2.77,2.93,1.44,1.44,2.20,2.28,1.66,1.68,1.91,1.96,1.89,1.93,1.65,1.69,2.22,2.27,1.41,1.42,2.89,3.02,1.31,1.32,3.35,3.55,1.25,1.26,3.82,4.08,1.21,1.21,4.80,4.80,,,,,,,,,,,,,,,,,,,,,,,,,,,,,,,,
south-kore,k-league-2,2023,2023-06-03,Asan,Seongnam,2,0,Pinnacle,2.44,3.26,3.17,2.33,3.08,3.58,,,,,,,,,,,,,,,,,4.54,4.48,1.19,1.23,4.02,3.93,1.23,1.28,2.90,2.83,1.40,1.47,2.37,2.32,1.57,1.66,2.03,1.96,1.79,1.93,1.67,1.59,2.18,2.46,1.48,1.42,2.63,3.01,1.36,1.32,3.05,3.53,1.24,1.21,3.92,4.69,,,,,,,,,1.14,1.15,5.49,6.11,,,,,,,,,,,,,,,,,,,,
south-kore,k-league-2,2023,2023-06-03,Cheonan City,Gyeongnam,2,3,Pinnacle,4.17,3.80,1.78,4.92,4.35,1.66,,,,,,,,,,,,,,,,,,,,,,,,,,,,,,,,,3.65,4.34,1.27,1.24,3.17,3.83,1.34,1.29,2.41,2.83,1.56,1.47,2.03,2.34,1.77,1.65,1.79,2.06,2.02,1.84,,,,,,,,,1.54,1.76,2.45,2.14,1.42,1.58,2.83,2.49,1.34,1.46,3.19,2.81,1.23,1.33,4.01,3.47,1.22,1.22,4.21,4.55,,,,
south-kore,k-league-2,2023,2023-06-04,Seoul E-Land,Busan,1,2,Pinnacle,2.58,3.23,2.89,2.94,3.01,2.77,,,,,,,,,,,,,,,,,,,,,4.45,5.64,1.23,1.17,3.15,3.71,1.39,1.30,2.57,2.93,1.55,1.44,2.20,2.46,1.72,1.59,1.80,2.00,2.01,1.88,1.59,1.66,2.47,2.32,1.46,1.49,2.88,2.76,1.31,1.34,3.61,3.45,,,,,,,,,1.18,1.19,5.31,5.08,,,,,,,,,,,,,,,,,,,,
south-kore,k-league-2,2023,2023-06-04,Jeonnam,Gimcheon Sangmu,1,0,Pinnacle,3.25,3.60,2.10,4.30,4.26,1.76,,,,,,,,,,,,,,,,,,,,,,,,,,,,,,,,,2.83,3.79,1.42,1.29,2.42,3.33,1.55,1.36,1.98,2.56,1.83,1.56,1.72,2.16,2.09,1.75,1.54,1.92,2.46,1.97,,,,,,,,,1.35,1.65,3.14,2.34,1.28,1.51,3.56,2.70,1.31,1.41,3.55,3.04,1.26,1.29,4.05,3.76,,,,,,,,
south-kore,k-league-2,2023,2023-06-04,Gimpo FC,Cheongju,1,2,Pinnacle,1.83,3.66,4.39,1.90,3.51,4.47,,,,,,,,,,,,,3.29,3.65,1.32,1.29,2.90,3.21,1.40,1.36,2.52,2.78,1.52,1.47,2.04,2.19,1.76,1.73,1.79,1.90,2.02,1.99,1.56,1.63,2.39,2.38,1.34,1.37,3.20,3.24,1.27,1.28,3.68,3.78,1.22,1.23,4.17,4.34,,,,,,,,,,,,,,,,,,,,,,,,,,,,,,,,,,,,
south-kore,k-league-2,2023,2023-06-10,Gyeongnam,Asan,2,1,Pinnacle,2.12,3.38,3.62,2.42,3.33,3.14,,,,,,,,,,,,,,,,,3.73,4.48,1.30,1.23,3.26,3.97,1.37,1.27,2.49,2.92,1.58,1.45,2.11,2.41,1.79,1.62,1.79,2.07,2.03,1.83,1.53,1.71,2.63,2.23,1.40,1.52,3.12,2.67,1.32,1.40,3.58,3.10,1.21,1.27,4.71,3.98,,,,,,,,,,,,,,,,,,,,,,,,,,,,,,,,
south-kore,k-league-2,2023,2023-06-10,Gimcheon Sangmu,Ansan Greeners,3,2,Pinnacle,1.48,4.73,6.25,1.44,4.98,7.07,3.82,4.00,1.25,1.27,3.42,3.56,1.30,1.32,2.68,2.74,1.46,1.50,2.27,2.31,1.63,1.67,2.01,2.02,1.81,1.87,1.72,1.71,2.10,2.22,1.55,1.54,2.43,2.60,1.44,1.43,2.74,2.97,1.30,1.29,3.40,3.78,,,,,,,,,,,,,,,,,,,,,,,,,,,,,,,,,,,,,,,,,,,,,,,,
south-kore,k-league-2,2023,2023-06-10,Busan,Gimpo FC,0,0,Pinnacle,2.20,3.33,3.47,2.17,3.22,3.80,,,,,,,,,,,,,,,,,3.97,4.04,1.27,1.27,3.48,3.51,1.33,1.33,2.62,2.60,1.53,1.54,2.19,2.16,1.74,1.75,1.85,1.85,1.95,2.05,1.57,1.52,2.50,2.67,1.43,1.38,2.98,3.22,1.34,1.30,3.43,3.75,1.23,1.20,4.49,5.02,,,,,,,,,,,,,,,,,,,,,,,,,,,,,,,,
south-kore,k-league-2,2023,2023-06-11,Seongnam,Seoul E-Land,1,2,Pinnacle,2.38,3.30,3.13,2.75,3.22,2.79,,,,,,,,,,,,,,,,,,,,,3.91,5.00,1.28,1.20,2.87,3.42,1.46,1.34,2.37,2.74,1.63,1.50,1.99,2.33,1.81,1.65,1.70,1.93,2.24,1.96,1.51,1.64,2.68,2.36,1.40,1.49,3.09,2.77,1.27,1.33,3.96,3.46,,,,,,,,,1.17,1.19,5.49,5.05,,,,,,,,,,,,,,,,,,,,
south-kore,k-league-2,2023,2023-06-11,Cheongju,Jeonnam,3,1,Pinnacle,3.53,3.60,2.07,3.07,3.50,2.37,,,,,,,,,,,,,,,,,,,,,,,,,4.27,3.87,1.21,1.28,3.49,3.04,1.33,1.41,3.06,2.64,1.41,1.53,2.63,2.22,1.53,1.71,2.10,1.85,1.79,2.05,1.79,1.64,2.02,2.36,1.62,1.47,2.41,2.85,,,,,,,,,1.41,1.29,3.06,3.82,1.33,1.24,3.48,4.32,,,,,,,,,,,,,,,,
south-kore,k-league-2,2023,2023-06-11,Bucheon FC 1995,Cheonan City,1,1,Pinnacle,1.48,4.30,6.23,1.55,4.24,6.46,,,,,4.01,4.44,1.23,1.23,2.97,3.23,1.38,1.37,2.46,2.65,1.54,1.52,2.14,2.30,1.69,1.67,1.83,1.96,1.97,1.93,1.60,1.69,2.31,2.26,1.47,1.54,2.64,2.60,1.32,1.36,3.32,3.28,1.17,1.20,4.94,4.99,,,,,,,,,,,,,,,,,,,,,,,,,,,,,,,,,,,,,,,,,,,,
south-kore,k-league-2,2023,2023-06-24,Busan,Cheongju,1,1,Pinnacle,1.54,4.38,5.85,1.69,3.88,5.31,,,,,,,,,3.02,3.80,1.37,1.29,2.51,3.02,1.52,1.41,2.20,2.65,1.66,1.52,1.88,2.27,1.92,1.68,1.64,1.90,2.23,1.99,1.51,1.68,2.55,2.27,1.35,1.48,3.14,2.79,1.20,1.27,4.44,3.99,1.21,1.22,4.32,4.61,,,,,,,,,,,,,,,,,,,,,,,,,,,,,,,,,,,,,,,,
south-kore,k-league-2,2023,2023-06-24,Gimcheon Sangmu,Cheonan City,4,1,Pinnacle,1.23,6.47,12.78,1.33,5.51,9.31,2.65,3.09,1.52,1.40,2.30,2.72,1.67,1.50,1.90,2.22,1.88,1.71,1.74,1.94,2.19,1.94,1.53,1.71,2.63,2.22,1.32,1.49,3.57,2.75,1.26,1.39,4.11,3.14,1.21,1.32,4.17,3.53,,,,,,,,,,,,,,,,,,,,,,,,,2.99,3.47,1.42,1.33,,,,,,,,,,,,,,,,,,,,,,,,
south-kore,k-league-2,2023,2023-06-24,Seongnam,Bucheon FC 1995,0,1,Pinnacle,2.49,3.26,2.99,2.25,3.43,3.37,,,,,,,,,,,,,,,,,4.72,4.04,1.21,1.27,4.19,3.55,1.25,1.32,3.03,2.68,1.42,1.52,2.47,2.24,1.59,1.70,2.08,1.93,1.75,1.95,1.77,1.61,2.13,2.43,1.56,1.45,2.56,2.89,1.43,1.35,2.96,3.33,1.30,1.24,3.76,4.33,,,,,,,,,,,,,,,,,,,,,,,,,,,,,,,,
south-kore,k-league-2,2023,2023-06-25,Gimpo FC,Jeonnam,1,2,Pinnacle,2.22,3.35,3.39,2.30,3.25,3.43,,,,,,,,,,,,,,,,,4.00,4.32,1.27,1.24,3.51,3.79,1.33,1.29,2.64,2.78,1.53,1.48,2.21,2.29,1.72,1.67,1.87,1.96,1.93,1.93,1.60,1.61,2.45,2.42,1.45,1.45,2.91,2.92,1.35,1.34,3.35,3.39,1.24,1.23,4.35,4.44,,,,,,,,,,,,,,,,,,,,,,,,,,,,,,,,
south-kore,k-league-2,2023,2023-06-25,Asan,Ansan Greeners,1,0,Pinnacle,1.87,3.61,3.98,2.10,3.54,3.62,,,,,,,,,,,,,3.55,4.09,1.28,1.26,3.13,3.64,1.35,1.31,2.72,3.18,1.45,1.38,2.16,2.46,1.68,1.59,1.87,2.09,1.93,1.80,1.62,1.82,2.27,2.09,1.39,1.53,2.98,2.64,1.30,1.40,3.45,3.13,1.24,1.32,3.92,3.58,1.21,1.21,4.59,4.72,,,,,,,,,,,,,,,,,,,,,,,,,,,,,,,,
south-kore,k-league-2,2023,2023-06-25,Seoul E-Land,Anyang,1,2,Pinnacle,3.04,3.34,2.31,4.18,3.59,1.93,,,,,,,,,,,,,,,,,,,,,,,,,,,,,3.01,4.12,1.37,1.26,2.62,3.59,1.48,1.32,2.20,3.07,1.66,1.41,1.82,2.30,1.99,1.67,1.61,1.95,2.30,1.93,1.43,1.70,2.78,2.24,,,,,,,,,1.26,1.46,3.75,2.86,1.22,1.36,4.22,3.30,1.26,1.30,4.09,3.75,,,,,,,,,,,,
south-kore,k-league-2,2023,2023-07-01,Bucheon FC 1995,Gimcheon Sangmu,0,3,Pinnacle,3.46,3.52,2.12,4.42,3.70,1.85,,,,,,,,,,,,,,,,,,,,,,,,,,,,,3.33,4.36,1.32,1.24,2.92,3.82,1.40,1.29,2.49,3.29,1.52,1.37,2.01,2.43,1.80,1.61,1.75,2.04,2.07,1.85,1.55,1.78,2.43,2.12,,,,,,,,,1.35,1.53,3.11,2.62,1.29,1.41,3.54,3.02,1.30,1.34,3.73,3.42,1.25,1.25,4.25,4.25,,,,,,,,
south-kore,k-league-2,2023,2023-07-01,Ansan Greeners,Busan,1,2,Pinnacle,3.32,3.50,2.19,4.85,3.91,1.74,,,,,,,,,,,,,,,,,,,,,,,,,,,,,,,,,2.87,4.22,1.46,1.25,2.44,3.66,1.60,1.31,1.94,2.65,1.86,1.52,1.74,2.19,2.18,1.74,1.55,1.92,2.58,1.97,,,,,,,,,1.35,1.63,3.36,2.39,1.29,1.48,3.81,2.80,1.29,1.38,3.52,3.18,1.25,1.27,4.10,4.03,,,,,,,,
south-kore,k-league-2,2023,2023-07-02,Gimpo FC,Asan,1,1,Pinnacle,2.64,3.08,2.95,2.68,3.00,3.07,,,,,,,,,,,,,,,,,4.38,5.34,1.20,1.18,4.57,4.99,1.19,1.20,3.17,3.34,1.34,1.35,2.56,2.66,1.50,1.52,2.18,2.24,1.67,1.70,1.80,1.82,2.02,2.09,1.55,1.55,2.44,2.57,1.41,1.41,2.86,3.05,1.28,1.28,3.62,3.93,,,,,,,,,1.15,1.15,5.42,6.18,,,,,,,,,,,,,,,,,,,,
south-kore,k-league-2,2023,2023-07-02,Anyang,Gyeongnam,2,4,Pinnacle,2.00,3.50,3.63,2.11,3.68,3.45,,,,,,,,,,,,,,,,,3.38,3.57,1.31,1.32,2.97,3.14,1.39,1.39,2.32,2.47,1.60,1.59,2.00,2.10,1.81,1.79,1.72,1.84,2.10,2.06,1.46,1.56,2.68,2.55,1.35,1.43,3.13,3.00,1.28,1.34,3.58,3.41,1.22,1.23,4.61,4.40,,,,,,,,,,,,,,,,,,,,,,,,,,,,,,,,
south-kore,k-league-2,2023,2023-07-03,Jeonnam,Seoul E-Land,3,3,Pinnacle,2.35,3.36,2.96,2.30,3.36,3.32,,,,,,,,,,,,,,,,,4.29,4.21,1.21,1.25,3.82,3.70,1.25,1.30,2.83,2.76,1.42,1.49,2.34,2.29,1.59,1.68,2.03,1.97,1.79,1.92,1.69,1.63,2.15,2.37,1.51,1.47,2.55,2.84,1.39,1.36,2.93,3.29,1.27,1.25,3.69,4.22,,,,,,,,,,,,,,,,,,,,,,,,,,,,,,,,
south-kore,k-league-2,2023,2023-07-03,Cheongju,Seongnam,0,0,Pinnacle,2.61,3.27,2.70,2.94,2.97,2.82,,,,,,,,,,,,,,,,,,,,,4.48,5.43,1.20,1.17,3.19,3.68,1.34,1.31,2.59,2.92,1.49,1.44,2.23,2.45,1.65,1.60,1.87,1.99,1.93,1.90,1.60,1.65,2.31,2.35,1.46,1.48,2.69,2.80,1.32,1.33,3.32,3.50,,,,,,,,,1.18,1.19,4.72,5.11,,,,,,,,,,,,,,,,,,,,
south-kore,k-league-2,2023,2023-07-08,Cheongju,Anyang,2,1,Pinnacle,4.48,3.83,1.78,4.60,3.56,1.86,,,,,,,,,,,,,,,,,,,,,,,,,,,,,4.61,4.53,1.22,1.23,3.91,3.95,1.28,1.27,3.39,3.37,1.34,1.36,2.54,2.44,1.56,1.60,2.13,2.03,1.78,1.86,1.83,1.78,1.97,2.13,,,,,,,,,1.61,1.52,2.42,2.65,1.47,1.40,2.81,3.06,1.38,1.33,3.17,3.48,1.27,1.25,3.99,4.24,,,,,,,,
south-kore,k-league-2,2023,2023-07-08,Cheonan City,Seoul E-Land,0,0,Pinnacle,3.91,3.51,1.98,3.82,3.25,2.15,,,,,,,,,,,,,,,,,,,,,,,,,5.17,5.00,1.19,1.20,3.86,3.77,1.28,1.29,3.37,3.25,1.35,1.38,2.88,2.69,1.45,1.51,2.22,2.07,1.71,1.83,1.86,1.76,1.93,2.14,1.67,1.56,2.30,2.53,,,,,,,,,1.44,1.37,2.93,3.26,1.35,1.30,3.36,3.71,1.29,1.26,3.80,4.06,,,,,,,,,,,,
south-kore,k-league-2,2023,2023-07-09,Seongnam,Gimpo FC,0,0,Pinnacle,2.25,3.34,3.34,2.91,2.83,2.97,,,,,,,,,,,,,,,,,,,,,3.58,5.69,1.32,1.16,2.68,3.70,1.51,1.30,2.24,2.90,1.70,1.45,1.89,2.41,1.91,1.61,1.61,1.93,2.41,1.96,1.46,1.60,2.87,2.46,1.36,1.44,3.30,2.96,1.24,1.29,4.28,3.77,,,,,,,,,1.16,1.16,5.85,5.81,,,,,,,,,,,,,,,,,,,,
south-kore,k-league-2,2023,2023-07-09,Gyeongnam,Ansan Greeners,3,1,Pinnacle,1.74,4.03,4.52,1.67,4.53,4.63,,,,,4.55,4.41,1.22,1.23,3.58,3.36,1.28,1.35,2.90,2.75,1.40,1.48,2.58,2.45,1.49,1.60,2.24,2.12,1.64,1.78,1.90,1.84,1.90,2.06,1.69,1.66,2.15,2.32,1.50,1.49,2.56,2.77,1.31,1.31,3.38,3.64,1.25,1.26,3.84,4.10,,,,,,,,,,,,,,,,,,,,,,,,,,,,,,,,,,,,,,,,
south-kore,k-league-2,2023,2023-07-10,Asan,Jeonnam,3,3,Pinnacle,2.32,3.42,3.21,2.24,3.37,3.45,,,,,,,,,,,,,,,,,4.13,4.11,1.22,1.26,3.65,3.60,1.27,1.32,2.72,2.68,1.45,1.51,2.26,2.23,1.63,1.71,1.95,1.92,1.85,1.97,1.63,1.59,2.26,2.47,1.46,1.44,2.69,2.95,1.35,1.34,3.09,3.41,1.24,1.23,3.96,4.46,,,,,,,,,,,,,,,,,,,,,,,,,,,,,,,,
south-kore,k-league-2,2023,2023-07-10,Gimcheon Sangmu,Busan,2,1,Pinnacle,1.79,3.75,4.53,2.44,3.30,3.13,,,,,,,,,,,,,,,,,2.87,4.42,1.46,1.23,2.47,3.94,1.59,1.28,1.98,2.93,1.82,1.44,1.78,2.42,2.11,1.61,1.56,2.08,2.53,1.82,1.34,1.72,3.41,2.21,1.28,1.52,3.94,2.66,1.25,1.40,3.90,3.09,1.22,1.28,4.55,3.93,,,,,,,,,,,,,,,,,,,,,,,,,,,,,,,,
south-kore,k-league-2,2023,2023-07-15,Asan,Anyang,2,3,Pinnacle,3.14,3.17,2.45,4.08,3.33,2.05,,,,,,,,,,,,,,,,,,,,,,,,,,,,,3.11,4.03,1.40,1.27,2.67,3.47,1.52,1.33,2.21,2.91,1.72,1.45,1.78,2.17,2.04,1.74,1.60,1.85,2.44,2.05,1.43,1.61,2.99,2.42,,,,,,,,,1.25,1.38,4.19,3.21,1.21,1.30,4.75,3.70,1.24,1.25,4.37,4.20,,,,,,,,,,,,
south-kore,k-league-2,2023,2023-07-15,Cheonan City,Cheongju,2,2,Pinnacle,2.78,3.28,2.64,2.93,3.29,2.58,,,,,,,,,,,,,,,,,,,,,4.93,5.45,1.20,1.17,3.43,3.67,1.34,1.31,2.77,2.91,1.49,1.45,2.38,2.49,1.63,1.58,1.94,2.08,1.85,1.83,1.69,1.73,2.26,2.19,1.53,1.55,2.63,2.57,1.37,1.39,3.23,3.15,,,,,,,,,1.22,1.23,4.57,4.42,,,,,,,,,,,,,,,,,,,,
south-kore,k-league-2,2023,2023-07-15,Ansan Greeners,Bucheon FC 1995,0,2,Pinnacle,3.02,3.47,2.36,3.12,3.53,2.33,,,,,,,,,,,,,,,,,,,,,,,,,3.64,3.92,1.27,1.28,2.91,3.08,1.39,1.40,2.55,2.68,1.51,1.51,2.16,2.26,1.68,1.69,1.81,1.88,2.00,2.01,1.61,1.66,2.30,2.32,1.44,1.48,2.75,2.78,,,,,,,,,1.27,1.30,3.63,3.68,1.23,1.26,4.08,4.16,,,,,,,,,,,,,,,,
south-kore,k-league-2,2023,2023-07-15,Gimpo FC,Gimcheon Sangmu,2,1,Pinnacle,4.01,3.63,1.85,3.25,3.22,2.41,,,,,,,,,,,,,,,,,,,,,5.68,5.87,1.16,1.16,4.44,4.18,1.23,1.25,3.96,3.22,1.24,1.37,3.48,2.76,1.29,1.49,3.01,2.28,1.38,1.68,2.29,1.85,1.61,2.05,1.95,1.62,1.85,2.40,1.70,1.45,2.13,2.90,,,,,,,,,1.47,1.28,2.66,3.92,1.36,1.23,3.05,4.43,,,,,,,,,,,,,,,,
south-kore,k-league-2,2023,2023-07-16,Gyeongnam,Jeonnam,0,2,Pinnacle,2.12,3.58,3.41,1.99,3.94,3.58,,,,,,,,,,,,,3.84,3.65,1.29,1.31,3.61,3.25,1.31,1.37,3.17,2.86,1.38,1.46,2.48,2.29,1.58,1.67,2.11,1.99,1.78,1.89,1.81,1.75,2.00,2.17,1.57,1.50,2.53,2.71,1.44,1.39,2.96,3.12,1.35,1.32,3.37,3.54,,,,,,,,,,,,,,,,,,,,,,,,,,,,,,,,,,,,
south-kore,k-league-2,2023,2023-07-16,Busan,Seongnam,2,3,Pinnacle,2.06,3.44,3.73,1.80,3.60,4.93,,,,,,,,,4.47,4.44,1.23,1.23,3.91,3.45,1.24,1.34,3.47,3.03,1.29,1.42,3.05,2.58,1.37,1.55,2.36,2.07,1.58,1.83,2.02,1.79,1.80,2.10,1.74,1.56,2.08,2.56,1.47,1.31,2.66,3.61,1.35,1.25,3.12,4.23,1.28,1.21,3.57,4.77,,,,,,,,,,,,,,,,,,,,,,,,,,,,,,,,,,,,
south-kore,k-league-2,2023,2023-07-18,Seoul E-Land,Gimpo FC,0,1,Pinnacle,2.44,3.18,2.98,2.68,2.96,3.15,,,,,,,,,,,,,,,,,,,,,4.14,4.87,1.22,1.20,2.98,3.30,1.39,1.35,2.43,2.67,1.55,1.52,2.08,2.23,1.75,1.71,1.71,1.79,2.11,2.13,1.51,1.53,2.54,2.63,1.38,1.40,2.95,3.13,1.26,1.26,3.75,4.04,,,,,,,,,1.16,1.14,5.06,6.37,,,,,,,,,,,,,,,,,,,,
south-kore,k-league-2,2023,2023-07-18,Bucheon FC 1995,Cheongju,0,0,Pinnacle,1.83,3.66,4.39,2.01,3.49,4.00,,,,,,,,,,,,,3.29,3.92,1.32,1.28,2.90,3.46,1.40,1.33,2.52,3.02,1.52,1.42,2.04,2.34,1.76,1.65,1.79,2.01,2.02,1.88,1.56,1.72,2.39,2.20,1.34,1.45,3.20,2.91,1.27,1.34,3.68,3.42,1.22,1.28,4.17,3.95,,,,,,,,,,,,,,,,,,,,,,,,,,,,,,,,,,,,
south-kore,k-league-2,2023,2023-07-18,Anyang,Cheonan City,1,1,Pinnacle,1.43,4.73,7.14,1.33,5.72,8.99,3.89,2.87,1.28,1.45,3.46,2.53,1.33,1.56,2.68,2.11,1.51,1.79,2.26,1.88,1.69,2.02,1.94,1.67,1.86,2.31,1.69,1.47,2.25,2.85,1.53,1.38,2.62,3.21,1.42,1.32,2.98,3.58,,,,,,,,,,,,,,,,,,,,,,,,,3.85,3.21,1.28,1.37,,,,,,,,,,,,,,,,,,,,,,,,
south-kore,k-league-2,2023,2023-07-19,Seongnam,Gyeongnam,1,1,Pinnacle,2.75,3.36,2.61,2.76,3.51,2.59,,,,,,,,,,,,,,,,,,,,,4.77,4.76,1.21,1.21,3.37,3.38,1.35,1.35,2.74,2.75,1.50,1.49,2.36,2.38,1.64,1.63,1.95,2.01,1.85,1.88,1.70,1.71,2.24,2.23,1.54,1.55,2.60,2.58,1.38,1.39,3.17,3.14,,,,,,,,,1.23,1.24,4.41,4.37,1.21,1.23,4.72,4.51,,,,,,,,,,,,,,,,
south-kore,k-league-2,2023,2023-07-19,Jeonnam,Ansan Greeners,5,2,Pinnacle,1.86,3.84,4.03,1.63,4.40,5.16,,,,,4.70,4.61,1.21,1.22,3.73,3.35,1.28,1.35,3.22,2.74,1.33,1.50,2.86,2.41,1.40,1.62,2.51,2.08,1.52,1.83,2.06,1.78,1.75,2.11,1.82,1.62,1.99,2.41,1.60,1.44,2.32,2.92,1.38,1.27,2.99,4.03,,,,,,,,,,,,,,,,,,,,,,,,,,,,,,,,,,,,,,,,,,,,
south-kore,k-league-2,2023,2023-07-19,Gimcheon Sangmu,Asan,3,2,Pinnacle,1.68,3.83,4.77,1.58,4.13,5.50,,,,,4.95,4.57,1.20,1.22,3.77,3.29,1.26,1.36,3.01,2.69,1.37,1.51,2.65,2.35,1.47,1.65,2.27,2.01,1.63,1.88,1.89,1.73,1.91,2.19,1.67,1.63,2.18,2.39,1.47,1.44,2.65,3.11,1.27,1.22,3.64,4.22,1.22,1.20,4.18,4.82,,,,,,,,,,,,,,,,,,,,,,,,,,,,,,,,,,,,,,,,
south-kore,k-league-2,2023,2023-07-23,Cheonan City,Seongnam,3,2,Pinnacle,3.53,3.43,2.13,4.17,3.56,1.94,,,,,,,,,,,,,,,,,,,,,,,,,,,,,3.39,4.11,1.31,1.26,2.97,3.58,1.39,1.32,2.52,3.05,1.52,1.41,2.01,2.29,1.80,1.68,1.74,1.94,2.07,1.94,1.54,1.69,2.45,2.25,,,,,,,,,1.34,1.46,3.17,2.88,1.28,1.36,3.62,3.32,1.26,1.29,4.00,3.76,,,,,,,,,,,,
south-kore,k-league-2,2023,2023-07-23,Cheongju,Seoul E-Land,2,1,Pinnacle,3.05,3.32,2.42,2.75,3.22,2.79,,,,,,,,,,,,,,,,,,,,,5.48,4.99,1.16,1.20,3.84,3.42,1.29,1.34,3.02,2.74,1.41,1.50,2.62,2.33,1.53,1.65,2.19,1.93,1.73,1.95,1.79,1.64,2.03,2.36,1.62,1.49,2.40,2.77,1.45,1.33,2.92,3.46,,,,,,,,,1.27,1.19,3.98,5.08,,,,,,,,,,,,,,,,,,,,
south-kore,k-league-2,2023,2023-07-23,Gyeongnam,Gimcheon Sangmu,0,2,Pinnacle,3.09,3.57,2.27,3.54,3.98,2.00,,,,,,,,,,,,,,,,,,,,,,,,,,,,,3.06,3.50,1.40,1.33,2.68,3.09,1.51,1.40,2.29,2.69,1.68,1.51,1.87,2.16,1.93,1.75,1.69,1.89,2.26,2.00,1.51,1.68,2.69,2.28,,,,,,,,,1.33,1.47,3.49,2.82,1.28,1.38,3.94,3.19,1.29,1.32,3.78,3.56,,,,,,,,,,,,
south-kore,k-league-2,2023,2023-07-23,Asan,Bucheon FC 1995,1,0,Pinnacle,2.38,3.23,3.19,2.67,2.99,3.08,,,,,,,,,,,,,,,,,,,,,3.96,4.94,1.27,1.20,2.88,3.33,1.46,1.35,2.37,2.66,1.64,1.52,1.99,2.23,1.81,1.70,1.68,1.81,2.27,2.10,1.50,1.55,2.72,2.58,1.39,1.41,3.15,3.07,1.26,1.27,4.07,3.97,,,,,,,,,1.15,1.14,5.95,6.31,,,,,,,,,,,,,,,,,,,,
south-kore,k-league-2,2023,2023-07-24,Gimpo FC,Ansan Greeners,0,1,Pinnacle,1.96,3.56,3.92,1.89,3.43,4.65,,,,,,,,,,,,,3.61,3.57,1.28,1.32,3.20,3.14,1.34,1.39,2.80,2.72,1.43,1.50,2.22,2.17,1.65,1.74,1.93,1.89,1.88,2.00,1.67,1.62,2.19,2.40,1.42,1.36,2.84,3.36,1.32,1.27,3.29,3.96,1.26,1.22,3.75,4.57,,,,,,,,,,,,,,,,,,,,,,,,,,,,,,,,,,,,
south-kore,k-league-2,2023,2023-07-24,Busan,Anyang,2,1,Pinnacle,2.59,3.24,2.87,2.79,3.18,2.78,,,,,,,,,,,,,,,,,,,,,4.48,5.00,1.23,1.20,3.17,3.46,1.38,1.34,2.58,2.78,1.55,1.48,2.21,2.36,1.72,1.64,1.85,1.95,1.82,1.93,1.60,1.65,2.45,2.35,1.46,1.49,2.85,2.76,1.32,1.34,3.57,3.43,,,,,,,,,1.18,1.20,5.23,4.96,,,,,,,,,,,,,,,,,,,,
south-kore,k-league-2,2023,2023-07-29,Seongnam,Jeonnam,2,1,Pinnacle,2.62,3.37,2.74,2.87,3.38,2.57,,,,,,,,,,,,,,,,,,,,,4.42,5.03,1.23,1.19,3.18,3.53,1.38,1.32,2.61,2.85,1.54,1.46,2.25,2.45,1.69,1.60,1.86,2.06,1.94,1.84,1.64,1.73,2.35,2.20,1.50,1.56,2.73,2.56,1.35,1.40,3.35,3.11,,,,,,,,,1.21,1.24,4.73,4.28,,,,,,,,,,,,,,,,,,,,
south-kore,k-league-2,2023,2023-07-29,Gyeongnam,Gimpo FC,0,0,Pinnacle,2.11,3.44,3.37,2.17,3.45,3.53,,,,,,,,,,,,,,,,,3.67,3.81,1.27,1.29,3.23,3.34,1.33,1.35,2.49,2.56,1.53,1.55,2.10,2.16,1.72,1.75,1.83,1.87,1.98,2.02,1.53,1.56,2.47,2.55,1.40,1.42,2.92,3.03,1.31,1.33,3.33,3.49,1.21,1.23,4.31,4.54,,,,,,,,,,,,,,,,,,,,,,,,,,,,,,,,
south-kore,k-league-2,2023,2023-07-30,Bucheon FC 1995,Busan,0,0,Pinnacle,2.93,3.23,2.44,3.06,3.32,2.47,,,,,,,,,,,,,,,,,,,,,,,,,3.66,3.84,1.27,1.29,2.90,3.03,1.40,1.41,2.50,2.61,1.52,1.53,2.09,2.17,1.73,1.75,1.74,1.80,2.09,2.11,1.55,1.60,2.43,2.46,1.39,1.42,2.98,3.01,,,,,,,,,1.23,1.25,4.10,4.19,1.19,1.21,4.60,4.73,,,,,,,,,,,,,,,,
south-kore,k-league-2,2023,2023-07-30,Ansan Greeners,Cheonan City,2,1,Pinnacle,1.94,3.72,3.83,2.49,3.47,2.91,,,,,,,,,,,,,,,,,3.07,4.39,1.36,1.24,2.70,4.01,1.46,1.28,2.18,2.98,1.68,1.42,1.90,2.48,1.90,1.58,1.66,2.14,2.20,1.77,1.43,1.80,2.81,2.11,1.33,1.58,3.23,2.50,1.27,1.45,3.66,2.89,1.21,1.32,4.26,3.61,,,,,,,,,1.22,1.19,4.44,5.21,,,,,,,,,,,,,,,,,,,,
south-kore,k-league-2,2023,2023-07-31,Seoul E-Land,Asan,0,0,Pinnacle,2.45,3.35,3.07,2.84,3.16,2.74,,,,,,,,,,,,,,,,,,,,,3.98,5.26,1.24,1.18,2.90,3.55,1.40,1.32,2.38,2.82,1.57,1.47,2.05,2.40,1.78,1.62,1.70,1.98,2.14,1.91,1.50,1.66,2.56,2.32,1.38,1.50,2.96,2.73,1.26,1.34,3.77,3.43,,,,,,,,,1.17,1.19,5.37,5.09,,,,,,,,,,,,,,,,,,,,
south-kore,k-league-2,2023,2023-07-31,Anyang,Gimcheon Sangmu,2,0,Pinnacle,2.64,3.36,2.72,3.17,3.50,2.31,,,,,,,,,,,,,,,,,,,,,,,,,3.13,3.97,1.35,1.27,2.57,3.13,1.50,1.39,2.22,2.73,1.65,1.50,1.87,2.30,1.93,1.67,1.61,1.89,2.29,2.00,1.47,1.67,2.64,2.30,1.33,1.49,3.24,2.75,,,,,,,,,1.20,1.31,4.50,3.61,1.23,1.26,4.40,4.07,,,,,,,,,,,,,,,,
south-kore,k-league-2,2023,2023-08-05,Jeonnam,Bucheon FC 1995,1,0,Pinnacle,2.34,3.40,3.12,2.48,3.52,2.90,,,,,,,,,,,,,,,,,,,,,3.73,4.06,1.30,1.26,2.79,2.98,1.48,1.42,2.32,2.47,1.66,1.59,1.97,2.13,1.83,1.77,1.69,1.80,2.26,2.11,1.51,1.58,2.68,2.49,1.40,1.46,3.08,2.88,1.28,1.32,3.92,3.58,,,,,,,,,1.18,1.19,5.26,5.16,,,,,,,,,,,,,,,,,,,,
south-kore,k-league-2,2023,2023-08-05,Gimpo FC,Anyang,1,0,Pinnacle,3.25,3.30,2.31,3.61,3.04,2.34,,,,,,,,,,,,,,,,,,,,,,,,,4.15,4.75,1.26,1.21,3.21,3.56,1.37,1.32,2.78,3.03,1.48,1.42,2.33,2.46,1.65,1.59,1.90,1.92,1.99,1.97,1.67,1.65,2.30,2.33,1.48,1.46,2.78,2.86,,,,,,,,,1.30,1.27,3.76,4.00,1.25,1.22,4.27,4.57,,,,,,,,,,,,,,,,
south-kore,k-league-2,2023,2023-08-05,Busan,Cheonan City,1,0,Pinnacle,1.47,4.53,6.75,1.54,4.34,6.37,,,,,3.63,4.46,1.27,1.23,2.77,3.20,1.44,1.38,2.32,2.61,1.60,1.53,2.04,2.27,1.78,1.68,1.74,1.94,2.08,1.94,1.55,1.68,2.43,2.28,1.43,1.53,2.76,2.63,1.29,1.36,3.48,3.30,1.18,1.20,5.15,4.95,,,,,,,,,,,,,,,,,,,,,,,,,,,,,,,,,,,,,,,,,,,,
south-kore,k-league-2,2023,2023-08-06,Gimcheon Sangmu,Seongnam,4,0,Pinnacle,1.56,4.24,5.25,1.71,4.11,4.75,,,,,,,,,3.16,3.66,1.34,1.31,2.61,2.96,1.48,1.43,2.29,2.62,1.61,1.53,1.97,2.26,1.83,1.69,1.70,1.92,2.13,1.97,1.55,1.71,2.42,2.23,1.38,1.51,2.96,2.69,1.22,1.31,4.14,3.63,1.22,1.25,4.22,4.16,,,,,,,,,,,,,,,,,,,,,,,,,,,,,,,,,,,,,,,,
south-kore,k-league-2,2023,2023-08-06,Seoul E-Land,Gyeongnam,1,2,Pinnacle,2.64,3.38,2.72,2.73,3.55,2.60,,,,,,,,,,,,,,,,,,,,,4.46,4.64,1.23,1.22,3.21,3.32,1.38,1.36,2.63,2.71,1.53,1.50,2.27,2.35,1.68,1.65,1.88,1.99,1.93,1.90,1.65,1.70,2.34,2.24,1.51,1.54,2.70,2.59,1.36,1.39,3.32,3.16,,,,,,,,,1.22,1.24,4.66,4.39,,,,,,,,,,,,,,,,,,,,
south-kore,k-league-2,2023,2023-08-08,Ansan Greeners,Cheongju,0,2,Pinnacle,2.62,3.50,2.74,3.34,3.32,2.29,,,,,,,,,,,,,,,,,,,,,,,,,3.09,4.29,1.36,1.24,2.54,3.30,1.51,1.35,2.20,2.85,1.66,1.46,1.86,2.37,1.94,1.63,1.61,1.93,2.30,1.97,1.47,1.68,2.66,2.28,1.33,1.49,3.26,2.77,,,,,,,,,1.19,1.30,4.53,3.73,1.28,1.25,3.81,4.24,,,,,,,,,,,,,,,,
south-kore,k-league-2,2023,2023-08-12,Anyang,Ansan Greeners,1,1,Pinnacle,1.48,4.63,6.39,1.47,4.72,6.79,3.94,4.14,1.24,1.26,3.53,3.69,1.29,1.30,2.73,2.81,1.45,1.47,2.30,2.36,1.61,1.64,2.03,2.07,1.79,1.83,1.74,1.77,2.08,2.14,1.56,1.58,2.41,2.49,1.44,1.46,2.73,2.82,1.30,1.32,3.41,3.59,,,,,,,,,,,,,,,,,,,,,,,,,,,,,,,,,,,,,,,,,,,,,,,,
south-kore,k-league-2,2023,2023-08-14,Cheonan City,Gimpo FC,0,2,Pinnacle,3.95,3.31,2.05,3.61,3.04,2.34,,,,,,,,,,,,,,,,,,,,,,,,,4.72,4.77,1.20,1.21,3.77,3.57,1.26,1.32,3.27,3.04,1.32,1.42,2.77,2.47,1.44,1.59,2.11,1.92,1.71,1.97,1.81,1.66,2.00,2.33,1.58,1.47,2.35,2.85,,,,,,,,,1.37,1.27,3.08,3.99,1.29,1.23,3.53,4.57,,,,,,,,,,,,,,,,
south-kore,k-league-2,2023,2023-08-14,Bucheon FC 1995,Gyeongnam,2,0,Pinnacle,2.44,3.42,2.79,2.93,3.37,2.53,,,,,,,,,,,,,,,,,,,,,3.98,5.26,1.24,1.18,2.93,3.63,1.39,1.31,2.43,2.91,1.55,1.45,2.10,2.50,1.72,1.57,1.78,2.10,2.04,1.81,1.56,1.75,2.41,2.16,1.43,1.57,2.78,2.52,1.30,1.40,3.44,3.07,,,,,,,,,1.17,1.24,4.87,4.28,,,,,,,,,,,,,,,,,,,,
south-kore,k-league-2,2023,2023-08-15,Gimcheon Sangmu,Seoul E-Land,4,0,Pinnacle,1.52,4.50,6.05,1.71,3.97,4.99,,,,,3.72,4.53,1.26,1.23,2.84,3.70,1.41,1.30,2.39,2.97,1.57,1.42,2.10,2.63,1.72,1.53,1.81,2.26,2.00,1.69,1.60,1.92,2.32,1.97,1.48,1.70,2.63,2.24,1.33,1.50,3.25,2.72,1.19,1.29,4.62,3.77,1.21,1.24,4.50,4.35,,,,,,,,,,,,,,,,,,,,,,,,,,,,,,,,,,,,,,,,
south-kore,k-league-2,2023,2023-08-15,Busan,Jeonnam,1,0,Pinnacle,1.85,3.82,3.79,2.14,3.54,3.52,,,,,,,,,,,,,3.33,3.91,1.32,1.28,2.96,3.63,1.38,1.31,2.59,3.19,1.49,1.38,2.12,2.50,1.71,1.58,1.85,2.13,1.94,1.78,1.63,1.85,2.26,2.05,1.41,1.55,2.89,2.57,1.32,1.42,3.31,3.04,1.26,1.33,3.74,3.48,1.22,1.23,4.62,4.53,,,,,,,,,,,,,,,,,,,,,,,,,,,,,,,,
south-kore,k-league-2,2023,2023-08-19,Cheongju,Gimpo FC,1,0,Pinnacle,2.92,3.13,2.63,3.11,2.86,2.76,,,,,,,,,,,,,,,,,,,,,5.53,6.43,1.17,1.14,3.68,4.02,1.31,1.27,2.91,3.10,1.45,1.41,2.48,2.58,1.58,1.55,2.00,2.07,1.81,1.83,1.71,1.68,2.23,2.29,1.53,1.49,2.61,2.75,1.37,1.33,3.24,3.48,,,,,,,,,1.21,1.18,4.68,5.29,,,,,,,,,,,,,,,,,,,,
south-kore,k-league-2,2023,2023-08-19,Ansan Greeners,Asan,0,1,Pinnacle,3.30,3.38,2.25,3.90,3.41,2.06,,,,,,,,,,,,,,,,,,,,,,,,,,,,,3.26,3.85,1.37,1.28,2.84,3.33,1.47,1.36,2.39,2.81,1.63,1.48,1.90,2.14,1.90,1.76,1.70,1.83,2.24,2.06,1.51,1.61,2.68,2.43,,,,,,,,,1.32,1.39,3.55,3.18,1.27,1.31,4.04,3.64,1.28,1.26,3.77,4.11,,,,,,,,,,,,
south-kore,k-league-2,2023,2023-08-20,Seoul E-Land,Busan,2,1,Pinnacle,2.99,3.41,2.32,3.49,3.36,2.23,,,,,,,,,,,,,,,,,,,,,,,,,3.73,4.49,1.26,1.23,2.96,3.44,1.38,1.34,2.58,2.98,1.50,1.43,2.17,2.49,1.68,1.58,1.81,1.98,2.00,1.91,1.61,1.71,2.30,2.22,1.43,1.52,2.78,2.66,,,,,,,,,1.26,1.32,3.71,3.58,1.22,1.26,4.18,4.09,,,,,,,,,,,,,,,,
south-kore,k-league-2,2023,2023-08-20,Jeonnam,Gimcheon Sangmu,2,1,Pinnacle,3.60,3.85,1.90,4.43,3.75,1.84,,,,,,,,,,,,,,,,,,,,,,,,,,,,,3.55,4.36,1.28,1.24,3.15,3.83,1.34,1.29,2.75,3.30,1.44,1.37,2.19,2.45,1.67,1.60,1.90,2.06,1.90,1.84,1.68,1.81,2.17,2.08,,,,,,,,,1.47,1.57,2.67,2.51,1.37,1.45,3.02,2.87,1.31,1.37,3.39,3.23,1.27,1.27,3.96,4.00,,,,,,,,
south-kore,k-league-2,2023,2023-08-21,Seongnam,Bucheon FC 1995,2,2,Pinnacle,2.51,3.28,2.95,2.64,3.09,3.03,,,,,,,,,,,,,,,,,,,,,4.23,4.64,1.25,1.22,3.04,3.25,1.41,1.37,2.49,2.63,1.58,1.54,2.14,2.22,1.76,1.71,1.75,1.82,2.07,2.09,1.57,1.56,2.52,2.55,1.44,1.41,2.93,3.01,1.30,1.28,3.69,3.83,,,,,,,,,1.17,1.15,5.45,5.83,,,,,,,,,,,,,,,,,,,,
south-kore,k-league-2,2023,2023-08-21,Gyeongnam,Cheonan City,1,1,Pinnacle,1.57,4.36,5.49,1.56,4.45,5.87,,,,,4.01,3.99,1.23,1.27,3.02,2.99,1.37,1.42,2.52,2.50,1.52,1.58,2.22,2.20,1.65,1.72,1.92,1.92,1.88,1.97,1.68,1.68,2.17,2.27,1.53,1.55,2.47,2.57,1.37,1.38,3.01,3.19,1.22,1.22,4.17,4.60,,,,,,,,,,,,,,,,,,,,,,,,,,,,,,,,,,,,,,,,,,,,
south-kore,k-league-2,2023,2023-08-26,Bucheon FC 1995,Seoul E-Land,1,0,Pinnacle,2.25,3.36,3.33,2.40,3.05,3.46,,,,,,,,,,,,,,,,,4.05,4.71,1.26,1.21,3.56,4.14,1.32,1.26,2.68,2.94,1.52,1.44,2.23,2.39,1.70,1.63,1.89,2.02,1.91,1.87,1.62,1.64,2.41,2.37,1.46,1.45,2.86,2.90,1.36,1.34,3.29,3.42,1.25,1.23,4.25,4.51,,,,,,,,,,,,,,,,,,,,,,,,,,,,,,,,
south-kore,k-league-2,2023,2023-08-26,Gimcheon Sangmu,Asan,4,0,Pinnacle,1.66,3.99,5.13,1.74,3.87,4.90,,,,,,,,,3.57,3.92,1.32,1.28,2.88,3.11,1.45,1.39,2.54,2.75,1.56,1.49,2.17,2.36,1.74,1.64,1.81,1.97,1.99,1.92,1.66,1.74,2.32,2.18,1.47,1.52,2.84,2.65,1.28,1.30,3.94,3.68,1.23,1.25,4.50,4.25,,,,,,,,,,,,,,,,,,,,,,,,,,,,,,,,,,,,,,,,
south-kore,k-league-2,2023,2023-08-26,Gyeongnam,Seongnam,0,2,Pinnacle,2.03,3.63,3.62,2.19,3.76,3.21,,,,,,,,,,,,,,,,,3.39,3.78,1.35,1.29,2.98,3.33,1.43,1.35,2.35,2.58,1.64,1.55,1.98,2.18,1.82,1.74,1.76,1.91,2.14,1.98,1.51,1.63,2.70,2.39,1.39,1.48,3.13,2.79,1.32,1.38,3.57,3.18,1.24,1.27,3.99,4.03,,,,,,,,,,,,,,,,,,,,,,,,,,,,,,,,
south-kore,k-league-2,2023,2023-08-26,Gimpo FC,Busan,2,3,Pinnacle,2.96,3.10,2.61,3.61,3.03,2.35,,,,,,,,,,,,,,,,,,,,,,,,,3.75,4.77,1.30,1.21,2.95,3.57,1.44,1.32,2.51,3.03,1.57,1.42,2.03,2.47,1.79,1.59,1.72,1.92,2.21,1.97,1.54,1.65,2.60,2.34,1.37,1.46,3.22,2.87,,,,,,,,,1.22,1.26,4.67,4.05,1.24,1.22,4.22,4.63,,,,,,,,,,,,,,,,
south-kore,k-league-2,2023,2023-08-27,Cheonan City,Cheongju,0,0,Pinnacle,2.93,3.28,2.52,3.24,3.22,2.41,,,,,,,,,,,,,,,,,,,,,,,,,3.66,4.14,1.31,1.26,2.91,3.21,1.45,1.38,2.51,2.75,1.57,1.49,2.05,2.27,1.77,1.68,1.76,1.85,2.15,2.05,1.57,1.62,2.51,2.40,1.41,1.44,3.05,2.94,,,,,,,,,1.25,1.26,4.25,4.10,1.20,1.22,4.64,4.66,,,,,,,,,,,,,,,,
south-kore,k-league-2,2023,2023-08-27,Anyang,Jeonnam,3,1,Pinnacle,1.83,3.81,4.20,2.01,3.65,3.81,,,,,,,,,,,,,3.29,3.73,1.36,1.30,2.91,3.32,1.44,1.36,2.53,2.92,1.56,1.45,2.08,2.32,1.81,1.66,1.79,2.01,2.01,1.88,1.61,1.74,2.43,2.19,1.39,1.47,3.19,2.82,1.31,1.36,3.66,3.29,1.26,1.29,4.14,3.77,,,,,,,,,,,,,,,,,,,,,,,,,,,,,,,,,,,,
south-kore,k-league-2,2023,2023-08-29,Asan,Gyeongnam,0,1,Pinnacle,2.71,3.27,2.71,2.57,3.46,2.82,,,,,,,,,,,,,,,,,4.30,4.45,1.23,1.23,4.75,4.34,1.21,1.24,3.33,3.12,1.35,1.39,2.70,2.56,1.51,1.56,2.32,2.20,1.66,1.72,1.90,1.85,1.90,2.04,1.66,1.61,2.32,2.42,1.51,1.48,2.70,2.80,1.35,1.33,3.33,3.49,,,,,,,,,1.21,1.19,4.74,5.02,,,,,,,,,,,,,,,,,,,,
south-kore,k-league-2,2023,2023-08-29,Busan,Gimcheon Sangmu,2,0,Pinnacle,3.00,3.42,2.39,3.17,3.40,2.36,,,,,,,,,,,,,,,,,,,,,,,,,3.74,3.96,1.30,1.27,2.97,3.13,1.43,1.38,2.59,2.71,1.55,1.49,2.18,2.27,1.74,1.68,1.79,1.87,2.02,2.03,1.63,1.65,2.38,2.35,1.46,1.47,2.87,2.82,,,,,,,,,1.28,1.31,3.85,3.75,1.24,1.26,4.34,4.23,,,,,,,,,,,,,,,,
south-kore,k-league-2,2023,2023-08-29,Ansan Greeners,Bucheon FC 1995,1,2,Pinnacle,3.31,3.52,2.10,3.45,3.21,2.31,,,,,,,,,,,,,,,,,,,,,,,,,4.19,4.46,1.22,1.23,3.28,3.41,1.32,1.34,2.88,2.93,1.41,1.44,2.45,2.42,1.54,1.61,1.98,1.92,1.83,1.97,1.73,1.67,2.09,2.30,1.53,1.48,2.46,2.78,,,,,,,,,1.34,1.30,3.17,3.74,1.28,1.25,3.60,4.25,,,,,,,,,,,,,,,,
south-kore,k-league-2,2023,2023-08-30,Seoul E-Land,Jeonnam,1,0,Pinnacle,2.53,3.40,2.84,2.74,3.46,2.64,,,,,,,,,,,,,,,,,,,,,4.17,4.79,1.25,1.21,3.04,3.36,1.41,1.35,2.51,2.72,1.57,1.50,2.17,2.35,1.75,1.65,1.79,1.98,2.01,1.91,1.60,1.68,2.44,2.27,1.47,1.53,2.82,2.63,1.33,1.37,3.49,3.21,,,,,,,,,1.20,1.23,4.98,4.47,,,,,,,,,,,,,,,,,,,,
south-kore,k-league-2,2023,2023-08-30,Seongnam,Gimpo FC,2,4,Pinnacle,2.42,3.07,3.12,2.13,3.10,4.13,,,,,,,,,,,,,4.45,4.40,1.23,1.23,4.74,3.94,1.18,1.28,4.19,3.41,1.22,1.34,2.97,2.54,1.39,1.56,2.40,2.12,1.56,1.78,2.05,1.80,1.77,2.11,1.67,1.46,2.18,2.86,1.47,1.34,2.65,3.49,1.36,1.26,3.09,4.08,1.23,1.17,4.00,5.55,,,,,,,,,,,,,,,,,,,,,,,,,,,,,,,,
south-kore,k-league-2,2023,2023-08-30,Cheongju,Anyang,2,1,Pinnacle,3.99,3.57,1.94,3.43,3.23,2.31,,,,,,,,,,,,,,,,,,,,,,,,,4.38,4.46,1.20,1.23,3.93,3.39,1.28,1.34,3.44,2.91,1.34,1.45,2.96,2.41,1.44,1.62,2.27,1.92,1.68,1.97,1.90,1.67,1.90,2.30,1.70,1.48,2.25,2.79,,,,,,,,,1.47,1.29,2.83,3.79,1.37,1.24,3.25,4.32,,,,,,,,,,,,,,,,
south-kore,k-league-2,2023,2023-09-02,Gimcheon Sangmu,Cheongju,0,0,Pinnacle,1.45,4.71,6.74,1.55,4.35,6.12,,,,,3.51,4.24,1.33,1.25,2.72,3.13,1.50,1.39,2.30,2.59,1.67,1.54,1.97,2.26,1.83,1.69,1.73,1.94,2.20,1.94,1.56,1.69,2.55,2.26,1.44,1.55,2.89,2.58,1.31,1.37,3.66,3.22,1.19,1.21,4.54,4.76,,,,,,,,,,,,,,,,,,,,,,,,,,,,,,,,,,,,,,,,,,,,
south-kore,k-league-2,2023,2023-09-02,Cheonan City,Ansan Greeners,1,1,Pinnacle,2.57,3.36,2.81,2.52,3.34,2.97,,,,,,,,,,,,,,,,,3.89,4.57,1.27,1.22,4.30,4.23,1.24,1.25,3.11,3.05,1.40,1.41,2.56,2.51,1.56,1.57,2.20,2.15,1.72,1.76,1.82,1.79,1.98,2.12,1.61,1.56,2.41,2.53,1.48,1.44,2.79,2.94,1.34,1.30,3.45,3.71,,,,,,,,,1.20,1.17,4.92,5.46,,,,,,,,,,,,,,,,,,,,
south-kore,k-league-2,2023,2023-09-02,Bucheon FC 1995,Asan,1,0,Pinnacle,2.41,3.16,3.21,2.57,2.96,3.26,,,,,,,,,,,,,,,,,4.48,5.34,1.20,1.18,3.96,4.71,1.24,1.21,2.86,3.21,1.41,1.38,2.34,2.56,1.59,1.55,2.01,2.16,1.81,1.77,1.65,1.73,2.21,2.20,1.47,1.50,2.67,2.72,1.35,1.37,3.09,3.22,1.24,1.25,3.99,4.22,,,,,,,,,,,,,,,,,,,,,,,,,,,,,,,,
south-kore,k-league-2,2023,2023-09-03,Anyang,Busan,0,1,Pinnacle,2.17,3.38,3.49,2.67,3.27,2.84,,,,,,,,,,,,,,,,,,,,,3.37,4.65,1.35,1.22,2.56,3.27,1.55,1.36,2.16,2.65,1.75,1.52,1.83,2.27,1.97,1.69,1.56,1.88,2.53,2.01,1.43,1.61,3.00,2.41,1.34,1.47,3.45,2.82,1.23,1.32,4.50,3.56,,,,,,,,,1.20,1.18,4.65,5.30,,,,,,,,,,,,,,,,,,,,
south-kore,k-league-2,2023,2023-09-03,Jeonnam,Seongnam,0,0,Pinnacle,2.30,3.50,3.11,2.29,3.61,3.14,,,,,,,,,,,,,,,,,4.04,4.02,1.27,1.27,3.58,3.55,1.32,1.32,2.72,2.71,1.50,1.50,2.28,2.28,1.68,1.68,1.94,1.98,1.86,1.91,1.68,1.67,2.28,2.30,1.51,1.50,2.69,2.71,1.40,1.40,3.07,3.10,1.28,1.28,3.89,3.94,,,,,,,,,,,,,,,,,,,,,,,,,,,,,,,,
south-kore,k-league-2,2023,2023-09-03,Gimpo FC,Seoul E-Land,2,1,Pinnacle,2.51,3.10,3.11,2.34,2.95,3.87,,,,,,,,,,,,,,,,,4.78,4.51,1.18,1.23,4.25,3.94,1.21,1.27,3.01,2.83,1.38,1.47,2.44,2.31,1.55,1.66,2.08,1.93,1.75,1.95,1.71,1.55,2.12,2.58,1.50,1.39,2.57,3.20,1.37,1.29,3.00,3.78,1.25,1.19,3.85,5.08,,,,,,,,,,,,,,,,,,,,,,,,,,,,,,,,
south-kore,k-league-2,2023,2023-09-16,Ansan Greeners,Cheongju,0,1,Pinnacle,3.06,3.38,2.38,3.24,3.41,2.32,,,,,,,,,,,,,,,,,,,,,,,,,3.84,4.11,1.29,1.26,3.03,3.21,1.41,1.38,2.63,2.78,1.53,1.48,2.22,2.32,1.71,1.66,1.81,1.90,2.00,1.99,1.64,1.67,2.37,2.31,1.46,1.48,2.86,2.78,,,,,,,,,1.29,1.30,3.84,3.71,1.24,1.25,4.34,4.21,,,,,,,,,,,,,,,,
south-kore,k-league-2,2023,2023-09-16,Seoul E-Land,Cheonan City,0,3,Pinnacle,1.72,3.89,4.40,1.89,3.67,4.26,,,,,,,,,,,,,3.06,3.52,1.36,1.33,2.71,3.11,1.45,1.40,2.33,2.70,1.59,1.51,1.94,2.17,1.86,1.75,1.71,1.89,2.11,2.00,1.51,1.64,2.53,2.36,1.31,1.39,3.37,3.16,1.25,1.31,3.86,3.67,1.24,1.25,3.93,4.20,,,,,,,,,,,,,,,,,,,,,,,,,,,,,,,,,,,,
south-kore,k-league-2,2023,2023-09-16,Busan,Seongnam,3,0,Pinnacle,1.65,3.95,5.31,1.79,3.78,4.65,,,,,,,,,3.47,4.30,1.29,1.24,2.80,3.36,1.42,1.35,2.47,2.95,1.53,1.44,2.11,2.53,1.71,1.57,1.80,2.05,2.01,1.85,1.61,1.79,2.29,2.11,1.43,1.56,2.81,2.54,1.24,1.33,3.93,3.46,1.20,1.27,4.47,4.02,,,,,,,,,,,,,,,,,,,,,,,,,,,,,,,,,,,,,,,,
south-kore,k-league-2,2023,2023-09-17,Gyeongnam,Jeonnam,2,3,Pinnacle,2.08,3.57,3.54,2.20,3.66,3.27,,,,,,,,,,,,,,,,,3.41,3.76,1.30,1.30,3.01,3.32,1.38,1.36,2.36,2.58,1.58,1.55,2.03,2.19,1.79,1.74,1.76,1.91,2.05,1.98,1.50,1.61,2.56,2.41,1.38,1.47,2.98,2.84,1.30,1.37,3.40,3.24,1.23,1.26,4.06,4.13,,,,,,,,,,,,,,,,,,,,,,,,,,,,,,,,
south-kore,k-league-2,2023,2023-09-17,Asan,Anyang,4,3,Pinnacle,3.38,3.33,2.24,3.47,3.25,2.29,,,,,,,,,,,,,,,,,,,,,,,,,4.35,4.50,1.24,1.23,3.34,3.43,1.35,1.34,2.90,2.95,1.45,1.44,2.44,2.44,1.60,1.60,1.92,1.93,1.88,1.95,1.71,1.68,2.23,2.28,1.52,1.49,2.67,2.76,,,,,,,,,1.32,1.29,3.56,3.78,1.26,1.24,4.06,4.32,,,,,,,,,,,,,,,,
south-kore,k-league-2,2023,2023-09-17,Bucheon FC 1995,Gimpo FC,0,0,Pinnacle,2.16,3.30,3.39,2.70,2.85,3.20,,,,,,,,,,,,,,,,,,,,,3.42,5.02,1.30,1.19,2.57,3.38,1.50,1.35,2.15,2.69,1.69,1.51,1.85,2.24,1.95,1.70,1.54,1.79,2.45,2.13,1.40,1.52,2.92,2.65,1.31,1.39,3.36,3.18,1.20,1.26,4.37,4.13,,,,,,,,,1.14,1.13,6.36,6.61,,,,,,,,,,,,,,,,,,,,
south-kore,k-league-2,2023,2023-09-19,Seongnam,Gimcheon Sangmu,1,0,Pinnacle,3.58,3.65,1.96,4.52,3.70,1.84,,,,,,,,,,,,,,,,,,,,,,,,,,,,,3.53,4.46,1.29,1.23,3.11,3.91,1.35,1.28,2.69,3.36,1.46,1.36,2.12,2.46,1.71,1.59,1.84,2.06,1.96,1.84,1.63,1.80,2.27,2.09,,,,,,,,,1.42,1.55,2.85,2.58,1.33,1.42,3.24,2.98,1.27,1.34,3.63,3.39,1.26,1.25,4.14,4.23,,,,,,,,
south-kore,k-league-2,2023,2023-09-19,Cheongju,Seoul E-Land,0,1,Pinnacle,2.61,3.23,2.85,2.06,3.39,3.93,,,,,,,,,,,,,4.17,4.14,1.25,1.26,4.38,3.66,1.20,1.31,4.53,3.19,1.22,1.39,3.20,2.43,1.38,1.61,2.60,2.06,1.54,1.84,2.23,1.76,1.71,2.15,1.82,1.47,1.98,2.82,1.61,1.35,2.43,3.35,1.47,1.28,2.83,3.88,,,,,,,,,,,,,,,,,,,,,,,,,,,,,,,,,,,,
south-kore,k-league-2,2023,2023-09-19,Busan,Ansan Greeners,2,0,Pinnacle,1.55,4.32,5.81,1.38,5.01,8.74,3.96,3.65,1.26,1.31,4.18,3.22,1.25,1.37,3.09,2.52,1.40,1.57,2.57,2.15,1.55,1.76,2.25,1.88,1.69,2.01,1.90,1.60,1.90,2.44,1.69,1.46,2.26,2.86,1.55,1.37,2.58,3.24,1.38,1.24,3.18,4.28,,,,,,,,,,,,,,,,,,,,,,,,,,,,,,,,,,,,,,,,,,,,,,,,
south-kore,k-league-2,2023,2023-09-20,Asan,Jeonnam,0,1,Pinnacle,2.49,3.25,2.85,2.72,3.37,2.71,,,,,,,,,,,,,,,,,,,,,4.18,4.73,1.22,1.21,3.02,3.34,1.37,1.35,2.48,2.71,1.53,1.51,2.13,2.32,1.70,1.66,1.78,1.94,2.04,1.94,1.55,1.66,2.44,2.32,1.42,1.51,2.84,2.70,1.29,1.35,3.54,3.34,,,,,,,,,1.16,1.21,5.13,4.77,,,,,,,,,,,,,,,,,,,,
south-kore,k-league-2,2023,2023-09-20,Cheonan City,Bucheon FC 1995,1,0,Pinnacle,3.25,3.28,2.23,3.88,3.22,2.15,,,,,,,,,,,,,,,,,,,,,,,,,4.14,5.12,1.22,1.19,3.21,3.83,1.33,1.29,2.79,3.30,1.43,1.37,2.34,2.73,1.59,1.50,1.88,2.08,1.92,1.83,1.65,1.77,2.22,2.14,1.47,1.56,2.67,2.56,,,,,,,,,1.28,1.34,3.58,3.42,1.23,1.28,4.06,3.94,1.23,1.24,4.01,4.30,,,,,,,,,,,,
south-kore,k-league-2,2023,2023-09-20,Anyang,Gyeongnam,1,1,Pinnacle,1.98,3.63,3.54,2.31,3.47,3.20,,,,,,,,,,,,,,,,,3.27,4.12,1.32,1.26,2.89,3.64,1.41,1.31,2.29,2.75,1.61,1.50,1.98,2.30,1.83,1.68,1.72,1.99,2.10,1.90,1.47,1.66,2.65,2.31,1.36,1.49,3.07,2.75,1.29,1.38,3.50,3.16,1.23,1.27,4.49,4.04,,,,,,,,,,,,,,,,,,,,,,,,,,,,,,,,
south-kore,k-league-2,2023,2023-09-23,Gimcheon Sangmu,Anyang,4,1,Pinnacle,1.96,3.69,3.79,1.87,3.59,4.51,,,,,,,,,,,,,3.61,3.52,1.31,1.33,3.20,3.09,1.38,1.40,2.81,2.67,1.47,1.52,2.25,2.14,1.69,1.76,1.92,1.87,1.88,2.03,1.71,1.61,2.23,2.42,1.47,1.36,2.85,3.32,1.36,1.28,3.29,3.87,1.30,1.23,3.74,4.44,,,,,,,,,,,,,,,,,,,,,,,,,,,,,,,,,,,,
south-kore,k-league-2,2023,2023-09-23,Seongnam,Cheongju,0,1,Pinnacle,2.27,3.39,3.07,2.67,2.92,3.17,,,,,,,,,,,,,,,,,,,,,3.66,4.90,1.27,1.20,2.73,3.32,1.45,1.36,2.26,2.66,1.63,1.52,1.96,2.22,1.85,1.71,1.64,1.79,2.23,2.13,1.47,1.53,2.65,2.64,1.37,1.40,3.04,3.15,1.25,1.26,3.88,4.09,,,,,,,,,1.13,1.13,6.83,6.53,,,,,,,,,,,,,,,,,,,,
south-kore,k-league-2,2023,2023-09-23,Jeonnam,Cheonan City,1,3,Pinnacle,1.69,4.05,4.82,1.67,4.03,5.27,,,,,,,,,3.46,3.62,1.30,1.31,2.81,2.91,1.42,1.44,2.49,2.56,1.52,1.56,2.15,2.19,1.69,1.73,1.84,1.86,1.97,2.03,1.65,1.66,2.23,2.31,1.46,1.47,2.68,2.84,1.28,1.27,3.60,4.01,1.23,1.22,4.09,4.60,,,,,,,,,,,,,,,,,,,,,,,,,,,,,,,,,,,,,,,,
south-kore,k-league-2,2023,2023-09-24,Seoul E-Land,Ansan Greeners,3,4,Pinnacle,1.90,3.66,4.08,2.03,3.61,3.76,,,,,,,,,,,,,3.41,3.95,1.30,1.27,3.02,3.50,1.37,1.33,2.64,3.06,1.48,1.41,2.13,2.37,1.70,1.63,1.85,2.03,1.94,1.86,1.62,1.76,2.28,2.15,1.39,1.49,2.98,2.76,1.30,1.37,3.43,3.24,1.25,1.30,3.89,3.71,,,,,,,,,,,,,,,,,,,,,,,,,,,,,,,,,,,,
south-kore,k-league-2,2023,2023-09-24,Gimpo FC,Asan,1,0,Pinnacle,2.48,3.04,3.21,2.33,3.05,3.61,,,,,,,,,,,,,,,,,4.97,4.58,1.20,1.22,4.37,4.00,1.24,1.27,3.06,2.85,1.41,1.47,2.47,2.32,1.59,1.66,2.05,1.96,1.77,1.93,1.71,1.59,2.23,2.47,1.50,1.42,2.71,3.03,1.38,1.32,3.18,3.56,1.26,1.21,4.15,4.74,,,,,,,,,,,,,,,,,,,,,,,,,,,,,,,,
south-kore,k-league-2,2023,2023-09-24,Bucheon FC 1995,Gyeongnam,1,0,Pinnacle,2.65,3.27,2.65,2.80,3.17,2.77,,,,,,,,,,,,,,,,,,,,,4.55,4.99,1.19,1.20,3.24,3.46,1.33,1.34,2.64,2.79,1.47,1.48,2.27,2.37,1.62,1.63,1.90,1.95,1.90,1.93,1.62,1.65,2.27,2.33,1.47,1.50,2.64,2.76,1.33,1.34,3.24,3.44,,,,,,,,,1.19,1.20,4.54,5.00,,,,,,,,,,,,,,,,,,,,
south-kore,k-league-2,2023,2023-09-30,Asan,Seoul E-Land,1,0,Pinnacle,2.19,3.16,3.46,2.19,3.30,3.65,,,,,,,,,,,,,,,,,4.08,3.97,1.23,1.27,3.57,3.47,1.28,1.33,2.63,2.61,1.48,1.54,2.18,2.18,1.67,1.74,1.87,1.87,1.93,2.02,1.54,1.54,2.46,2.59,1.39,1.40,2.96,3.11,1.30,1.31,3.43,3.61,1.20,1.21,4.50,4.78,,,,,,,,,,,,,,,,,,,,,,,,,,,,,,,,
south-kore,k-league-2,2023,2023-09-30,Anyang,Seongnam,1,1,Pinnacle,1.88,3.65,4.20,2.00,3.57,3.92,,,,,,,,,,,,,3.47,3.88,1.33,1.28,3.06,3.43,1.40,1.34,2.66,2.99,1.52,1.43,2.14,2.33,1.76,1.65,1.83,2.00,1.97,1.88,1.63,1.72,2.38,2.20,1.40,1.46,3.14,2.87,1.31,1.35,3.64,3.37,1.26,1.28,4.14,3.87,,,,,,,,,,,,,,,,,,,,,,,,,,,,,,,,,,,,
south-kore,k-league-2,2023,2023-09-30,Ansan Greeners,Gimpo FC,1,1,Pinnacle,3.34,3.44,2.26,3.90,3.41,2.06,,,,,,,,,,,,,,,,,,,,,,,,,4.28,4.90,1.24,1.20,3.30,3.84,1.36,1.29,2.86,3.32,1.46,1.36,2.40,2.80,1.62,1.48,1.90,2.14,1.90,1.76,1.70,1.83,2.25,2.06,1.51,1.61,2.70,2.42,,,,,,,,,1.31,1.40,3.61,3.15,1.26,1.31,4.11,3.61,1.25,1.26,4.01,4.07,,,,,,,,,,,,
south-kore,k-league-2,2023,2023-10-01,Gyeongnam,Busan,0,1,Pinnacle,2.76,3.42,2.58,3.43,3.40,2.23,,,,,,,,,,,,,,,,,,,,,,,,,3.37,4.36,1.35,1.24,2.74,3.39,1.49,1.35,2.38,2.94,1.63,1.44,1.96,2.46,1.83,1.60,1.71,1.97,2.22,1.92,1.55,1.71,2.56,2.22,1.39,1.52,3.11,2.65,,,,,,,,,1.25,1.33,4.27,3.48,1.24,1.27,4.21,3.96,,,,,,,,,,,,,,,,
south-kore,k-league-2,2023,2023-10-01,Cheongju,Bucheon FC 1995,0,0,Pinnacle,2.53,3.13,2.90,2.68,3.01,3.05,,,,,,,,,,,,,,,,,,,,,4.39,4.95,1.20,1.20,3.10,3.34,1.35,1.35,2.52,2.67,1.52,1.52,2.15,2.25,1.69,1.70,1.78,1.83,2.04,2.08,1.53,1.56,2.46,2.55,1.41,1.42,2.88,3.03,1.27,1.28,3.64,3.89,,,,,,,,,1.15,1.15,5.40,6.05,,,,,,,,,,,,,,,,,,,,
south-kore,k-league-2,2023,2023-10-01,Cheonan City,Gimcheon Sangmu,1,3,Pinnacle,4.82,4.14,1.62,4.98,4.28,1.66,,,,,,,,,,,,,,,,,,,,,,,,,,,,,,,,,4.26,4.38,1.21,1.24,3.77,3.85,1.26,1.29,2.77,2.83,1.44,1.47,2.29,2.33,1.61,1.65,2.02,2.06,1.79,1.85,,,,,,,,,1.74,1.76,2.08,2.14,1.56,1.58,2.41,2.48,1.44,1.46,2.73,2.81,1.31,1.33,3.34,3.46,,,,,,,,
south-kore,k-league-2,2023,2023-10-07,Busan,Cheonan City,0,0,Pinnacle,1.44,4.69,7.08,1.43,4.70,7.98,3.96,4.27,1.27,1.24,3.52,3.79,1.33,1.29,2.71,2.83,1.50,1.47,2.29,2.35,1.68,1.64,1.96,2.04,1.84,1.85,1.71,1.72,2.22,2.21,1.54,1.53,2.59,2.62,1.43,1.42,2.95,3.01,1.30,1.28,3.76,3.92,,,,,,,,,,,,,,,,,,,,,,,,,,,,,,,,,,,,,,,,,,,,,,,,
south-kore,k-league-2,2023,2023-10-07,Gimcheon Sangmu,Bucheon FC 1995,3,1,Pinnacle,1.64,4.09,5.22,1.68,4.01,5.26,,,,,,,,,3.42,3.70,1.34,1.30,2.78,2.96,1.47,1.43,2.45,2.60,1.60,1.54,2.11,2.22,1.79,1.71,1.78,1.88,2.04,2.02,1.63,1.67,2.38,2.30,1.45,1.47,2.91,2.83,1.27,1.27,4.04,4.00,1.22,1.22,4.59,4.59,,,,,,,,,,,,,,,,,,,,,,,,,,,,,,,,,,,,,,,,
south-kore,k-league-2,2023,2023-10-07,Gimpo FC,Anyang,3,0,Pinnacle,3.07,3.24,2.50,3.14,2.97,2.64,,,,,,,,,,,,,,,,,,,,,5.76,6.30,1.13,1.14,3.91,4.03,1.28,1.27,3.04,3.13,1.41,1.40,2.61,2.63,1.53,1.53,2.16,2.13,1.75,1.79,1.75,1.72,2.08,2.20,1.58,1.53,2.49,2.63,1.41,1.36,3.08,3.28,,,,,,,,,1.24,1.21,4.35,4.81,,,,,,,,,,,,,,,,,,,,
south-kore,k-league-2,2023,2023-10-07,Seongnam,Asan,2,0,Pinnacle,2.52,3.14,3.05,2.57,2.98,3.24,,,,,,,,,,,,,,,,,4.95,5.16,1.20,1.19,4.38,4.57,1.24,1.22,3.10,3.18,1.41,1.39,2.51,2.56,1.57,1.56,2.10,2.16,1.74,1.77,1.76,1.73,2.14,2.19,1.54,1.50,2.59,2.71,1.41,1.38,3.02,3.21,1.28,1.25,3.88,4.17,,,,,,,,,1.13,1.14,5.81,6.38,,,,,,,,,,,,,,,,,,,,
south-kore,k-league-2,2023,2023-10-07,Seoul E-Land,Gyeongnam,1,3,Pinnacle,2.85,3.42,2.50,3.02,3.44,2.43,,,,,,,,,,,,,,,,,,,,,,,,,3.50,3.76,1.33,1.30,2.83,2.98,1.47,1.42,2.45,2.59,1.60,1.54,2.03,2.17,1.79,1.75,1.75,1.81,2.16,2.09,1.58,1.61,2.49,2.42,1.42,1.44,3.01,2.93,,,,,,,,,1.26,1.27,4.09,3.96,1.23,1.23,4.24,4.45,,,,,,,,,,,,,,,,
south-kore,k-league-2,2023,2023-10-07,Jeonnam,Ansan Greeners,3,2,Pinnacle,1.65,4.09,4.61,1.76,4.19,4.39,,,,,,,,,3.44,3.86,1.30,1.28,2.80,3.09,1.42,1.40,2.49,2.73,1.53,1.50,2.15,2.36,1.69,1.64,1.84,1.98,1.97,1.91,1.65,1.75,2.23,2.16,1.46,1.55,2.68,2.57,1.28,1.35,3.59,3.38,1.23,1.28,4.07,3.85,,,,,,,,,,,,,,,,,,,,,,,,,,,,,,,,,,,,,,,,
south-kore,k-league-2,2023,2023-10-14,Asan,Cheongju,3,2,Pinnacle,1.93,3.46,4.22,3.00,3.03,2.70,,,,,,,,,,,,,,,,,,,,,2.84,5.93,1.47,1.15,2.23,3.82,1.71,1.29,1.88,2.98,1.92,1.43,1.66,2.52,2.32,1.57,1.41,2.05,3.10,1.85,1.31,1.69,3.63,2.27,1.25,1.51,4.16,2.69,1.23,1.35,4.49,3.38,,,,,,,,,1.15,1.19,6.08,5.04,,,,,,,,,,,,,,,,,,,,
south-kore,k-league-2,2023,2023-10-21,Asan,Busan,1,2,Pinnacle,3.69,3.30,2.05,4.56,3.54,1.88,,,,,,,,,,,,,,,,,,,,,,,,,,,,,3.64,4.49,1.27,1.23,3.16,3.91,1.34,1.28,2.67,3.33,1.47,1.36,2.06,2.41,1.75,1.61,1.77,2.02,2.05,1.88,1.55,1.75,2.42,2.17,,,,,,,,,1.35,1.49,3.18,2.76,1.27,1.38,3.63,3.21,1.23,1.31,4.09,3.66,,,,,,,,,,,,
south-kore,k-league-2,2023,2023-10-21,Cheonan City,Seongnam,3,1,Pinnacle,3.01,3.22,2.39,3.88,3.37,1.94,,,,,,,,,,,,,,,,,,,,,,,,,,,,,2.98,3.83,1.38,1.25,2.57,3.34,1.50,1.31,2.14,2.84,1.69,1.41,1.77,2.16,2.05,1.67,1.57,1.84,2.38,1.94,1.40,1.61,2.91,2.27,,,,,,,,,1.24,1.40,3.99,2.90,1.20,1.31,4.48,3.32,1.25,1.25,4.18,3.75,,,,,,,,,,,,
south-kore,k-league-2,2023,2023-10-21,Bucheon FC 1995,Anyang,1,1,Pinnacle,2.83,3.14,2.58,2.74,3.17,2.83,,,,,,,,,,,,,,,,,,,,,5.18,4.94,1.16,1.20,3.53,3.40,1.29,1.34,2.81,2.73,1.43,1.50,2.40,2.32,1.56,1.66,1.99,1.91,1.82,1.98,1.66,1.62,2.19,2.40,1.50,1.47,2.57,2.82,1.34,1.32,3.17,3.53,,,,,,,,,1.19,1.18,4.52,5.21,,,,,,,,,,,,,,,,,,,,
south-kore,k-league-2,2023,2023-10-22,Gimpo FC,Jeonnam,2,1,Pinnacle,2.17,3.17,3.52,2.28,3.24,3.49,,,,,,,,,,,,,,,,,3.82,4.14,1.25,1.26,3.37,3.64,1.31,1.31,2.57,2.73,1.50,1.50,2.16,2.27,1.68,1.68,1.85,1.94,1.96,1.94,1.52,1.60,2.50,2.45,1.38,1.43,3.01,2.97,1.29,1.34,3.48,3.45,1.19,1.23,4.53,4.52,,,,,,,,,,,,,,,,,,,,,,,,,,,,,,,,
south-kore,k-league-2,2023,2023-10-22,Cheongju,Gyeongnam,1,1,Pinnacle,2.59,3.30,2.83,2.98,3.37,2.49,,,,,,,,,,,,,,,,,,,,,4.41,5.51,1.23,1.17,3.15,3.73,1.39,1.30,2.58,2.97,1.55,1.43,2.22,2.55,1.71,1.56,1.82,2.14,1.98,1.78,1.61,1.77,2.42,2.13,1.47,1.58,2.81,2.48,1.33,1.42,3.50,3.01,,,,,,,,,1.19,1.26,5.04,4.13,1.22,1.22,4.60,4.60,,,,,,,,,,,,,,,,
south-kore,k-league-2,2023,2023-10-22,Ansan Greeners,Gimcheon Sangmu,3,7,Pinnacle,5.01,4.36,1.56,5.70,4.59,1.55,,,,,,,,,,,,,,,,,,,,,,,,,,,,,,,,,,,,,3.98,4.49,1.24,1.22,2.91,3.17,1.39,1.38,2.41,2.58,1.56,1.55,2.12,2.27,1.71,1.68,,,,,,,,,1.84,1.97,1.97,1.92,1.62,1.71,2.27,2.22,1.50,1.57,2.57,2.52,1.36,1.42,3.09,3.01,1.23,1.27,4.11,3.98,,,,
south-kore,k-league-2,2023,2023-10-28,Gyeongnam,Ansan Greeners,4,2,Pinnacle,1.60,4.38,5.21,1.52,4.86,5.77,,,,,4.18,3.67,1.25,1.31,3.13,2.83,1.39,1.46,2.60,2.40,1.54,1.62,2.30,2.11,1.67,1.78,1.95,1.84,1.85,2.06,1.74,1.63,2.18,2.37,1.59,1.51,2.47,2.69,1.42,1.36,3.00,3.30,1.26,1.22,4.11,4.62,,,,,,,,,,,,,,,,,,,,,,,,,,,,,,,,,,,,,,,,,,,,
south-kore,k-league-2,2023,2023-10-28,Asan,Cheonan City,2,0,Pinnacle,1.83,3.59,4.21,1.86,3.59,4.56,,,,,,,,,,,,,3.42,3.45,1.30,1.34,3.01,3.04,1.37,1.41,2.61,2.63,1.48,1.53,2.09,2.12,1.73,1.78,1.83,1.86,1.98,2.04,1.58,1.60,2.35,2.44,1.35,1.36,3.15,3.36,1.27,1.28,3.65,3.92,1.22,1.23,4.15,4.49,,,,,,,,,,,,,,,,,,,,,,,,,,,,,,,,,,,,
south-kore,k-league-2,2023,2023-10-28,Anyang,Seoul E-Land,3,0,Pinnacle,1.68,3.83,4.78,1.67,4.00,5.32,,,,,,,,,3.72,3.65,1.26,1.31,2.97,2.92,1.38,1.44,2.62,2.57,1.48,1.55,2.25,2.20,1.63,1.72,1.88,1.86,1.92,2.03,1.67,1.66,2.18,2.31,1.47,1.47,2.65,2.85,1.27,1.27,3.65,4.04,1.22,1.22,4.18,4.64,,,,,,,,,,,,,,,,,,,,,,,,,,,,,,,,,,,,,,,,
south-kore,k-league-2,2023,2023-10-29,Busan,Bucheon FC 1995,2,1,Pinnacle,1.82,3.27,4.77,1.92,3.36,4.63,,,,,,,,,,,,,3.42,3.68,1.30,1.30,3.01,3.24,1.37,1.37,2.61,2.81,1.49,1.48,2.09,2.21,1.73,1.72,1.82,1.92,1.99,1.97,1.56,1.64,2.41,2.37,1.30,1.36,3.46,3.32,1.23,1.28,4.08,3.93,1.18,1.22,4.69,4.56,,,,,,,,,,,,,,,,,,,,,,,,,,,,,,,,,,,,
south-kore,k-league-2,2023,2023-10-29,Gimcheon Sangmu,Gimpo FC,2,0,Pinnacle,1.67,3.92,5.16,1.79,3.85,4.62,,,,,,,,,3.54,3.97,1.29,1.27,2.85,3.16,1.41,1.38,2.51,2.80,1.52,1.48,2.16,2.42,1.68,1.61,1.83,2.02,1.98,1.87,1.63,1.78,2.26,2.12,1.44,1.56,2.75,2.55,1.25,1.33,3.82,3.46,1.21,1.27,4.35,4.01,,,,,,,,,,,,,,,,,,,,,,,,,,,,,,,,,,,,,,,,
south-kore,k-league-2,2023,2023-10-29,Jeonnam,Cheongju,3,0,Pinnacle,2.12,3.44,3.35,2.10,3.61,3.56,,,,,,,,,,,,,3.84,4.03,1.24,1.27,3.71,3.63,1.26,1.31,3.26,3.17,1.33,1.38,2.50,2.46,1.52,1.60,2.11,2.09,1.72,1.80,1.83,1.82,1.98,2.09,1.54,1.53,2.46,2.62,1.40,1.41,2.90,3.08,1.32,1.33,3.31,3.52,1.21,1.22,4.28,4.61,,,,,,,,,,,,,,,,,,,,,,,,,,,,,,,,
south-kore,k-league-2,2023,2023-11-11,Seoul E-Land,Seongnam,0,2,Pinnacle,2.71,3.23,2.75,2.55,3.43,2.86,,,,,,,,,,,,,,,,,,,,,4.77,4.28,1.21,1.24,3.33,3.09,1.35,1.40,2.69,2.54,1.51,1.56,2.31,2.18,1.66,1.74,1.88,1.83,1.92,2.06,1.65,1.60,2.34,2.45,1.50,1.47,2.73,2.85,1.35,1.32,3.39,3.54,,,,,,,,,1.20,1.19,4.87,5.08,,,,,,,,,,,,,,,,,,,,
south-kore,k-league-2,2023,2023-11-11,Gyeongnam,Gimcheon Sangmu,1,1,Pinnacle,3.10,3.80,2.18,3.42,3.83,2.08,,,,,,,,,,,,,,,,,,,,,,,,,3.81,4.28,1.29,1.25,3.06,3.37,1.40,1.35,2.71,2.98,1.50,1.43,2.34,2.56,1.65,1.56,1.93,2.08,1.88,1.82,1.74,1.81,2.17,2.07,1.56,1.62,2.54,2.40,,,,,,,,,1.38,1.42,3.18,3.00,1.32,1.34,3.58,3.40,1.29,1.29,3.77,3.78,,,,,,,,,,,,
south-kore,k-league-2,2023,2023-11-11,Cheongju,Asan,1,0,Pinnacle,2.39,3.23,3.17,2.48,3.26,3.08,,,,,,,,,,,,,,,,,4.53,4.76,1.22,1.21,4.00,4.21,1.27,1.25,2.90,3.03,1.45,1.42,2.38,2.47,1.63,1.59,2.00,2.11,1.81,1.79,1.69,1.75,2.25,2.17,1.51,1.53,2.71,2.62,1.39,1.40,3.13,3.05,1.27,1.28,4.04,3.90,,,,,,,,,,,,,,,,,,,,,,,,,,,,,,,,
south-kore,k-league-2,2023,2023-11-12,Jeonnam,Busan,3,0,Pinnacle,3.01,3.47,2.36,3.44,3.55,2.17,,,,,,,,,,,,,,,,,,,,,,,,,3.76,4.39,1.28,1.24,2.97,3.40,1.40,1.34,2.59,2.97,1.52,1.43,2.18,2.51,1.71,1.57,1.83,2.02,2.04,1.87,1.62,1.75,2.35,2.16,1.45,1.56,2.84,2.55,,,,,,,,,1.28,1.36,3.80,3.29,1.23,1.30,4.29,3.74,1.28,1.27,3.90,3.95,,,,,,,,,,,,
south-kore,k-league-2,2023,2023-11-12,Cheonan City,Gimpo FC,0,0,Pinnacle,3.47,3.33,2.20,3.50,3.28,2.26,,,,,,,,,,,,,,,,,,,,,,,,,4.49,4.55,1.23,1.22,3.43,3.46,1.34,1.33,2.98,2.98,1.43,1.43,2.50,2.48,1.57,1.58,1.95,1.96,1.85,1.93,1.74,1.70,2.19,2.25,1.53,1.51,2.62,2.70,,,,,,,,,1.33,1.31,3.48,3.64,1.27,1.25,3.97,4.16,,,,,,,,,,,,,,,,
south-kore,k-league-2,2023,2023-11-12,Ansan Greeners,Anyang,2,3,Pinnacle,3.89,3.97,1.86,4.38,4.30,1.74,,,,,,,,,,,,,,,,,,,,,,,,,,,,,,,,,3.41,3.86,1.34,1.28,3.00,3.39,1.43,1.34,2.36,2.60,1.64,1.54,1.98,2.19,1.82,1.73,1.79,1.94,2.10,1.94,,,,,,,,,1.56,1.68,2.53,2.28,1.45,1.53,2.88,2.63,1.37,1.43,3.24,2.95,1.30,1.31,3.61,3.63,,,,,,,,
south-kore,k-league-2,2023,2023-11-26,Seongnam,Ansan Greeners,0,2,Pinnacle,1.72,3.89,4.41,1.87,4.09,3.92,,,,,,,,,3.57,3.73,1.28,1.30,2.91,3.13,1.39,1.39,2.59,2.80,1.49,1.47,2.26,2.48,1.63,1.58,1.93,2.09,1.88,1.80,1.71,1.87,2.12,2.03,1.51,1.64,2.53,2.36,1.31,1.43,3.38,3.01,1.25,1.34,3.87,3.43,1.27,1.28,3.97,3.87,,,,,,,,,,,,,,,,,,,,,,,,,,,,,,,,,,,,
south-kore,k-league-2,2023,2023-11-26,Gimpo FC,Gyeongnam,0,1,Pinnacle,2.59,3.30,2.83,3.25,3.18,2.44,,,,,,,,,,,,,,,,,,,,,,,,,3.15,4.12,1.39,1.26,2.58,3.21,1.55,1.38,2.22,2.75,1.71,1.49,1.82,2.26,1.98,1.69,1.61,1.83,2.42,2.07,1.47,1.61,2.81,2.43,1.33,1.43,3.50,2.97,,,,,,,,,1.19,1.26,5.04,4.11,1.22,1.22,4.44,4.65,,,,,,,,,,,,,,,,
south-kore,k-league-2,2023,2023-11-26,Gimcheon Sangmu,Seoul E-Land,1,0,Pinnacle,1.38,5.44,7.29,1.23,6.90,11.59,3.20,2.50,1.38,1.57,2.85,2.17,1.46,1.73,2.33,1.87,1.65,2.00,1.99,1.68,1.81,2.26,1.79,1.50,2.10,2.69,1.56,1.31,2.54,3.55,1.44,1.26,2.90,4.01,,,,,,,,,,,,,,,,,,,,,,,,,3.73,3.38,1.28,1.34,3.56,2.81,1.32,1.46,,,,,,,,,,,,,,,,,,,,,,,,
south-kore,k-league-2,2023,2023-11-26,Busan,Cheongju,1,1,Pinnacle,1.66,3.93,5.25,1.43,4.87,7.56,4.24,4.17,1.23,1.25,4.51,3.70,1.20,1.30,3.61,2.80,1.31,1.48,2.90,2.34,1.44,1.65,2.55,2.03,1.56,1.86,2.18,1.71,1.74,2.22,1.81,1.53,1.99,2.63,1.65,1.41,2.33,3.01,1.46,1.28,2.85,3.88,,,,,,,,,,,,,,,,,,,,,,,,,,,,,,,,,,,,,,,,,,,,,,,,
south-kore,k-league-2,2023,2023-11-26,Bucheon FC 1995,Jeonnam,4,1,Pinnacle,2.51,3.35,2.89,2.41,3.34,3.14,,,,,,,,,,,,,,,,,4.56,4.41,1.22,1.23,4.19,3.91,1.25,1.28,3.04,2.90,1.41,1.45,2.50,2.40,1.58,1.62,2.16,2.06,1.75,1.84,1.78,1.70,2.04,2.23,1.58,1.51,2.48,2.68,1.46,1.40,2.87,3.11,1.32,1.27,3.58,3.96,,,,,,,,,,,,,,,,,,,,,,,,,,,,,,,,
south-kore,k-league-2,2023,2023-11-26,Anyang,Cheonan City,2,1,Pinnacle,1.56,4.12,5.36,1.44,4.82,7.41,4.13,3.99,1.24,1.27,4.46,3.53,1.20,1.32,3.24,2.71,1.33,1.51,2.65,2.27,1.47,1.68,2.33,2.00,1.60,1.89,2.00,1.70,1.81,2.24,1.72,1.53,2.11,2.61,1.56,1.43,2.41,2.97,1.38,1.29,2.95,3.82,,,,,,,,,,,,,,,,,,,,,,,,,,,,,,,,,,,,,,,,,,,,,,,,
