referer,id,mandante,visitante,placar,liga,country,round,year,data,bookmaker,HO_Close,DO_Close,AO_Close,HO_Open,DO_Open,AO_Open,Pinnacle_-3_AH_H_Open,Pinnacle_-3_AH_H_Close,Pinnacle_+3_AH_A_Open,Pinnacle_+3_AH_A_Close,Pinnacle_-2.75_AH_H_Open,Pinnacle_-2.75_AH_H_Close,Pinnacle_+2.75_AH_A_Open,Pinnacle_+2.75_AH_A_Close,Pinnacle_-2.5_AH_H_Open,Pinnacle_-2.5_AH_H_Close,Pinnacle_+2.5_AH_A_Open,Pinnacle_+2.5_AH_A_Close,Pinnacle_-2.25_AH_H_Open,Pinnacle_-2.25_AH_H_Close,Pinnacle_+2.25_AH_A_Open,Pinnacle_+2.25_AH_A_Close,Pinnacle_-2_AH_H_Open,Pinnacle_-2_AH_H_Close,Pinnacle_+2_AH_A_Open,Pinnacle_+2_AH_A_Close,Pinnacle_-1.75_AH_H_Open,Pinnacle_-1.75_AH_H_Close,Pinnacle_+1.75_AH_A_Open,Pinnacle_+1.75_AH_A_Close,Pinnacle_-1.5_AH_H_Open,Pinnacle_-1.5_AH_H_Close,Pinnacle_+1.5_AH_A_Open,Pinnacle_+1.5_AH_A_Close,Pinnacle_-1.25_AH_H_Open,Pinnacle_-1.25_AH_H_Close,Pinnacle_+1.25_AH_A_Open,Pinnacle_+1.25_AH_A_Close,Pinnacle_-1_AH_H_Open,Pinnacle_-1_AH_H_Close,Pinnacle_+1_AH_A_Open,Pinnacle_+1_AH_A_Close,Pinnacle_-0.75_AH_H_Open,Pinnacle_-0.75_AH_H_Close,Pinnacle_+0.75_AH_A_Open,Pinnacle_+0.75_AH_A_Close,Pinnacle_-0.5_AH_H_Open,Pinnacle_-0.5_AH_H_Close,Pinnacle_+0.5_AH_A_Open,Pinnacle_+0.5_AH_A_Close,Pinnacle_-0.25_AH_H_Open,Pinnacle_-0.25_AH_H_Close,Pinnacle_+0.25_AH_A_Open,Pinnacle_+0.25_AH_A_Close,Pinnacle_+0_AH_H_Open,Pinnacle_+0_AH_H_Close,Pinnacle_-0_AH_A_Open,Pinnacle_-0_AH_A_Close,Pinnacle_+0.25_AH_H_Open,Pinnacle_+0.25_AH_H_Close,Pinnacle_-0.25_AH_A_Open,Pinnacle_-0.25_AH_A_Close,Pinnacle_+0.5_AH_H_Open,Pinnacle_+0.5_AH_H_Close,Pinnacle_-0.5_AH_A_Open,Pinnacle_-0.5_AH_A_Close,Pinnacle_+0.75_AH_H_Open,Pinnacle_+0.75_AH_H_Close,Pinnacle_-0.75_AH_A_Open,Pinnacle_-0.75_AH_A_Close,Pinnacle_+1_AH_H_Open,Pinnacle_+1_AH_H_Close,Pinnacle_-1_AH_A_Open,Pinnacle_-1_AH_A_Close,Pinnacle_+1.25_AH_H_Open,Pinnacle_+1.25_AH_H_Close,Pinnacle_-1.25_AH_A_Open,Pinnacle_-1.25_AH_A_Close,Pinnacle_+1.5_AH_H_Open,Pinnacle_+1.5_AH_H_Close,Pinnacle_-1.5_AH_A_Open,Pinnacle_-1.5_AH_A_Close,Pinnacle_+1.75_AH_H_Open,Pinnacle_+1.75_AH_H_Close,Pinnacle_-1.75_AH_A_Open,Pinnacle_-1.75_AH_A_Close,Pinnacle_+2_AH_H_Open,Pinnacle_+2_AH_H_Close,Pinnacle_-2_AH_A_Open,Pinnacle_-2_AH_A_Close,Pinnacle_+2.25_AH_H_Open,Pinnacle_+2.25_AH_H_Close,Pinnacle_-2.25_AH_A_Open,Pinnacle_-2.25_AH_A_Close,Pinnacle_+2.5_AH_H_Open,Pinnacle_+2.5_AH_H_Close,Pinnacle_-2.5_AH_A_Open,Pinnacle_-2.5_AH_A_Close,Pinnacle_+2.75_AH_H_Open,Pinnacle_+2.75_AH_H_Close,Pinnacle_-2.75_AH_A_Open,Pinnacle_-2.75_AH_A_Close,Pinnacle_-3.25_AH_H_Open,Pinnacle_-3.25_AH_H_Close,Pinnacle_+3.25_AH_A_Open,Pinnacle_+3.25_AH_A_Close
/football/turkey/super-lig/fenerbahce-sivasspor/,ShNQIvA4,Fenerbahce,Sivasspor,4:1,super-lig,turkey,main,2023,2023-12-04,Pinnacle,1.19,7.74,15.12,1.19,7.74,15.12,,3.71,,1.29,,2.92,,1.43,,2.49,,1.57,,2.22,,1.71,,1.95,,1.93,,1.72,,2.19,,1.58,,2.46,,1.41,,3.00,,1.25,,4.17,,1.24,,4.33,,,,,,,,,,,,,,,,,,,,,,,,,,,,,,,,,,,,,,,,,,,,,,,,,,,,,,,,,,,,
/football/turkey/super-lig/ankaragucu-besiktas/,84vOHbPA,Ankaragucu,Besiktas,1:1,super-lig,turkey,main,2023,2023-12-03,Pinnacle,3.39,3.65,2.18,3.39,3.65,2.18,,,,,,,,,,,,,,,,,,,,,,,,,,,,,,,,,,,,,,4.30,,1.25,,3.35,,1.36,,2.94,,1.45,,2.49,,1.59,,2.02,,1.88,,1.76,,2.17,,1.57,,2.55,,1.37,,3.26,,1.31,,3.70,,,,,,,,,,,,,,,,,,,,,,,,,,,,
/football/turkey/super-lig/kasimpasa-gaziantep/,xOf41wuU,Kasimpasa,Gaziantep,4:2,super-lig,turkey,main,2023,2023-12-03,Pinnacle,2.36,3.50,3.15,2.36,3.50,3.15,,,,,,,,,,,,,,,,,,,,,,,,,,,,,,4.13,,1.26,,3.67,,1.31,,2.80,,1.49,,2.34,,1.66,,2.03,,1.88,,1.69,,2.28,,1.52,,2.71,,1.40,,3.12,,1.29,,3.90,,,,,,,,,,,,,,,,,,,,,,,,,,,,,,,,,,,,
/football/turkey/super-lig/trabzonspor-kayserispor/,l2OMJKfb,Trabzonspor,Kayserispor,0:1,super-lig,turkey,main,2023,2023-12-03,Pinnacle,1.61,4.29,5.69,1.61,4.29,5.69,,,,,,,,,,,,,,,,,,4.29,,1.25,,3.20,,1.39,,2.66,,1.53,,2.34,,1.66,,2.03,,1.88,,1.76,,2.18,,1.60,,2.48,,1.42,,3.05,,1.24,,4.39,,1.23,,4.60,,,,,,,,,,,,,,,,,,,,,,,,,,,,,,,,,,,,,,,,,,,,
/football/turkey/super-lig/adanademirspor-samsunspor/,txLELtQo,Adana Demirspor,Samsunspor,2:3,super-lig,turkey,main,2023,2023-12-02,Pinnacle,1.82,3.90,4.49,1.82,3.90,4.49,,,,,,,,,,,,,,,,,,,,,,3.91,,1.29,,3.14,,1.40,,2.80,,1.49,,2.44,,1.62,,2.05,,1.86,,1.81,,2.10,,1.58,,2.51,,1.36,,3.36,,1.29,,3.89,,1.25,,4.29,,,,,,,,,,,,,,,,,,,,,,,,,,,,,,,,,,,,,,,,
/football/turkey/super-lig/alanyaspor-konyaspor/,vXtWdcmo,Alanyaspor,Konyaspor,2:2,super-lig,turkey,main,2023,2023-12-02,Pinnacle,2.70,3.41,2.75,2.70,3.41,2.75,,,,,,,,,,,,,,,,,,,,,,,,,,,,,,,,,,4.64,,1.22,,3.30,,1.37,,2.69,,1.52,,2.31,,1.68,,1.93,,1.97,,1.66,,2.35,,1.51,,2.73,,1.36,,3.37,,1.21,,4.80,,,,,,,,,,,,,,,,,,,,,,,,,,,,,,,,
/football/turkey/super-lig/pendikspor-galatasaray/,8lj02JPN,Pendikspor,Galatasaray,0:2,super-lig,turkey,main,2023,2023-12-02,Pinnacle,9.94,6.31,1.28,9.94,6.31,1.28,,,,,,,,,,,,,,,,,,,,,,,,,,,,,,,,,,,,,,,,,,,,,,,,,,,,,,,,,,3.76,,1.30,,3.53,,1.32,,3.10,,1.40,,2.44,,1.60,,2.09,,1.80,,1.87,,2.02,,1.64,,2.36,,1.51,,2.69,,1.42,,2.99,,1.31,,3.63,,,,
/football/turkey/super-lig/rizespor-basaksehir/,newSGIvH,Rizespor,Basaksehir,3:2,super-lig,turkey,main,2023,2023-12-02,Pinnacle,2.56,3.33,2.97,2.56,3.33,2.97,,,,,,,,,,,,,,,,,,,,,,,,,,,,,,,,,,4.33,,1.25,,3.11,,1.40,,2.55,,1.57,,2.18,,1.75,,1.81,,2.11,,1.57,,2.53,,1.45,,2.96,,1.31,,3.72,,1.18,,5.47,,,,,,,,,,,,,,,,,,,,,,,,,,,,,,,,
/football/turkey/super-lig/f-karagumruk-istanbulspor-as/,fuPIK0uh,Karagumruk,Istanbulspor AS,3:0,super-lig,turkey,main,2023,2023-12-01,Pinnacle,1.72,3.86,5.26,1.72,3.86,5.26,,,,,,,,,,,,,,,,,,4.85,,1.21,,3.83,,1.29,,3.04,,1.42,,2.68,,1.52,,2.30,,1.68,,1.93,,1.97,,1.71,,2.24,,1.50,,2.76,,1.28,,3.93,,1.23,,4.55,,,,,,,,,,,,,,,,,,,,,,,,,,,,,,,,,,,,,,,,,,,,
/football/turkey/super-lig/hatayspor-antalyaspor/,Ucid3aAH,Hatayspor,Antalyaspor,3:3,super-lig,turkey,main,2023,2023-12-01,Pinnacle,3.47,3.39,2.25,3.47,3.39,2.25,,,,,,,,,,,,,,,,,,,,,,,,,,,,,,,,,,,,,,4.42,,1.24,,3.42,,1.35,,2.96,,1.45,,2.47,,1.60,,1.98,,1.93,,1.71,,2.24,,1.53,,2.67,,1.33,,3.52,,1.28,,4.00,,,,,,,,,,,,,,,,,,,,,,,,,,,,
/football/turkey/super-lig/basaksehir-pendikspor/,pA5z8Nen,Basaksehir,Pendikspor,4:1,super-lig,turkey,main,2023,2023-11-27,Pinnacle,2.16,3.49,3.58,1.74,3.95,4.90,,,,,,,,,,,,,,,,,,,,,,,,,2.99,3.83,1.43,1.29,2.65,3.70,1.53,1.31,2.29,3.25,1.69,1.38,1.93,2.53,1.94,1.57,1.72,2.15,2.22,1.77,1.52,1.86,2.70,2.05,1.31,1.56,3.70,2.59,1.25,1.42,4.26,3.07,1.23,1.33,4.56,3.54,1.22,1.23,4.68,4.60,,,,,,,,,,,,,,,,,,,,,,,,,,,,,,,,,,,,
/football/turkey/super-lig/sivasspor-trabzonspor/,zabm5Lu5,Sivasspor,Trabzonspor,3:3,super-lig,turkey,main,2023,2023-11-27,Pinnacle,3.30,3.38,2.33,2.91,3.38,2.55,,,,,,,,,,,,,,,,,,,,,,,,,,,,,,,,,,,,,3.59,4.18,1.32,1.26,2.89,3.27,1.46,1.37,2.49,2.82,1.60,1.48,2.07,2.35,1.82,1.65,1.75,1.91,2.18,2.00,1.57,1.67,2.54,2.32,1.41,1.49,3.08,2.78,1.26,1.31,4.21,3.70,1.23,1.26,4.38,4.19,,,,,,,,,,,,,,,,,,,,,,,,,,,,
/football/turkey/super-lig/antalyaspor-rizespor/,2o0u7sBh,Antalyaspor,Rizespor,0:0,super-lig,turkey,main,2023,2023-11-26,Pinnacle,1.68,3.88,5.55,1.67,4.06,5.07,,,,,,,,,,,,,,,,,,,,,3.48,3.54,1.32,1.33,2.83,2.86,1.45,1.46,2.50,2.53,1.56,1.58,2.16,2.19,1.74,1.75,1.85,1.88,2.02,2.04,1.66,1.68,2.29,2.30,1.47,1.47,2.79,2.86,1.27,1.26,3.88,4.15,1.22,1.21,4.44,4.80,,,,,,,,,,,,,,,,,,,,,,,,,,,,,,,,,,,,,,,,,,,,
/football/turkey/super-lig/fenerbahce-f-karagumruk/,txaq61Qb,Fenerbahce,Karagumruk,2:1,super-lig,turkey,main,2023,2023-11-26,Pinnacle,1.25,6.70,11.72,1.25,6.63,10.71,,,,,3.20,3.50,1.39,1.33,2.68,2.89,1.51,1.44,2.41,2.58,1.63,1.55,2.12,2.26,1.79,1.69,1.81,1.94,1.99,1.94,1.68,1.74,2.29,2.18,1.51,1.54,2.71,2.59,1.34,1.34,3.50,3.42,1.28,1.28,3.94,3.90,,,,,,,,,,,,,,,,,,,,,,,,,,,,,,,,,,,,,,,,,,,,,,,,,,,,,,,,,,,,
/football/turkey/super-lig/kayserispor-adanademirspor/,fuwEjMQB,Kayserispor,Adana Demirspor,1:1,super-lig,turkey,main,2023,2023-11-26,Pinnacle,2.29,3.88,3.00,2.61,3.69,2.61,,,,,,,,,,,,,,,,,,,,,,,,,,,,,3.74,3.74,1.30,1.30,4.09,3.35,1.25,1.36,3.10,2.66,1.39,1.53,2.59,2.28,1.53,1.69,2.26,2.00,1.68,1.90,1.93,1.71,1.93,2.25,1.68,1.54,2.26,2.62,1.53,1.43,2.59,2.97,1.39,1.32,3.09,3.64,,,,,,,,,,,,,,,,,,,,,,,,,,,,,,,,,,,,
/football/turkey/super-lig/samsunspor-besiktas/,UcVQmKAU,Samsunspor,Besiktas,1:2,super-lig,turkey,main,2023,2023-11-26,Pinnacle,3.31,3.50,2.27,3.24,3.56,2.23,,,,,,,,,,,,,,,,,,,,,,,,,,,,,,,,,,,,,4.05,4.21,1.26,1.26,3.20,3.27,1.37,1.37,2.80,2.85,1.47,1.48,2.37,2.39,1.62,1.64,1.94,1.95,1.93,1.95,1.70,1.70,2.21,2.26,1.52,1.52,2.61,2.68,1.34,1.34,3.36,3.48,1.28,1.28,3.79,3.93,,,,,,,,,,,,,,,,,,,,,,,,,,,,
/football/turkey/super-lig/galatasaray-alanyaspor/,GfRMl0eO,Galatasaray,Alanyaspor,4:0,super-lig,turkey,main,2023,2023-11-25,Pinnacle,1.21,7.57,13.33,1.19,8.11,14.43,3.52,3.81,1.33,1.29,2.79,2.99,1.48,1.42,2.39,2.55,1.64,1.56,2.13,2.27,1.79,1.68,1.85,2.01,2.01,1.88,1.67,1.77,2.32,2.14,1.55,1.62,2.61,2.40,1.39,1.44,3.19,2.89,1.24,1.27,4.42,3.95,,,,,,,,,,,,,,,,,,,,,,,,,,,,,,,,,,,,,,,,,,,,,,,,,,,,,,,,,,,,,,,,
/football/turkey/super-lig/gaziantep-ankaragucu/,6J6W83tt,Gaziantep,Ankaragucu,0:1,super-lig,turkey,main,2023,2023-11-25,Pinnacle,2.09,3.40,3.89,2.14,3.57,3.51,,,,,,,,,,,,,,,,,,,,,,,,,4.00,4.04,1.28,1.27,3.63,3.59,1.32,1.32,3.19,3.15,1.39,1.40,2.50,2.45,1.59,1.61,2.13,2.09,1.78,1.83,1.84,1.79,2.04,2.13,1.56,1.49,2.57,2.79,1.43,1.37,3.03,3.31,1.34,1.29,3.46,3.84,1.24,1.21,4.47,4.94,,,,,,,,,,,,,,,,,,,,,,,,,,,,,,,,,,,,
/football/turkey/super-lig/istanbulspor-as-hatayspor/,YVyIkttI,Istanbulspor AS,Hatayspor,2:1,super-lig,turkey,main,2023,2023-11-25,Pinnacle,3.12,3.36,2.44,2.67,3.46,2.67,,,,,,,,,,,,,,,,,,,,,,,,,,,,,,,,,,,,,3.23,3.90,1.36,1.29,2.65,3.09,1.51,1.41,2.29,2.66,1.66,1.53,1.93,2.22,1.93,1.73,1.66,1.83,2.30,2.09,1.51,1.62,2.66,2.43,1.36,1.45,3.24,2.93,1.22,1.28,4.45,3.93,1.25,1.24,3.97,4.42,,,,,,,,,,,,,,,,,,,,,,,,,,,,
/football/turkey/super-lig/konyaspor-kasimpasa/,nZ1i4ueB,Konyaspor,Kasimpasa,2:0,super-lig,turkey,main,2023,2023-11-25,Pinnacle,2.08,3.68,3.62,1.99,3.77,3.78,,,,,,,,,,,,,,,,,,,,,,,,,3.57,3.86,1.33,1.29,3.18,3.44,1.39,1.34,2.81,3.04,1.49,1.43,2.27,2.41,1.70,1.63,1.97,2.08,1.90,1.84,1.73,1.80,2.22,2.11,1.48,1.53,2.83,2.67,1.37,1.40,3.28,3.12,1.31,1.33,3.73,3.58,1.25,1.24,4.18,4.44,,,,,,,,,,,,,,,,,,,,,,,,,,,,,,,,,,,,
/football/turkey/super-lig/adanademirspor-fenerbahce/,UFpSaQ3P,Adana Demirspor,Fenerbahce,0:0,super-lig,turkey,main,2023,2023-11-12,Pinnacle,3.54,4.42,1.92,3.48,4.10,2.00,,,,,,,,,,,,,,,,,,,,,,,,,,,,,,,,,,,,,,,,,3.44,3.50,1.35,1.34,3.05,3.13,1.42,1.40,2.67,2.77,1.53,1.50,2.17,2.26,1.76,1.70,1.89,1.98,1.98,1.92,1.71,1.77,2.25,2.15,1.51,1.57,2.71,2.55,1.42,1.46,3.04,2.87,1.36,1.39,3.38,3.19,,,,,,,,,,,,,,,,,,,,,,,,
/football/turkey/super-lig/besiktas-basaksehir/,vkz2gOtg,Besiktas,Basaksehir,1:0,super-lig,turkey,main,2023,2023-11-12,Pinnacle,1.74,3.84,5.16,1.55,4.44,5.79,,,,,,,,,,,,,,,,,,,,,2.96,3.88,1.42,1.29,2.48,3.09,1.57,1.41,2.19,2.73,1.72,1.51,1.90,2.34,1.96,1.66,1.68,1.95,2.26,1.95,1.54,1.73,2.56,2.22,1.37,1.51,3.17,2.72,1.22,1.29,4.54,3.85,1.22,1.24,4.53,4.46,1.25,1.25,4.27,4.34,,,,,,,,,,,,,,,,,,,,,,,,,,,,,,,,,,,,,,,,
/football/turkey/super-lig/pendikspor-samsunspor/,Kp3yw3dC,Pendikspor,Samsunspor,1:0,super-lig,turkey,main,2023,2023-11-12,Pinnacle,2.93,3.51,2.49,2.71,3.42,2.71,,,,,,,,,,,,,,,,,,,,,,,,,,,,,,,,,4.54,5.15,1.23,1.19,3.28,3.62,1.37,1.32,2.69,2.92,1.52,1.46,2.32,2.52,1.67,1.58,1.93,2.13,1.93,1.80,1.67,1.78,2.32,2.14,1.52,1.60,2.69,2.48,1.37,1.43,3.28,2.98,1.23,1.28,4.53,4.01,1.24,1.24,4.36,4.44,,,,,,,,,,,,,,,,,,,,,,,,,,,,
/football/turkey/super-lig/rizespor-istanbulspor-as/,04OAi2B5,Rizespor,Istanbulspor AS,1:0,super-lig,turkey,main,2023,2023-11-12,Pinnacle,1.69,4.01,5.30,1.80,3.94,4.32,,,,,,,,,,,,,,,,,,,,,3.87,3.51,1.28,1.34,3.11,2.85,1.39,1.46,2.77,2.53,1.47,1.58,2.41,2.18,1.60,1.75,2.03,1.88,1.85,2.04,1.79,1.68,2.09,2.30,1.57,1.48,2.48,2.83,1.36,1.28,3.27,4.01,1.29,1.23,3.77,4.61,,,,,,,,,,,,,,,,,,,,,,,,,,,,,,,,,,,,,,,,,,,,
/football/turkey/super-lig/alanyaspor-gaziantep/,hb1qysRO,Alanyaspor,Gaziantep,0:3,super-lig,turkey,main,2023,2023-11-11,Pinnacle,2.34,3.29,3.37,2.07,3.62,3.67,,,,,,,,,,,,,,,,,,,,,,,,,,,,,3.39,4.17,1.34,1.26,2.99,3.69,1.42,1.31,2.37,2.79,1.62,1.49,2.05,2.33,1.83,1.67,1.77,2.00,2.11,1.91,1.51,1.65,2.67,2.38,1.38,1.47,3.12,2.87,1.31,1.37,3.58,3.33,1.24,1.25,4.29,4.30,,,,,,,,,,,,,,,,,,,,,,,,,,,,,,,,,,,,
/football/turkey/super-lig/f-karagumruk-sivasspor/,WOWgepCt,Karagumruk,Sivasspor,3:0,super-lig,turkey,main,2023,2023-11-11,Pinnacle,2.22,3.42,3.51,2.41,3.41,3.10,,,,,,,,,,,,,,,,,,,,,,,,,,,,,4.27,3.92,1.24,1.28,3.80,3.44,1.28,1.34,2.85,2.63,1.45,1.54,2.37,2.21,1.62,1.74,2.05,1.90,1.83,2.00,1.71,1.58,2.20,2.52,1.52,1.43,2.63,3.01,1.40,1.34,3.03,3.47,1.28,1.23,3.82,4.51,,,,,,,,,,,,,,,,,,,,,,,,,,,,,,,,,,,,
/football/turkey/super-lig/hatayspor-galatasaray/,8AaXwqs6,Hatayspor,Galatasaray,2:1,super-lig,turkey,main,2023,2023-11-11,Pinnacle,6.54,5.14,1.46,6.26,5.09,1.47,,,,,,,,,,,,,,,,,,,,,,,,,,,,,,,,,,,,,,,,,,,,,,,,,,,,,3.57,3.65,1.33,1.32,2.87,2.91,1.46,1.45,2.57,2.59,1.56,1.56,2.25,2.25,1.71,1.71,1.92,1.93,1.95,1.97,1.74,1.72,2.20,2.22,1.57,1.56,2.55,2.59,1.39,1.38,3.16,3.22,1.33,1.32,3.53,3.60,,,,,,,,,,,,
/football/turkey/super-lig/kasimpasa-kayserispor/,E72uxNBI,Kasimpasa,Kayserispor,3:4,super-lig,turkey,main,2023,2023-11-11,Pinnacle,2.33,3.71,3.04,2.31,3.64,3.02,,,,,,,,,,,,,,,,,,,,,,,,,,,,,3.91,3.89,1.27,1.29,3.49,3.48,1.32,1.34,2.72,2.73,1.49,1.51,2.30,2.32,1.66,1.67,2.01,2.02,1.87,1.88,1.69,1.71,2.23,2.24,1.52,1.54,2.62,2.64,1.41,1.43,2.99,3.01,1.29,1.31,3.72,3.73,,,,,,,,,,,,,,,,,,,,,,,,,,,,,,,,,,,,
/football/turkey/super-lig/ankaragucu-antalyaspor/,MDP6hrda,Ankaragucu,Antalyaspor,0:4,super-lig,turkey,main,2023,2023-11-10,Pinnacle,2.47,3.33,3.10,2.40,3.45,3.07,,,,,,,,,,,,,,,,,,,,,,,,,,,,,4.28,4.57,1.25,1.23,3.80,4.06,1.30,1.27,2.87,2.99,1.47,1.44,2.39,2.46,1.64,1.61,2.05,2.11,1.83,1.81,1.73,1.75,2.22,2.19,1.54,1.54,2.64,2.64,1.42,1.41,3.04,3.06,1.29,1.29,3.83,3.89,,,,,,,,,,,,,,,,,,,,,,,,,,,,,,,,,,,,
/football/turkey/super-lig/trabzonspor-konyaspor/,QoWcf4Rn,Trabzonspor,Konyaspor,2:1,super-lig,turkey,main,2023,2023-11-10,Pinnacle,1.62,4.04,6.11,1.76,3.95,4.66,,,,,,,,,,,,,,,,,4.75,4.86,1.22,1.21,3.75,3.46,1.29,1.34,3.02,2.81,1.40,1.49,2.69,2.47,1.50,1.60,2.33,2.09,1.64,1.81,1.96,1.79,1.91,2.12,1.74,1.61,2.15,2.44,1.53,1.42,2.59,3.05,1.32,1.23,3.48,4.63,1.26,1.20,4.01,5.10,,,,,,,,,,,,,,,,,,,,,,,,,,,,,,,,,,,,,,,,,,,,
/football/turkey/super-lig/samsunspor-istanbulspor-as/,EBGcs3V7,Samsunspor,Istanbulspor AS,2:1,super-lig,turkey,main,2023,2023-11-08,Pinnacle,,,,,,,,,,,,,,,,,,,,,,,,,,,,,,,,,,,,,,,,,,,,,,,,,,,,,,,,,,,,,,,,,,,,,,,,,,,,,,,,,,,,,,,,,,,,,,,,,,,,,,,,,,
/football/turkey/super-lig/gaziantep-rizespor/,pUkr0Zc8,Gaziantep,Rizespor,2:0,super-lig,turkey,main,2023,2023-11-06,Pinnacle,2.20,3.33,3.66,2.32,3.54,3.08,,,,,,,,,,,,,,,,,,,,,,,,,,,,,4.03,3.85,1.26,1.29,3.58,3.38,1.31,1.36,2.75,2.59,1.48,1.55,2.31,2.19,1.65,1.75,2.01,1.88,1.87,2.03,1.68,1.55,2.25,2.60,1.51,1.41,2.66,3.12,1.40,1.32,3.04,3.62,1.28,1.22,3.82,4.72,,,,,,,,,,,,,,,,,,,,,,,,,,,,,,,,,,,,
/football/turkey/super-lig/kayserispor-alanyaspor/,YXnevhyk,Kayserispor,Alanyaspor,1:0,super-lig,turkey,main,2023,2023-11-06,Pinnacle,1.96,3.60,4.15,2.09,3.70,3.45,,,,,,,,,,,,,,,,,,,,,,,,,3.86,3.51,1.29,1.34,3.43,3.13,1.33,1.40,3.02,2.75,1.40,1.50,2.41,2.24,1.60,1.72,2.08,1.96,1.79,1.94,1.82,1.69,2.07,2.29,1.54,1.43,2.56,3.04,1.42,1.33,3.00,3.56,1.33,1.27,3.41,4.09,,,,,,,,,,,,,,,,,,,,,,,,,,,,,,,,,,,,,,,,
/football/turkey/super-lig/antalyaspor-besiktas/,vV7GsRss,Antalyaspor,Besiktas,3:2,super-lig,turkey,main,2023,2023-11-05,Pinnacle,2.55,3.52,2.85,3.34,3.63,2.15,,,,,,,,,,,,,,,,,,,,,,,,,,,,,,,,,5.00,4.21,1.20,1.26,4.20,3.07,1.24,1.41,3.30,2.54,1.35,1.57,2.90,2.19,1.44,1.75,2.46,1.85,1.58,2.07,2.00,1.61,1.87,2.45,1.75,1.48,2.14,2.84,1.56,1.34,2.51,3.49,1.37,1.21,3.18,4.91,,,,,,,,,,,,,,,,,,,,,,,,,,,,,,,,
/football/turkey/super-lig/basaksehir-ankaragucu/,bXgnagDE,Basaksehir,Ankaragucu,3:3,super-lig,turkey,main,2023,2023-11-05,Pinnacle,2.21,3.36,3.59,1.99,3.59,3.91,,,,,,,,,,,,,,,,,,,,,,,,,,,,,3.27,3.88,1.37,1.29,2.87,3.41,1.47,1.35,2.29,2.61,1.68,1.55,1.97,2.20,1.90,1.74,1.72,1.89,2.23,2.02,1.46,1.57,2.89,2.56,1.36,1.42,3.37,3.07,1.29,1.33,3.86,3.55,1.21,1.22,4.72,4.66,,,,,,,,,,,,,,,,,,,,,,,,,,,,,,,,,,,,
/football/turkey/super-lig/konyaspor-f-karagumruk/,QoASvPRa,Konyaspor,Karagumruk,1:1,super-lig,turkey,main,2023,2023-11-05,Pinnacle,2.06,3.42,3.98,2.01,3.71,3.66,,,,,,,,,,,,,,,,,,,,,,,,,3.66,3.91,1.30,1.29,3.27,3.48,1.36,1.34,2.89,3.06,1.44,1.42,2.31,2.40,1.65,1.63,2.01,2.06,1.86,1.85,1.75,1.76,2.15,2.17,1.49,1.47,2.72,2.86,1.38,1.35,3.16,3.39,1.31,1.28,3.61,3.93,,,,,,,,,,,,,,,,,,,,,,,,,,,,,,,,,,,,,,,,
/football/turkey/super-lig/sivasspor-adanademirspor/,neBOu5Cg,Sivasspor,Adana Demirspor,1:1,super-lig,turkey,main,2023,2023-11-05,Pinnacle,2.73,3.70,2.56,2.95,3.65,2.39,,,,,,,,,,,,,,,,,,,,,,,,,,,,,4.09,4.04,1.27,1.27,4.68,4.49,1.22,1.23,3.60,3.29,1.32,1.37,2.92,2.71,1.45,1.51,2.55,2.36,1.57,1.65,2.17,2.02,1.76,1.89,1.83,1.73,2.06,2.22,1.64,1.57,2.38,2.55,1.48,1.41,2.83,3.05,1.31,1.27,3.66,4.08,,,,,,,,,,,,,,,,,,,,,,,,,,,,,,,,
/football/turkey/super-lig/fenerbahce-trabzonspor/,IL6Ktocm,Fenerbahce,Trabzonspor,2:3,super-lig,turkey,main,2023,2023-11-04,Pinnacle,1.40,5.30,7.93,1.46,4.95,6.73,,,,,,,,,3.65,3.52,1.31,1.33,3.65,3.16,1.32,1.39,3.25,2.82,1.38,1.48,2.59,2.31,1.55,1.68,2.22,2.03,1.72,1.88,1.95,1.79,1.92,2.12,1.70,1.57,2.26,2.54,1.55,1.46,2.60,2.87,1.45,1.38,2.92,3.22,,,,,,,,,,,,,,,,,,,,,,,,,,,,,,,,,,,,,,,,,,,,,,,,,,,,,,,,
/football/turkey/super-lig/istanbulspor-as-pendikspor/,COoawCje,Istanbulspor AS,Pendikspor,2:4,super-lig,turkey,main,2023,2023-11-04,Pinnacle,2.67,3.53,2.70,2.08,3.77,3.40,,,,,,,,,,,,,,,,,,,,,,,,,,,,,,,,,2.98,4.43,1.41,1.24,2.40,3.23,1.61,1.38,2.07,2.66,1.80,1.53,1.82,2.30,2.07,1.68,1.55,1.94,2.55,1.96,1.43,1.67,2.97,2.32,1.34,1.52,3.36,2.69,1.24,1.37,4.27,3.29,1.20,1.23,4.94,4.58,,,,,,,,,,,,,,,,,,,,,,,,,,,,,,,,
/football/turkey/super-lig/samsunspor-hatayspor/,WQ10yjL7,Samsunspor,Hatayspor,2:1,super-lig,turkey,main,2023,2023-11-04,Pinnacle,1.97,3.67,4.00,2.14,3.48,3.51,,,,,,,,,,,,,,,,,,,,,,,,,3.84,3.73,1.29,1.31,3.68,3.30,1.30,1.37,3.23,2.88,1.36,1.47,2.51,2.28,1.56,1.69,2.13,1.97,1.76,1.93,1.85,1.70,2.03,2.26,1.55,1.45,2.55,2.95,1.41,1.34,3.02,3.45,1.33,1.28,3.47,3.95,,,,,,,,,,,,,,,,,,,,,,,,,,,,,,,,,,,,,,,,
/football/turkey/super-lig/galatasaray-kasimpasa/,hz3dxW51,Galatasaray,Kasimpasa,2:1,super-lig,turkey,main,2023,2023-11-03,Pinnacle,1.21,7.69,12.12,1.24,7.31,11.06,3.80,3.30,1.30,1.36,2.99,2.68,1.43,1.50,2.55,2.33,1.57,1.65,2.28,2.10,1.69,1.79,1.98,1.87,1.87,2.03,1.78,1.68,2.14,2.27,1.63,1.56,2.40,2.53,1.47,1.41,2.84,3.01,1.31,1.27,3.72,3.97,,,,,,,,,,,,,,,,,,,,,,,,,,,,,,,,,,,,,,,,,,,,,,,,,,,,,,,,,,,,,3.57,3.52,1.32,1.33
/football/turkey/super-lig/besiktas-gaziantep/,KQ6KpfbL,Besiktas,Gaziantep,2:0,super-lig,turkey,main,2023,2023-10-30,Pinnacle,1.56,4.38,6.25,1.34,5.57,8.37,,,,,,,,,,,,,,,,,2.70,4.20,1.50,1.26,2.23,3.14,1.70,1.40,1.96,2.62,1.91,1.55,1.72,2.28,2.18,1.69,1.50,1.95,2.68,1.95,1.40,1.69,3.05,2.27,1.33,1.55,3.43,2.61,1.27,1.37,4.01,3.26,1.18,1.21,5.37,4.84,,,,,,,,,,,,,,,,,,,,,,,,,,,,,,,,,,,,,,,,,,,,,,,,
/football/turkey/super-lig/ankaragucu-samsunspor/,2kdPqEDR,Ankaragucu,Samsunspor,2:0,super-lig,turkey,main,2023,2023-10-29,Pinnacle,2.70,3.32,2.82,2.19,3.59,3.29,,,,,,,,,,,,,,,,,,,,,,,,,,,,,,,,,3.27,4.57,1.36,1.23,2.56,3.28,1.54,1.37,2.18,2.68,1.72,1.52,1.89,2.29,1.97,1.68,1.60,1.91,2.42,2.00,1.45,1.63,2.85,2.40,1.36,1.49,3.26,2.80,1.25,1.34,4.13,3.48,1.18,1.20,5.47,4.98,,,,,,,,,,,,,,,,,,,,,,,,,,,,,,,,
/football/turkey/super-lig/antalyaspor-basaksehir/,tz8GozqF,Antalyaspor,Basaksehir,1:0,super-lig,turkey,main,2023,2023-10-29,Pinnacle,2.11,3.35,3.89,2.03,3.51,3.80,,,,,,,,,,,,,,,,,,,,,,,,,3.81,4.15,1.28,1.26,3.39,3.68,1.34,1.31,2.98,3.23,1.42,1.39,2.35,2.48,1.63,1.60,2.03,2.11,1.85,1.81,1.75,1.80,2.15,2.11,1.47,1.50,2.78,2.77,1.36,1.37,3.26,3.30,1.29,1.29,3.75,3.83,,,,,,,,,,,,,,,,,,,,,,,,,,,,,,,,,,,,,,,,
/football/turkey/super-lig/f-karagumruk-trabzonspor/,C03CnGT8,Karagumruk,Trabzonspor,0:0,super-lig,turkey,main,2023,2023-10-29,Pinnacle,3.22,3.22,2.46,2.63,3.55,2.71,,,,,,,,,,,,,,,,,,,,,,,,,,,,,,,,,,,,,3.15,4.05,1.40,1.27,2.61,3.18,1.55,1.39,2.26,2.72,1.70,1.51,1.90,2.24,1.96,1.71,1.66,1.83,2.34,2.09,1.52,1.61,2.70,2.45,1.37,1.45,3.27,2.95,1.24,1.28,4.45,3.92,1.26,1.24,4.09,4.40,,,,,,,,,,,,,,,,,,,,,,,,,,,,
/football/turkey/super-lig/pendikspor-fenerbahce/,vc8IQY6k,Pendikspor,Fenerbahce,0:5,super-lig,turkey,main,2023,2023-10-29,Pinnacle,10.56,6.22,1.28,7.87,5.68,1.35,,,,,,,,,,,,,,,,,,,,,,,,,,,,,,,,,,,,,,,,,,,,,,,,,,,,,,,,,,,,,3.02,3.56,1.40,1.32,2.66,3.11,1.51,1.40,2.18,2.42,1.72,1.61,1.92,2.06,1.95,1.82,1.71,1.85,2.20,2.05,1.51,1.61,2.65,2.43,1.41,1.49,2.98,2.77,1.35,1.40,3.31,3.09,1.30,1.29,3.75,3.78,,,,
/football/turkey/super-lig/adanademirspor-konyaspor/,Y948mdE2,Adana Demirspor,Konyaspor,3:0,super-lig,turkey,main,2023,2023-10-28,Pinnacle,1.83,3.99,4.27,1.73,4.22,4.54,,,,,,,,,,,,,,,,,,,,,3.49,4.03,1.34,1.27,2.86,3.22,1.46,1.38,2.55,2.86,1.57,1.47,2.23,2.49,1.72,1.59,1.91,2.08,1.96,1.84,1.72,1.83,2.22,2.08,1.53,1.61,2.65,2.46,1.34,1.38,3.50,3.22,1.28,1.31,3.99,3.72,,,,,,,,,,,,,,,,,,,,,,,,,,,,,,,,,,,,,,,,,,,,
/football/turkey/super-lig/alanyaspor-sivasspor/,W4QPOCy2,Alanyaspor,Sivasspor,1:2,super-lig,turkey,main,2023,2023-10-28,Pinnacle,2.26,3.34,3.49,2.10,3.64,3.55,,,,,,,,,,,,,,,,,,,,,,,,,,,,,3.50,3.95,1.34,1.28,3.08,3.49,1.41,1.34,2.44,2.67,1.61,1.53,2.09,2.25,1.81,1.71,1.81,1.93,2.08,1.97,1.54,1.60,2.62,2.48,1.42,1.44,3.08,2.98,1.34,1.34,3.51,3.45,1.23,1.24,4.52,4.47,,,,,,,,,,,,,,,,,,,,,,,,,,,,,,,,,,,,
/football/turkey/super-lig/rizespor-galatasaray/,vBmiuYLr,Rizespor,Galatasaray,0:1,super-lig,turkey,main,2023,2023-10-28,Pinnacle,7.86,5.37,1.39,5.10,4.48,1.60,,,,,,,,,,,,,,,,,,,,,,,,,,,,,,,,,,,,,,,,,,,,,,,,,,,,,,,,,2.43,3.23,1.60,1.38,2.15,2.88,1.74,1.46,1.88,2.54,1.99,1.57,1.67,2.11,2.27,1.80,1.54,1.88,2.56,2.03,1.40,1.68,3.05,2.32,1.26,1.48,4.00,2.83,1.28,1.39,3.95,3.18,1.32,1.33,3.61,3.54,,,,,,,,
/football/turkey/super-lig/hatayspor-kayserispor/,069EREiq,Hatayspor,Kayserispor,1:2,super-lig,turkey,main,2023,2023-10-27,Pinnacle,2.49,3.42,3.01,2.26,3.55,3.26,,,,,,,,,,,,,,,,,,,,,,,,,,,,,3.88,4.49,1.29,1.23,3.43,4.01,1.35,1.28,2.66,2.99,1.53,1.44,2.24,2.47,1.71,1.60,1.93,2.13,1.93,1.80,1.64,1.78,2.38,2.15,1.48,1.56,2.82,2.57,1.38,1.43,3.23,2.97,1.27,1.31,4.10,3.72,,,,,,,,,,,,,,,,,,,,,,,,,,,,,,,,,,,,
/football/turkey/super-lig/kasimpasa-istanbulspor-as/,YJ7MPhMe,Kasimpasa,Istanbulspor AS,3:1,super-lig,turkey,main,2023,2023-10-27,Pinnacle,1.96,3.71,3.99,1.86,3.96,4.09,,,,,,,,,,,,,,,,,,,,,,,,,3.22,3.53,1.38,1.33,2.86,3.14,1.46,1.40,2.52,2.76,1.58,1.50,2.10,2.24,1.81,1.71,1.85,1.96,2.03,1.94,1.63,1.70,2.40,2.26,1.41,1.44,3.11,2.94,1.33,1.35,3.57,3.44,1.27,1.28,4.04,3.93,,,,,,,,,,,,,,,,,,,,,,,,,,,,,,,,,,,,,,,,
/football/turkey/super-lig/f-karagumruk-adanademirspor/,jXZUZxp3,Karagumruk,Adana Demirspor,2:0,super-lig,turkey,main,2023,2023-10-23,Pinnacle,3.26,3.79,2.18,3.23,3.84,2.13,,,,,,,,,,,,,,,,,,,,,,,,,,,,,,,,,,,,,3.99,4.07,1.26,1.29,3.19,3.23,1.37,1.38,2.82,2.73,1.46,1.51,2.43,2.43,1.60,1.66,2.01,2.00,1.87,1.90,1.76,1.76,2.12,2.17,1.58,1.57,2.46,2.54,1.40,1.39,3.05,3.19,1.33,1.31,3.42,3.60,,,,,,,,,,,,,,,,,,,,,,,,,,,,
/football/turkey/super-lig/trabzonspor-alanyaspor/,YePZYda9,Trabzonspor,Alanyaspor,1:0,super-lig,turkey,main,2023,2023-10-23,Pinnacle,1.74,3.95,4.95,1.53,4.65,5.90,,,,,,,,,,,,,,,,,,,,,2.84,3.66,1.47,1.32,2.41,2.95,1.63,1.44,2.13,2.62,1.79,1.54,1.84,2.28,2.04,1.69,1.65,1.94,2.36,1.96,1.53,1.73,2.67,2.22,1.37,1.52,3.29,2.69,1.22,1.31,4.68,3.73,1.23,1.25,4.41,4.30,,,,,,,,,,,,,,,,,,,,,,,,,,,,,,,,,,,,,,,,,,,,
/football/turkey/super-lig/fenerbahce-hatayspor/,naTwYGEF,Fenerbahce,Hatayspor,4:2,super-lig,turkey,main,2023,2023-10-22,Pinnacle,1.16,8.59,17.77,1.23,7.13,12.30,4.08,3.37,1.27,1.35,3.14,2.70,1.40,1.51,2.64,2.31,1.54,1.66,2.35,2.06,1.66,1.84,2.04,1.79,1.83,2.11,1.81,1.61,2.10,2.42,1.65,1.49,2.37,2.71,1.47,1.35,2.83,3.37,1.30,1.21,3.77,4.68,,,,,,,,,,,,,,,,,,,,,,,,,,,,,,,,,,,,,,,,,,,,,,,,,,,,,,,,,,,,,3.77,3.74,1.29,1.30
/football/turkey/super-lig/istanbulspor-as-ankaragucu/,OKbzEeNq,Istanbulspor AS,Ankaragucu,2:1,super-lig,turkey,main,2023,2023-10-22,Pinnacle,3.49,3.64,2.14,2.86,3.45,2.55,,,,,,,,,,,,,,,,,,,,,,,,,,,,,,,,,,,,,3.50,4.43,1.34,1.24,2.84,3.45,1.48,1.34,2.45,3.02,1.61,1.43,2.05,2.56,1.83,1.56,1.75,2.06,2.19,1.85,1.57,1.79,2.54,2.13,1.41,1.59,3.06,2.50,1.26,1.39,4.14,3.20,1.23,1.32,4.47,3.64,,,,,,,,,,,,,,,,,,,,,,,,,,,,
/football/turkey/super-lig/samsunspor-basaksehir/,pzmqCZid,Samsunspor,Basaksehir,0:0,super-lig,turkey,main,2023,2023-10-22,Pinnacle,2.29,3.37,3.39,2.33,3.47,3.11,,,,,,,,,,,,,,,,,,,,,,,,,,,,,4.13,4.04,1.25,1.27,3.67,3.57,1.30,1.33,2.78,2.72,1.47,1.51,2.32,2.28,1.65,1.69,2.01,1.96,1.86,1.94,1.68,1.63,2.26,2.42,1.50,1.46,2.68,2.90,1.39,1.36,3.08,3.35,1.27,1.25,3.90,4.30,,,,,,,,,,,,,,,,,,,,,,,,,,,,,,,,,,,,
/football/turkey/super-lig/sivasspor-kasimpasa/,tMSsXzUL,Sivasspor,Kasimpasa,0:1,super-lig,turkey,main,2023,2023-10-22,Pinnacle,1.95,3.80,3.94,2.00,3.67,3.75,,,,,,,,,,,,,,,,,,,,,,,,,3.60,3.51,1.31,1.34,3.22,3.12,1.37,1.40,2.84,2.75,1.46,1.50,2.29,2.23,1.66,1.72,2.00,1.95,1.88,1.95,1.73,1.70,2.17,2.27,1.47,1.45,2.78,2.94,1.36,1.35,3.24,3.41,1.29,1.29,3.70,3.89,,,,,,,,,,,,,,,,,,,,,,,,,,,,,,,,,,,,,,,,
/football/turkey/super-lig/galatasaray-besiktas/,6qluDFxj,Galatasaray,Besiktas,2:1,super-lig,turkey,main,2023,2023-10-21,Pinnacle,1.69,4.40,4.73,1.65,4.40,4.96,,,,,,,,,,,,,,,,,4.22,4.28,1.26,1.25,3.19,3.32,1.39,1.36,2.66,2.74,1.53,1.50,2.36,2.44,1.65,1.61,2.05,2.14,1.83,1.78,1.80,1.86,2.11,2.05,1.64,1.68,2.38,2.30,1.46,1.50,2.86,2.75,1.29,1.31,3.88,3.68,1.25,1.26,4.15,4.17,,,,,,,,,,,,,,,,,,,,,,,,,,,,,,,,,,,,,,,,,,,,
/football/turkey/super-lig/gaziantep-antalyaspor/,CtyRzJUd,Gaziantep,Antalyaspor,1:0,super-lig,turkey,main,2023,2023-10-21,Pinnacle,2.66,3.25,2.91,2.80,3.44,2.56,,,,,,,,,,,,,,,,,,,,,,,,,,,,,,,,,4.76,4.52,1.20,1.23,3.42,3.24,1.33,1.38,2.78,2.64,1.47,1.53,2.40,2.25,1.61,1.71,2.02,1.87,1.85,2.05,1.71,1.60,2.20,2.47,1.55,1.46,2.55,2.89,1.39,1.32,3.08,3.60,1.25,1.19,4.17,5.19,,,,,,,,,,,,,,,,,,,,,,,,,,,,,,,,
/football/turkey/super-lig/kayserispor-rizespor/,na78IyFS,Kayserispor,Rizespor,3:1,super-lig,turkey,main,2023,2023-10-21,Pinnacle,2.18,3.53,3.50,2.24,3.40,3.35,,,,,,,,,,,,,,,,,,,,,,,,,,,,,3.94,3.76,1.27,1.30,3.48,3.31,1.32,1.37,2.65,2.56,1.51,1.56,2.23,2.17,1.69,1.76,1.93,1.88,1.94,2.03,1.60,1.57,2.41,2.54,1.45,1.43,2.87,3.01,1.35,1.34,3.31,3.46,1.24,1.24,4.25,4.47,,,,,,,,,,,,,,,,,,,,,,,,,,,,,,,,,,,,
/football/turkey/super-lig/konyaspor-pendikspor/,KCRoWfqS,Konyaspor,Pendikspor,1:2,super-lig,turkey,main,2023,2023-10-21,Pinnacle,1.97,3.53,4.19,1.69,3.96,4.99,,,,,,,,,,,,,,,,,,,,,,,,,2.92,3.66,1.43,1.32,2.58,3.24,1.53,1.38,2.23,2.84,1.69,1.48,1.89,2.27,1.98,1.70,1.69,1.97,2.24,1.93,1.49,1.69,2.73,2.28,1.28,1.43,3.79,3.05,1.23,1.33,4.35,3.59,1.23,1.27,4.54,4.13,,,,,,,,,,,,,,,,,,,,,,,,,,,,,,,,,,,,,,,,
/football/turkey/super-lig/besiktas-istanbulspor-as/,dAEeLwV9,Besiktas,Istanbulspor AS,2:0,super-lig,turkey,main,2023,2023-10-08,Pinnacle,1.24,6.51,13.12,1.27,6.42,9.22,,,,,3.41,3.29,1.33,1.36,2.83,2.74,1.44,1.48,2.55,2.45,1.53,1.60,2.25,2.14,1.67,1.76,1.94,1.86,1.91,2.03,1.75,1.68,2.13,2.27,1.56,1.51,2.48,2.71,1.37,1.32,3.13,3.54,1.31,1.27,3.53,4.01,,,,,,,,,,,,,,,,,,,,,,,,,,,,,,,,,,,,,,,,,,,,,,,,,,,,,,,,,,,,
/football/turkey/super-lig/hatayspor-konyaspor/,0rqR5bVM,Hatayspor,Konyaspor,3:1,super-lig,turkey,main,2023,2023-10-08,Pinnacle,2.54,3.16,3.15,2.54,3.46,2.86,,,,,,,,,,,,,,,,,,,,,,,,,,,,,4.90,4.85,1.21,1.21,4.12,4.31,1.27,1.25,3.05,3.10,1.42,1.41,2.53,2.52,1.58,1.58,2.18,2.15,1.75,1.79,1.83,1.75,2.06,2.18,1.61,1.53,2.46,2.66,1.47,1.40,2.85,3.12,1.34,1.28,3.51,3.94,1.21,1.17,4.94,5.69,,,,,,,,,,,,,,,,,,,,,,,,,,,,,,,,
/football/turkey/super-lig/kasimpasa-fenerbahce/,WQZd0xgp,Kasimpasa,Fenerbahce,0:2,super-lig,turkey,main,2023,2023-10-08,Pinnacle,6.87,4.90,1.47,4.89,4.43,1.63,,,,,,,,,,,,,,,,,,,,,,,,,,,,,,,,,,,,,,,,,,,,,,,,,,,,,2.84,3.67,1.45,1.31,2.36,2.89,1.63,1.45,2.10,2.61,1.78,1.55,1.84,2.31,2.04,1.68,1.64,2.00,2.33,1.91,1.52,1.79,2.62,2.12,1.38,1.61,3.13,2.44,1.25,1.43,4.12,3.00,1.29,1.36,3.82,3.36,,,,,,,,,,,,
/football/turkey/super-lig/rizespor-samsunspor/,hx84JHaM,Rizespor,Samsunspor,1:0,super-lig,turkey,main,2023,2023-10-08,Pinnacle,2.70,3.47,2.71,1.93,3.73,3.91,,,,,,,,,,,,,,,,,,,,,,,,,,,,,3.11,4.41,1.39,1.24,2.73,4.51,1.49,1.23,2.21,3.27,1.70,1.37,1.93,2.69,1.93,1.52,1.68,2.32,2.25,1.68,1.44,1.95,2.92,1.95,1.34,1.67,3.38,2.32,1.28,1.52,3.85,2.70,1.24,1.37,4.36,3.31,1.18,1.22,5.34,4.67,,,,,,,,,,,,,,,,,,,,,,,,,,,,,,,,
/football/turkey/super-lig/ankaragucu-kayserispor/,Eo90KcpG,Ankaragucu,Kayserispor,3:0,super-lig,turkey,main,2023,2023-10-07,Pinnacle,2.27,3.47,3.33,2.00,3.77,3.63,,,,,,,,,,,,,,,,,,,,,,,,,,,,,3.22,3.92,1.36,1.28,2.85,3.47,1.45,1.34,2.29,2.68,1.66,1.52,2.00,2.26,1.87,1.70,1.74,1.95,2.16,1.95,1.49,1.63,2.72,2.40,1.38,1.47,3.15,2.86,1.31,1.37,3.59,3.30,1.25,1.26,4.12,4.21,,,,,,,,,,,,,,,,,,,,,,,,,,,,,,,,,,,,
/football/turkey/super-lig/antalyaspor-galatasaray/,IJFiMJF3,Antalyaspor,Galatasaray,0:2,super-lig,turkey,main,2023,2023-10-07,Pinnacle,4.71,4.09,1.74,4.30,4.08,1.79,,,,,,,,,,,,,,,,,,,,,,,,,,,,,,,,,,,,,,,,,,,,,3.77,4.12,1.30,1.27,3.29,3.59,1.37,1.32,2.52,2.66,1.58,1.53,2.13,2.21,1.79,1.74,1.88,1.96,1.99,1.94,1.65,1.69,2.37,2.28,1.52,1.54,2.71,2.62,1.42,1.44,3.03,2.95,1.31,1.32,3.74,3.63,,,,,,,,,,,,,,,,,,,,
/football/turkey/super-lig/basaksehir-gaziantep/,OdGmNa0c,Basaksehir,Gaziantep,2:0,super-lig,turkey,main,2023,2023-10-07,Pinnacle,2.13,3.49,3.68,1.75,3.99,4.57,,,,,,,,,,,,,,,,,,,,,,,,,2.99,4.10,1.41,1.27,2.66,3.72,1.51,1.32,2.31,3.25,1.65,1.40,1.96,2.50,1.91,1.59,1.74,2.12,2.16,1.79,1.53,1.83,2.59,2.09,1.32,1.53,3.47,2.66,1.26,1.40,3.99,3.16,1.24,1.32,4.30,3.63,1.22,1.22,4.78,4.76,,,,,,,,,,,,,,,,,,,,,,,,,,,,,,,,,,,,
/football/turkey/super-lig/pendikspor-sivasspor/,vZsV4IpT,Pendikspor,Sivasspor,2:3,super-lig,turkey,main,2023,2023-10-07,Pinnacle,2.63,3.21,2.98,2.72,3.50,2.60,,,,,,,,,,,,,,,,,,,,,,,,,,,,,,,,,4.53,4.48,1.22,1.24,3.29,3.20,1.35,1.39,2.70,2.61,1.50,1.54,2.34,2.22,1.64,1.71,1.98,1.86,1.89,2.05,1.69,1.60,2.24,2.52,1.53,1.44,2.59,2.97,1.38,1.31,3.12,3.70,1.24,1.18,4.19,5.37,,,,,,,,,,,,,,,,,,,,,,,,,,,,,,,,
/football/turkey/super-lig/adanademirspor-trabzonspor/,CMCqOuoi,Adana Demirspor,Trabzonspor,1:0,super-lig,turkey,main,2023,2023-10-06,Pinnacle,2.02,3.91,3.60,2.16,3.88,3.13,,,,,,,,,,,,,,,,,,,,,,,,,3.66,3.52,1.31,1.33,3.46,3.16,1.33,1.39,3.08,2.81,1.39,1.49,2.49,2.30,1.57,1.68,2.15,2.02,1.74,1.89,1.90,1.76,1.97,2.17,1.63,1.51,2.36,2.71,1.49,1.40,2.74,3.13,1.39,1.33,3.10,3.56,,,,,,,,,,,,,,,,,,,,,,,,,,,,,,,,,,,,,,,,
/football/turkey/super-lig/alanyaspor-f-karagumruk/,AHY0ad8j,Alanyaspor,Karagumruk,2:1,super-lig,turkey,main,2023,2023-10-06,Pinnacle,2.42,3.39,3.13,1.88,3.86,4.10,,,,,,,,,,,,,,,,,,,,,,,,,,,,,2.95,4.32,1.44,1.25,2.59,3.85,1.56,1.29,2.13,2.89,1.79,1.46,1.87,2.41,2.01,1.63,1.65,2.07,2.37,1.85,1.42,1.72,3.09,2.23,1.33,1.53,3.56,2.68,1.27,1.41,4.04,3.10,1.23,1.28,4.60,3.93,,,,,,,,,,,,,,,,,,,,,,,,,,,,,,,,,,,,
/football/turkey/super-lig/kayserispor-basaksehir/,veHk67P5,Kayserispor,Basaksehir,0:0,super-lig,turkey,main,2023,2023-10-02,Pinnacle,2.61,3.38,2.86,2.57,3.40,2.81,,,,,,,,,,,,,,,,,,,,,,,,,,,,,,,,,4.22,4.38,1.24,1.24,3.09,3.17,1.39,1.39,2.56,2.60,1.54,1.55,2.20,2.23,1.71,1.72,1.85,1.86,2.03,2.05,1.60,1.61,2.41,2.45,1.47,1.47,2.80,2.85,1.33,1.33,3.44,3.53,1.20,1.20,4.84,5.06,,,,,,,,,,,,,,,,,,,,,,,,,,,,,,,,
/football/turkey/super-lig/adanademirspor-alanyaspor/,QkM9B21o,Adana Demirspor,Alanyaspor,4:0,super-lig,turkey,main,2023,2023-10-01,Pinnacle,1.72,4.36,4.55,1.70,4.29,4.50,,,,,,,,,,,,,,,,,,,,,3.37,3.40,1.34,1.35,2.78,2.80,1.46,1.48,2.48,2.50,1.57,1.59,2.17,2.19,1.73,1.75,1.88,1.90,1.99,2.01,1.69,1.71,2.23,2.25,1.51,1.52,2.65,2.68,1.32,1.33,3.50,3.53,1.27,1.28,3.97,4.01,,,,,,,,,,,,,,,,,,,,,,,,,,,,,,,,,,,,,,,,,,,,
/football/turkey/super-lig/fenerbahce-rizespor/,AgjE80o4,Fenerbahce,Rizespor,5:0,super-lig,turkey,main,2023,2023-10-01,Pinnacle,1.26,6.55,10.67,1.35,5.53,8.07,,,,,3.79,3.51,1.29,1.33,3.44,2.89,1.33,1.44,3.09,2.59,1.39,1.54,2.75,2.26,1.48,1.69,2.25,1.94,1.68,1.94,1.98,1.74,1.88,2.17,1.75,1.56,2.14,2.56,1.52,1.36,2.62,3.29,1.41,1.30,2.99,3.73,,,,,,,,,,,,,,,,,,,,,,,,,,,,,,,,,,,,,,,,,,,,,,,,,,,,,,,,,,,,
/football/turkey/super-lig/f-karagumruk-kasimpasa/,4tLDAMGi,Karagumruk,Kasimpasa,2:3,super-lig,turkey,main,2023,2023-10-01,Pinnacle,2.36,3.41,3.22,2.34,3.71,2.93,,,,,,,,,,,,,,,,,,,,,,,,,,,,,3.95,4.15,1.27,1.26,3.54,3.68,1.32,1.31,2.75,2.81,1.48,1.49,2.33,2.35,1.64,1.66,2.04,2.03,1.84,1.88,1.73,1.68,2.17,2.30,1.55,1.50,2.54,2.75,1.43,1.39,2.90,3.18,1.31,1.27,3.57,4.03,,,,,,,,,,,,,,,,,,,,,,,,,,,,,,,,,,,,
/football/turkey/super-lig/konyaspor-besiktas/,IJgM6vGG,Konyaspor,Besiktas,0:2,super-lig,turkey,main,2023,2023-10-01,Pinnacle,3.08,3.42,2.44,3.40,3.74,2.09,,,,,,,,,,,,,,,,,,,,,,,,,,,,,,,,,,,,,4.26,3.85,1.24,1.27,3.36,3.05,1.34,1.38,2.96,2.63,1.43,1.49,2.53,2.36,1.55,1.65,2.06,1.83,1.83,2.09,1.79,1.62,2.08,2.43,1.60,1.46,2.41,2.92,1.41,1.29,2.99,3.89,1.34,1.24,3.37,4.36,,,,,,,,,,,,,,,,,,,,,,,,,,,,
/football/turkey/super-lig/galatasaray-ankaragucu/,0A5b4ofI,Galatasaray,Ankaragucu,2:1,super-lig,turkey,main,2023,2023-09-30,Pinnacle,1.24,6.92,11.83,1.32,6.07,8.77,,,,,3.66,3.19,1.32,1.38,3.09,2.68,1.41,1.50,2.77,2.40,1.49,1.62,2.46,2.10,1.61,1.79,2.08,1.84,1.83,2.06,1.85,1.67,2.03,2.30,1.65,1.50,2.35,2.74,1.45,1.32,2.93,3.58,1.37,1.27,3.30,4.03,,,,,,,,,,,,,,,,,,,,,,,,,,,,,,,,,,,,,,,,,,,,,,,,,,,,,,,,,,,,
/football/turkey/super-lig/istanbulspor-as-antalyaspor/,IoGg5RvC,Istanbulspor AS,Antalyaspor,1:2,super-lig,turkey,main,2023,2023-09-30,Pinnacle,4.09,3.92,1.88,2.62,3.49,2.75,,,,,,,,,,,,,,,,,,,,,,,,,,,,,,,,,,,,,,,,,2.61,4.03,1.55,1.27,2.25,3.56,1.71,1.33,1.89,3.09,1.98,1.42,1.65,2.37,2.36,1.65,1.51,2.02,2.73,1.88,1.36,1.78,3.33,2.14,1.23,1.54,4.59,2.62,1.24,1.43,4.38,2.99,1.29,1.36,3.79,3.38,,,,,,,,,,,,,,,,,,,,,,,,
/football/turkey/super-lig/sivasspor-hatayspor/,4GkI7K0A,Sivasspor,Hatayspor,0:0,super-lig,turkey,main,2023,2023-09-30,Pinnacle,2.18,3.48,3.54,2.14,3.58,3.41,,,,,,,,,,,,,,,,,,,,,,,,,,,,,3.60,3.75,1.31,1.30,3.18,3.30,1.37,1.37,2.50,2.56,1.56,1.56,2.13,2.17,1.76,1.76,1.85,1.88,2.02,2.03,1.56,1.57,2.50,2.55,1.43,1.43,2.95,3.04,1.34,1.34,3.37,3.50,1.23,1.23,4.33,4.51,,,,,,,,,,,,,,,,,,,,,,,,,,,,,,,,,,,,
/football/turkey/super-lig/trabzonspor-pendikspor/,W2iA9tWc,Trabzonspor,Pendikspor,2:1,super-lig,turkey,main,2023,2023-09-30,Pinnacle,1.60,4.29,5.80,1.48,4.88,6.18,,,,,,,,,,,,,,,,,3.32,4.19,1.35,1.26,2.64,3.14,1.52,1.40,2.26,2.62,1.68,1.55,2.01,2.30,1.87,1.68,1.74,2.00,2.16,1.91,1.57,1.74,2.48,2.20,1.46,1.59,2.78,2.49,1.33,1.41,3.46,3.08,1.21,1.24,4.83,4.47,,,,,,,,,,,,,,,,,,,,,,,,,,,,,,,,,,,,,,,,,,,,,,,,
/football/turkey/super-lig/samsunspor-gaziantep/,CnYRnJOp,Samsunspor,Gaziantep,1:2,super-lig,turkey,main,2023,2023-09-29,Pinnacle,1.84,3.82,4.44,2.05,3.69,3.57,,,,,,,,,,,,,,,,,,,,,4.17,4.17,1.26,1.26,3.74,3.31,1.29,1.37,3.35,2.92,1.34,1.44,2.96,2.54,1.43,1.57,2.36,2.09,1.63,1.82,2.05,1.84,1.83,2.08,1.78,1.60,2.11,2.47,1.51,1.37,2.65,3.32,1.39,1.29,3.09,3.84,1.32,1.24,3.53,4.37,,,,,,,,,,,,,,,,,,,,,,,,,,,,,,,,,,,,,,,,
/football/turkey/super-lig/fenerbahce-basaksehir/,jDBIj78L,Fenerbahce,Basaksehir,4:0,super-lig,turkey,main,2023,2023-09-28,Pinnacle,1.38,5.34,8.99,1.47,4.93,6.23,,,,,,,,,3.33,3.64,1.36,1.32,2.98,3.26,1.43,1.36,2.64,2.89,1.54,1.44,2.19,2.33,1.75,1.67,1.93,2.08,1.94,1.88,1.71,1.78,2.25,2.13,1.50,1.57,2.78,2.62,1.39,1.45,3.16,3.00,1.33,1.37,3.55,3.40,,,,,,,,,,,,,,,,,,,,,,,,,,,,,,,,,,,,,,,,,,,,,,,,,,,,,,,,
/football/turkey/super-lig/adanademirspor-besiktas/,GfJ5g9O2,Adana Demirspor,Besiktas,4:2,super-lig,turkey,main,2023,2023-09-27,Pinnacle,3.25,4.04,2.11,2.73,3.88,2.45,,,,,,,,,,,,,,,,,,,,,,,,,,,,,,,,,,,,,3.24,3.99,1.38,1.28,2.72,3.21,1.51,1.38,2.39,2.85,1.64,1.47,2.04,2.47,1.84,1.60,1.78,2.05,2.14,1.86,1.61,1.81,2.44,2.10,1.46,1.62,2.86,2.42,1.32,1.43,3.64,2.97,1.33,1.36,3.52,3.33,1.31,1.33,3.67,3.52,,,,,,,,,,,,,,,,,,,,,,,,
/football/turkey/super-lig/istanbulspor-as-galatasaray/,6PyFWoHk,Istanbulspor AS,Galatasaray,0:1,super-lig,turkey,main,2023,2023-09-26,Pinnacle,10.00,6.12,1.29,5.63,4.68,1.55,,,,,,,,,,,,,,,,,,,,,,,,,,,,,,,,,,,,,,,,,,,,,,,,,,,,,,,,,,,,,2.32,3.54,1.67,1.32,2.01,3.18,1.86,1.38,1.78,2.59,2.15,1.54,1.63,2.24,2.42,1.70,1.47,2.01,2.85,1.88,1.31,1.76,3.66,2.15,1.31,1.60,3.60,2.45,1.33,1.49,3.56,2.73,1.31,1.37,3.74,3.26,,,,
/football/turkey/super-lig/hatayspor-trabzonspor/,Gb1A9LE0,Hatayspor,Trabzonspor,3:2,super-lig,turkey,main,2023,2023-09-25,Pinnacle,3.42,3.57,2.20,3.76,3.82,1.98,,,,,,,,,,,,,,,,,,,,,,,,,,,,,,,,,,,,,4.13,4.35,1.26,1.25,3.71,3.38,1.31,1.36,3.26,2.95,1.37,1.45,2.82,2.44,1.48,1.59,2.22,2.01,1.72,1.90,1.91,1.75,1.96,2.19,1.70,1.56,2.26,2.57,1.50,1.36,2.78,3.29,1.40,1.30,3.15,3.73,,,,,,,,,,,,,,,,,,,,,,,,,,,,
/football/turkey/super-lig/alanyaspor-fenerbahce/,2F3M6JbJ,Alanyaspor,Fenerbahce,0:1,super-lig,turkey,main,2023,2023-09-24,Pinnacle,5.65,4.49,1.58,5.29,4.73,1.57,,,,,,,,,,,,,,,,,,,,,,,,,,,,,,,,,,,,,,,,,,,,,4.34,4.44,1.24,1.24,4.21,4.41,1.26,1.24,3.09,3.11,1.41,1.40,2.55,2.53,1.57,1.58,2.27,2.23,1.70,1.72,1.98,1.94,1.89,1.96,1.76,1.70,2.17,2.26,1.61,1.56,2.44,2.56,1.46,1.41,2.86,3.07,1.32,1.27,3.66,4.08,,,,,,,,,,,,,,,,
/football/turkey/super-lig/ankaragucu-konyaspor/,WUDs8Tfg,Ankaragucu,Konyaspor,1:1,super-lig,turkey,main,2023,2023-09-24,Pinnacle,2.51,3.43,2.97,2.23,3.70,3.13,,,,,,,,,,,,,,,,,,,,,,,,,,,,,,,,,3.34,4.05,1.34,1.27,2.61,3.00,1.52,1.43,2.22,2.49,1.70,1.59,1.94,2.14,1.93,1.78,1.65,1.80,2.32,2.13,1.49,1.57,2.72,2.54,1.39,1.45,3.09,2.95,1.27,1.31,3.89,3.69,1.19,1.18,5.30,5.34,,,,,,,,,,,,,,,,,,,,,,,,,,,,,,,,
/football/turkey/super-lig/besiktas-kayserispor/,l6Ox99um,Besiktas,Kayserispor,2:1,super-lig,turkey,main,2023,2023-09-24,Pinnacle,1.37,5.40,8.72,1.38,5.56,7.64,,,,,,,,,3.43,3.45,1.35,1.34,3.09,3.10,1.41,1.41,2.75,2.76,1.50,1.50,2.27,2.27,1.69,1.70,1.99,2.00,1.88,1.91,1.78,1.76,2.15,2.16,1.55,1.54,2.59,2.64,1.44,1.43,2.94,3.01,1.37,1.35,3.30,3.38,,,,,,,,,,,,,,,,,,,,,,,,,,,,,,,,,,,,,,,,,,,,,,,,,,,,,,,,
/football/turkey/super-lig/kasimpasa-adanademirspor/,OO4I7aqD,Kasimpasa,Adana Demirspor,2:1,super-lig,turkey,main,2023,2023-09-24,Pinnacle,3.51,4.14,1.99,2.79,3.85,2.37,,,,,,,,,,,,,,,,,,,,,,,,,,,,,,,,,,,,,3.34,4.06,1.34,1.27,2.77,3.47,1.47,1.34,2.44,3.08,1.59,1.41,2.10,2.69,1.78,1.52,1.81,2.19,2.08,1.75,1.63,1.92,2.36,1.99,1.48,1.71,2.77,2.24,1.32,1.53,3.49,2.68,1.28,1.43,3.87,2.99,1.34,1.37,3.50,3.32,,,,,,,,,,,,,,,,,,,,,,,,
/football/turkey/super-lig/antalyaspor-samsunspor/,xWKY9kQt,Antalyaspor,Samsunspor,2:0,super-lig,turkey,main,2023,2023-09-23,Pinnacle,2.18,3.55,3.47,1.97,3.80,3.82,,,,,,,,,,,,,,,,,,,,,,,,,,,,,3.13,3.68,1.40,1.31,2.76,3.25,1.50,1.38,2.25,2.55,1.71,1.57,1.95,2.17,1.92,1.76,1.71,1.88,2.24,2.02,1.47,1.58,2.86,2.52,1.37,1.44,3.31,2.99,1.30,1.35,3.77,3.43,1.24,1.24,4.47,4.42,,,,,,,,,,,,,,,,,,,,,,,,,,,,,,,,,,,,
/football/turkey/super-lig/basaksehir-galatasaray/,KjY6EVHP,Basaksehir,Galatasaray,1:2,super-lig,turkey,main,2023,2023-09-23,Pinnacle,4.24,3.75,1.90,5.38,4.50,1.60,,,,,,,,,,,,,,,,,,,,,,,,,,,,,,,,,,,,,,,,,4.09,4.18,1.25,1.26,4.05,3.66,1.26,1.32,4.23,3.15,1.26,1.40,3.05,2.37,1.42,1.65,2.50,2.01,1.59,1.90,2.22,1.76,1.73,2.17,1.92,1.52,1.95,2.68,1.71,1.41,2.25,3.08,1.57,1.34,2.54,3.49,,,,,,,,,,,,,,,,,,,,,,,,
/football/turkey/super-lig/pendikspor-f-karagumruk/,U15E8uU6,Pendikspor,Karagumruk,1:1,super-lig,turkey,main,2023,2023-09-23,Pinnacle,2.44,3.33,3.15,2.78,3.49,2.55,,,,,,,,,,,,,,,,,,,,,,,,,,,,,4.38,4.37,1.24,1.24,4.68,3.89,1.21,1.29,3.38,2.93,1.34,1.45,2.76,2.43,1.48,1.62,2.39,2.09,1.61,1.83,2.02,1.72,1.85,2.23,1.71,1.52,2.19,2.68,1.55,1.40,2.54,3.11,1.40,1.28,3.06,3.93,,,,,,,,,,,,,,,,,,,,,,,,,,,,,,,,,,,,
/football/turkey/super-lig/rizespor-sivasspor/,ALCo7mAa,Rizespor,Sivasspor,1:1,super-lig,turkey,main,2023,2023-09-23,Pinnacle,1.96,3.70,4.01,2.16,3.65,3.39,,,,,,,,,,,,,,,,,,,,,,,,,3.95,3.61,1.28,1.32,3.61,3.21,1.32,1.38,3.19,2.81,1.39,1.49,2.52,2.25,1.58,1.71,2.15,1.96,1.77,1.94,1.86,1.70,2.01,2.27,1.59,1.44,2.50,2.97,1.45,1.34,2.94,3.46,1.36,1.28,3.35,3.96,,,,,,,,,,,,,,,,,,,,,,,,,,,,,,,,,,,,,,,,
/football/turkey/super-lig/gaziantep-istanbulspor-as/,t0Z2FB2J,Gaziantep,Istanbulspor AS,2:0,super-lig,turkey,main,2023,2023-09-22,Pinnacle,1.85,3.94,4.27,2.08,3.70,3.56,,,,,,,,,,,,,,,,,,,,,4.05,4.05,1.27,1.27,3.80,3.25,1.30,1.38,3.40,2.88,1.35,1.46,3.01,2.52,1.43,1.58,2.40,2.08,1.63,1.82,2.08,1.85,1.84,2.07,1.80,1.61,2.11,2.44,1.53,1.39,2.65,3.22,1.41,1.31,3.08,3.71,1.33,1.26,3.52,4.20,,,,,,,,,,,,,,,,,,,,,,,,,,,,,,,,,,,,,,,,
/football/turkey/super-lig/f-karagumruk-hatayspor/,2oxRHq7K,Karagumruk,Hatayspor,0:0,super-lig,turkey,main,2023,2023-09-18,Pinnacle,1.98,3.56,4.10,2.01,3.66,3.72,,,,,,,,,,,,,,,,,,,,,,,,,3.73,3.67,1.29,1.31,3.32,3.26,1.35,1.37,2.92,2.86,1.44,1.47,2.32,2.28,1.65,1.69,2.01,1.98,1.87,1.93,1.74,1.70,2.16,2.26,1.48,1.44,2.76,2.99,1.37,1.34,3.21,3.51,1.30,1.27,3.67,4.04,,,,,,,,,,,,,,,,,,,,,,,,,,,,,,,,,,,,,,,,
/football/turkey/super-lig/sivasspor-ankaragucu/,fqD1Bspl,Sivasspor,Ankaragucu,1:3,super-lig,turkey,main,2023,2023-09-18,Pinnacle,2.28,3.34,3.44,2.21,3.51,3.39,,,,,,,,,,,,,,,,,,,,,,,,,,,,,3.81,4.10,1.30,1.27,3.36,3.61,1.36,1.32,2.60,2.72,1.55,1.51,2.20,2.27,1.74,1.70,1.89,1.95,1.98,1.95,1.60,1.61,2.47,2.44,1.45,1.45,2.92,2.93,1.36,1.35,3.35,3.40,1.25,1.24,4.31,4.38,,,,,,,,,,,,,,,,,,,,,,,,,,,,,,,,,,,,
/football/turkey/super-lig/alanyaspor-kasimpasa/,zupuftFD,Alanyaspor,Kasimpasa,3:3,super-lig,turkey,main,2023,2023-09-17,Pinnacle,1.95,3.60,4.17,2.07,3.85,3.46,,,,,,,,,,,,,,,,,,,,,,,,,3.67,3.56,1.31,1.33,3.29,3.16,1.37,1.39,2.93,2.77,1.45,1.50,2.37,2.24,1.65,1.72,2.05,1.95,1.83,1.95,1.81,1.68,2.11,2.30,1.55,1.43,2.60,3.05,1.43,1.33,3.00,3.58,1.35,1.27,3.41,4.11,,,,,,,,,,,,,,,,,,,,,,,,,,,,,,,,,,,,,,,,
/football/turkey/super-lig/fenerbahce-antalyaspor/,nJDcCNUs,Fenerbahce,Antalyaspor,3:2,super-lig,turkey,main,2023,2023-09-17,Pinnacle,1.40,5.43,7.36,1.33,5.71,9.26,,,,,,,,,,,,,2.97,3.56,1.43,1.33,2.63,3.17,1.54,1.39,2.18,2.54,1.75,1.57,1.91,2.18,1.96,1.75,1.70,1.92,2.27,1.99,1.48,1.64,2.84,2.39,1.38,1.49,3.23,2.79,1.32,1.39,3.64,3.16,1.27,1.27,3.98,4.03,,,,,,,,,,,,,,,,,,,,,,,,,,,,,,,,,,,,,,,,,,,,,,,,,,,,
/football/turkey/super-lig/istanbulspor-as-basaksehir/,vDjWe2p1,Istanbulspor AS,Basaksehir,0:2,super-lig,turkey,main,2023,2023-09-17,Pinnacle,3.62,3.47,2.16,2.28,3.50,3.25,,,,,,,,,,,,,,,,,,,,,,,,,,,,,,,,,,,,,2.69,4.68,1.52,1.22,2.27,3.57,1.70,1.33,1.95,3.10,1.92,1.41,1.65,2.61,2.36,1.55,1.49,2.06,2.80,1.85,1.38,1.78,3.21,2.15,1.27,1.57,4.09,2.53,1.19,1.37,4.94,3.27,1.24,1.31,4.34,3.73,,,,,,,,,,,,,,,,,,,,,,,,,,,,
/football/turkey/super-lig/trabzonspor-besiktas/,pARVG3MQ,Trabzonspor,Besiktas,3:0,super-lig,turkey,main,2023,2023-09-17,Pinnacle,3.28,3.62,2.24,2.76,3.66,2.52,,,,,,,,,,,,,,,,,,,,,,,,,,,,,,,,,,,,,3.32,4.09,1.36,1.27,2.75,3.25,1.50,1.38,2.39,2.84,1.64,1.48,2.02,2.40,1.85,1.63,1.75,1.97,2.19,1.93,1.58,1.72,2.51,2.23,1.43,1.55,2.99,2.60,1.28,1.38,3.93,3.26,1.27,1.32,3.91,3.65,,,,,,,,,,,,,,,,,,,,,,,,,,,,
/football/turkey/super-lig/adanademirspor-pendikspor/,lrYMIPiE,Adana Demirspor,Pendikspor,3:0,super-lig,turkey,main,2023,2023-09-16,Pinnacle,1.62,4.60,5.12,1.51,4.80,5.72,,,,,,,,,,,,,,,,,3.49,4.04,1.32,1.27,2.74,3.08,1.47,1.41,2.34,2.59,1.64,1.55,2.08,2.30,1.79,1.68,1.81,2.01,2.07,1.90,1.63,1.76,2.36,2.17,1.51,1.61,2.66,2.45,1.36,1.44,3.27,2.96,1.22,1.27,4.58,4.03,,,,,,,,,,,,,,,,,,,,,,,,,,,,,,,,,,,,,,,,,,,,,,,,
/football/turkey/super-lig/galatasaray-samsunspor/,dloyeMa7,Galatasaray,Samsunspor,4:2,super-lig,turkey,main,2023,2023-09-16,Pinnacle,1.40,5.38,8.02,1.37,5.55,7.30,,,,,,,,,,,,,3.08,3.31,1.39,1.35,2.75,2.94,1.48,1.42,2.27,2.41,1.67,1.63,2.00,2.10,1.87,1.78,1.77,1.88,2.11,2.06,1.55,1.59,2.54,2.50,1.44,1.48,2.88,2.89,1.36,1.39,3.23,3.26,1.25,1.27,4.29,4.22,,,,,,,,,,,,,,,,,,,,,,,,,,,,,,,,,,,,,,,,,,,,,,,,,,,,
/football/turkey/super-lig/kayserispor-gaziantep/,0MiSdrVf,Kayserispor,Gaziantep,2:0,super-lig,turkey,main,2023,2023-09-16,Pinnacle,2.30,3.49,3.27,1.81,3.95,4.21,,,,,,,,,,,,,,,,,,,,,,,,,,,,,2.81,3.96,1.47,1.28,2.45,3.51,1.59,1.34,2.05,2.71,1.83,1.52,1.81,2.28,2.06,1.69,1.59,1.98,2.44,1.93,1.37,1.65,3.19,2.36,1.30,1.49,3.68,2.81,1.25,1.38,4.09,3.24,1.22,1.26,4.69,4.13,,,,,,,,,,,,,,,,,,,,,,,,,,,,,,,,,,,,
/football/turkey/super-lig/konyaspor-rizespor/,YZB5A1af,Konyaspor,Rizespor,1:2,super-lig,turkey,main,2023,2023-09-16,Pinnacle,2.00,3.51,4.11,1.92,3.80,3.89,,,,,,,,,,,,,,,,,,,,,,,,,3.44,3.65,1.33,1.32,3.06,3.25,1.40,1.38,2.69,2.86,1.50,1.47,2.19,2.29,1.72,1.68,1.92,2.00,1.95,1.91,1.67,1.71,2.27,2.24,1.43,1.44,2.93,2.98,1.34,1.34,3.38,3.51,1.28,1.27,3.84,4.05,,,,,,,,,,,,,,,,,,,,,,,,,,,,,,,,,,,,,,,,
/football/turkey/super-lig/ankaragucu-fenerbahce/,8EZKb40r,Ankaragucu,Fenerbahce,0:1,super-lig,turkey,main,2023,2023-09-03,Pinnacle,4.52,3.95,1.80,3.83,3.93,1.93,,,,,,,,,,,,,,,,,,,,,,,,,,,,,,,,,,,,,,,,,,,,,3.34,3.93,1.36,1.28,2.90,3.40,1.46,1.35,2.28,2.54,1.69,1.57,1.95,2.12,1.92,1.79,1.75,1.88,2.19,2.03,1.53,1.63,2.66,2.41,1.43,1.50,3.01,2.77,1.36,1.40,3.37,3.11,1.28,1.29,3.80,3.89,,,,,,,,,,,,,,,,,,,,
/football/turkey/super-lig/besiktas-sivasspor/,2Xdh3phR,Besiktas,Sivasspor,2:0,super-lig,turkey,main,2023,2023-09-03,Pinnacle,1.39,5.17,8.37,1.45,4.90,6.90,,,,,,,,,3.70,3.70,1.31,1.31,3.69,3.33,1.31,1.36,3.29,2.95,1.37,1.44,2.61,2.40,1.55,1.63,2.23,2.08,1.72,1.83,1.96,1.84,1.91,2.08,1.70,1.59,2.26,2.50,1.55,1.47,2.61,2.88,1.44,1.38,2.93,3.24,1.31,1.26,3.72,4.23,,,,,,,,,,,,,,,,,,,,,,,,,,,,,,,,,,,,,,,,,,,,,,,,,,,,
/football/turkey/super-lig/hatayspor-adanademirspor/,SfEop5ok,Hatayspor,Adana Demirspor,3:3,super-lig,turkey,main,2023,2023-09-03,Pinnacle,3.55,3.89,2.04,3.29,3.94,2.11,,,,,,,,,,,,,,,,,,,,,,,,,,,,,,,,,,,,,4.01,4.24,1.26,1.25,3.22,3.50,1.37,1.34,2.85,3.08,1.45,1.41,2.47,2.67,1.58,1.53,2.04,2.14,1.83,1.78,1.79,1.87,2.08,2.04,1.61,1.67,2.39,2.33,1.43,1.47,2.92,2.86,1.35,1.38,3.28,3.21,1.31,1.33,3.67,3.58,,,,,,,,,,,,,,,,,,,,,,,,
/football/turkey/super-lig/antalyaspor-kayserispor/,Otbl4QxL,Antalyaspor,Kayserispor,1:1,super-lig,turkey,main,2023,2023-09-02,Pinnacle,1.83,3.85,4.47,1.70,4.03,5.05,,,,,,,,,,,,,,,,,,,,,3.57,4.01,1.33,1.28,2.89,3.19,1.45,1.39,2.56,2.85,1.56,1.48,2.21,2.48,1.74,1.60,1.88,2.07,2.00,1.85,1.69,1.82,2.28,2.08,1.49,1.60,2.78,2.49,1.29,1.36,3.84,3.33,1.24,1.29,4.41,3.87,1.27,1.25,3.94,4.33,,,,,,,,,,,,,,,,,,,,,,,,,,,,,,,,,,,,,,,,
/football/turkey/super-lig/basaksehir-konyaspor/,f7gp56NE,Basaksehir,Konyaspor,0:1,super-lig,turkey,main,2023,2023-09-02,Pinnacle,2.27,3.48,3.34,2.06,3.66,3.65,,,,,,,,,,,,,,,,,,,,,,,,,,,,,3.39,4.00,1.35,1.28,3.00,3.53,1.44,1.33,2.38,2.69,1.64,1.52,2.04,2.26,1.84,1.70,1.78,1.95,2.13,1.95,1.52,1.63,2.70,2.41,1.40,1.47,3.15,2.87,1.32,1.37,3.61,3.30,1.28,1.26,3.94,4.23,,,,,,,,,,,,,,,,,,,,,,,,,,,,,,,,,,,,
/football/turkey/super-lig/gaziantep-galatasaray/,GGft6n88,Gaziantep,Galatasaray,0:3,super-lig,turkey,main,2023,2023-09-02,Pinnacle,6.25,4.83,1.51,5.10,4.40,1.61,,,,,,,,,,,,,,,,,,,,,,,,,,,,,,,,,,,,,,,,,,,,,,,,,4.00,4.74,1.26,1.22,2.91,3.44,1.43,1.35,2.40,2.75,1.61,1.49,2.13,2.45,1.76,1.61,1.87,2.14,2.01,1.78,1.66,1.86,2.29,2.05,1.53,1.68,2.58,2.30,1.39,1.52,3.08,2.70,1.26,1.35,4.06,3.43,1.33,1.29,3.51,3.84,,,,,,,,,,,,
/football/turkey/super-lig/pendikspor-alanyaspor/,6oDkqP0e,Pendikspor,Alanyaspor,1:1,super-lig,turkey,main,2023,2023-09-02,Pinnacle,2.78,3.53,2.60,2.47,3.74,2.73,,,,,,,,,,,,,,,,,,,,,,,,,,,,,,,,,3.81,4.66,1.28,1.22,2.92,3.38,1.43,1.36,2.46,2.77,1.58,1.50,2.15,2.39,1.75,1.64,1.84,2.02,2.04,1.88,1.62,1.72,2.38,2.24,1.49,1.56,2.72,2.59,1.35,1.40,3.29,3.13,1.22,1.26,4.44,4.23,,,,,,,,,,,,,,,,,,,,,,,,,,,,,,,,
/football/turkey/super-lig/kasimpasa-trabzonspor/,08CgrqG1,Kasimpasa,Trabzonspor,1:5,super-lig,turkey,main,2023,2023-09-01,Pinnacle,2.96,3.55,2.45,2.82,3.68,2.47,,,,,,,,,,,,,,,,,,,,,,,,,,,,,,,,,,,,,3.40,3.66,1.35,1.32,2.80,2.93,1.49,1.44,2.44,2.55,1.61,1.57,2.07,2.15,1.82,1.78,1.78,1.81,2.14,2.12,1.61,1.61,2.46,2.44,1.45,1.45,2.91,2.92,1.30,1.29,3.80,3.86,1.28,1.25,3.80,4.32,,,,,,,,,,,,,,,,,,,,,,,,,,,,
/football/turkey/super-lig/rizespor-f-karagumruk/,6ahOcOFl,Rizespor,Karagumruk,1:0,super-lig,turkey,main,2023,2023-09-01,Pinnacle,1.76,4.13,3.31,2.37,3.65,2.91,,,,,,,,,,,,,,,,,,,,,,,,,,,,,4.10,2.49,1.25,1.45,3.66,2.25,1.30,1.57,2.81,1.95,1.46,1.78,2.36,1.75,1.63,1.96,2.06,1.57,1.82,2.21,1.75,1.54,2.15,2.63,1.56,1.41,2.52,3.14,1.44,1.32,2.88,3.63,1.31,1.22,3.56,4.71,,,,,,,,,,,,,,,,,,,,,,,,,,,,,,,,,,,,
/football/turkey/super-lig/alanyaspor-hatayspor/,SvQNUPo2,Alanyaspor,Hatayspor,0:0,super-lig,turkey,main,2023,2023-08-27,Pinnacle,2.13,3.54,3.62,2.05,3.78,3.56,,,,,,,,,,,,,,,,,,,,,,,,,,,,,3.31,3.59,1.37,1.32,2.93,3.16,1.45,1.39,2.36,2.49,1.65,1.60,2.03,2.12,1.85,1.79,1.79,1.84,2.13,2.08,1.53,1.54,2.66,2.63,1.41,1.41,3.08,3.11,1.34,1.33,3.51,3.57,1.23,1.22,4.59,4.63,,,,,,,,,,,,,,,,,,,,,,,,,,,,,,,,,,,,
/football/turkey/super-lig/f-karagumruk-ankaragucu/,foI9hTw9,Karagumruk,Ankaragucu,1:1,super-lig,turkey,main,2023,2023-08-27,Pinnacle,2.48,3.38,3.05,2.51,3.65,2.78,,,,,,,,,,,,,,,,,,,,,,,,,,,,,3.77,4.37,1.29,1.24,3.86,3.91,1.28,1.29,2.94,2.96,1.42,1.45,2.48,2.46,1.57,1.60,2.15,2.12,1.74,1.81,1.84,1.76,2.04,2.17,1.61,1.55,2.39,2.61,1.48,1.42,2.74,3.02,1.35,1.30,3.32,3.75,1.22,1.19,4.48,5.16,,,,,,,,,,,,,,,,,,,,,,,,,,,,,,,,
/football/turkey/super-lig/kayserispor-samsunspor/,fkYAXR1q,Kayserispor,Samsunspor,2:1,super-lig,turkey,main,2023,2023-08-27,Pinnacle,2.68,3.35,2.81,2.32,3.62,3.09,,,,,,,,,,,,,,,,,,,,,,,,,,,,,,,,,3.50,4.48,1.32,1.24,2.71,3.25,1.50,1.38,2.28,2.67,1.66,1.53,1.99,2.29,1.88,1.69,1.68,1.91,2.25,2.00,1.51,1.64,2.64,2.39,1.40,1.49,3.02,2.79,1.29,1.34,3.78,3.45,1.22,1.21,4.54,4.88,,,,,,,,,,,,,,,,,,,,,,,,,,,,,,,,
/football/turkey/super-lig/kasimpasa-pendikspor/,llRJV5We,Kasimpasa,Pendikspor,1:1,super-lig,turkey,main,2023,2023-08-26,Pinnacle,2.10,3.66,3.57,1.72,4.20,4.60,,,,,,,,,,,,,,,,,,,,,,,,,2.86,3.80,1.46,1.30,2.55,3.43,1.57,1.35,2.22,3.03,1.72,1.42,1.90,2.43,1.97,1.62,1.72,2.09,2.23,1.81,1.53,1.83,2.67,2.10,1.33,1.54,3.55,2.63,1.27,1.42,4.04,3.09,1.22,1.33,4.57,3.53,1.22,1.23,4.68,4.55,,,,,,,,,,,,,,,,,,,,,,,,,,,,,,,,,,,,
/football/turkey/super-lig/sivasspor-antalyaspor/,pzBMkRNR,Sivasspor,Antalyaspor,1:1,super-lig,turkey,main,2023,2023-08-26,Pinnacle,2.61,3.30,2.93,2.26,3.55,3.18,,,,,,,,,,,,,,,,,,,,,,,,,,,,,3.94,4.56,1.27,1.23,3.49,4.30,1.32,1.25,2.68,3.14,1.51,1.40,2.25,2.59,1.68,1.55,1.95,2.22,1.91,1.73,1.65,1.84,2.32,2.08,1.48,1.59,2.74,2.49,1.38,1.46,3.14,2.92,1.26,1.32,3.99,3.63,1.17,1.19,5.55,5.25,,,,,,,,,,,,,,,,,,,,,,,,,,,,,,,,
/football/turkey/super-lig/trabzonspor-rizespor/,xA7EimgF,Trabzonspor,Rizespor,2:3,super-lig,turkey,main,2023,2023-08-26,Pinnacle,1.76,3.90,4.89,1.53,4.61,6.03,,,,,,,,,,,,,,,,,,,,,2.86,3.88,1.46,1.29,2.42,3.10,1.63,1.41,2.13,2.74,1.79,1.51,1.84,2.36,2.04,1.65,1.65,1.98,2.36,1.93,1.53,1.75,2.68,2.19,1.37,1.53,3.31,2.66,1.22,1.31,4.77,3.67,1.23,1.25,4.56,4.25,,,,,,,,,,,,,,,,,,,,,,,,,,,,,,,,,,,,,,,,,,,,
/football/turkey/super-lig/konyaspor-gaziantep/,nqclooWr,Konyaspor,Gaziantep,2:0,super-lig,turkey,main,2023,2023-08-25,Pinnacle,1.91,3.71,4.25,1.91,3.82,3.92,,,,,,,,,,,,,,,,,,,,,,,,,3.35,3.43,1.34,1.35,2.99,3.04,1.41,1.42,2.64,2.66,1.52,1.53,2.17,2.17,1.74,1.76,1.91,1.91,1.96,2.00,1.66,1.65,2.29,2.36,1.43,1.40,2.95,3.15,1.33,1.31,3.41,3.67,1.28,1.26,3.87,4.19,,,,,,,,,,,,,,,,,,,,,,,,,,,,,,,,,,,,,,,,
/football/turkey/super-lig/ankaragucu-adanademirspor/,O2BwjzIA,Ankaragucu,Adana Demirspor,1:1,super-lig,turkey,main,2023,2023-08-21,Pinnacle,2.89,3.55,2.50,2.59,3.83,2.56,,,,,,,,,,,,,,,,,,,,,,,,,,,,,,,,,3.97,4.86,1.27,1.21,3.05,3.52,1.40,1.33,2.57,2.88,1.54,1.47,2.26,2.49,1.68,1.59,1.94,2.11,1.93,1.82,1.69,1.78,2.23,2.15,1.55,1.60,2.55,2.49,1.41,1.44,3.01,2.96,1.27,1.29,3.91,3.89,1.28,1.26,4.00,4.20,,,,,,,,,,,,,,,,,,,,,,,,,,,,
/football/turkey/super-lig/samsunspor-fenerbahce/,I5zvVYuo,Samsunspor,Fenerbahce,0:2,super-lig,turkey,main,2023,2023-08-21,Pinnacle,4.13,3.81,1.91,4.62,4.32,1.70,,,,,,,,,,,,,,,,,,,,,,,,,,,,,,,,,,,,,,,,,4.22,4.08,1.26,1.27,4.02,3.58,1.26,1.33,3.55,3.09,1.31,1.42,2.69,2.35,1.50,1.66,2.25,2.00,1.68,1.91,2.01,1.77,1.87,2.16,1.75,1.55,2.15,2.62,1.58,1.43,2.45,2.97,1.47,1.36,2.75,3.34,,,,,,,,,,,,,,,,,,,,,,,,
/football/turkey/super-lig/basaksehir-f-karagumruk/,YDIQhxYi,Basaksehir,Karagumruk,0:2,super-lig,turkey,main,2023,2023-08-20,Pinnacle,1.93,3.65,4.25,1.76,4.11,4.48,,,,,,,,,,,,,,,,,,,,,3.60,4.20,1.31,1.26,2.93,3.56,1.43,1.33,2.62,3.15,1.52,1.40,2.28,2.75,1.67,1.50,1.95,2.20,1.92,1.74,1.74,1.93,2.16,1.98,1.54,1.66,2.57,2.34,1.34,1.41,3.39,3.13,1.27,1.32,3.87,3.65,1.26,1.25,4.07,4.19,,,,,,,,,,,,,,,,,,,,,,,,,,,,,,,,,,,,,,,,
/football/turkey/super-lig/besiktas-pendikspor/,6RGYjG24,Besiktas,Pendikspor,1:1,super-lig,turkey,main,2023,2023-08-20,Pinnacle,1.28,6.31,10.07,1.29,6.05,8.81,,,,,3.58,3.59,1.32,1.32,3.04,2.96,1.39,1.43,2.73,2.66,1.47,1.52,2.42,2.34,1.59,1.65,2.05,2.00,1.81,1.88,1.83,1.79,2.03,2.11,1.62,1.59,2.34,2.46,1.42,1.39,2.94,3.12,1.34,1.32,3.32,3.55,,,,,,,,,,,,,,,,,,,,,,,,,,,,,,,,,,,,,,,,,,,,,,,,,,,,,,,,,,,,
/football/turkey/super-lig/gaziantep-sivasspor/,KAEMgIIo,Gaziantep,Sivasspor,1:3,super-lig,turkey,main,2023,2023-08-20,Pinnacle,2.84,3.42,2.61,2.45,3.59,2.90,,,,,,,,,,,,,,,,,,,,,,,,,,,,,,,,,3.81,4.97,1.28,1.20,2.89,3.50,1.44,1.34,2.41,2.83,1.60,1.48,2.10,2.43,1.79,1.62,1.78,2.04,2.11,1.87,1.57,1.72,2.48,2.23,1.45,1.55,2.84,2.59,1.32,1.39,3.52,3.16,1.22,1.24,4.56,4.38,,,,,,,,,,,,,,,,,,,,,,,,,,,,,,,,
/football/turkey/super-lig/galatasaray-trabzonspor/,GdlCZEXT,Galatasaray,Trabzonspor,2:0,super-lig,turkey,main,2023,2023-08-19,Pinnacle,1.76,4.14,4.51,1.44,5.28,6.67,,,,,,,,,,,,,,,,,,,,,2.43,3.34,1.62,1.36,2.12,2.77,1.80,1.49,1.88,2.50,2.00,1.59,1.65,2.22,2.37,1.73,1.52,1.94,2.70,1.96,1.42,1.76,3.01,2.17,1.30,1.55,3.78,2.60,1.23,1.35,4.51,3.44,1.27,1.28,4.07,3.95,,,,,,,,,,,,,,,,,,,,,,,,,,,,,,,,,,,,,,,,,,,,
/football/turkey/super-lig/hatayspor-kasimpasa/,rVz5yy3H,Hatayspor,Kasimpasa,0:0,super-lig,turkey,main,2023,2023-08-19,Pinnacle,2.63,3.43,2.85,2.54,3.59,2.79,,,,,,,,,,,,,,,,,,,,,,,,,,,,,,,,,4.01,4.30,1.28,1.26,3.02,3.11,1.42,1.40,2.52,2.58,1.58,1.56,2.19,2.22,1.75,1.73,1.85,1.86,2.03,2.05,1.63,1.61,2.41,2.44,1.50,1.48,2.77,2.84,1.36,1.34,3.37,3.49,1.23,1.21,4.62,4.89,,,,,,,,,,,,,,,,,,,,,,,,,,,,,,,,
/football/turkey/super-lig/rizespor-alanyaspor/,2gAskfXG,Rizespor,Alanyaspor,0:0,super-lig,turkey,main,2023,2023-08-19,Pinnacle,2.08,3.78,3.54,2.37,3.58,3.02,,,,,,,,,,,,,,,,,,,,,,,,,3.77,3.80,1.30,1.30,4.04,3.40,1.26,1.35,3.61,3.01,1.31,1.43,2.78,2.40,1.47,1.63,2.34,2.08,1.64,1.84,2.04,1.80,1.84,2.11,1.72,1.54,2.19,2.63,1.53,1.41,2.59,3.06,1.42,1.34,2.96,3.49,1.30,1.24,3.68,4.38,,,,,,,,,,,,,,,,,,,,,,,,,,,,,,,,,,,,
/football/turkey/super-lig/antalyaspor-konyaspor/,SzIUidmb,Antalyaspor,Konyaspor,1:1,super-lig,turkey,main,2023,2023-08-18,Pinnacle,2.05,3.60,3.79,2.32,3.57,3.12,,,,,,,,,,,,,,,,,,,,,,,,,4.03,3.91,1.27,1.29,3.95,3.48,1.27,1.34,3.51,3.05,1.32,1.43,2.71,2.39,1.49,1.64,2.29,2.05,1.66,1.86,1.99,1.77,1.88,2.15,1.68,1.50,2.26,2.77,1.51,1.38,2.67,3.25,1.40,1.30,3.05,3.74,1.28,1.23,3.83,4.62,,,,,,,,,,,,,,,,,,,,,,,,,,,,,,,,,,,,
/football/turkey/super-lig/istanbulspor-as-kayserispor/,MLZ8zeIN,Istanbulspor AS,Kayserispor,1:1,super-lig,turkey,main,2023,2023-08-18,Pinnacle,2.51,3.60,2.85,1.93,3.88,3.92,,,,,,,,,,,,,,,,,,,,,,,,,,,,,2.98,4.18,1.41,1.26,2.63,3.88,1.52,1.29,2.16,2.96,1.74,1.44,1.91,2.49,1.96,1.59,1.67,2.16,2.28,1.76,1.43,1.83,2.93,2.09,1.34,1.61,3.37,2.46,1.28,1.48,3.81,2.83,1.24,1.34,4.21,3.45,1.21,1.21,4.81,4.87,,,,,,,,,,,,,,,,,,,,,,,,,,,,,,,,
/football/turkey/super-lig/alanyaspor-basaksehir/,t2EZLe3U,Alanyaspor,Basaksehir,2:0,super-lig,turkey,main,2023,2023-08-14,Pinnacle,2.93,3.44,2.53,2.67,3.53,2.67,,,,,,,,,,,,,,,,,,,,,,,,,,,,,,,,,4.43,5.17,1.23,1.19,3.26,3.62,1.36,1.32,2.69,2.92,1.50,1.46,2.33,2.51,1.64,1.58,1.98,2.11,1.89,1.81,1.69,1.76,2.23,2.16,1.54,1.58,2.57,2.51,1.39,1.42,3.09,3.03,1.25,1.27,4.14,4.10,1.25,1.24,4.18,4.41,,,,,,,,,,,,,,,,,,,,,,,,,,,,
/football/turkey/super-lig/f-karagumruk-besiktas/,dElqtaln,Karagumruk,Besiktas,0:1,super-lig,turkey,main,2023,2023-08-14,Pinnacle,5.49,4.51,1.60,3.78,4.18,1.86,,,,,,,,,,,,,,,,,,,,,,,,,,,,,,,,,,,,,,,,,,,,,3.32,4.38,1.35,1.24,2.93,4.29,1.43,1.25,2.33,3.06,1.64,1.41,2.01,2.50,1.86,1.59,1.79,2.21,2.08,1.73,1.58,1.93,2.46,1.98,1.47,1.70,2.77,2.27,1.39,1.56,3.09,2.57,1.32,1.41,3.59,3.07,1.25,1.27,4.20,4.07,,,,,,,,,,,,,,,,
/football/turkey/super-lig/adanademirspor-rizespor/,INkusuZu,Adana Demirspor,Rizespor,2:1,super-lig,turkey,main,2023,2023-08-13,Pinnacle,1.62,4.63,5.09,1.60,4.51,5.26,,,,,,,,,,,,,,,,,3.94,3.98,1.27,1.28,3.01,3.05,1.41,1.41,2.53,2.57,1.55,1.56,2.25,2.28,1.68,1.69,1.96,2.00,1.91,1.91,1.72,1.76,2.18,2.17,1.58,1.61,2.46,2.45,1.41,1.44,2.98,2.95,1.25,1.28,4.08,4.01,,,,,,,,,,,,,,,,,,,,,,,,,,,,,,,,,,,,,,,,,,,,,,,,
/football/turkey/super-lig/fenerbahce-gaziantep/,htrhvwJb,Fenerbahce,Gaziantep,2:1,super-lig,turkey,main,2023,2023-08-13,Pinnacle,1.25,6.82,11.09,1.34,5.74,7.98,,,,,3.57,3.46,1.33,1.34,3.27,2.85,1.36,1.45,2.94,2.55,1.42,1.56,2.61,2.23,1.52,1.70,2.18,1.93,1.72,1.96,1.93,1.73,1.93,2.20,1.71,1.54,2.20,2.61,1.50,1.34,2.70,3.40,1.40,1.28,3.06,3.87,,,,,,,,,,,,,,,,,,,,,,,,,,,,,,,,,,,,,,,,,,,,,,,,,,,,,,,,,,,,
/football/turkey/super-lig/sivasspor-samsunspor/,n3sdwcY4,Sivasspor,Samsunspor,1:1,super-lig,turkey,main,2023,2023-08-13,Pinnacle,2.51,3.35,3.03,2.28,3.59,3.11,,,,,,,,,,,,,,,,,,,,,,,,,,,,,3.92,4.51,1.27,1.23,3.48,4.04,1.32,1.27,2.69,3.02,1.50,1.43,2.27,2.50,1.67,1.59,1.98,2.15,1.89,1.79,1.67,1.78,2.28,2.15,1.50,1.56,2.69,2.58,1.39,1.43,3.07,2.99,1.28,1.30,3.86,3.77,1.19,1.18,5.30,5.42,,,,,,,,,,,,,,,,,,,,,,,,,,,,,,,,
/football/turkey/super-lig/kasimpasa-ankaragucu/,URAVMylO,Kasimpasa,Ankaragucu,3:2,super-lig,turkey,main,2023,2023-08-12,Pinnacle,2.73,3.50,2.67,2.33,3.67,3.03,,,,,,,,,,,,,,,,,,,,,,,,,,,,,,,,,3.48,4.54,1.32,1.23,2.71,3.30,1.49,1.37,2.30,2.71,1.66,1.51,2.01,2.34,1.86,1.66,1.70,1.97,2.22,1.93,1.53,1.68,2.60,2.29,1.41,1.53,2.97,2.66,1.30,1.38,3.68,3.24,1.21,1.24,4.85,4.47,,,,,,,,,,,,,,,,,,,,,,,,,,,,,,,,
/football/turkey/super-lig/kayserispor-galatasaray/,8CMMOcJB,Kayserispor,Galatasaray,0:0,super-lig,turkey,main,2023,2023-08-12,Pinnacle,5.65,4.75,1.55,6.30,5.10,1.45,,,,,,,,,,,,,,,,,,,,,,,,,,,,,,,,,,,,,,,,,,,,,,,,,4.45,4.48,1.22,1.24,3.58,3.20,1.31,1.39,2.87,2.62,1.44,1.55,2.57,2.33,1.54,1.67,2.25,2.04,1.68,1.87,1.93,1.79,1.93,2.13,1.73,1.63,2.17,2.40,1.56,1.47,2.51,2.81,1.39,1.32,3.11,3.59,,,,,,,,,,,,,,,,
/football/turkey/super-lig/konyaspor-istanbulspor-as/,06o0xHmB,Konyaspor,Istanbulspor AS,1:1,super-lig,turkey,main,2023,2023-08-12,Pinnacle,1.83,3.90,4.41,1.94,3.83,3.87,,,,,,,,,,,,,,,,,,,,,3.82,3.98,1.29,1.28,3.45,3.18,1.34,1.39,3.07,2.84,1.41,1.48,2.71,2.47,1.52,1.60,2.21,2.07,1.73,1.85,1.93,1.82,1.94,2.08,1.69,1.60,2.27,2.48,1.46,1.37,2.91,3.31,1.36,1.29,3.36,3.83,1.30,1.25,3.82,4.28,,,,,,,,,,,,,,,,,,,,,,,,,,,,,,,,,,,,,,,,
/football/turkey/super-lig/pendikspor-hatayspor/,n3LQNHYH,Pendikspor,Hatayspor,1:5,super-lig,turkey,main,2023,2023-08-12,Pinnacle,2.26,3.58,3.27,1.98,3.96,3.64,,,,,,,,,,,,,,,,,,,,,,,,,,,,,3.08,3.75,1.39,1.30,2.73,3.34,1.49,1.36,2.23,2.64,1.69,1.54,1.96,2.25,1.91,1.71,1.72,1.95,2.19,1.95,1.49,1.64,2.73,2.38,1.38,1.48,3.14,2.82,1.31,1.38,3.55,3.23,1.21,1.27,4.78,4.07,,,,,,,,,,,,,,,,,,,,,,,,,,,,,,,,,,,,
/football/turkey/super-lig/trabzonspor-antalyaspor/,EkqluJ3h,Trabzonspor,Antalyaspor,1:0,super-lig,turkey,main,2023,2023-08-11,Pinnacle,1.94,3.67,4.14,1.74,4.09,4.65,,,,,,,,,,,,,,,,,,,,,,,,,2.93,3.55,1.44,1.33,2.61,3.15,1.55,1.40,2.27,2.75,1.70,1.50,1.92,2.22,1.95,1.73,1.73,1.94,2.22,1.96,1.53,1.68,2.66,2.31,1.33,1.43,3.56,3.06,1.27,1.33,4.07,3.57,1.27,1.27,4.10,4.09,,,,,,,,,,,,,,,,,,,,,,,,,,,,,,,,,,,,,,,,
/football/turkey/super-lig/galatasaray-adanademirspor/,02J2AGHp,Galatasaray,Adana Demirspor,3:1,super-lig,turkey,main,2023,2023-12-08,Pinnacle,1.27,6.71,10.10,1.27,6.71,10.10,,,,,,3.33,,1.35,,2.79,,1.47,,2.52,,1.57,,2.23,,1.71,,1.94,,1.94,,1.75,,2.16,,1.56,,2.55,,1.37,,3.26,,1.30,,3.70,,,,,,,,,,,,,,,,,,,,,,,,,,,,,,,,,,,,,,,,,,,,,,,,,,,,,,,,,,,,
