Country,League,Date,Home,Away,FTHG,FTAG,bookmaker,HO_Open,DO_Open,AO_Open,HO_Close,DO_Close,AO_Close,-1_AH_H_Open,-1_AH_H_Close,+1_AH_A_Open,+1_AH_A_Close,-0.75_AH_H_Open,-0.75_AH_H_Close,+0.75_AH_A_Open,+0.75_AH_A_Close,-0.5_AH_H_Open,-0.5_AH_H_Close,+0.5_AH_A_Open,+0.5_AH_A_Close,-0.25_AH_H_Open,-0.25_AH_H_Close,+0.25_AH_A_Open,+0.25_AH_A_Close,+0_AH_H_Open,+0_AH_H_Close,-0_AH_A_Open,-0_AH_A_Close,+0.25_AH_H_Open,+0.25_AH_H_Close,-0.25_AH_A_Open,-0.25_AH_A_Close,+0.5_AH_H_Open,+0.5_AH_H_Close,-0.5_AH_A_Open,-0.5_AH_A_Close,+0.75_AH_H_Open,+0.75_AH_H_Close,-0.75_AH_A_Open,-0.75_AH_A_Close,+1_AH_H_Open,+1_AH_H_Close,-1_AH_A_Open,-1_AH_A_Close,+1.25_AH_H_Open,+1.25_AH_H_Close,-1.25_AH_A_Open,-1.25_AH_A_Close,+1.5_AH_H_Open,+1.5_AH_H_Close,-1.5_AH_A_Open,-1.5_AH_A_Close,+1.75_AH_H_Open,+1.75_AH_H_Close,-1.75_AH_A_Open,-1.75_AH_A_Close,-1.25_AH_H_Open,-1.25_AH_H_Close,+1.25_AH_A_Open,+1.25_AH_A_Close,-1.5_AH_H_Open,-1.5_AH_H_Close,+1.5_AH_A_Open,+1.5_AH_A_Close,-1.75_AH_H_Open,-1.75_AH_H_Close,+1.75_AH_A_Open,+1.75_AH_A_Close,-2_AH_H_Open,-2_AH_H_Close,+2_AH_A_Open,+2_AH_A_Close
uruguay,segunda-division,2023-05-06,Uruguay Montevideo,Miramar,1,2,Pinnacle,2.58,2.94,2.50,2.49,2.98,2.88,,,,,2.88,2.92,1.37,1.36,2.52,2.43,1.41,1.51,2.21,2.11,1.56,1.69,1.88,1.76,1.83,2.05,1.59,1.52,2.14,2.44,1.44,1.39,2.45,2.81,,,,,,,,,,,,,,,,,,,,,,,,,,,,,,,,,,,,
uruguay,segunda-division,2023-05-06,Albion,Rentistas,3,2,Pinnacle,2.46,2.93,2.64,2.30,3.06,3.09,,,,,2.66,2.73,1.43,1.41,2.41,2.28,1.45,1.60,2.11,1.98,1.61,1.81,1.79,1.64,1.93,2.20,1.53,1.45,2.26,2.60,1.40,1.43,2.58,2.65,,,,,,,,,,,,,,,,,,,,,,,,,,,,,,,,,,,,
uruguay,segunda-division,2023-05-06,Atenas,Cerrito,1,1,Pinnacle,2.11,2.84,3.32,2.11,3.05,3.53,,,,,2.49,2.49,1.42,1.49,2.09,2.09,1.63,1.70,1.82,1.81,1.89,1.98,1.48,1.50,2.38,2.52,1.34,1.36,2.81,2.96,,,,,,,,,,,,,,,,,,,,,,,,,,,,,,,,,,,,,,,,
uruguay,segunda-division,2023-05-06,Sud America,Bella Vista,1,0,Pinnacle,2.39,2.94,2.78,2.25,3.04,3.22,,,,,2.63,2.63,1.44,1.44,2.34,2.23,1.50,1.63,2.04,1.93,1.68,1.86,1.72,1.59,2.01,2.29,1.50,1.42,2.38,2.70,1.37,1.37,2.72,2.72,,,,,,,,,,,,,,,,,,,,,,,,,,,,,,,,,,,,
uruguay,segunda-division,2023-05-06,Progreso,Tacuarembo,3,2,Pinnacle,1.40,4.10,7.03,1.35,4.24,6.47,1.66,1.55,2.10,2.22,1.48,1.41,2.42,2.52,,,,,,,,,,,,,,,,,,,,,,,,,,,,,,,,,,,,,,,,,1.97,1.81,1.81,1.88,2.21,2.03,1.60,1.66,2.59,2.32,1.43,1.49,2.46,2.77,1.50,1.33
uruguay,segunda-division,2023-05-06,Juventud,Potencia,2,0,Pinnacle,1.73,3.27,4.24,1.60,3.74,5.17,2.36,2.05,1.51,1.74,1.96,1.78,1.76,2.03,1.72,1.59,1.98,2.29,1.50,1.40,2.35,2.77,,,,,,,,,,,,,,,,,,,,,,,,,,,,,,,,,2.68,2.35,1.38,1.54,2.60,2.63,1.45,1.44,,,,,,,,
uruguay,segunda-division,2023-05-07,Rampla Juniors,Oriental,1,3,Pinnacle,1.97,3.03,3.45,2.06,3.16,3.52,2.87,2.98,1.32,1.35,2.28,2.38,1.53,1.53,1.99,2.05,1.75,1.74,1.69,1.78,1.98,2.02,1.42,1.49,2.51,2.55,1.35,1.35,2.96,2.97,,,,,,,,,,,,,,,,,,,,,,,,,,,,,,,,,,,,,,,,
uruguay,segunda-division,2023-05-13,Tacuarembo,Rampla Juniors,1,0,,,,,,,,,,,,,,,,,,,,,,,,,,,,,,,,,,,,,,,,,,,,,,,,,,,,,,,,,,,,,,,,,,,,,,,
uruguay,segunda-division,2023-05-13,Rentistas,Uruguay Montevideo,3,3,Pinnacle,2.11,2.99,3.13,2.25,3.22,3.00,,,,,2.44,2.56,1.44,1.40,2.09,2.20,1.62,1.60,1.84,1.93,1.87,1.80,1.52,1.64,2.29,2.13,1.37,1.44,2.67,2.47,1.45,1.44,2.60,2.62,,,,,,,,,,,,,,,,,,,,,,,,,,,,,,,,,,,,
uruguay,segunda-division,2023-05-13,Potencia,Sud America,1,2,Pinnacle,2.83,2.95,2.35,2.69,3.20,2.47,,,,,,,,,,,,,2.40,2.25,1.48,1.56,2.03,1.97,1.68,1.79,1.71,1.65,2.03,2.09,1.52,1.47,2.33,2.40,1.36,1.30,2.77,2.86,,,,,,,,,,,,,,,,,,,,,,,,,,,,,,,,
uruguay,segunda-division,2023-05-13,Oriental,Atenas,3,1,Pinnacle,2.16,2.85,3.19,1.74,3.39,4.65,2.78,2.41,1.39,1.54,2.53,1.98,1.41,1.81,2.14,1.72,1.60,2.06,1.86,1.50,1.85,2.46,1.52,1.34,2.29,3.03,,,,,,,,,,,,,,,,,,,,,,,,,,,,,2.66,2.77,1.43,1.40,,,,,,,,,,,,
uruguay,segunda-division,2023-05-14,Miramar,Progreso,2,2,Pinnacle,2.80,2.92,2.33,2.59,3.06,2.69,,,,,,,,,2.49,2.53,1.49,1.47,2.38,2.20,1.47,1.64,2.02,1.85,1.67,1.93,1.71,1.59,2.03,2.29,1.51,1.44,2.31,2.63,1.35,1.42,2.75,2.62,,,,,,,,,,,,,,,,,,,,,,,,,,,,,,,,
uruguay,segunda-division,2023-05-14,Cerrito,Juventud,3,0,Pinnacle,2.65,2.82,2.60,2.69,2.93,2.66,,,,,,,,,2.59,2.63,1.41,1.43,2.25,2.28,1.56,1.59,1.87,1.90,1.84,1.88,1.58,1.60,2.20,2.25,1.42,1.44,2.54,2.60,,,,,,,,,,,,,,,,,,,,,,,,,,,,,,,,,,,,
uruguay,segunda-division,2023-05-14,Bella Vista,Albion,1,5,Pinnacle,2.60,2.94,2.48,3.03,3.13,2.30,,,,,,,,,,,,,2.23,2.56,1.55,1.46,1.90,2.18,1.81,1.65,1.60,1.81,2.13,1.98,1.44,1.60,2.43,2.27,1.39,1.42,2.83,2.69,,,,,,,,,,,,,,,,,,,,,,,,,,,,,,,,
uruguay,segunda-division,2023-05-20,Albion,Potencia,0,0,Pinnacle,1.56,3.63,4.67,1.56,3.80,5.50,1.97,2.00,1.70,1.79,1.74,1.71,2.00,2.08,1.55,1.54,2.22,2.35,,,,,,,,,,,,,,,,,,,,,,,,,,,,,,,,,,,,,2.24,2.32,1.52,1.58,2.55,2.62,1.46,1.44,,,,,,,,
uruguay,segunda-division,2023-05-20,Atenas,Rampla Juniors,1,2,Pinnacle,2.84,2.79,2.40,3.30,3.06,2.20,,,,,,,,,,,,,2.41,2.78,1.47,1.40,2.04,2.36,1.71,1.56,1.66,1.90,2.04,1.88,1.47,1.65,2.36,2.18,1.36,1.46,2.95,2.58,,,,,,,,,,,,,,,,,,,,,,,,,,,,,,,,
uruguay,segunda-division,2023-05-20,Miramar,Tacuarembo,3,2,Pinnacle,2.11,3.14,3.33,1.56,3.71,5.70,2.52,2.02,1.47,1.78,2.44,1.71,1.50,2.07,2.09,1.54,1.69,2.35,1.83,1.41,1.95,2.68,,,,,,,,,,,,,,,,,,,,,,,,,,,,,,,,,2.57,2.35,1.46,1.56,2.56,2.66,1.46,1.43,,,,,,,,
uruguay,segunda-division,2023-05-20,Sud America,Cerrito,1,2,Pinnacle,2.33,2.93,2.88,2.24,3.07,3.21,,,,,2.74,2.62,1.37,1.44,2.30,2.21,1.53,1.63,2.00,1.92,1.73,1.87,1.66,1.59,2.07,2.29,1.46,1.42,2.44,2.70,,,,,,,,,,,,,,,,,,,,,,,,,,,,,,,,,,,,,,,,
uruguay,segunda-division,2023-05-20,Juventud,Oriental,1,0,Pinnacle,2.53,2.88,2.60,2.77,2.95,2.60,,,,,,,,,2.48,2.70,1.43,1.42,2.16,2.34,1.58,1.57,1.83,1.95,1.88,1.83,1.55,1.64,2.22,2.20,1.41,1.47,2.54,2.54,,,,,,,,,,,,,,,,,,,,,,,,,,,,,,,,,,,,
uruguay,segunda-division,2023-05-21,Uruguay Montevideo,Bella Vista,1,0,Pinnacle,1.92,3.16,3.44,1.56,3.97,4.83,2.72,2.01,1.36,1.76,2.20,1.71,1.56,2.04,1.93,1.54,1.78,2.31,1.66,1.58,2.03,2.32,1.40,1.35,2.55,2.97,,,,,,,,,,,,,,,,,,,,,,,,,,,,,2.64,2.33,1.44,1.55,2.63,2.62,1.44,1.43,,,,,,,,
uruguay,segunda-division,2023-05-21,Progreso,Rentistas,3,1,Pinnacle,1.81,3.22,3.77,2.11,3.35,3.21,2.48,2.86,1.43,1.38,2.05,2.42,1.65,1.51,1.82,2.09,1.89,1.71,1.57,1.83,2.19,1.95,1.33,1.55,2.82,2.38,1.40,1.41,2.72,2.75,,,,,,,,,,,,,,,,,,,,,,,,,,,,,,,,,,,,,,,,
uruguay,segunda-division,2023-05-27,Rentistas,Miramar,2,0,Pinnacle,2.37,3.01,2.75,2.13,3.41,2.98,,,,,2.63,2.45,1.43,1.48,2.32,2.11,1.51,1.67,2.03,1.87,1.68,1.88,1.72,1.60,2.01,2.24,1.51,1.44,2.36,2.57,1.38,1.44,2.68,2.64,,,,,,,,,,,,,,,,,,,,,,,,,,,,,,,,,,,,
uruguay,segunda-division,2023-05-27,Rampla Juniors,Juventud,1,1,Pinnacle,1.97,3.02,3.46,1.90,3.25,3.98,2.88,2.72,1.32,1.41,2.28,2.18,1.52,1.65,1.99,1.90,1.75,1.88,1.69,1.64,1.99,2.20,1.41,1.37,2.52,2.89,,,,,,,,,,,,,,,,,,,,,,,,,,,,,,,,,,,,,,,,,,,,
uruguay,segunda-division,2023-05-27,Potencia,Uruguay Montevideo,0,1,Pinnacle,3.44,3.11,1.94,3.68,3.26,1.97,,,,,,,,,,,,,,,,,2.53,2.67,1.41,1.43,2.01,2.10,1.68,1.70,1.76,1.82,1.96,1.97,1.55,1.59,2.23,2.29,1.34,1.37,2.78,2.90,1.41,1.39,2.73,2.80,,,,,,,,,,,,,,,,,,,,,,,,
uruguay,segunda-division,2023-05-27,Oriental,Sud America,3,1,Pinnacle,1.73,3.26,4.26,1.97,3.55,3.38,2.36,2.78,1.51,1.40,1.96,2.25,1.76,1.61,1.72,1.97,1.98,1.83,1.50,1.72,2.35,2.07,1.41,1.47,2.75,2.53,,,,,,,,,,,,,,,,,,,,,,,,,,,,,,,,,,,,,,,,,,,,
uruguay,segunda-division,2023-05-28,Bella Vista,Progreso,0,1,Pinnacle,3.84,3.24,1.79,5.96,3.94,1.51,,,,,,,,,,,,,,,,,,,,,,,,,1.92,2.49,1.80,1.49,1.67,2.21,2.02,1.63,1.44,1.92,2.44,1.87,1.45,1.67,2.58,2.15,1.50,1.51,2.43,2.42,1.42,1.42,2.69,2.69,,,,,,,,,,,,,,,,
uruguay,segunda-division,2023-05-28,Tacuarembo,Atenas,1,1,Pinnacle,3.13,2.88,2.15,2.61,3.02,2.70,,,,,,,,,2.67,2.55,1.43,1.47,2.69,2.22,1.38,1.63,2.28,1.85,1.54,1.93,1.85,1.59,1.86,2.30,1.61,1.44,2.15,2.64,,,,,,,,,,,,,,,,,,,,,,,,,,,,,,,,,,,,
uruguay,segunda-division,2023-05-28,Cerrito,Albion,2,1,Pinnacle,2.55,2.94,2.53,2.97,3.12,2.34,,,,,,,,,,,,,2.20,2.51,1.58,1.48,1.86,2.14,1.85,1.68,1.59,1.78,2.19,2.02,1.44,1.58,2.50,2.32,1.42,1.41,2.71,2.75,,,,,,,,,,,,,,,,,,,,,,,,,,,,,,,,
uruguay,segunda-division,2023-06-03,Uruguay Montevideo,Cerrito,3,0,Pinnacle,2.03,3.05,3.24,1.99,3.26,3.62,2.89,2.89,1.37,1.37,2.34,2.30,1.48,1.58,2.02,1.99,1.67,1.80,1.78,1.71,1.94,2.07,1.48,1.44,2.39,2.63,1.34,1.40,2.77,2.75,,,,,,,,,,,,,,,,,,,,,,,,,,,,,,,,,,,,,,,,
uruguay,segunda-division,2023-06-03,Sud America,Rampla Juniors,0,3,Pinnacle,3.33,3.03,2.01,3.38,3.11,2.14,,,,,,,,,,,,,2.84,2.86,1.33,1.38,2.45,2.44,1.45,1.53,1.97,1.95,1.75,1.84,1.69,1.68,1.99,2.12,1.49,1.49,2.31,2.48,,,,,,,,,,,,,,,,,,,,,,,,,,,,,,,,
uruguay,segunda-division,2023-06-03,Rentistas,Tacuarembo,2,0,Pinnacle,1.57,3.57,4.67,1.52,3.99,5.60,2.00,1.88,1.68,1.90,1.75,1.65,1.98,2.18,1.56,1.51,2.20,2.44,,,,,,,,,,,,,,,,,,,,,,,,,,,,,,,,,,,,,2.28,2.16,1.51,1.66,2.60,2.42,1.44,1.51,,,,,,,,
uruguay,segunda-division,2023-06-03,Juventud,Atenas,1,1,Pinnacle,2.05,2.91,3.37,1.88,3.08,4.36,3.08,2.78,1.32,1.40,2.38,2.18,1.47,1.65,2.03,1.88,1.66,1.90,1.78,1.61,1.94,2.26,1.46,1.33,2.44,3.10,,,,,,,,,,,,,,,,,,,,,,,,,,,,,,,,,,,,,,,,,,,,
uruguay,segunda-division,2023-06-03,Albion,Oriental,2,0,Pinnacle,2.45,2.93,2.64,2.37,3.10,2.94,,,,,2.79,2.79,1.40,1.40,2.40,2.34,1.46,1.56,2.10,2.04,1.62,1.77,1.78,1.69,1.93,2.11,1.53,1.49,2.27,2.49,1.39,1.43,2.59,2.64,,,,,,,,,,,,,,,,,,,,,,,,,,,,,,,,,,,,
uruguay,segunda-division,2023-06-04,Progreso,Potencia,2,0,Pinnacle,1.38,4.19,6.47,1.38,4.23,8.24,1.60,1.67,2.16,2.15,1.45,1.47,2.46,2.54,,,,,,,,,,,,,,,,,,,,,,,,,,,,,,,,,,,,,,,,,1.87,2.02,1.84,1.79,2.10,2.32,1.64,1.57,2.42,2.76,1.47,1.40,2.51,2.83,1.47,1.39
uruguay,segunda-division,2023-06-05,Miramar,Bella Vista,4,0,Pinnacle,1.63,3.52,4.48,1.40,4.20,5.80,2.11,1.69,1.64,2.08,1.81,1.51,1.90,2.38,1.62,1.42,2.13,2.50,,,,,,,,,,,,,,,,,,,,,,,,,,,,,,,,,,,,,2.40,1.98,1.48,1.79,2.49,2.23,1.44,1.60,2.56,2.69,1.43,1.42,,,,
uruguay,segunda-division,2023-06-10,Atenas,Sud America,0,0,Pinnacle,2.10,2.91,3.25,2.34,3.10,2.94,,,,,2.77,2.77,1.39,1.39,2.32,2.32,1.56,1.56,1.82,2.03,1.89,1.78,1.68,1.68,2.11,2.11,1.48,1.48,2.49,2.49,,,,,,,,,,,,,,,,,,,,,,,,,,,,,,,,,,,,,,,,
uruguay,segunda-division,2023-06-10,Potencia,Miramar,0,1,Pinnacle,3.89,3.26,1.77,4.23,3.37,1.81,,,,,,,,,,,,,,,,,3.11,3.11,1.33,1.33,2.52,2.34,1.47,1.57,1.93,1.98,1.78,1.81,1.92,1.73,1.85,2.05,1.60,1.48,2.26,2.51,1.45,1.45,2.59,2.59,,,,,,,,,,,,,,,,,,,,,,,,
uruguay,segunda-division,2023-06-10,Oriental,Uruguay Montevideo,0,0,Pinnacle,2.12,3.00,3.09,2.38,3.10,2.93,,,,,,,,,2.10,2.39,1.62,1.53,1.85,2.08,1.86,1.71,1.53,1.76,2.26,2.05,1.38,1.53,2.64,2.43,1.48,1.40,2.51,2.77,,,,,,,,,,,,,,,,,,,,,,,,,,,,,,,,,,,,
uruguay,segunda-division,2023-06-11,Tacuarembo,Juventud,1,0,Pinnacle,3.29,3.08,2.00,3.07,3.11,2.28,,,,,,,,,,,,,2.82,2.59,1.33,1.45,2.44,2.21,1.46,1.63,1.97,1.83,1.75,1.97,1.69,1.61,1.99,2.26,1.50,1.43,2.30,2.68,,,,,,,,,,,,,,,,,,,,,,,,,,,,,,,,
uruguay,segunda-division,2023-06-11,Rampla Juniors,Albion,0,2,Pinnacle,2.03,3.05,3.24,2.26,3.13,3.09,,,,,2.34,2.65,1.48,1.43,2.02,2.24,1.67,1.62,1.78,1.95,1.94,1.84,1.48,1.62,2.39,2.23,1.34,1.44,2.77,2.62,,,,,,,,,,,,,,,,,,,,,,,,,,,,,,,,,,,,,,,,
uruguay,segunda-division,2023-06-11,Cerrito,Progreso,1,3,Pinnacle,3.13,2.99,2.15,3.19,3.25,2.09,,,,,,,,,,,,,2.17,2.73,1.62,1.40,1.88,2.36,1.81,1.54,1.85,1.93,1.86,1.83,1.47,1.69,2.45,2.08,1.36,1.50,2.68,2.41,,,,,,,,,,,,,,,,,,,,,,,,,,,,,,,,
uruguay,segunda-division,2023-06-12,Bella Vista,Rentistas,0,1,Pinnacle,3.59,3.24,1.85,3.46,3.57,1.89,,,,,,,,,,,,,,,,,2.69,2.62,1.36,1.43,2.12,2.13,1.61,1.66,1.85,1.86,1.86,1.89,1.62,1.65,2.10,2.14,1.40,1.43,2.55,2.60,1.50,1.48,2.42,2.51,,,,,,,,,,,,,,,,,,,,,,,,
uruguay,segunda-division,2023-06-17,Rentistas,Potencia,0,0,Pinnacle,1.43,3.99,5.63,1.45,4.21,6.21,1.70,1.72,1.98,2.05,1.52,1.54,2.25,2.34,,,,,,,,,,,,,,,,,,,,,,,,,,,,,,,,,,,,,,,,,1.99,2.02,1.74,1.78,2.21,2.26,1.56,1.60,2.57,2.63,1.40,1.43,,,,
uruguay,segunda-division,2023-06-17,Progreso,Oriental,0,2,Pinnacle,1.84,3.19,3.68,1.76,3.27,4.76,2.55,2.49,1.40,1.51,2.09,2.01,1.62,1.79,1.85,1.74,1.85,2.03,1.60,1.50,2.14,2.45,,,,,,,,,,,,,,,,,,,,,,,,,,,,,,,,,2.73,2.87,1.40,1.38,,,,,,,,,,,,
uruguay,segunda-division,2023-06-17,Albion,Atenas,0,1,Pinnacle,1.78,3.16,3.98,1.69,3.36,5.13,2.46,2.31,1.43,1.58,2.02,1.91,1.67,1.88,1.79,1.68,1.92,2.13,1.54,1.45,2.24,2.60,,,,,,,,,,,,,,,,,,,,,,,,,,,,,,,,,2.72,2.68,1.41,1.43,,,,,,,,,,,,
uruguay,segunda-division,2023-06-18,Bella Vista,Tacuarembo,1,2,Pinnacle,2.47,2.96,2.60,2.74,3.25,2.43,,,,,,,,,2.42,2.68,1.45,1.43,2.12,2.36,1.61,1.56,1.81,2.02,1.91,1.78,1.55,1.70,2.23,2.09,1.41,1.53,2.54,2.37,,,,,,,,,,,,,,,,,,,,,,,,,,,,,,,,,,,,
uruguay,segunda-division,2023-06-18,Sud America,Juventud,0,1,Pinnacle,2.67,2.81,2.52,3.11,2.94,2.34,,,,,,,,,,,,,2.27,2.60,1.53,1.44,1.89,2.19,1.78,1.63,1.59,1.79,2.14,2.01,1.43,1.57,2.47,2.32,1.37,1.39,2.85,2.77,,,,,,,,,,,,,,,,,,,,,,,,,,,,,,,,
uruguay,segunda-division,2023-06-18,Uruguay Montevideo,Rampla Juniors,3,0,Pinnacle,2.42,2.89,2.72,2.17,3.07,3.35,,,,,2.78,2.56,1.39,1.46,2.37,2.15,1.47,1.67,2.07,1.86,1.64,1.92,1.75,1.54,1.98,2.40,1.51,1.39,2.32,2.82,,,,,,,,,,,,,,,,,,,,,,,,,,,,,,,,,,,,,,,,
uruguay,segunda-division,2023-06-19,Miramar,Cerrito,2,2,Pinnacle,1.75,3.34,3.86,1.63,3.67,5.03,2.34,2.14,1.48,1.67,1.96,1.82,1.71,1.97,1.76,1.62,1.96,2.24,1.53,1.42,2.27,2.70,,,,,,,,,,,,,,,,,,,,,,,,,,,,,,,,,2.48,2.47,1.48,1.49,,,,,,,,,,,,
uruguay,segunda-division,2023-06-24,Potencia,Bella Vista,0,1,Pinnacle,2.21,2.93,3.00,1.98,3.29,3.61,2.62,2.96,1.44,1.36,2.61,2.31,1.40,1.58,2.21,1.98,1.58,1.81,1.92,1.71,1.79,2.08,1.59,1.44,2.19,2.63,1.41,1.45,2.58,2.60,,,,,,,,,,,,,,,,,,,,,,,,,,,,,,,,,,,,,,,,
uruguay,segunda-division,2023-06-24,Atenas,Uruguay Montevideo,0,1,Pinnacle,3.00,2.84,2.26,3.52,2.86,2.22,,,,,,,,,,,,,2.53,2.93,1.41,1.36,2.14,2.45,1.60,1.52,1.76,1.91,1.96,1.88,1.54,1.64,2.24,2.19,1.37,1.44,2.67,2.62,,,,,,,,,,,,,,,,,,,,,,,,,,,,,,,,
uruguay,segunda-division,2023-06-24,Rampla Juniors,Progreso,0,1,Pinnacle,2.81,2.89,2.41,3.82,3.09,2.00,,,,,,,,,,,,,,,,,2.02,2.72,1.72,1.42,1.67,2.09,2.05,1.71,1.49,1.79,2.36,2.00,1.37,1.57,2.72,2.33,1.35,1.35,2.98,2.98,,,,,,,,,,,,,,,,,,,,,,,,,,,,
uruguay,segunda-division,2023-06-24,Oriental,Miramar,1,3,Pinnacle,2.51,2.93,2.58,2.62,3.04,2.68,,,,,,,,,2.46,2.56,1.43,1.46,2.15,2.23,1.59,1.63,1.83,1.87,1.88,1.92,1.56,1.60,2.21,2.28,1.41,1.44,2.52,2.62,,,,,,,,,,,,,,,,,,,,,,,,,,,,,,,,,,,,
uruguay,segunda-division,2023-06-25,Tacuarembo,Sud America,2,0,Pinnacle,2.44,2.95,2.71,2.29,3.07,3.07,,,,,2.77,2.68,1.39,1.42,2.39,2.26,1.48,1.60,2.09,1.97,1.65,1.82,1.76,1.63,1.96,2.20,1.53,1.44,2.32,2.59,,,,,,,,,,,,,,,,,,,,,,,,,,,,,,,,,,,,,,,,
uruguay,segunda-division,2023-06-25,Juventud,Albion,1,0,Pinnacle,2.68,2.82,2.51,3.20,2.99,2.28,,,,,,,,,,,,,2.28,2.68,1.52,1.42,1.93,2.26,1.79,1.61,1.60,1.84,2.13,1.95,1.44,1.61,2.45,2.26,1.43,1.42,2.65,2.71,,,,,,,,,,,,,,,,,,,,,,,,,,,,,,,,
uruguay,segunda-division,2023-06-26,Cerrito,Rentistas,1,0,Pinnacle,3.10,3.07,2.09,2.90,3.20,2.34,,,,,,,,,,,,,2.65,2.46,1.38,1.50,2.29,2.11,1.52,1.69,1.88,1.78,1.83,2.03,1.64,1.58,2.07,2.32,1.45,1.41,2.40,2.74,,,,,,,,,,,,,,,,,,,,,,,,,,,,,,,,
uruguay,segunda-division,2023-06-30,Uruguay Montevideo,Juventud,4,0,Pinnacle,1.99,2.95,3.59,1.96,3.03,4.08,2.97,2.91,1.32,1.37,2.32,2.28,1.53,1.60,1.99,1.96,1.74,1.83,1.70,1.67,2.00,2.15,1.41,1.37,2.58,2.88,,,,,,,,,,,,,,,,,,,,,,,,,,,,,,,,,,,,,,,,,,,,
uruguay,segunda-division,2023-06-30,Progreso,Atenas,3,1,Pinnacle,1.55,3.49,5.11,1.50,3.81,6.53,2.01,1.88,1.73,1.90,1.69,1.63,1.98,2.22,1.53,1.47,2.23,2.52,,,,,,,,,,,,,,,,,,,,,,,,,,,,,,,,,,,,,2.29,2.21,1.52,1.63,2.56,2.51,1.40,1.48,,,,,,,,
uruguay,segunda-division,2023-07-01,Bella Vista,Cerrito,3,2,Pinnacle,3.13,3.03,2.09,3.00,3.10,2.33,,,,,,,,,,,,,2.70,2.54,1.38,1.47,2.32,2.15,1.53,1.67,1.88,1.79,1.83,2.01,1.65,1.58,2.09,2.31,1.46,1.41,2.44,2.75,,,,,,,,,,,,,,,,,,,,,,,,,,,,,,,,
uruguay,segunda-division,2023-07-01,Potencia,Tacuarembo,1,1,Pinnacle,2.60,2.81,2.60,2.81,2.92,2.59,,,,,,,,,2.54,2.74,1.41,1.41,2.21,2.38,1.56,1.55,1.85,1.98,1.85,1.82,1.56,1.65,2.21,2.19,1.41,1.47,2.54,2.53,,,,,,,,,,,,,,,,,,,,,,,,,,,,,,,,,,,,
uruguay,segunda-division,2023-07-02,Miramar,Rampla Juniors,0,0,Pinnacle,1.99,3.10,3.32,2.00,3.17,3.69,2.82,2.92,1.38,1.36,2.27,2.32,1.51,1.58,1.97,2.00,1.70,1.79,1.74,1.71,1.99,2.07,1.45,1.43,2.47,2.66,1.33,1.40,2.84,2.77,,,,,,,,,,,,,,,,,,,,,,,,,,,,,,,,,,,,,,,,
uruguay,segunda-division,2023-07-02,Albion,Sud America,2,1,Pinnacle,1.68,3.31,4.32,1.72,3.42,4.73,2.25,2.35,1.54,1.56,1.90,1.94,1.81,1.84,1.67,1.71,2.02,2.08,1.45,1.48,2.40,2.50,,,,,,,,,,,,,,,,,,,,,,,,,,,,,,,,,2.55,2.69,1.40,1.42,2.58,2.66,1.45,1.43,,,,,,,,
uruguay,segunda-division,2023-07-03,Rentistas,Oriental,0,1,Pinnacle,1.99,3.09,3.33,2.10,3.06,3.55,,,,,2.29,2.43,1.52,1.51,1.99,2.08,1.71,1.71,1.74,1.80,1.99,2.00,1.46,1.49,2.50,2.54,1.33,1.35,2.89,2.99,,,,,,,,,,,,,,,,,,,,,,,,,,,,,,,,,,,,,,,,
uruguay,segunda-division,2023-07-07,Juventud,Progreso,1,1,Pinnacle,3.54,2.93,1.97,3.69,3.12,2.03,,,,,,,,,,,,,,,,,2.56,2.63,1.40,1.44,1.99,2.05,1.68,1.73,1.73,1.78,1.97,2.03,1.52,1.55,2.29,2.38,1.31,1.33,2.91,3.11,,,,,,,,,,,,,,,,,,,,,,,,,,,,
uruguay,segunda-division,2023-07-08,Atenas,Miramar,0,0,Pinnacle,3.39,2.93,2.03,3.59,3.02,2.07,,,,,,,,,,,,,2.88,3.02,1.32,1.34,2.47,2.57,1.45,1.47,1.96,2.01,1.76,1.78,1.67,1.71,2.01,2.05,1.48,1.51,2.35,2.40,,,,,,,,,,,,,,,,,,,,,,,,,,,,,,,,
uruguay,segunda-division,2023-07-08,Sud America,Uruguay Montevideo,0,1,Pinnacle,3.62,3.08,1.90,3.20,2.96,2.30,,,,,,,,,,,,,2.79,2.68,1.40,1.43,2.69,2.26,1.38,1.61,2.09,1.83,1.65,1.96,1.80,1.60,1.92,2.28,1.58,1.41,2.20,2.72,,,,,,,,,,,,,,,,,,,,,,,,,,,,,,,,
uruguay,segunda-division,2023-07-08,Oriental,Bella Vista,0,2,Pinnacle,1.55,3.59,5.09,1.68,3.78,4.43,1.97,2.22,1.75,1.63,1.69,1.88,2.01,1.90,1.53,1.67,2.26,2.15,1.41,1.47,2.70,2.53,,,,,,,,,,,,,,,,,,,,,,,,,,,,,,,,,2.27,2.54,1.55,1.47,,,,,,,,,,,,
uruguay,segunda-division,2023-07-09,Cerrito,Potencia,0,0,Pinnacle,1.88,3.14,3.73,1.85,3.30,4.02,2.65,2.60,1.39,1.44,2.15,2.12,1.61,1.68,1.88,1.86,1.83,1.93,1.62,1.60,2.13,2.24,1.36,1.35,2.75,2.94,,,,,,,,,,,,,,,,,,,,,,,,,,,,,,,,,,,,,,,,,,,,
uruguay,segunda-division,2023-07-09,Tacuarembo,Albion,1,1,Pinnacle,3.32,3.04,2.01,3.52,3.05,2.11,,,,,,,,,,,,,2.84,2.96,1.33,1.36,2.45,2.52,1.45,1.50,1.97,1.98,1.75,1.81,1.69,1.70,1.99,2.09,1.50,1.50,2.30,2.45,,,,,,,,,,,,,,,,,,,,,,,,,,,,,,,,
uruguay,segunda-division,2023-07-09,Rampla Juniors,Rentistas,1,1,Pinnacle,2.60,2.79,2.67,2.80,2.78,2.73,,,,,,,,,2.55,2.73,1.42,1.41,2.20,2.34,1.58,1.57,1.83,1.92,1.88,1.87,1.55,1.60,2.26,2.28,1.40,1.43,2.61,2.66,,,,,,,,,,,,,,,,,,,,,,,,,,,,,,,,,,,,
uruguay,segunda-division,2023-07-14,Progreso,Sud America,0,3,Pinnacle,1.43,3.88,5.87,1.49,3.91,6.34,1.74,1.84,1.99,1.94,1.53,1.61,2.27,2.25,1.41,1.47,2.54,2.54,,,,,,,,,,,,,,,,,,,,,,,,,,,,,,,,,,,,,1.99,2.13,1.69,1.68,2.23,2.41,1.53,1.52,,,,,,,,
uruguay,segunda-division,2023-07-15,Uruguay Montevideo,Albion,1,0,Pinnacle,2.17,2.89,3.21,2.10,3.15,3.45,,,,,2.54,2.42,1.42,1.51,2.15,2.08,1.61,1.71,1.86,1.81,1.85,1.99,1.53,1.51,2.30,2.50,1.37,1.37,2.71,2.91,,,,,,,,,,,,,,,,,,,,,,,,,,,,,,,,,,,,,,,,
uruguay,segunda-division,2023-07-15,Rentistas,Atenas,1,2,Pinnacle,1.74,3.10,4.31,1.93,3.39,3.69,2.41,2.83,1.45,1.38,1.97,2.23,1.70,1.62,1.75,1.93,1.97,1.86,1.50,1.67,2.33,2.15,1.26,1.41,3.19,2.72,,,,,,,,,,,,,,,,,,,,,,,,,,,,,,,,,,,,,,,,,,,,
uruguay,segunda-division,2023-07-15,Potencia,Oriental,2,1,Pinnacle,3.48,2.94,1.99,3.25,3.16,2.01,,,,,,,,,,,,,2.96,2.78,1.30,1.34,2.54,2.41,1.43,1.47,2.00,1.98,1.74,1.78,1.70,1.68,1.98,1.99,1.50,1.48,2.30,2.33,,,,,,,,,,,,,,,,,,,,,,,,,,,,,,,,
uruguay,segunda-division,2023-07-15,Cerrito,Tacuarembo,2,1,Pinnacle,2.10,3.02,3.21,2.19,3.03,3.36,,,,,2.43,2.56,1.46,1.46,2.08,2.17,1.65,1.66,1.82,1.88,1.89,1.91,1.52,1.55,2.34,2.39,1.37,1.39,2.73,2.82,,,,,,,,,,,,,,,,,,,,,,,,,,,,,,,,,,,,,,,,
uruguay,segunda-division,2023-07-15,Bella Vista,Rampla Juniors,1,1,Pinnacle,3.47,3.02,1.96,3.02,3.05,2.35,,,,,,,,,,,,,2.49,2.54,1.48,1.47,2.53,2.15,1.41,1.67,1.99,1.78,1.69,2.02,1.75,1.57,1.98,2.33,1.53,1.40,2.27,2.77,,,,,,,,,,,,,,,,,,,,,,,,,,,,,,,,
uruguay,segunda-division,2023-07-17,Miramar,Juventud,1,0,Pinnacle,1.84,3.10,3.80,1.68,3.41,5.09,2.60,2.29,1.39,1.59,2.10,1.89,1.61,1.89,1.85,1.67,1.85,2.15,1.59,1.45,2.15,2.61,,,,,,,,,,,,,,,,,,,,,,,,,,,,,,,,,2.54,2.65,1.46,1.44,,,,,,,,,,,,
uruguay,segunda-division,2023-07-22,Albion,Progreso,3,0,Pinnacle,2.70,2.82,2.49,3.28,2.87,2.32,,,,,,,,,,,,,2.30,2.73,1.52,1.41,1.94,2.28,1.78,1.60,1.61,1.83,2.12,1.96,1.44,1.59,2.44,2.29,1.36,1.41,2.89,2.75,,,,,,,,,,,,,,,,,,,,,,,,,,,,,,,,
uruguay,segunda-division,2023-07-22,Atenas,Bella Vista,1,0,Pinnacle,1.92,2.99,3.82,2.24,2.92,3.38,,,,,2.21,2.64,1.58,1.44,1.92,2.22,1.80,1.63,1.64,1.90,2.10,1.88,1.36,1.56,2.76,2.37,1.39,1.39,2.80,2.82,,,,,,,,,,,,,,,,,,,,,,,,,,,,,,,,,,,,,,,,
uruguay,segunda-division,2023-07-22,Sud America,Miramar,0,1,Pinnacle,3.46,3.03,1.96,4.05,3.21,1.90,,,,,,,,,,,,,,,,,2.53,2.93,1.41,1.36,1.99,2.21,1.69,1.63,1.75,1.88,1.98,1.90,1.53,1.65,2.27,2.18,1.32,1.41,2.86,2.73,,,,,,,,,,,,,,,,,,,,,,,,,,,,
uruguay,segunda-division,2023-07-22,Uruguay Montevideo,Tacuarembo,3,0,Pinnacle,1.56,3.51,4.95,1.55,3.75,5.77,2.00,1.96,1.70,1.83,1.73,1.69,2.00,2.11,1.56,1.53,2.25,2.38,,,,,,,,,,,,,,,,,,,,,,,,,,,,,,,,,,,,,2.30,2.26,1.52,1.61,2.54,2.54,1.46,1.47,,,,,,,,
uruguay,segunda-division,2023-07-22,Juventud,Rentistas,2,0,Pinnacle,2.77,2.76,2.47,2.70,3.15,2.52,,,,,,,,,2.74,2.63,1.37,1.44,2.38,2.31,1.50,1.58,1.97,1.96,1.75,1.83,1.63,1.66,2.11,2.16,1.46,1.50,2.45,2.47,,,,,,,,,,,,,,,,,,,,,,,,,,,,,,,,,,,,
uruguay,segunda-division,2023-07-23,Rampla Juniors,Potencia,2,0,Pinnacle,1.73,3.16,4.44,1.81,3.12,4.67,2.40,2.61,1.50,1.45,1.97,2.08,1.75,1.71,1.72,1.81,1.98,1.98,1.49,1.55,2.37,2.38,1.28,1.29,3.36,3.34,,,,,,,,,,,,,,,,,,,,,,,,,,,,,,,,,,,,,,,,,,,,
uruguay,segunda-division,2023-07-23,Oriental,Cerrito,2,0,Pinnacle,1.95,3.07,3.46,2.36,3.21,2.87,,,,,2.25,2.78,1.54,1.40,1.97,2.33,1.76,1.57,1.68,2.04,2.00,1.76,1.41,1.71,2.54,2.09,1.36,1.51,2.91,2.44,,,,,,,,,,,,,,,,,,,,,,,,,,,,,,,,,,,,,,,,
uruguay,segunda-division,2023-07-29,Rentistas,Sud America,1,1,Pinnacle,1.78,3.14,4.22,2.04,3.29,3.43,,,,,2.01,2.34,1.70,1.55,1.78,2.02,1.94,1.75,1.53,1.78,2.31,2.03,1.29,1.49,3.11,2.53,1.38,1.36,2.85,2.92,,,,,,,,,,,,,,,,,,,,,,,,,,,,,,,,,,,,,,,,
uruguay,segunda-division,2023-07-29,Progreso,Uruguay Montevideo,1,2,Pinnacle,2.24,2.88,3.08,2.31,3.07,3.07,,,,,2.63,2.73,1.40,1.41,2.22,2.28,1.57,1.60,1.92,1.98,1.79,1.81,1.58,1.64,2.20,2.20,1.41,1.45,2.60,2.59,,,,,,,,,,,,,,,,,,,,,,,,,,,,,,,,,,,,,,,,
uruguay,segunda-division,2023-07-29,Miramar,Albion,1,0,Pinnacle,2.11,2.89,3.24,2.24,2.96,3.32,2.98,3.00,1.34,1.34,2.46,2.63,1.43,1.44,2.10,2.22,1.62,1.63,1.83,1.91,1.88,1.88,1.50,1.57,2.34,2.34,1.35,1.40,2.75,2.78,,,,,,,,,,,,,,,,,,,,,,,,,,,,,,,,,,,,,,,,
uruguay,segunda-division,2023-07-29,Bella Vista,Juventud,1,2,Pinnacle,3.04,2.85,2.24,3.21,2.74,2.46,,,,,,,,,,,,,2.57,2.64,1.40,1.44,2.17,2.17,1.58,1.65,1.78,1.75,1.93,2.07,1.55,1.53,2.22,2.43,1.38,1.36,2.63,2.94,,,,,,,,,,,,,,,,,,,,,,,,,,,,,,,,
uruguay,segunda-division,2023-07-30,Tacuarembo,Oriental,5,2,Pinnacle,2.85,2.88,2.31,2.60,2.98,2.75,,,,,,,,,2.67,2.54,1.43,1.47,2.42,2.20,1.45,1.64,2.05,1.84,1.65,1.95,1.71,1.57,1.99,2.33,1.52,1.43,2.29,2.68,,,,,,,,,,,,,,,,,,,,,,,,,,,,,,,,,,,,
uruguay,segunda-division,2023-07-30,Potencia,Atenas,1,1,Pinnacle,2.77,2.67,2.56,3.22,2.91,2.32,,,,,,,,,,,,,2.33,2.69,1.50,1.42,1.93,2.25,1.78,1.61,1.59,1.81,2.15,1.98,1.42,1.58,2.50,2.30,1.43,1.40,2.68,2.77,,,,,,,,,,,,,,,,,,,,,,,,,,,,,,,,
uruguay,segunda-division,2023-07-30,Cerrito,Rampla Juniors,1,1,Pinnacle,2.57,2.77,2.66,2.75,2.78,2.74,,,,,,,,,2.54,2.68,1.43,1.42,2.20,2.30,1.58,1.57,1.82,1.89,1.89,1.89,1.54,1.58,2.28,2.30,1.40,1.42,2.63,2.68,,,,,,,,,,,,,,,,,,,,,,,,,,,,,,,,,,,,
uruguay,segunda-division,2023-08-26,Potencia,Juventud,2,2,Pinnacle,3.16,2.81,2.24,3.27,2.86,2.30,,,,,,,,,,,,,2.66,2.73,1.39,1.40,2.23,2.28,1.56,1.59,1.80,1.83,1.92,1.96,1.57,1.58,2.22,2.28,1.39,1.40,2.65,2.73,,,,,,,,,,,,,,,,,,,,,,,,,,,,,,,,
uruguay,segunda-division,2023-08-27,Cerrito,Atenas,0,1,Pinnacle,2.18,2.81,3.19,2.45,3.05,2.87,,,,,,,,,2.16,2.40,1.58,1.52,1.88,2.08,1.83,1.71,1.53,1.75,2.27,2.06,1.37,1.52,2.69,2.44,1.43,1.39,2.65,2.80,,,,,,,,,,,,,,,,,,,,,,,,,,,,,,,,,,,,
uruguay,segunda-division,2023-08-27,Tacuarembo,Progreso,2,4,Pinnacle,3.59,3.17,1.87,3.59,3.27,1.87,,,,,,,,,,,,,,,,,2.66,2.66,1.37,1.37,2.09,2.09,1.62,1.62,1.83,1.86,1.88,1.93,1.60,1.60,2.13,2.13,1.38,1.38,2.62,2.62,,,,,,,,,,,,,,,,,,,,,,,,,,,,
uruguay,segunda-division,2023-08-27,Bella Vista,Sud America,1,0,Pinnacle,2.57,2.86,2.57,2.88,2.92,2.53,,,,,,,,,2.52,2.81,1.42,1.39,2.19,2.44,1.56,1.53,1.85,2.03,1.85,1.78,1.56,1.68,2.19,2.13,1.42,1.50,2.52,2.47,,,,,,,,,,,,,,,,,,,,,,,,,,,,,,,,,,,,
uruguay,segunda-division,2023-08-28,Miramar,Uruguay Montevideo,1,1,Pinnacle,2.33,2.81,2.92,2.23,2.70,3.76,,,,,2.77,2.63,1.34,1.44,2.31,2.21,1.51,1.63,2.02,1.87,1.72,1.92,1.64,1.49,2.07,2.54,1.43,1.33,2.46,3.09,,,,,,,,,,,,,,,,,,,,,,,,,,,,,,,,,,,,,,,,
uruguay,segunda-division,2023-08-28,Oriental,Rampla Juniors,1,1,Pinnacle,2.42,2.78,2.82,2.80,3.00,2.53,,,,,,,,,2.37,2.73,1.47,1.41,2.05,2.38,1.65,1.55,1.72,2.00,2.02,1.80,1.47,1.67,2.40,2.15,1.35,1.49,2.76,2.48,,,,,,,,,,,,,,,,,,,,,,,,,,,,,,,,,,,,
uruguay,segunda-division,2023-08-29,Rentistas,Albion,1,0,Pinnacle,2.50,2.74,2.73,2.88,2.78,2.65,,,,,,,,,2.45,2.81,1.44,1.39,2.12,2.41,1.61,1.54,1.76,1.98,1.93,1.81,1.51,1.63,2.32,2.21,1.37,1.45,2.67,2.59,,,,,,,,,,,,,,,,,,,,,,,,,,,,,,,,,,,,
uruguay,segunda-division,2023-09-01,Juventud,Cerrito,1,0,Pinnacle,2.15,2.86,3.19,2.15,2.92,3.60,,,,,2.52,2.52,1.41,1.48,2.14,2.13,1.60,1.68,1.86,1.83,1.85,1.96,1.52,1.49,2.28,2.53,1.36,1.35,2.69,3.00,,,,,,,,,,,,,,,,,,,,,,,,,,,,,,,,,,,,,,,,
uruguay,segunda-division,2023-09-02,Sud America,Potencia,1,1,Pinnacle,1.94,2.97,3.60,1.93,3.13,4.07,2.86,2.85,1.32,1.38,2.25,2.23,1.53,1.62,1.96,1.93,1.76,1.86,1.67,1.65,2.02,2.19,1.39,1.37,2.61,2.91,,,,,,,,,,,,,,,,,,,,,,,,,,,,,,,,,,,,,,,,,,,,
uruguay,segunda-division,2023-09-02,Progreso,Miramar,1,1,Pinnacle,2.12,2.91,3.19,2.22,2.93,3.41,2.89,2.98,1.36,1.35,2.47,2.61,1.43,1.45,2.10,2.20,1.61,1.64,1.84,1.89,1.87,1.89,1.51,1.54,2.31,2.39,1.36,1.38,2.71,2.85,,,,,,,,,,,,,,,,,,,,,,,,,,,,,,,,,,,,,,,,
uruguay,segunda-division,2023-09-03,Uruguay Montevideo,Rentistas,2,1,Pinnacle,1.93,2.98,3.62,2.33,2.93,3.17,,,,,2.23,2.76,1.54,1.40,1.95,2.31,1.77,1.58,1.66,1.99,2.04,1.81,1.38,1.63,2.63,2.22,1.34,1.43,3.02,2.65,,,,,,,,,,,,,,,,,,,,,,,,,,,,,,,,,,,,,,,,
uruguay,segunda-division,2023-09-03,Rampla Juniors,Tacuarembo,0,1,Pinnacle,1.84,3.15,3.73,1.95,3.17,3.87,2.57,2.86,1.40,1.38,2.10,2.26,1.62,1.61,1.85,1.95,1.85,1.83,1.59,1.68,2.14,2.14,1.34,1.40,2.77,2.78,,,,,,,,,,,,,,,,,,,,,,,,,,,,,,,,,,,,,,,,,,,,
uruguay,segunda-division,2023-09-03,Atenas,Oriental,0,1,Pinnacle,2.50,2.74,2.76,2.47,2.83,3.03,,,,,2.60,2.97,1.45,1.35,2.45,2.44,1.44,1.52,2.11,2.10,1.61,1.72,1.76,1.69,1.96,2.09,1.50,1.47,2.34,2.52,,,,,,,,,,,,,,,,,,,,,,,,,,,,,,,,,,,,,,,,
uruguay,segunda-division,2023-09-03,Albion,Bella Vista,0,1,Pinnacle,1.56,3.51,4.95,1.68,3.47,4.95,1.98,2.25,1.69,1.61,1.74,1.89,2.00,1.89,1.55,1.67,2.23,2.15,1.36,1.45,2.70,2.59,,,,,,,,,,,,,,,,,,,,,,,,,,,,,,,,,2.27,2.58,1.51,1.45,2.38,2.64,1.52,1.44,,,,,,,,
uruguay,segunda-division,2023-10-07,Bella Vista,Uruguay Montevideo,1,1,Pinnacle,4.08,3.20,1.75,4.23,3.34,1.82,,,,,,,,,,,,,,,,,3.05,3.10,1.29,1.33,2.29,2.33,1.52,1.57,1.96,1.97,1.76,1.82,1.70,1.72,1.97,2.06,1.46,1.47,2.39,2.52,,,,,,,,,,,,,,,,,,,,,,,,,,,,
uruguay,segunda-division,2023-10-07,Cerrito,Sud America,2,1,Pinnacle,2.30,2.81,2.98,2.48,2.68,3.24,,,,,2.72,2.97,1.36,1.35,2.27,2.45,1.53,1.52,1.98,2.08,1.75,1.74,1.61,1.65,2.11,2.17,1.42,1.43,2.51,2.66,,,,,,,,,,,,,,,,,,,,,,,,,,,,,,,,,,,,,,,,
uruguay,segunda-division,2023-10-07,Potencia,Albion,1,3,Pinnacle,4.02,3.08,1.80,4.61,3.32,1.75,,,,,,,,,,,,,,,,,,,,,2.22,2.43,1.55,1.50,1.90,2.03,1.81,1.74,1.65,1.79,2.05,2.01,1.41,1.51,2.53,2.45,1.44,1.38,2.60,2.82,,,,,,,,,,,,,,,,,,,,,,,,
uruguay,segunda-division,2023-10-08,Tacuarembo,Miramar,1,3,Pinnacle,3.52,3.10,1.92,3.20,3.23,2.16,,,,,,,,,,,,,2.71,2.72,1.41,1.41,2.59,2.34,1.39,1.57,2.04,1.92,1.66,1.87,1.78,1.67,1.93,2.14,1.56,1.49,2.20,2.49,,,,,,,,,,,,,,,,,,,,,,,,,,,,,,,,
uruguay,segunda-division,2023-10-08,Rentistas,Progreso,3,0,Pinnacle,2.82,2.90,2.34,3.20,3.06,2.22,,,,,,,,,,,,,2.39,2.70,1.46,1.41,2.02,2.30,1.67,1.58,1.71,1.87,2.04,1.92,1.51,1.63,2.32,2.20,1.35,1.44,2.76,2.60,,,,,,,,,,,,,,,,,,,,,,,,,,,,,,,,
uruguay,segunda-division,2023-10-08,Rampla Juniors,Atenas,1,0,Pinnacle,1.96,2.83,3.79,2.29,2.80,3.44,,,,,2.29,2.74,1.52,1.41,1.98,2.26,1.75,1.60,1.66,1.93,2.03,1.85,1.36,1.56,2.69,2.36,1.32,1.38,3.13,2.85,,,,,,,,,,,,,,,,,,,,,,,,,,,,,,,,,,,,,,,,
uruguay,segunda-division,2023-10-09,Oriental,Juventud,2,1,Pinnacle,2.32,2.90,3.07,2.40,2.94,3.01,,,,,2.76,2.85,1.38,1.37,2.30,2.37,1.55,1.54,2.00,2.06,1.78,1.75,1.63,1.68,2.16,2.12,1.43,1.47,2.57,2.52,,,,,,,,,,,,,,,,,,,,,,,,,,,,,,,,,,,,,,,,
uruguay,segunda-division,2023-10-14,Uruguay Montevideo,Potencia,1,0,Pinnacle,1.42,3.91,5.94,1.38,4.34,7.39,1.70,1.62,1.98,2.21,1.51,1.46,2.27,2.54,,,,,,,,,,,,,,,,,,,,,,,,,,,,,,,,,,,,,,,,,2.00,1.92,1.73,1.87,2.23,2.16,1.55,1.65,2.61,2.52,1.39,1.47,,,,
uruguay,segunda-division,2023-10-14,Juventud,Rampla Juniors,1,2,Pinnacle,2.49,2.73,2.79,2.81,2.46,3.09,,,,,,,,,2.44,2.75,1.44,1.41,2.10,2.30,1.62,1.59,1.75,1.81,1.98,1.99,1.49,1.50,2.36,2.52,1.36,1.35,2.72,3.01,,,,,,,,,,,,,,,,,,,,,,,,,,,,,,,,,,,,
uruguay,segunda-division,2023-10-14,Albion,Cerrito,1,1,Pinnacle,1.76,3.12,4.17,1.76,3.22,4.17,2.47,2.47,1.45,1.45,2.01,2.01,1.69,1.69,1.78,1.81,1.94,1.99,1.53,1.53,2.31,2.31,1.29,1.29,3.13,3.13,,,,,,,,,,,,,,,,,,,,,,,,,,,,,,,,,,,,,,,,,,,,
uruguay,segunda-division,2023-10-15,Atenas,Tacuarembo,1,0,Pinnacle,2.13,2.87,3.23,2.20,2.94,3.40,,,,,2.49,2.59,1.43,1.44,2.11,2.18,1.61,1.64,1.84,1.88,1.87,1.90,1.51,1.53,2.32,2.39,1.35,1.38,2.73,2.84,,,,,,,,,,,,,,,,,,,,,,,,,,,,,,,,,,,,,,,,
uruguay,segunda-division,2023-10-15,Miramar,Rentistas,0,0,Pinnacle,1.97,2.97,3.51,1.86,3.22,4.23,2.91,2.66,1.31,1.43,2.29,2.13,1.52,1.68,1.99,1.86,1.74,1.93,1.69,1.60,1.99,2.28,1.41,1.34,2.54,3.06,,,,,,,,,,,,,,,,,,,,,,,,,,,,,,,,,,,,,,,,,,,,
uruguay,segunda-division,2023-10-15,Progreso,Bella Vista,2,0,Pinnacle,1.49,3.69,5.31,1.61,3.64,5.32,1.87,2.11,1.84,1.69,1.62,1.79,2.10,2.01,1.47,1.60,2.36,2.28,1.42,1.40,2.67,2.78,,,,,,,,,,,,,,,,,,,,,,,,,,,,,,,,,2.13,2.45,1.60,1.50,,,,,,,,,,,,
uruguay,segunda-division,2023-10-16,Sud America,Oriental,1,1,Pinnacle,2.46,2.80,2.76,2.46,2.83,3.08,,,,,2.87,2.94,1.37,1.36,2.41,2.44,1.45,1.53,2.09,2.09,1.63,1.74,1.75,1.68,1.98,2.12,1.50,1.47,2.34,2.56,,,,,,,,,,,,,,,,,,,,,,,,,,,,,,,,,,,,,,,,
uruguay,segunda-division,2023-10-21,Cerrito,Uruguay Montevideo,2,6,Pinnacle,3.50,2.96,1.98,3.81,3.12,1.99,,,,,,,,,,,,,,,,,2.53,2.72,1.41,1.41,1.98,2.10,1.69,1.70,1.74,1.81,2.00,1.99,1.52,1.58,2.30,2.31,1.31,1.36,2.93,2.94,,,,,,,,,,,,,,,,,,,,,,,,,,,,
uruguay,segunda-division,2023-10-21,Bella Vista,Miramar,0,1,Pinnacle,4.36,3.18,1.71,3.53,3.13,2.07,,,,,,,,,,,,,3.04,2.98,1.33,1.35,3.26,2.55,1.29,1.49,2.36,2.01,1.47,1.79,1.98,1.73,1.69,2.06,1.76,1.52,1.95,2.40,,,,,,,,,,,,,,,,,,,,,,,,,,,,,,,,
uruguay,segunda-division,2023-10-21,Rampla Juniors,Sud America,1,1,Pinnacle,2.00,2.91,3.50,1.93,3.14,4.00,3.08,2.86,1.33,1.38,2.34,2.24,1.50,1.61,2.00,1.93,1.70,1.85,1.74,1.66,1.99,2.17,1.43,1.38,2.57,2.86,,,,,,,,,,,,,,,,,,,,,,,,,,,,,,,,,,,,,,,,,,,,
uruguay,segunda-division,2023-10-22,Tacuarembo,Rentistas,1,1,Pinnacle,2.91,2.97,2.23,3.13,2.72,2.51,,,,,,,,,,,,,2.48,2.58,1.43,1.45,2.11,2.12,1.61,1.68,1.77,1.72,1.95,2.11,1.56,1.51,2.21,2.48,1.39,1.35,2.61,2.99,,,,,,,,,,,,,,,,,,,,,,,,,,,,,,,,
uruguay,segunda-division,2023-10-22,Potencia,Progreso,2,2,Pinnacle,4.30,3.38,1.67,4.30,3.49,1.67,,,,,,,,,,,,,,,,,,,,,2.42,2.42,1.45,1.45,2.04,2.04,1.65,1.65,1.83,1.87,1.88,1.92,1.56,1.56,2.20,2.20,1.42,1.42,2.50,2.50,,,,,,,,,,,,,,,,,,,,,,,,
uruguay,segunda-division,2023-10-22,Oriental,Albion,1,4,Pinnacle,2.86,2.82,2.36,3.06,2.79,2.50,,,,,,,,,2.98,2.98,1.35,1.35,2.42,2.57,1.45,1.48,2.03,2.11,1.66,1.71,1.70,1.70,2.04,2.09,1.50,1.50,2.34,2.45,,,,,,,,,,,,,,,,,,,,,,,,,,,,,,,,,,,,
uruguay,segunda-division,2023-10-22,Atenas,Juventud,1,2,Pinnacle,2.46,2.65,2.93,2.45,2.75,3.19,,,,,3.02,2.96,1.34,1.36,2.41,2.42,1.45,1.53,2.06,2.06,1.64,1.75,1.70,1.65,2.05,2.17,1.45,1.44,2.46,2.64,1.33,1.36,2.85,2.96,,,,,,,,,,,,,,,,,,,,,,,,,,,,,,,,,,,,
uruguay,segunda-division,2023-10-25,Albion,Rampla Juniors,2,1,Pinnacle,1.98,2.92,3.56,2.18,2.85,3.59,,,,,2.30,2.56,1.51,1.45,2.00,2.16,1.74,1.65,1.69,1.85,1.99,1.93,1.40,1.50,2.56,2.49,1.35,1.34,2.95,2.98,,,,,,,,,,,,,,,,,,,,,,,,,,,,,,,,,,,,,,,,
uruguay,segunda-division,2023-10-25,Juventud,Tacuarembo,2,0,Pinnacle,2.01,3.03,3.32,2.20,3.13,3.17,,,,,2.31,2.56,1.49,1.45,2.00,2.18,1.68,1.64,1.76,1.90,1.97,1.88,1.46,1.58,2.44,2.29,1.33,1.42,2.83,2.68,,,,,,,,,,,,,,,,,,,,,,,,,,,,,,,,,,,,,,,,
uruguay,segunda-division,2023-10-25,Miramar,Potencia,3,0,Pinnacle,1.42,3.91,5.94,1.41,4.16,7.40,1.70,1.68,1.98,2.12,1.51,1.50,2.27,2.46,1.43,1.43,2.62,2.65,,,,,,,,,,,,,,,,,,,,,,,,,,,,,,,,,,,,,2.00,1.99,1.73,1.81,2.23,2.26,1.55,1.61,2.61,2.66,1.39,1.43,,,,
uruguay,segunda-division,2023-10-25,Uruguay Montevideo,Oriental,0,1,Pinnacle,1.62,3.42,4.57,1.70,3.44,4.87,2.11,2.34,1.61,1.57,1.81,1.93,1.90,1.86,1.61,1.68,2.12,2.12,1.41,1.47,2.54,2.55,,,,,,,,,,,,,,,,,,,,,,,,,,,,,,,,,2.40,2.70,1.45,1.42,,,,,,,,,,,,
uruguay,segunda-division,2023-10-25,Sud America,Atenas,0,1,Pinnacle,2.38,2.74,2.93,2.49,2.78,3.09,,,,,2.85,2.99,1.33,1.35,2.36,2.46,1.49,1.52,2.05,2.10,1.70,1.72,1.65,1.69,2.05,2.11,1.44,1.46,2.45,2.56,1.33,1.33,3.09,3.09,,,,,,,,,,,,,,,,,,,,,,,,,,,,,,,,,,,,
uruguay,segunda-division,2023-10-26,Progreso,Cerrito,4,2,Pinnacle,1.58,3.56,4.83,1.42,4.18,7.11,2.09,1.75,1.65,2.06,1.77,1.53,1.95,2.43,1.57,1.40,2.22,2.77,,,,,,,,,,,,,,,,,,,,,,,,,,,,,,,,,,,,,2.43,2.08,1.46,1.71,2.17,2.38,1.64,1.53,2.51,2.60,1.47,1.44,,,,
uruguay,segunda-division,2023-10-27,Rentistas,Bella Vista,0,1,Pinnacle,1.74,3.22,4.26,1.65,3.51,4.97,2.50,2.18,1.44,1.64,1.99,1.85,1.71,1.93,1.74,1.64,1.98,2.17,1.51,1.43,2.36,2.62,,,,,,,,,,,,,,,,,,,,,,,,,,,,,,,,,2.94,2.51,1.35,1.47,,,,,,,,,,,,
uruguay,segunda-division,2023-11-03,Juventud,Sud America,2,0,Pinnacle,2.05,2.90,3.38,1.97,3.14,3.85,2.93,2.93,1.36,1.36,2.38,2.29,1.46,1.59,2.03,1.97,1.66,1.82,1.78,1.69,1.94,2.12,1.46,1.40,2.44,2.76,1.32,1.35,2.86,2.99,,,,,,,,,,,,,,,,,,,,,,,,,,,,,,,,,,,,,,,,
uruguay,segunda-division,2023-11-04,Oriental,Progreso,0,2,Pinnacle,3.29,3.04,2.02,3.57,3.18,2.02,,,,,,,,,,,,,,,,,2.43,2.58,1.46,1.45,1.96,2.03,1.76,1.73,1.68,1.78,2.00,2.03,1.49,1.56,2.32,2.33,1.35,1.36,2.96,2.93,,,,,,,,,,,,,,,,,,,,,,,,,,,,
uruguay,segunda-division,2023-11-04,Atenas,Albion,0,0,Pinnacle,3.01,2.77,2.31,3.23,2.76,2.38,,,,,,,,,,,,,2.53,2.68,1.41,1.42,2.12,2.21,1.61,1.62,1.75,1.78,1.99,2.01,1.52,1.55,2.28,2.36,1.35,1.37,2.74,2.85,,,,,,,,,,,,,,,,,,,,,,,,,,,,,,,,
uruguay,segunda-division,2023-11-05,Cerrito,Miramar,1,6,Pinnacle,3.68,3.12,1.86,3.33,3.00,2.22,,,,,,,,,,,,,2.84,2.80,1.38,1.40,2.72,2.36,1.36,1.56,2.11,1.89,1.61,1.89,1.83,1.64,1.88,2.20,1.60,1.45,2.13,2.59,1.38,1.40,2.63,2.77,,,,,,,,,,,,,,,,,,,,,,,,,,,,
uruguay,segunda-division,2023-11-05,Potencia,Rentistas,1,3,Pinnacle,3.47,3.02,1.96,4.01,3.35,1.86,,,,,,,,,,,,,,,,,2.53,2.94,1.41,1.36,1.99,2.25,1.69,1.61,1.75,1.93,1.98,1.86,1.53,1.69,2.27,2.12,1.32,1.45,2.86,2.60,,,,,,,,,,,,,,,,,,,,,,,,,,,,
uruguay,segunda-division,2023-11-05,Tacuarembo,Bella Vista,3,0,Pinnacle,2.04,3.02,3.26,2.04,3.11,3.26,,,,,2.34,2.34,1.48,1.48,2.02,2.02,1.67,1.67,1.78,1.81,1.94,1.99,1.47,1.47,2.40,2.40,1.34,1.34,2.79,2.79,,,,,,,,,,,,,,,,,,,,,,,,,,,,,,,,,,,,,,,,
uruguay,segunda-division,2023-11-06,Rampla Juniors,Uruguay Montevideo,4,1,Pinnacle,2.92,2.81,2.33,3.52,2.79,2.26,,,,,,,,,,,,,2.46,2.92,1.43,1.37,2.07,2.42,1.64,1.53,1.72,1.88,2.02,1.90,1.51,1.62,2.31,2.24,1.34,1.43,2.77,2.68,,,,,,,,,,,,,,,,,,,,,,,,,,,,,,,,
uruguay,segunda-division,2023-11-10,Uruguay Montevideo,Atenas,1,2,Pinnacle,1.74,3.13,4.27,1.76,3.26,4.75,2.42,2.47,1.47,1.52,1.98,2.01,1.72,1.79,1.75,1.75,1.97,2.03,1.51,1.51,2.35,2.44,,,,,,,,,,,,,,,,,,,,,,,,,,,,,,,,,2.83,2.83,1.38,1.39,,,,,,,,,,,,
uruguay,segunda-division,2023-11-11,Sud America,Tacuarembo,1,2,Pinnacle,2.24,2.92,2.94,2.72,2.75,2.82,,,,,,,,,2.22,2.66,1.55,1.43,1.95,2.27,1.77,1.60,1.60,1.85,2.12,1.93,1.42,1.56,2.50,2.36,1.37,1.40,2.88,2.76,,,,,,,,,,,,,,,,,,,,,,,,,,,,,,,,,,,,
uruguay,segunda-division,2023-11-11,Albion,Juventud,3,2,Pinnacle,1.97,2.96,3.52,1.81,3.25,4.33,2.92,2.56,1.31,1.45,2.29,2.07,1.52,1.70,1.99,1.82,1.74,1.97,1.69,1.56,1.99,2.33,1.41,1.31,2.55,3.15,,,,,,,,,,,,,,,,,,,,,,,,,,,,,,,,,,,,,,,,,,,,
uruguay,segunda-division,2023-11-12,Rentistas,Cerrito,1,1,Pinnacle,1.72,3.30,4.09,1.79,3.38,4.22,2.32,2.45,1.51,1.49,1.96,2.02,1.76,1.74,1.71,1.80,1.96,2.00,1.49,1.56,2.32,2.35,1.32,1.32,3.12,3.12,,,,,,,,,,,,,,,,,,,,,,,,,,,,,,,,,,,,,,,,,,,,
uruguay,segunda-division,2023-11-12,Progreso,Rampla Juniors,1,1,Pinnacle,1.72,3.23,4.21,1.88,3.48,3.78,2.34,2.61,1.50,1.45,1.96,2.13,1.76,1.68,1.71,1.88,1.96,1.91,1.48,1.63,2.33,2.21,1.39,1.39,2.79,2.81,,,,,,,,,,,,,,,,,,,,,,,,,,,,,,,,,,,,,,,,,,,,
uruguay,segunda-division,2023-11-12,Miramar,Oriental,1,0,Pinnacle,1.61,3.46,4.56,1.74,3.49,4.51,2.08,2.33,1.63,1.57,1.80,1.95,1.92,1.83,1.60,1.72,2.13,2.07,1.40,1.50,2.55,2.46,1.37,1.35,2.92,2.97,,,,,,,,,,,,,,,,,,,,,,,,,,,,,2.37,2.66,1.47,1.43,,,,,,,,,,,,
uruguay,segunda-division,2023-11-13,Bella Vista,Potencia,1,1,Pinnacle,1.95,3.03,3.49,1.79,3.14,3.81,2.84,2.52,1.33,1.40,2.25,2.04,1.53,1.65,1.97,1.79,1.75,1.88,1.68,1.55,2.01,2.20,1.40,1.32,2.55,2.86,1.41,1.33,2.71,2.70,,,,,,,,,,,,,,,,,,,,,,,,,,,,,,,,,,,,,,,,
uruguay,segunda-division,2023-11-14,Juventud,Uruguay Montevideo,0,2,Pinnacle,2.96,2.86,2.27,3.70,3.32,1.94,,,,,,,,,,,,,,,,,2.12,2.71,1.61,1.42,1.76,2.13,1.97,1.68,1.54,1.84,2.25,1.94,1.37,1.62,2.67,2.23,1.36,1.40,2.55,2.77,,,,,,,,,,,,,,,,,,,,,,,,,,,,
uruguay,segunda-division,2023-11-14,Atenas,Progreso,1,1,Pinnacle,3.46,2.93,2.01,4.21,3.07,1.92,,,,,,,,,,,,,,,,,2.52,2.99,1.43,1.35,1.99,2.21,1.75,1.63,1.69,1.87,1.99,1.92,1.49,1.63,2.32,2.21,1.36,1.40,2.92,2.79,,,,,,,,,,,,,,,,,,,,,,,,,,,,
uruguay,segunda-division,2023-11-15,Cerrito,Bella Vista,2,1,Pinnacle,2.11,3.02,3.11,2.44,3.06,2.87,,,,,,,,,2.09,2.39,1.63,1.53,1.83,2.08,1.88,1.71,1.52,1.75,2.28,2.07,1.38,1.52,2.65,2.45,1.40,1.39,2.76,2.80,,,,,,,,,,,,,,,,,,,,,,,,,,,,,,,,,,,,
uruguay,segunda-division,2023-11-15,Rampla Juniors,Miramar,0,0,Pinnacle,2.94,2.84,2.30,2.67,3.16,2.24,,,,,,,,,,,,,2.48,2.30,1.43,1.49,2.09,2.00,1.62,1.67,1.74,1.72,1.99,1.96,1.52,1.54,2.28,2.22,1.36,1.40,2.72,2.55,,,,,,,,,,,,,,,,,,,,,,,,,,,,,,,,
uruguay,segunda-division,2023-11-15,Oriental,Rentistas,1,4,Pinnacle,2.67,2.88,2.46,2.64,2.79,2.50,,,,,,,,,2.61,2.58,1.39,1.39,2.29,2.25,1.52,1.53,1.94,1.88,1.78,1.79,1.62,1.59,2.10,2.13,1.45,1.43,2.41,2.45,,,,,,,,,,,,,,,,,,,,,,,,,,,,,,,,,,,,
uruguay,segunda-division,2023-11-15,Sud America,Albion,2,1,Pinnacle,3.37,3.02,2.04,3.97,3.30,1.88,,,,,,,,,,,,,,,,,2.44,2.90,1.46,1.37,1.96,2.22,1.76,1.63,1.68,1.90,2.00,1.88,1.49,1.67,2.33,2.15,1.38,1.43,2.83,2.65,,,,,,,,,,,,,,,,,,,,,,,,,,,,
uruguay,segunda-division,2023-11-16,Tacuarembo,Potencia,1,2,Pinnacle,1.71,3.31,4.29,1.59,3.75,5.25,2.31,2.03,1.53,1.75,1.93,1.76,1.79,2.05,1.70,1.58,2.01,2.31,1.48,1.39,2.38,2.81,,,,,,,,,,,,,,,,,,,,,,,,,,,,,,,,,2.62,2.34,1.40,1.55,,,,,,,,,,,,
uruguay,segunda-division,2023-11-18,Progreso,Juventud,2,1,Pinnacle,1.66,3.37,4.33,1.66,3.56,4.80,2.19,2.20,1.56,1.63,1.87,1.87,1.84,1.92,1.65,1.65,2.05,2.15,1.44,1.44,2.43,2.59,,,,,,,,,,,,,,,,,,,,,,,,,,,,,,,,,2.49,2.52,1.42,1.47,,,,,,,,,,,,
uruguay,segunda-division,2023-11-19,Uruguay Montevideo,Sud America,1,1,Pinnacle,1.56,3.57,4.81,1.63,3.66,5.06,1.98,2.10,1.70,1.69,1.74,1.81,2.00,1.99,1.55,1.62,2.22,2.24,1.37,1.42,2.68,2.71,,,,,,,,,,,,,,,,,,,,,,,,,,,,,,,,,2.26,2.41,1.52,1.52,,,,,,,,,,,,
uruguay,segunda-division,2023-11-19,Rentistas,Rampla Juniors,2,0,Pinnacle,2.10,2.90,3.25,2.13,3.25,3.23,,,,,2.44,2.49,1.44,1.49,2.08,2.11,1.63,1.69,1.82,1.85,1.89,1.93,1.49,1.56,2.35,2.37,1.35,1.41,2.76,2.75,,,,,,,,,,,,,,,,,,,,,,,,,,,,,,,,,,,,,,,,
uruguay,segunda-division,2023-11-19,Bella Vista,Oriental,0,3,Pinnacle,2.59,2.88,2.54,2.67,2.78,2.85,,,,,,,,,2.53,2.61,1.41,1.45,2.21,2.24,1.56,1.62,1.88,1.83,1.83,1.96,1.58,1.55,2.17,2.38,1.43,1.40,2.49,2.78,,,,,,,,,,,,,,,,,,,,,,,,,,,,,,,,,,,,
uruguay,segunda-division,2023-11-19,Albion,Tacuarembo,1,2,Pinnacle,1.71,3.36,4.04,1.80,3.60,3.97,2.28,2.44,1.52,1.51,1.94,2.03,1.78,1.75,1.70,1.80,1.98,1.99,1.49,1.57,2.32,2.32,1.35,1.35,2.99,2.98,,,,,,,,,,,,,,,,,,,,,,,,,,,,,2.58,2.60,1.40,1.45,,,,,,,,,,,,
uruguay,segunda-division,2023-11-20,Potencia,Cerrito,0,2,Pinnacle,2.69,2.95,2.40,3.31,2.56,2.55,,,,,,,,,,,,,2.31,2.69,1.51,1.39,1.98,2.17,1.75,1.63,1.65,1.71,2.06,2.12,1.47,1.50,2.35,2.52,1.38,1.33,2.84,3.09,,,,,,,,,,,,,,,,,,,,,,,,,,,,,,,,
uruguay,segunda-division,2023-11-21,Miramar,Atenas,0,1,Pinnacle,1.65,3.46,4.87,1.62,3.59,5.28,2.20,2.12,1.63,1.69,1.85,1.81,1.92,1.99,1.65,1.61,2.16,2.25,1.43,1.41,2.62,2.74,,,,,,,,,,,,,,,,,,,,,,,,,,,,,,,,,2.52,2.44,1.47,1.51,,,,,,,,,,,,
uruguay,segunda-division,2023-11-24,Albion,Uruguay Montevideo,0,1,Pinnacle,2.44,3.01,2.78,2.81,2.89,2.29,,,,,,,,,2.42,2.64,1.51,1.37,2.10,2.39,1.68,1.45,1.76,2.04,2.02,1.65,1.53,1.71,2.40,1.98,1.40,1.52,2.75,2.27,1.37,1.49,2.58,2.30,,,,,,,,,,,,,,,,,,,,,,,,,,,,,,,,
uruguay,segunda-division,2023-11-24,Sud America,Progreso,0,4,Pinnacle,3.85,3.32,1.85,3.95,3.42,1.85,,,,,,,,,,,,,,,,,2.85,2.92,1.36,1.36,2.21,2.26,1.60,1.61,1.91,1.93,1.86,1.85,1.67,1.70,2.09,2.09,1.44,1.47,2.55,2.54,,,,,,,,,,,,,,,,,,,,,,,,,,,,
uruguay,segunda-division,2023-11-26,Tacuarembo,Cerrito,0,1,Pinnacle,2.01,3.28,3.34,1.88,3.42,3.73,2.61,2.61,1.44,1.44,2.31,2.14,1.55,1.66,2.01,1.89,1.75,1.89,1.77,1.64,2.02,2.18,1.49,1.39,2.51,2.77,,,,,,,,,,,,,,,,,,,,,,,,,,,,,,,,,,,,,,,,,,,,
uruguay,segunda-division,2023-11-26,Rampla Juniors,Bella Vista,2,0,Pinnacle,1.75,3.36,4.33,1.65,3.51,4.53,2.41,2.15,1.53,1.61,1.99,1.88,1.79,1.91,1.75,1.65,2.02,2.09,1.52,1.44,2.39,2.50,,,,,,,,,,,,,,,,,,,,,,,,,,,,,,,,,2.74,2.44,1.40,1.46,,,,,,,,,,,,
uruguay,segunda-division,2023-11-26,Juventud,Miramar,0,1,Pinnacle,3.34,3.11,2.09,4.34,3.36,1.79,,,,,,,,,,,,,,,,,2.43,3.19,1.50,1.31,1.96,2.38,1.81,1.55,1.68,2.00,2.07,1.79,1.49,1.75,2.41,2.03,1.35,1.49,2.96,2.49,1.40,1.40,2.76,2.76,,,,,,,,,,,,,,,,,,,,,,,,
uruguay,segunda-division,2023-11-26,Oriental,Potencia,1,0,Pinnacle,1.70,3.47,4.41,1.70,3.46,4.75,2.28,2.30,1.56,1.59,1.93,1.93,1.84,1.86,1.69,1.69,2.05,2.11,1.48,1.47,2.44,2.53,,,,,,,,,,,,,,,,,,,,,,,,,,,,,,,,,2.59,2.63,1.43,1.44,,,,,,,,,,,,
uruguay,segunda-division,2023-11-26,Atenas,Rentistas,0,2,Pinnacle,2.83,2.82,2.52,2.67,2.80,2.83,,,,,,,,,2.76,2.61,1.38,1.45,2.40,2.24,1.51,1.62,1.99,1.84,1.76,1.95,1.65,1.56,2.13,2.37,1.47,1.40,2.47,2.76,,,,,,,,,,,,,,,,,,,,,,,,,,,,,,,,,,,,
uruguay,segunda-division,2023-11-29,Bella Vista,Atenas,1,1,Pinnacle,2.78,2.82,2.59,2.21,2.93,3.44,,,,,2.90,2.59,1.37,1.45,2.71,2.19,1.39,1.65,2.34,1.88,1.53,1.91,1.95,1.53,1.82,2.42,1.61,1.38,2.19,2.87,1.44,1.37,2.54,2.91,,,,,,,,,,,,,,,,,,,,,,,,,,,,,,,,,,,,
uruguay,segunda-division,2023-11-29,Cerrito,Oriental,2,1,Pinnacle,2.66,3.01,2.54,2.93,2.68,2.70,,,,,,,,,2.63,2.85,1.43,1.38,2.29,2.43,1.58,1.53,1.91,1.98,1.87,1.82,1.63,1.61,2.19,2.24,1.47,1.44,2.51,2.64,,,,,,,,,,,,,,,,,,,,,,,,,,,,,,,,,,,,
uruguay,segunda-division,2023-11-29,Miramar,Sud America,1,1,Pinnacle,1.51,3.89,5.56,1.52,3.94,5.83,1.88,1.88,1.89,1.90,1.63,1.64,2.16,2.19,1.49,1.50,2.42,2.46,,,,,,,,,,,,,,,,,,,,,,,,,,,,,,,,,,,,,2.14,2.17,1.64,1.66,2.41,2.44,1.49,1.51,,,,,,,,
uruguay,segunda-division,2023-11-29,Progreso,Albion,3,2,Pinnacle,1.80,3.42,4.08,1.63,3.75,4.91,2.43,2.09,1.50,1.70,2.03,1.81,1.74,1.99,1.80,1.62,1.98,2.24,1.56,1.42,2.32,2.69,,,,,,,,,,,,,,,,,,,,,,,,,,,,,,,,,2.67,2.39,1.42,1.52,,,,,,,,,,,,
uruguay,segunda-division,2023-11-29,Rentistas,Juventud,0,0,Pinnacle,1.95,3.21,3.74,1.98,3.27,3.63,2.81,2.88,1.38,1.37,2.24,2.29,1.60,1.59,1.95,1.98,1.83,1.81,1.68,1.71,2.11,2.08,1.41,1.44,2.71,2.64,1.35,1.35,2.94,2.97,,,,,,,,,,,,,,,,,,,,,,,,,,,,,,,,,,,,,,,,
uruguay,segunda-division,2023-11-29,Tacuarembo,Uruguay Montevideo,2,0,Pinnacle,3.49,3.20,1.99,3.74,3.30,1.93,,,,,,,,,,,,,,,,,2.55,2.73,1.44,1.40,2.02,2.14,1.71,1.66,1.78,1.85,2.01,1.93,1.56,1.63,2.29,2.20,1.35,1.40,2.87,2.73,,,,,,,,,,,,,,,,,,,,,,,,,,,,
uruguay,segunda-division,2023-11-29,Potencia,Rampla Juniors,1,1,Pinnacle,3.28,3.21,2.08,5.04,4.03,1.57,,,,,,,,,,,,,,,,,,,,,,,,,1.70,2.34,2.06,1.55,1.51,2.09,2.39,1.71,1.38,1.81,2.69,1.98,1.39,1.60,2.65,2.27,1.51,1.47,2.43,2.55,,,,,,,,,,,,,,,,,,,,
uruguay,segunda-division,2023-12-03,Uruguay Montevideo,Progreso,1,3,Pinnacle,4.17,3.34,1.76,4.17,3.34,1.76,,,,,,,,,,,,,,2.71,,1.39,,3.11,,1.30,,2.35,,1.53,,1.99,,1.76,,1.74,,1.99,,1.49,,2.41,,1.39,,2.72,,,,,,,,,,,,,,,,,,,,,,,,
uruguay,segunda-division,2023-12-03,Sud America,Rentistas,0,0,Pinnacle,5.20,2.40,2.02,5.20,2.40,2.02,,,,,,,,,,,,,,,,,,3.35,,1.27,,2.13,,1.64,,1.74,,2.02,,1.54,,2.34,,1.33,,2.97,,,,,,,,,,,,,,,,,,,,,,,,,,,,
uruguay,segunda-division,2023-12-03,Rampla Juniors,Cerrito,5,0,Pinnacle,1.56,3.61,5.23,1.56,3.61,5.23,,2.02,,1.74,,1.71,,2.01,,1.54,,2.27,,,,,,,,,,,,,,,,,,,,,,,,,,,,,,,,,,,,,,2.32,,1.54,,2.60,,1.41,,,,,,,,
uruguay,segunda-division,2023-12-03,Juventud,Bella Vista,3,0,Pinnacle,2.61,3.37,2.35,2.61,3.37,2.35,,,,,,,,,,2.55,,1.44,,2.28,,1.56,,1.97,,1.78,,1.69,,2.05,,1.53,,2.31,,1.45,,2.51,,,,,,,,,,,,,,,,,,,,,,,,,,,,,,,,
uruguay,segunda-division,2023-12-03,Oriental,Tacuarembo,1,1,Pinnacle,1.69,3.54,4.31,1.69,3.54,4.31,,2.26,,1.57,,1.90,,1.84,,1.68,,2.07,,1.47,,2.45,,1.32,,3.02,,,,,,,,,,,,,,,,,,,,,,,,,,,,,,2.28,,1.50,,,,,,,,,,,,
uruguay,segunda-division,2023-12-03,Albion,Miramar,0,2,Pinnacle,6.19,3.85,1.46,6.19,3.85,1.46,,,,,,,,,,,,,,,,,,2.72,,1.35,,2.66,,1.37,,2.54,,1.44,,2.26,,1.57,,1.96,,1.78,,1.69,,2.06,,1.53,,2.32,,1.45,,2.51,,,,,,,,,,,,,,,,
uruguay,segunda-division,2023-12-04,Atenas,Potencia,3,0,Pinnacle,1.79,3.22,4.64,1.79,3.22,4.64,,2.49,,1.49,,2.03,,1.75,,1.79,,2.01,,1.53,,2.41,,1.29,,3.36,,,,,,,,,,,,,,,,,,,,,,,,,,,,,,,,,,,,,,,,,,,,
